#VRML V2.0 utf8
# 3D model generated by easyeda2kicad.py (https://github.com/uPesy/easyeda2kicad.py)

Shape{
    appearance Appearance {
        material  Material 	{
            diffuseColor 0.4117647058823529 0.4117647058823529 0.4117647058823529
            specularColor 0.4117647058823529 0.4117647058823529 0.4117647058823529
            ambientIntensity 0.4118
            transparency 0.0
            shininess 0.5
        }
    }
    geometry IndexedFaceSet {
        ccw TRUE
        solid FALSE
        coord DEF co Coordinate {
            point [
                -1.4595 -0.3346 0.0, -1.2547 -0.3346 0.0, -1.4595 -0.3346 0.9843, -1.2547 -0.3346 0.9843, -1.4595 -1.5158 0.9843, -1.2547 -1.5158 0.9843, -1.4595 -1.5158 0.0, -1.2547 -1.5158 0.0
            ]
        }
        coordIndex [
            0,1,2,-1,2,1,3,-1,4,5,6,-1,6,5,7,-1,
        ]
    }
}
Shape{
    appearance Appearance {
        material  Material 	{
            diffuseColor 1.0 1.0 1.0
            specularColor 0.8784313725490196 0.8784313725490196 0.8784313725490196
            ambientIntensity 1.0
            transparency 0.0
            shininess 0.5
        }
    }
    geometry IndexedFaceSet {
        ccw TRUE
        solid FALSE
        coord DEF co Coordinate {
            point [
                -1.2547 -0.3346 -0.7874, -1.113 -0.3346 -0.7874, -1.113 -0.3548 -0.9402, -1.2547 -0.3548 -0.9402, -1.113 -0.4138 -1.0827, -1.2547 -0.4138 -1.0827, -1.113 -0.5076 -1.205, -1.2547 -0.5076 -1.205, -1.113 -0.6299 -1.2988, -1.2547 -0.6299 -1.2988, -1.113 -0.7724 -1.3578, -1.2547 -0.7724 -1.3578, -1.113 -0.9252 -1.378, -1.2547 -0.9252 -1.378, -1.113 -1.078 -1.3578, -1.2547 -1.078 -1.3578, -1.113 -1.2205 -1.2988, -1.2547 -1.2205 -1.2988, -1.113 -1.3428 -1.205, -1.2547 -1.3428 -1.205, -1.113 -1.4366 -1.0827, -1.2547 -1.4366 -1.0827, -1.113 -1.4956 -0.9402, -1.2547 -1.4956 -0.9402, -1.113 -1.5158 -0.7874, -1.2547 -1.5158 -0.7874, 1.1291 -0.4331 -0.8858, 1.2276 -0.4331 -0.8858, 1.2276 -0.4498 -1.0132, 1.1291 -0.4498 -1.0132, 1.2276 -0.499 -1.1319, 1.1291 -0.499 -1.1319, 1.2276 -0.5772 -1.2338, 1.1291 -0.5772 -1.2338, 1.2276 -0.6791 -1.312, 1.1291 -0.6791 -1.312, 1.2276 -0.7978 -1.3612, 1.1291 -0.7978 -1.3612, 1.2276 -0.9252 -1.378, 1.1291 -0.9252 -1.378, 1.2276 -1.0526 -1.3612, 1.1291 -1.0526 -1.3612, 1.2276 -1.1713 -1.312, 1.1291 -1.1713 -1.312, 1.2276 -1.2732 -1.2338, 1.1291 -1.2732 -1.2338, 1.2276 -1.3514 -1.1319, 1.1291 -1.3514 -1.1319, 1.2276 -1.4006 -1.0132, 1.1291 -1.4006 -1.0132, 1.2276 -1.4173 -0.8858, 1.1291 -1.4173 -0.8858, -0.4949 0.8465 1.1811, 0.4894 0.8465 1.1811, 0.4894 0.8891 1.1672, -0.4949 0.8891 1.1672, 0.4894 0.9274 1.144, -0.4949 0.9274 1.144, 0.4894 0.9596 1.1127, -0.4949 0.9596 1.1127, 0.4894 0.9838 1.075, -0.4949 0.9838 1.075, 0.4894 0.9988 1.0328, -0.4949 0.9988 1.0328, 0.4894 1.0039 0.9882, -0.4949 1.0039 0.9882, -1.2547 -0.3346 3.1969, -1.2547 -1.5158 3.1969, -1.2482 -1.5158 3.247, -1.2482 -0.3346 3.247, -1.2292 -1.5158 3.2938, -1.2292 -0.3346 3.2938, -1.1989 -1.5158 3.3342, -1.1989 -0.3346 3.3342, -1.1593 -1.5158 3.3656, -1.1593 -0.3346 3.3656, -1.113 -1.5158 3.3858, -1.113 -0.3346 3.3858, -1.113 -1.5158 0.0, -1.2547 -1.5158 0.0, -1.113 -0.8488 -0.6006, -1.113 -0.7776 -0.6301, -1.113 -0.3346 0.0, -1.113 -1.134 -0.677, -1.113 -1.0728 -0.6301, -1.113 -1.0016 -0.6006, -1.113 -0.9252 -0.5905, -1.113 -1.1809 -1.0335, -1.113 -1.2104 -0.9622, -1.113 -1.2205 -0.8858, -1.113 -1.2104 -0.8094, -1.113 -1.1809 -0.7382, -1.113 -0.7164 -0.677, -1.113 -0.6695 -0.7382, -1.113 -0.64 -0.8094, -1.113 -0.6299 -0.8858, -1.113 -0.64 -0.9622, -1.113 -0.6695 -1.0335, -1.113 -0.7164 -1.0946, -1.113 -0.7776 -1.1415, -1.113 -0.8488 -1.171, -1.113 -0.9252 -1.1811, -1.113 -1.0016 -1.171, -1.113 -1.0728 -1.1415, -1.113 -1.134 -1.0946, -1.2547 -0.3346 0.0, -1.2547 -0.6695 -0.7382, -1.2547 -0.64 -0.8094, -1.2547 -0.6299 -0.8858, -1.2547 -0.64 -0.9622, -1.2547 -0.6695 -1.0335, -1.2547 -0.7164 -0.677, -1.2547 -0.7776 -0.6301, -1.2547 -0.3346 0.9843, -1.2547 -0.8488 -0.6006, -1.2547 -0.9252 -0.5905, -1.2547 -1.5158 0.9843, -1.2547 -1.0016 -0.6006, -1.2547 -1.0728 -0.6301, -1.2547 -1.134 -0.677, -1.2547 -1.1809 -0.7382, -1.2547 -1.2104 -0.8094, -1.2547 -1.2205 -0.8858, -1.2547 -1.2104 -0.9622, -1.2547 -1.1809 -1.0335, -1.2547 -1.134 -1.0946, -1.2547 -1.0728 -1.1415, -1.2547 -1.0016 -1.171, -1.2547 -0.9252 -1.1811, -1.2547 -0.8488 -1.171, -1.2547 -0.7776 -1.1415, -1.2547 -0.7164 -1.0946, -1.113 -0.3346 0.9843, -1.113 -1.5158 0.9843, 1.2276 -1.4173 0.0, 1.1291 -1.4173 0.0, 1.2276 -0.8488 -0.6006, 1.2276 -0.7776 -0.6301, 1.2276 -0.4331 0.0, 1.2276 -1.0016 -0.6006, 1.2276 -0.9252 -0.5905, 1.2276 -0.7164 -0.677, 1.2276 -0.6695 -0.7382, 1.2276 -1.2104 -0.8094, 1.2276 -1.1809 -0.7382, 1.2276 -1.134 -0.677, 1.2276 -1.0728 -0.6301, 1.2276 -0.64 -0.8094, 1.2276 -0.6299 -0.8858, 1.2276 -0.64 -0.9622, 1.2276 -0.6695 -1.0335, 1.2276 -0.7164 -1.0946, 1.2276 -0.7776 -1.1415, 1.2276 -0.8488 -1.171, 1.2276 -0.9252 -1.1811, 1.2276 -1.0016 -1.171, 1.2276 -1.0728 -1.1415, 1.2276 -1.134 -1.0946, 1.2276 -1.1809 -1.0335, 1.2276 -1.2104 -0.9622, 1.2276 -1.2205 -0.8858, 1.1291 -0.4331 0.0, 1.1291 -1.0728 -0.6301, 1.1291 -1.134 -0.677, 1.1291 -1.1809 -0.7382, 1.1291 -0.7164 -0.677, 1.1291 -0.7776 -0.6301, 1.1291 -0.8488 -0.6006, 1.1291 -0.9252 -0.5905, 1.1291 -1.0016 -0.6006, 1.1291 -0.64 -0.8094, 1.1291 -0.6695 -0.7382, 1.1291 -1.2104 -0.8094, 1.1291 -1.2205 -0.8858, 1.1291 -1.2104 -0.9622, 1.1291 -1.1809 -1.0335, 1.1291 -1.134 -1.0946, 1.1291 -1.0728 -1.1415, 1.1291 -1.0016 -1.171, 1.1291 -0.9252 -1.1811, 1.1291 -0.8488 -1.171, 1.1291 -0.7776 -1.1415, 1.1291 -0.7164 -1.0946, 1.1291 -0.6695 -1.0335, 1.1291 -0.64 -0.9622, 1.1291 -0.6299 -0.8858, -0.4949 0.8465 0.0, -0.0028 0.8465 -0.5905, 0.4894 0.8465 0.0, 0.0737 0.8465 -0.6006, 0.1449 0.8465 -0.6301, -0.4949 0.8465 -0.8858, -0.288 0.8465 -0.8094, -0.2585 0.8465 -0.7382, -0.2116 0.8465 -0.677, 0.206 0.8465 -0.677, 0.253 0.8465 -0.7382, 0.4894 0.8465 -0.8858, -0.1504 0.8465 -0.6301, -0.0792 0.8465 -0.6006, 0.2825 0.8465 -0.8094, 0.2925 0.8465 -0.8858, 0.4726 0.8465 -1.0132, 0.2825 0.8465 -0.9622, 0.4234 0.8465 -1.1319, 0.253 0.8465 -1.0335, 0.3452 0.8465 -1.2338, 0.206 0.8465 -1.0946, 0.2433 0.8465 -1.312, 0.1449 0.8465 -1.1415, 0.1246 0.8465 -1.3612, 0.0737 0.8465 -1.171, -0.0028 0.8465 -1.378, -0.0028 0.8465 -1.1811, -0.1301 0.8465 -1.3612, -0.0792 0.8465 -1.171, -0.2488 0.8465 -1.312, -0.1504 0.8465 -1.1415, -0.3507 0.8465 -1.2338, -0.2116 0.8465 -1.0946, -0.429 0.8465 -1.1319, -0.2585 0.8465 -1.0335, -0.4781 0.8465 -1.0132, -0.288 0.8465 -0.9622, -0.298 0.8465 -0.8858, 0.4894 1.0039 -0.8858, 0.206 1.0039 -0.677, 0.1449 1.0039 -0.6301, -0.1504 1.0039 -0.6301, -0.2116 1.0039 -0.677, -0.2585 1.0039 -0.7382, -0.4949 1.0039 -0.8858, 0.0737 1.0039 -0.6006, -0.0028 1.0039 -0.5905, -0.0792 1.0039 -0.6006, -0.288 1.0039 -0.8094, -0.298 1.0039 -0.8858, -0.4781 1.0039 -1.0132, -0.288 1.0039 -0.9622, -0.429 1.0039 -1.1319, -0.2585 1.0039 -1.0335, -0.3507 1.0039 -1.2338, -0.2116 1.0039 -1.0946, -0.2488 1.0039 -1.312, -0.1504 1.0039 -1.1415, -0.1301 1.0039 -1.3612, -0.0792 1.0039 -1.171, -0.0028 1.0039 -1.378, -0.0028 1.0039 -1.1811, 0.1246 1.0039 -1.3612, 0.0737 1.0039 -1.171, 0.2433 1.0039 -1.312, 0.1449 1.0039 -1.1415, 0.3452 1.0039 -1.2338, 0.206 1.0039 -1.0946, 0.4234 1.0039 -1.1319, 0.253 1.0039 -1.0335, 0.4726 1.0039 -1.0132, 0.2825 1.0039 -0.9622, 0.2925 1.0039 -0.8858, 0.2825 1.0039 -0.8094, 0.253 1.0039 -0.7382
            ]
        }
        coordIndex [
            0,1,2,-1,0,2,3,-1,3,2,4,-1,3,4,5,-1,5,4,6,-1,5,6,7,-1,7,6,8,-1,7,8,9,-1,9,8,10,-1,9,10,11,-1,11,10,12,-1,11,12,13,-1,13,12,14,-1,13,14,15,-1,15,14,16,-1,15,16,17,-1,17,16,18,-1,17,18,19,-1,19,18,20,-1,19,20,21,-1,21,20,22,-1,21,22,23,-1,23,22,24,-1,23,24,25,-1,26,27,28,-1,26,28,29,-1,29,28,30,-1,29,30,31,-1,31,30,32,-1,31,32,33,-1,33,32,34,-1,33,34,35,-1,35,34,36,-1,35,36,37,-1,37,36,38,-1,37,38,39,-1,39,38,40,-1,39,40,41,-1,41,40,42,-1,41,42,43,-1,43,42,44,-1,43,44,45,-1,45,44,46,-1,45,46,47,-1,47,46,48,-1,47,48,49,-1,49,48,50,-1,49,50,51,-1,52,53,54,-1,52,54,55,-1,55,54,56,-1,55,56,57,-1,57,56,58,-1,57,58,59,-1,59,58,60,-1,59,60,61,-1,61,60,62,-1,61,62,63,-1,63,62,64,-1,63,64,65,-1,66,67,68,-1,66,68,69,-1,69,68,70,-1,69,70,71,-1,71,70,72,-1,71,72,73,-1,73,72,74,-1,73,74,75,-1,75,74,76,-1,75,76,77,-1,24,78,25,-1,25,78,79,-1,80,81,82,-1,83,84,78,-1,78,84,85,-1,78,85,82,-1,82,85,86,-1,82,86,80,-1,18,87,20,-1,20,87,88,-1,20,88,22,-1,22,88,89,-1,22,89,24,-1,24,89,90,-1,24,90,78,-1,78,90,91,-1,78,91,83,-1,81,92,82,-1,82,92,93,-1,82,93,1,-1,1,93,94,-1,1,94,2,-1,2,94,95,-1,2,95,4,-1,4,95,96,-1,4,96,6,-1,96,97,6,-1,6,97,98,-1,6,98,8,-1,8,98,99,-1,8,99,10,-1,10,99,100,-1,10,100,12,-1,12,100,101,-1,12,101,14,-1,14,101,102,-1,14,102,16,-1,16,102,103,-1,16,103,18,-1,18,103,104,-1,18,104,87,-1,0,105,1,-1,1,105,82,-1,106,105,107,-1,107,105,0,-1,107,0,108,-1,108,0,3,-1,108,3,109,-1,109,3,5,-1,109,5,110,-1,110,5,7,-1,106,111,105,-1,105,111,112,-1,105,112,113,-1,113,112,114,-1,113,114,115,-1,66,113,67,-1,67,113,115,-1,67,115,116,-1,116,115,117,-1,116,117,79,-1,79,117,118,-1,118,119,79,-1,79,119,120,-1,79,120,25,-1,25,120,121,-1,25,121,23,-1,23,121,122,-1,23,122,21,-1,21,122,123,-1,21,123,19,-1,123,124,19,-1,19,124,125,-1,19,125,17,-1,17,125,126,-1,17,126,15,-1,15,126,127,-1,15,127,13,-1,13,127,128,-1,13,128,11,-1,11,128,129,-1,11,129,9,-1,9,129,130,-1,9,130,7,-1,7,130,131,-1,7,131,110,-1,71,73,75,-1,132,113,77,-1,77,113,66,-1,77,66,75,-1,75,66,69,-1,75,69,71,-1,132,77,133,-1,133,77,76,-1,116,133,67,-1,67,133,76,-1,67,76,74,-1,72,70,74,-1,74,70,68,-1,74,68,67,-1,50,134,51,-1,51,134,135,-1,136,137,138,-1,134,139,138,-1,138,139,140,-1,138,140,136,-1,137,141,138,-1,138,141,142,-1,138,142,27,-1,50,143,134,-1,134,143,144,-1,144,145,134,-1,134,145,146,-1,134,146,139,-1,142,147,27,-1,27,147,148,-1,27,148,28,-1,28,148,149,-1,28,149,30,-1,30,149,150,-1,30,150,32,-1,32,150,151,-1,32,151,34,-1,34,151,152,-1,34,152,36,-1,36,152,153,-1,36,153,38,-1,38,153,154,-1,38,154,40,-1,40,154,155,-1,40,155,42,-1,42,155,156,-1,42,156,44,-1,44,156,157,-1,44,157,46,-1,46,157,158,-1,46,158,48,-1,48,158,159,-1,48,159,50,-1,50,159,160,-1,50,160,143,-1,26,161,27,-1,27,161,138,-1,162,163,135,-1,135,163,164,-1,135,164,51,-1,165,166,161,-1,166,167,161,-1,161,167,168,-1,161,168,135,-1,135,168,169,-1,135,169,162,-1,26,170,161,-1,161,170,171,-1,161,171,165,-1,164,172,51,-1,51,172,173,-1,51,173,49,-1,49,173,174,-1,49,174,47,-1,47,174,175,-1,47,175,45,-1,45,175,176,-1,45,176,43,-1,43,176,177,-1,43,177,41,-1,41,177,178,-1,41,178,39,-1,39,178,179,-1,39,179,37,-1,37,179,180,-1,37,180,35,-1,35,180,181,-1,35,181,33,-1,33,181,182,-1,33,182,31,-1,31,182,183,-1,31,183,29,-1,29,183,184,-1,29,184,26,-1,26,184,185,-1,26,185,170,-1,186,187,188,-1,188,187,189,-1,188,189,190,-1,191,192,186,-1,186,192,193,-1,186,193,194,-1,190,195,188,-1,188,195,196,-1,188,196,197,-1,194,198,186,-1,186,198,199,-1,186,199,187,-1,196,200,197,-1,197,200,201,-1,197,201,202,-1,202,201,203,-1,202,203,204,-1,204,203,205,-1,204,205,206,-1,206,205,207,-1,206,207,208,-1,208,207,209,-1,208,209,210,-1,210,209,211,-1,210,211,212,-1,212,211,213,-1,212,213,214,-1,214,213,215,-1,214,215,216,-1,216,215,217,-1,216,217,218,-1,218,217,219,-1,218,219,220,-1,220,219,221,-1,220,221,222,-1,222,221,223,-1,222,223,191,-1,191,223,224,-1,191,224,192,-1,56,62,58,-1,58,62,60,-1,197,225,188,-1,188,225,64,-1,188,64,53,-1,53,64,62,-1,53,62,54,-1,54,62,56,-1,64,226,227,-1,228,229,65,-1,65,229,230,-1,65,230,231,-1,227,232,64,-1,64,232,233,-1,64,233,65,-1,65,233,234,-1,65,234,228,-1,230,235,231,-1,231,235,236,-1,231,236,237,-1,237,236,238,-1,237,238,239,-1,239,238,240,-1,239,240,241,-1,241,240,242,-1,241,242,243,-1,243,242,244,-1,243,244,245,-1,245,244,246,-1,245,246,247,-1,247,246,248,-1,247,248,249,-1,249,248,250,-1,249,250,251,-1,251,250,252,-1,251,252,253,-1,253,252,254,-1,253,254,255,-1,255,254,256,-1,255,256,257,-1,257,256,258,-1,257,258,225,-1,258,259,225,-1,225,259,260,-1,225,260,64,-1,64,260,261,-1,64,261,226,-1,63,65,52,-1,52,65,186,-1,186,65,231,-1,186,231,191,-1,55,57,59,-1,55,59,52,-1,52,59,61,-1,52,61,63,-1,
        ]
    }
}
Shape{
    appearance Appearance {
        material  Material 	{
            diffuseColor 0.25098039215686274 0.25098039215686274 0.25098039215686274
            specularColor 0.25098039215686274 0.25098039215686274 0.25098039215686274
            ambientIntensity 0.251
            transparency 0.0
            shininess 0.5
        }
    }
    geometry IndexedFaceSet {
        ccw TRUE
        solid FALSE
        coord DEF co Coordinate {
            point [
                -1.1051 0.8465 0.9843, -1.1051 -2.6969 0.9843, -1.1051 -2.6969 2.5591, -1.1051 -2.5394 2.5591, -1.1051 0.689 2.5591, -1.1051 0.8465 2.5591, -1.1051 0.513 3.2919, -1.1051 0.61 3.0579, -1.1051 0.6691 2.8116, -1.1051 -0.1924 3.9973, -1.1051 0.0236 3.865, -1.1051 0.2162 3.7005, -1.1051 0.3807 3.5078, -1.1051 -1.424 4.0942, -1.1051 -2.5195 2.8116, -1.1051 -2.4604 3.0579, -1.1051 -2.2311 3.5078, -1.1051 -2.0666 3.7005, -1.1051 -1.874 3.865, -1.1051 -1.1777 4.1534, -1.1051 -0.9252 4.1732, -1.1051 -0.6727 4.1534, -1.1051 -0.4264 4.0942, -1.1051 -1.658 3.9973, -1.1051 -2.3634 3.2919, 3.2256 0.2559 4.252, 3.2256 -2.1063 4.252, 3.8161 0.2559 4.252, 3.8161 -2.1063 4.252, 3.2256 -2.1063 3.6614, 3.2256 -2.6969 3.6614, 3.8161 -2.1063 3.6614, 3.8161 -2.6969 3.6614, 3.2256 0.8465 3.6614, 3.2256 0.2559 3.6614, 3.8161 0.8465 3.6614, 3.8161 0.2559 3.6614, 3.2256 0.8465 4.3307, 3.2256 -2.6969 4.3307, 3.8161 -2.6969 4.3307, 3.8161 0.8465 4.3307
            ]
        }
        coordIndex [
            0,1,2,-1,2,3,0,-1,0,3,4,-1,0,4,5,-1,6,7,3,-1,3,7,8,-1,3,8,4,-1,3,9,10,-1,10,11,3,-1,3,11,12,-1,3,12,6,-1,13,14,15,-1,16,17,18,-1,14,13,3,-1,3,13,19,-1,3,19,20,-1,20,21,3,-1,3,21,22,-1,3,22,9,-1,18,23,16,-1,16,23,13,-1,16,13,24,-1,24,13,15,-1,25,26,27,-1,27,26,28,-1,29,30,31,-1,31,30,32,-1,26,29,28,-1,28,29,31,-1,33,34,35,-1,35,34,36,-1,34,33,25,-1,25,33,37,-1,25,37,26,-1,26,37,38,-1,26,38,29,-1,29,38,30,-1,27,36,25,-1,25,36,34,-1,31,32,28,-1,28,32,39,-1,28,39,27,-1,27,39,40,-1,27,40,36,-1,36,40,35,-1,
        ]
    }
}
Shape{
    appearance Appearance {
        material  Material 	{
            diffuseColor 1.0 1.0 1.0
            specularColor 0.8784313725490196 0.8784313725490196 0.8784313725490196
            ambientIntensity 1.0
            transparency 0.0
            shininess 0.5
        }
    }
    geometry IndexedFaceSet {
        ccw TRUE
        solid FALSE
        coord DEF co Coordinate {
            point [
                3.8161 -1.2832 2.3524, 3.8161 -1.2175 2.2668, 3.8161 -0.5259 2.6661, 3.8161 -1.1319 2.2011, 3.8161 -1.3245 2.4521, 3.8161 -0.5672 2.7658, 3.8161 -0.6329 2.8514, 3.8161 -0.7185 2.9171, 3.8161 -0.8182 2.9584, 3.8161 -0.9252 2.9724, 3.8161 -1.2832 2.7658, 3.8161 -1.3245 2.6661, 3.8161 -1.2175 2.8514, 3.8161 -1.1319 2.9171, 3.8161 -1.0322 2.9584, 3.8161 -1.3386 2.5591, 3.8161 -1.0322 2.1598, 3.8161 -0.9252 2.1457, 3.8161 -0.8182 2.1598, 3.8161 -0.7185 2.2011, 3.8161 -0.6329 2.2668, 3.8161 -0.5118 2.5591, 3.8161 -0.5672 2.3524, 3.8161 -0.5259 2.4521
            ]
        }
        coordIndex [
            0,1,2,-1,2,1,3,-1,0,2,4,-1,4,2,5,-1,4,5,6,-1,6,7,4,-1,4,7,8,-1,4,8,9,-1,10,11,12,-1,12,11,13,-1,9,14,4,-1,4,14,13,-1,4,13,15,-1,15,13,11,-1,3,16,2,-1,2,16,17,-1,2,17,18,-1,18,19,2,-1,2,19,20,-1,2,20,21,-1,21,20,22,-1,21,22,23,-1,
        ]
    }
}
Shape{
    appearance Appearance {
        material  Material 	{
            diffuseColor 0.25098039215686274 0.25098039215686274 0.25098039215686274
            specularColor 0.25098039215686274 0.25098039215686274 0.25098039215686274
            ambientIntensity 0.251
            transparency 0.0
            shininess 0.5
        }
    }
    geometry IndexedFaceSet {
        ccw TRUE
        solid FALSE
        coord DEF co Coordinate {
            point [
                1.4539 -1.3514 2.8051, 1.4539 -2.1183 3.0213, 1.4539 -1.4006 2.6864, 1.4539 -2.1829 2.7942, 1.4539 -1.4173 2.5591, 1.4539 -2.2047 2.5591, 1.4539 -1.4006 2.4317, 1.4539 -1.2732 2.2111, 1.4539 -1.6963 1.538, 1.4539 -1.1713 2.1329, 1.4539 -1.4955 1.4137, 1.4539 -1.0526 2.0837, 1.4539 -1.2754 1.3284, 1.4539 -0.9252 2.0669, 1.4539 -0.9252 3.0512, 1.4539 -1.0433 3.8331, 1.4539 -1.0526 3.0344, 1.4539 -1.2754 3.7897, 1.4539 -1.1713 2.9853, 1.4539 -0.5772 2.907, 1.4539 -0.1541 3.5801, 1.4539 -0.6791 2.9853, 1.4539 -0.3549 3.7044, 1.4539 -0.7978 3.0344, 1.4539 -0.575 3.7897, 1.4539 -0.8071 3.8331, 1.4539 -0.499 2.313, 1.4539 0.2679 2.0968, 1.4539 -0.4498 2.4317, 1.4539 0.3325 2.3239, 1.4539 -0.4331 2.5591, 1.4539 0.3543 2.5591, 1.4539 -0.4498 2.6864, 1.4539 -2.1829 2.3239, 1.4539 -2.1183 2.0968, 1.4539 -1.3514 2.313, 1.4539 -2.0131 1.8855, 1.4539 -1.8708 1.697, 1.4539 -1.4955 3.7044, 1.4539 -1.6963 3.5801, 1.4539 -1.2732 2.907, 1.4539 -1.8708 3.4211, 1.4539 -2.0131 3.2326, 1.4539 -1.0433 1.285, 1.4539 -0.8071 1.285, 1.4539 -0.7978 2.0837, 1.4539 -0.575 1.3284, 1.4539 -0.6791 2.1329, 1.4539 0.3325 2.7942, 1.4539 0.2679 3.0213, 1.4539 -0.499 2.8051, 1.4539 0.1627 3.2326, 1.4539 0.0204 3.4211, 1.4539 -0.3549 1.4137, 1.4539 -0.1541 1.538, 1.4539 -0.5772 2.2111, 1.4539 0.0204 1.697, 1.4539 0.1627 1.8855, 2.8319 -1.424 4.0942, 2.8319 -1.658 3.9973, 2.8319 -2.6969 4.3307, 2.8319 0.61 3.0579, 2.8319 0.8465 4.3307, 2.8319 0.6691 2.8116, 2.8319 0.8465 2.5591, 2.8319 0.689 2.5591, 2.8319 0.513 3.2919, 2.8319 0.3807 3.5078, 2.8319 0.2162 3.7005, 2.8319 0.0236 3.865, 2.8319 -0.1924 3.9973, 2.8319 -0.4264 4.0942, 2.8319 -1.874 3.865, 2.8319 -2.0666 3.7005, 2.8319 -2.2311 3.5078, 2.8319 -0.6727 4.1534, 2.8319 -0.9252 4.1732, 2.8319 -1.1777 4.1534, 2.8319 -2.3634 3.2919, 2.8319 -2.4604 3.0579, 2.8319 -2.6969 2.5591, 2.8319 -2.5195 2.8116, 2.8319 -2.5394 2.5591, -1.1051 -2.6969 2.5591, -1.1051 -2.5394 2.5591, -1.1051 -2.5195 2.8116, -1.1051 -2.4604 3.0579, -1.1051 -2.3634 3.2919, -1.1051 -2.2311 3.5078, -1.1051 -2.0666 3.7005, -1.1051 -1.874 3.865, -1.1051 -1.658 3.9973, -1.1051 -1.424 4.0942, -1.1051 -1.1777 4.1534, -1.1051 -0.9252 4.1732, -1.1051 -0.6727 4.1534, -1.1051 -0.4264 4.0942, -1.1051 -0.1924 3.9973, -1.1051 0.0236 3.865, -1.1051 0.2162 3.7005, -1.1051 0.3807 3.5078, -1.1051 0.513 3.2919, -1.1051 0.61 3.0579, -1.1051 0.6691 2.8116, -1.1051 0.689 2.5591, -1.1051 0.8465 2.5591, 4.2098 -1.6963 1.538, 4.2098 -2.6969 0.0, 4.2098 -1.4955 1.4137, 4.2098 -1.2754 1.3284, 4.2098 0.2679 2.0968, 4.2098 0.1627 1.8855, 4.2098 0.8465 0.0, 4.2098 -0.8071 3.8331, 4.2098 0.8465 4.3307, 4.2098 -1.0433 3.8331, 4.2098 -2.6969 4.3307, 4.2098 0.0204 1.697, 4.2098 -0.1541 1.538, 4.2098 -0.3549 1.4137, 4.2098 -0.575 3.7897, 4.2098 -0.3549 3.7044, 4.2098 -0.1541 3.5801, 4.2098 -0.575 1.3284, 4.2098 -0.8071 1.285, 4.2098 -1.0433 1.285, 4.2098 -1.8708 1.697, 4.2098 -2.0131 1.8855, 4.2098 -2.1183 2.0968, 4.2098 0.0204 3.4211, 4.2098 0.1627 3.2326, 4.2098 0.2679 3.0213, 4.2098 -2.1829 2.3239, 4.2098 -2.2047 2.5591, 4.2098 -2.1829 2.7942, 4.2098 -2.1183 3.0213, 4.2098 -2.0131 3.2326, 4.2098 -1.8708 3.4211, 4.2098 -1.6963 3.5801, 4.2098 -1.4955 3.7044, 4.2098 -1.2754 3.7897, 4.2098 0.3325 2.7942, 4.2098 0.3543 2.5591, 4.2098 0.3325 2.3239, -1.4595 -0.3346 0.9843, -1.4595 0.8465 0.9843, -1.4595 -0.3346 0.0, -1.4595 0.8465 0.0, 3.2256 0.8465 4.3307, 3.2256 -2.6969 4.3307, -1.1051 -2.6969 0.9843, 3.2256 -2.6969 3.6614, 3.8161 -2.6969 3.6614, 3.8161 -2.6969 4.3307, -1.4595 -2.6969 0.0, -1.4595 -2.6969 0.9843, 3.8161 0.8465 4.3307, 3.2256 0.8465 3.6614, 3.8161 0.8465 3.6614, 0.4894 0.8465 0.0, 0.4894 0.8465 1.1811, -0.4949 0.8465 0.0, -1.1051 0.8465 0.9843, -0.4949 0.8465 1.1811, -1.2547 -0.3346 0.9843, -1.113 -0.3346 0.9843, -1.4595 -1.5158 0.9843, -1.2547 -1.5158 0.9843, -1.113 -1.5158 0.9843, -1.4595 -1.5158 0.0, -1.2547 -1.5158 0.0, -1.113 -1.5158 0.0, 1.1291 -0.4331 0.0, 1.2276 -0.4331 0.0, 1.2276 -1.4173 0.0, 1.1291 -1.4173 0.0, -1.113 -0.3346 0.0, -1.2547 -0.3346 0.0
            ]
        }
        coordIndex [
            0,1,2,-1,2,1,3,-1,2,3,4,-1,4,3,5,-1,4,5,6,-1,7,8,9,-1,9,8,10,-1,9,10,11,-1,11,10,12,-1,11,12,13,-1,14,15,16,-1,16,15,17,-1,16,17,18,-1,19,20,21,-1,21,20,22,-1,21,22,23,-1,23,22,24,-1,23,24,14,-1,14,24,25,-1,14,25,15,-1,26,27,28,-1,28,27,29,-1,28,29,30,-1,30,29,31,-1,30,31,32,-1,5,33,6,-1,6,33,34,-1,6,34,35,-1,35,34,36,-1,35,36,7,-1,7,36,37,-1,7,37,8,-1,17,38,18,-1,18,38,39,-1,18,39,40,-1,40,39,41,-1,40,41,0,-1,0,41,42,-1,0,42,1,-1,12,43,13,-1,13,43,44,-1,13,44,45,-1,45,44,46,-1,45,46,47,-1,31,48,32,-1,32,48,49,-1,32,49,50,-1,50,49,51,-1,50,51,19,-1,19,51,52,-1,19,52,20,-1,46,53,47,-1,47,53,54,-1,47,54,55,-1,55,54,56,-1,55,56,26,-1,26,56,57,-1,26,57,27,-1,58,59,60,-1,61,62,63,-1,63,62,64,-1,63,64,65,-1,61,66,62,-1,62,66,67,-1,62,67,68,-1,68,69,62,-1,62,69,70,-1,62,70,71,-1,59,72,60,-1,60,72,73,-1,60,73,74,-1,71,75,62,-1,62,75,76,-1,62,76,60,-1,60,76,77,-1,60,77,58,-1,74,78,60,-1,60,78,79,-1,60,79,80,-1,80,79,81,-1,80,81,82,-1,83,80,84,-1,84,80,82,-1,84,82,81,-1,84,81,85,-1,85,81,79,-1,85,79,86,-1,86,79,78,-1,86,78,87,-1,87,78,74,-1,87,74,88,-1,88,74,73,-1,88,73,89,-1,89,73,72,-1,89,72,90,-1,90,72,59,-1,90,59,91,-1,91,59,58,-1,91,58,92,-1,92,58,77,-1,92,77,93,-1,93,77,76,-1,93,76,94,-1,94,76,75,-1,94,75,95,-1,95,75,71,-1,95,71,96,-1,96,71,70,-1,96,70,97,-1,97,70,69,-1,97,69,98,-1,98,69,68,-1,98,68,99,-1,99,68,67,-1,99,67,100,-1,100,67,66,-1,100,66,101,-1,101,66,61,-1,101,61,102,-1,102,61,63,-1,102,63,103,-1,103,63,65,-1,103,65,104,-1,104,65,105,-1,105,65,64,-1,106,107,108,-1,108,107,109,-1,110,111,112,-1,113,114,115,-1,115,114,116,-1,111,117,112,-1,112,117,118,-1,112,118,119,-1,113,120,114,-1,114,120,121,-1,114,121,122,-1,119,123,112,-1,112,123,124,-1,112,124,107,-1,107,124,125,-1,107,125,109,-1,106,126,107,-1,107,126,127,-1,107,127,128,-1,122,129,114,-1,114,129,130,-1,114,130,131,-1,128,132,107,-1,107,132,133,-1,107,133,116,-1,116,133,134,-1,116,134,135,-1,135,136,116,-1,116,136,137,-1,116,137,138,-1,138,139,116,-1,116,139,140,-1,116,140,115,-1,131,141,114,-1,114,141,142,-1,114,142,112,-1,112,142,143,-1,112,143,110,-1,144,145,146,-1,146,145,147,-1,148,62,149,-1,149,62,60,-1,80,83,150,-1,151,107,152,-1,152,107,116,-1,152,116,153,-1,149,60,151,-1,151,60,80,-1,151,80,107,-1,107,80,150,-1,107,150,154,-1,154,150,155,-1,116,114,153,-1,153,114,156,-1,62,148,64,-1,64,148,157,-1,64,157,158,-1,112,159,160,-1,147,145,161,-1,161,145,162,-1,161,162,163,-1,163,162,105,-1,163,105,160,-1,160,105,64,-1,160,64,112,-1,112,64,158,-1,112,158,114,-1,114,158,156,-1,145,144,164,-1,145,164,162,-1,162,164,165,-1,162,165,150,-1,166,155,167,-1,167,155,150,-1,167,150,168,-1,168,150,165,-1,169,170,154,-1,154,170,171,-1,154,171,107,-1,147,161,172,-1,172,161,159,-1,172,159,173,-1,173,159,112,-1,173,112,174,-1,174,112,107,-1,174,107,175,-1,175,107,171,-1,175,171,172,-1,172,171,176,-1,172,176,147,-1,147,176,177,-1,147,177,146,-1,
        ]
    }
}
Shape{
    appearance Appearance {
        material  Material 	{
            diffuseColor 1.0 1.0 1.0
            specularColor 0.8784313725490196 0.8784313725490196 0.8784313725490196
            ambientIntensity 1.0
            transparency 0.0
            shininess 0.5
        }
    }
    geometry IndexedFaceSet {
        ccw TRUE
        solid FALSE
        coord DEF co Coordinate {
            point [
                0.4894 1.0039 -0.8858, 0.4894 0.8465 -0.8858, 0.4726 0.8465 -1.0132, 0.4726 1.0039 -1.0132, 0.4234 0.8465 -1.1319, 0.4234 1.0039 -1.1319, 0.3452 0.8465 -1.2338, 0.3452 1.0039 -1.2338, 0.2433 0.8465 -1.312, 0.2433 1.0039 -1.312, 0.1246 0.8465 -1.3612, 0.1246 1.0039 -1.3612, -0.0028 0.8465 -1.378, -0.0028 1.0039 -1.378, -0.1301 0.8465 -1.3612, -0.1301 1.0039 -1.3612, -0.2488 0.8465 -1.312, -0.2488 1.0039 -1.312, -0.3507 0.8465 -1.2338, -0.3507 1.0039 -1.2338, -0.429 0.8465 -1.1319, -0.429 1.0039 -1.1319, -0.4781 0.8465 -1.0132, -0.4781 1.0039 -1.0132, -0.4949 0.8465 -0.8858, -0.4949 1.0039 -0.8858
            ]
        }
        coordIndex [
            0,1,2,-1,0,2,3,-1,3,2,4,-1,3,4,5,-1,5,4,6,-1,5,6,7,-1,7,6,8,-1,7,8,9,-1,9,8,10,-1,9,10,11,-1,11,10,12,-1,11,12,13,-1,13,12,14,-1,13,14,15,-1,15,14,16,-1,15,16,17,-1,17,16,18,-1,17,18,19,-1,19,18,20,-1,19,20,21,-1,21,20,22,-1,21,22,23,-1,23,22,24,-1,23,24,25,-1,
        ]
    }
}
Shape{
    appearance Appearance {
        material  Material 	{
            diffuseColor 0.25098039215686274 0.25098039215686274 0.25098039215686274
            specularColor 0.25098039215686274 0.25098039215686274 0.25098039215686274
            ambientIntensity 0.251
            transparency 0.0
            shininess 0.5
        }
    }
    geometry IndexedFaceSet {
        ccw TRUE
        solid FALSE
        coord DEF co Coordinate {
            point [
                -1.4595 -1.5158 0.0, -1.4595 -2.6969 0.0, -1.4595 -1.5158 0.9843, -1.4595 -2.6969 0.9843
            ]
        }
        coordIndex [
            0,1,2,-1,2,1,3,-1,
        ]
    }
}
Shape{
    appearance Appearance {
        material  Material 	{
            diffuseColor 1.0 1.0 1.0
            specularColor 0.8784313725490196 0.8784313725490196 0.8784313725490196
            ambientIntensity 1.0
            transparency 0.0
            shininess 0.5
        }
    }
    geometry IndexedFaceSet {
        ccw TRUE
        solid FALSE
        coord DEF co Coordinate {
            point [
                1.4539 -0.4331 2.5591, 3.7374 -0.4331 2.5591, 3.7374 -0.4498 2.4317, 1.4539 -0.4498 2.4317, 3.7374 -0.499 2.313, 1.4539 -0.499 2.313, 3.7374 -0.5772 2.2111, 1.4539 -0.5772 2.2111, 3.7374 -0.6791 2.1329, 1.4539 -0.6791 2.1329, 3.7374 -0.7978 2.0837, 1.4539 -0.7978 2.0837, 3.7374 -0.9252 2.0669, 1.4539 -0.9252 2.0669, 3.7374 -1.0526 2.0837, 1.4539 -1.0526 2.0837, 3.7374 -1.1713 2.1329, 1.4539 -1.1713 2.1329, 3.7374 -1.2732 2.2111, 1.4539 -1.2732 2.2111, 3.7374 -1.3514 2.313, 1.4539 -1.3514 2.313, 3.7374 -1.4006 2.4317, 1.4539 -1.4006 2.4317, 3.7374 -1.4173 2.5591, 1.4539 -1.4173 2.5591
            ]
        }
        coordIndex [
            0,1,2,-1,0,2,3,-1,3,2,4,-1,3,4,5,-1,5,4,6,-1,5,6,7,-1,7,6,8,-1,7,8,9,-1,9,8,10,-1,9,10,11,-1,11,10,12,-1,11,12,13,-1,13,12,14,-1,13,14,15,-1,15,14,16,-1,15,16,17,-1,17,16,18,-1,17,18,19,-1,19,18,20,-1,19,20,21,-1,21,20,22,-1,21,22,23,-1,23,22,24,-1,23,24,25,-1,
        ]
    }
}
Shape{
    appearance Appearance {
        material  Material 	{
            diffuseColor 0.25098039215686274 0.25098039215686274 0.25098039215686274
            specularColor 0.25098039215686274 0.25098039215686274 0.25098039215686274
            ambientIntensity 0.251
            transparency 0.0
            shininess 0.5
        }
    }
    geometry IndexedFaceSet {
        ccw TRUE
        solid FALSE
        coord DEF co Coordinate {
            point [
                1.4539 0.3543 2.5591, 4.2098 0.3543 2.5591, 1.4539 0.3325 2.7942, 4.2098 0.3325 2.7942, 1.4539 0.2679 3.0213, 4.2098 0.2679 3.0213, 1.4539 0.1627 3.2326, 4.2098 0.1627 3.2326, 1.4539 0.0204 3.4211, 4.2098 0.0204 3.4211, 1.4539 -0.1541 3.5801, 4.2098 -0.1541 3.5801, 1.4539 -0.3549 3.7044, 4.2098 -0.3549 3.7044, 1.4539 -0.575 3.7897, 4.2098 -0.575 3.7897, 1.4539 -0.8071 3.8331, 4.2098 -0.8071 3.8331, 1.4539 -1.0433 3.8331, 4.2098 -1.0433 3.8331, 1.4539 -1.2754 3.7897, 4.2098 -1.2754 3.7897, 1.4539 -1.4955 3.7044, 4.2098 -1.4955 3.7044, 1.4539 -1.6963 3.5801, 4.2098 -1.6963 3.5801, 1.4539 -1.8708 3.4211, 4.2098 -1.8708 3.4211, 1.4539 -2.0131 3.2326, 4.2098 -2.0131 3.2326, 1.4539 -2.1183 3.0213, 4.2098 -2.1183 3.0213, 1.4539 -2.1829 2.7942, 4.2098 -2.1829 2.7942, 1.4539 -2.2047 2.5591, 4.2098 -2.2047 2.5591
            ]
        }
        coordIndex [
            0,1,2,-1,2,1,3,-1,2,3,4,-1,4,3,5,-1,4,5,6,-1,6,5,7,-1,6,7,8,-1,8,7,9,-1,8,9,10,-1,10,9,11,-1,10,11,12,-1,12,11,13,-1,12,13,14,-1,14,13,15,-1,14,15,16,-1,16,15,17,-1,16,17,18,-1,18,17,19,-1,18,19,20,-1,20,19,21,-1,20,21,22,-1,22,21,23,-1,22,23,24,-1,24,23,25,-1,24,25,26,-1,26,25,27,-1,26,27,28,-1,28,27,29,-1,28,29,30,-1,30,29,31,-1,30,31,32,-1,32,31,33,-1,32,33,34,-1,34,33,35,-1,
        ]
    }
}
Shape{
    appearance Appearance {
        material  Material 	{
            diffuseColor 1.0 1.0 1.0
            specularColor 0.8784313725490196 0.8784313725490196 0.8784313725490196
            ambientIntensity 1.0
            transparency 0.0
            shininess 0.5
        }
    }
    geometry IndexedFaceSet {
        ccw TRUE
        solid FALSE
        coord DEF co Coordinate {
            point [
                3.8161 -1.3386 2.5591, 3.7374 -1.4173 2.5591, 3.7374 -1.4006 2.4317, 3.8161 -1.3245 2.4521, 3.7374 -1.3514 2.313, 3.8161 -1.2832 2.3524, 3.7374 -1.2732 2.2111, 3.8161 -1.2175 2.2668, 3.7374 -1.1713 2.1329, 3.8161 -1.1319 2.2011, 3.7374 -1.0526 2.0837, 3.8161 -1.0322 2.1598, 3.7374 -0.9252 2.0669, 3.8161 -0.9252 2.1457, 3.7374 -0.7978 2.0837, 3.8161 -0.8182 2.1598, 3.7374 -0.6791 2.1329, 3.8161 -0.7185 2.2011, 3.7374 -0.5772 2.2111, 3.8161 -0.6329 2.2668, 3.7374 -0.499 2.313, 3.8161 -0.5672 2.3524, 3.7374 -0.4498 2.4317, 3.8161 -0.5259 2.4521, 3.7374 -0.4331 2.5591, 3.8161 -0.5118 2.5591
            ]
        }
        coordIndex [
            0,1,2,-1,0,2,3,-1,3,2,4,-1,3,4,5,-1,5,4,6,-1,5,6,7,-1,7,6,8,-1,7,8,9,-1,9,8,10,-1,9,10,11,-1,11,10,12,-1,11,12,13,-1,13,12,14,-1,13,14,15,-1,15,14,16,-1,15,16,17,-1,17,16,18,-1,17,18,19,-1,19,18,20,-1,19,20,21,-1,21,20,22,-1,21,22,23,-1,23,22,24,-1,23,24,25,-1,
        ]
    }
}
Shape{
    appearance Appearance {
        material  Material 	{
            diffuseColor 0.4117647058823529 0.4117647058823529 0.4117647058823529
            specularColor 0.4117647058823529 0.4117647058823529 0.4117647058823529
            ambientIntensity 0.4118
            transparency 0.0
            shininess 0.5
        }
    }
    geometry IndexedFaceSet {
        ccw TRUE
        solid FALSE
        coord DEF co Coordinate {
            point [
                -1.2547 -0.6299 -0.8858, -1.113 -0.6299 -0.8858, -1.2547 -0.64 -0.8094, -1.113 -0.64 -0.8094, -1.2547 -0.6695 -0.7382, -1.113 -0.6695 -0.7382, -1.2547 -0.7164 -0.677, -1.113 -0.7164 -0.677, -1.2547 -0.7776 -0.6301, -1.113 -0.7776 -0.6301, -1.2547 -0.8488 -0.6006, -1.113 -0.8488 -0.6006, -1.2547 -0.9252 -0.5905, -1.113 -0.9252 -0.5905, -1.2547 -1.0016 -0.6006, -1.113 -1.0016 -0.6006, -1.2547 -1.0728 -0.6301, -1.113 -1.0728 -0.6301, -1.2547 -1.134 -0.677, -1.113 -1.134 -0.677, -1.2547 -1.1809 -0.7382, -1.113 -1.1809 -0.7382, -1.2547 -1.2104 -0.8094, -1.113 -1.2104 -0.8094, -1.2547 -1.2205 -0.8858, -1.113 -1.2205 -0.8858, 1.1291 -0.6299 -0.8858, 1.2276 -0.6299 -0.8858, 1.1291 -0.64 -0.8094, 1.2276 -0.64 -0.8094, 1.1291 -0.6695 -0.7382, 1.2276 -0.6695 -0.7382, 1.1291 -0.7164 -0.677, 1.2276 -0.7164 -0.677, 1.1291 -0.7776 -0.6301, 1.2276 -0.7776 -0.6301, 1.1291 -0.8488 -0.6006, 1.2276 -0.8488 -0.6006, 1.1291 -0.9252 -0.5905, 1.2276 -0.9252 -0.5905, 1.1291 -1.0016 -0.6006, 1.2276 -1.0016 -0.6006, 1.1291 -1.0728 -0.6301, 1.2276 -1.0728 -0.6301, 1.1291 -1.134 -0.677, 1.2276 -1.134 -0.677, 1.1291 -1.1809 -0.7382, 1.2276 -1.1809 -0.7382, 1.1291 -1.2104 -0.8094, 1.2276 -1.2104 -0.8094, 1.1291 -1.2205 -0.8858, 1.2276 -1.2205 -0.8858, -0.298 0.8465 -0.8858, -0.298 1.0039 -0.8858, -0.288 0.8465 -0.8094, -0.288 1.0039 -0.8094, -0.2585 0.8465 -0.7382, -0.2585 1.0039 -0.7382, -0.2116 0.8465 -0.677, -0.2116 1.0039 -0.677, -0.1504 0.8465 -0.6301, -0.1504 1.0039 -0.6301, -0.0792 0.8465 -0.6006, -0.0792 1.0039 -0.6006, -0.0028 0.8465 -0.5905, -0.0028 1.0039 -0.5905, 0.0737 0.8465 -0.6006, 0.0737 1.0039 -0.6006, 0.1449 0.8465 -0.6301, 0.1449 1.0039 -0.6301, 0.206 0.8465 -0.677, 0.206 1.0039 -0.677, 0.253 0.8465 -0.7382, 0.253 1.0039 -0.7382, 0.2825 0.8465 -0.8094, 0.2825 1.0039 -0.8094, 0.2925 0.8465 -0.8858, 0.2925 1.0039 -0.8858, 0.2825 0.8465 -0.9622, 0.2825 1.0039 -0.9622, 0.253 0.8465 -1.0335, 0.253 1.0039 -1.0335, 0.206 0.8465 -1.0946, 0.206 1.0039 -1.0946, 0.1449 0.8465 -1.1415, 0.1449 1.0039 -1.1415, 0.0737 0.8465 -1.171, 0.0737 1.0039 -1.171, -0.0028 0.8465 -1.1811, -0.0028 1.0039 -1.1811, -0.0792 0.8465 -1.171, -0.0792 1.0039 -1.171, -0.1504 0.8465 -1.1415, -0.1504 1.0039 -1.1415, -0.2116 0.8465 -1.0946, -0.2116 1.0039 -1.0946, -0.2585 0.8465 -1.0335, -0.2585 1.0039 -1.0335, -0.288 0.8465 -0.9622, -0.288 1.0039 -0.9622, 1.1291 -1.2104 -0.9622, 1.2276 -1.2104 -0.9622, 1.1291 -1.1809 -1.0335, 1.2276 -1.1809 -1.0335, 1.1291 -1.134 -1.0946, 1.2276 -1.134 -1.0946, 1.1291 -1.0728 -1.1415, 1.2276 -1.0728 -1.1415, 1.1291 -1.0016 -1.171, 1.2276 -1.0016 -1.171, 1.1291 -0.9252 -1.1811, 1.2276 -0.9252 -1.1811, 1.1291 -0.8488 -1.171, 1.2276 -0.8488 -1.171, 1.1291 -0.7776 -1.1415, 1.2276 -0.7776 -1.1415, 1.1291 -0.7164 -1.0946, 1.2276 -0.7164 -1.0946, 1.1291 -0.6695 -1.0335, 1.2276 -0.6695 -1.0335, 1.1291 -0.64 -0.9622, 1.2276 -0.64 -0.9622, -1.2547 -1.2104 -0.9622, -1.113 -1.2104 -0.9622, -1.2547 -1.1809 -1.0335, -1.113 -1.1809 -1.0335, -1.2547 -1.134 -1.0946, -1.113 -1.134 -1.0946, -1.2547 -1.0728 -1.1415, -1.113 -1.0728 -1.1415, -1.2547 -1.0016 -1.171, -1.113 -1.0016 -1.171, -1.2547 -0.9252 -1.1811, -1.113 -0.9252 -1.1811, -1.2547 -0.8488 -1.171, -1.113 -0.8488 -1.171, -1.2547 -0.7776 -1.1415, -1.113 -0.7776 -1.1415, -1.2547 -0.7164 -1.0946, -1.113 -0.7164 -1.0946, -1.2547 -0.6695 -1.0335, -1.113 -0.6695 -1.0335, -1.2547 -0.64 -0.9622, -1.113 -0.64 -0.9622
            ]
        }
        coordIndex [
            0,1,2,-1,2,1,3,-1,2,3,4,-1,4,3,5,-1,4,5,6,-1,6,5,7,-1,6,7,8,-1,8,7,9,-1,8,9,10,-1,10,9,11,-1,10,11,12,-1,12,11,13,-1,12,13,14,-1,14,13,15,-1,14,15,16,-1,16,15,17,-1,16,17,18,-1,18,17,19,-1,18,19,20,-1,20,19,21,-1,20,21,22,-1,22,21,23,-1,22,23,24,-1,24,23,25,-1,26,27,28,-1,28,27,29,-1,28,29,30,-1,30,29,31,-1,30,31,32,-1,32,31,33,-1,32,33,34,-1,34,33,35,-1,34,35,36,-1,36,35,37,-1,36,37,38,-1,38,37,39,-1,38,39,40,-1,40,39,41,-1,40,41,42,-1,42,41,43,-1,42,43,44,-1,44,43,45,-1,44,45,46,-1,46,45,47,-1,46,47,48,-1,48,47,49,-1,48,49,50,-1,50,49,51,-1,52,53,54,-1,54,53,55,-1,54,55,56,-1,56,55,57,-1,56,57,58,-1,58,57,59,-1,58,59,60,-1,60,59,61,-1,60,61,62,-1,62,61,63,-1,62,63,64,-1,64,63,65,-1,64,65,66,-1,66,65,67,-1,66,67,68,-1,68,67,69,-1,68,69,70,-1,70,69,71,-1,70,71,72,-1,72,71,73,-1,72,73,74,-1,74,73,75,-1,74,75,76,-1,76,75,77,-1,76,77,78,-1,78,77,79,-1,78,79,80,-1,80,79,81,-1,80,81,82,-1,82,81,83,-1,82,83,84,-1,84,83,85,-1,84,85,86,-1,86,85,87,-1,86,87,88,-1,88,87,89,-1,88,89,90,-1,90,89,91,-1,90,91,92,-1,92,91,93,-1,92,93,94,-1,94,93,95,-1,94,95,96,-1,96,95,97,-1,96,97,98,-1,98,97,99,-1,98,99,52,-1,52,99,53,-1,50,51,100,-1,100,51,101,-1,100,101,102,-1,102,101,103,-1,102,103,104,-1,104,103,105,-1,104,105,106,-1,106,105,107,-1,106,107,108,-1,108,107,109,-1,108,109,110,-1,110,109,111,-1,110,111,112,-1,112,111,113,-1,112,113,114,-1,114,113,115,-1,114,115,116,-1,116,115,117,-1,116,117,118,-1,118,117,119,-1,118,119,120,-1,120,119,121,-1,120,121,26,-1,26,121,27,-1,24,25,122,-1,122,25,123,-1,122,123,124,-1,124,123,125,-1,124,125,126,-1,126,125,127,-1,126,127,128,-1,128,127,129,-1,128,129,130,-1,130,129,131,-1,130,131,132,-1,132,131,133,-1,132,133,134,-1,134,133,135,-1,134,135,136,-1,136,135,137,-1,136,137,138,-1,138,137,139,-1,138,139,140,-1,140,139,141,-1,140,141,142,-1,142,141,143,-1,142,143,0,-1,0,143,1,-1,
        ]
    }
}
Shape{
    appearance Appearance {
        material  Material 	{
            diffuseColor 1.0 1.0 1.0
            specularColor 0.8784313725490196 0.8784313725490196 0.8784313725490196
            ambientIntensity 1.0
            transparency 0.0
            shininess 0.5
        }
    }
    geometry IndexedFaceSet {
        ccw TRUE
        solid FALSE
        coord DEF co Coordinate {
            point [
                3.8161 -0.5118 2.5591, 3.7374 -0.4331 2.5591, 3.7374 -0.4498 2.6864, 3.8161 -0.5259 2.6661, 3.7374 -0.499 2.8051, 3.8161 -0.5672 2.7658, 3.7374 -0.5772 2.907, 3.8161 -0.6329 2.8514, 3.7374 -0.6791 2.9853, 3.8161 -0.7185 2.9171, 3.7374 -0.7978 3.0344, 3.8161 -0.8182 2.9584, 3.7374 -0.9252 3.0512, 3.8161 -0.9252 2.9724, 3.7374 -1.0526 3.0344, 3.8161 -1.0322 2.9584, 3.7374 -1.1713 2.9853, 3.8161 -1.1319 2.9171, 3.7374 -1.2732 2.907, 3.8161 -1.2175 2.8514, 3.7374 -1.3514 2.8051, 3.8161 -1.2832 2.7658, 3.7374 -1.4006 2.6864, 3.8161 -1.3245 2.6661, 3.7374 -1.4173 2.5591, 3.8161 -1.3386 2.5591
            ]
        }
        coordIndex [
            0,1,2,-1,0,2,3,-1,3,2,4,-1,3,4,5,-1,5,4,6,-1,5,6,7,-1,7,6,8,-1,7,8,9,-1,9,8,10,-1,9,10,11,-1,11,10,12,-1,11,12,13,-1,13,12,14,-1,13,14,15,-1,15,14,16,-1,15,16,17,-1,17,16,18,-1,17,18,19,-1,19,18,20,-1,19,20,21,-1,21,20,22,-1,21,22,23,-1,23,22,24,-1,23,24,25,-1,
        ]
    }
}
Shape{
    appearance Appearance {
        material  Material 	{
            diffuseColor 0.25098039215686274 0.25098039215686274 0.25098039215686274
            specularColor 0.25098039215686274 0.25098039215686274 0.25098039215686274
            ambientIntensity 0.251
            transparency 0.0
            shininess 0.5
        }
    }
    geometry IndexedFaceSet {
        ccw TRUE
        solid FALSE
        coord DEF co Coordinate {
            point [
                1.4539 -2.2047 2.5591, 4.2098 -2.2047 2.5591, 1.4539 -2.1829 2.3239, 4.2098 -2.1829 2.3239, 1.4539 -2.1183 2.0968, 4.2098 -2.1183 2.0968, 1.4539 -2.0131 1.8855, 4.2098 -2.0131 1.8855, 1.4539 -1.8708 1.697, 4.2098 -1.8708 1.697, 1.4539 -1.6963 1.538, 4.2098 -1.6963 1.538, 1.4539 -1.4955 1.4137, 4.2098 -1.4955 1.4137, 1.4539 -1.2754 1.3284, 4.2098 -1.2754 1.3284, 1.4539 -1.0433 1.285, 4.2098 -1.0433 1.285, 1.4539 -0.8071 1.285, 4.2098 -0.8071 1.285, 1.4539 -0.575 1.3284, 4.2098 -0.575 1.3284, 1.4539 -0.3549 1.4137, 4.2098 -0.3549 1.4137, 1.4539 -0.1541 1.538, 4.2098 -0.1541 1.538, 1.4539 0.0204 1.697, 4.2098 0.0204 1.697, 1.4539 0.1627 1.8855, 4.2098 0.1627 1.8855, 1.4539 0.2679 2.0968, 4.2098 0.2679 2.0968, 1.4539 0.3325 2.3239, 4.2098 0.3325 2.3239, 1.4539 0.3543 2.5591, 4.2098 0.3543 2.5591
            ]
        }
        coordIndex [
            0,1,2,-1,2,1,3,-1,2,3,4,-1,4,3,5,-1,4,5,6,-1,6,5,7,-1,6,7,8,-1,8,7,9,-1,8,9,10,-1,10,9,11,-1,10,11,12,-1,12,11,13,-1,12,13,14,-1,14,13,15,-1,14,15,16,-1,16,15,17,-1,16,17,18,-1,18,17,19,-1,18,19,20,-1,20,19,21,-1,20,21,22,-1,22,21,23,-1,22,23,24,-1,24,23,25,-1,24,25,26,-1,26,25,27,-1,26,27,28,-1,28,27,29,-1,28,29,30,-1,30,29,31,-1,30,31,32,-1,32,31,33,-1,32,33,34,-1,34,33,35,-1,
        ]
    }
}
Shape{
    appearance Appearance {
        material  Material 	{
            diffuseColor 1.0 1.0 1.0
            specularColor 0.8784313725490196 0.8784313725490196 0.8784313725490196
            ambientIntensity 1.0
            transparency 0.0
            shininess 0.5
        }
    }
    geometry IndexedFaceSet {
        ccw TRUE
        solid FALSE
        coord DEF co Coordinate {
            point [
                1.4539 -1.4173 2.5591, 3.7374 -1.4173 2.5591, 3.7374 -1.4006 2.6864, 1.4539 -1.4006 2.6864, 3.7374 -1.3514 2.8051, 1.4539 -1.3514 2.8051, 3.7374 -1.2732 2.907, 1.4539 -1.2732 2.907, 3.7374 -1.1713 2.9853, 1.4539 -1.1713 2.9853, 3.7374 -1.0526 3.0344, 1.4539 -1.0526 3.0344, 3.7374 -0.9252 3.0512, 1.4539 -0.9252 3.0512, 3.7374 -0.7978 3.0344, 1.4539 -0.7978 3.0344, 3.7374 -0.6791 2.9853, 1.4539 -0.6791 2.9853, 3.7374 -0.5772 2.907, 1.4539 -0.5772 2.907, 3.7374 -0.499 2.8051, 1.4539 -0.499 2.8051, 3.7374 -0.4498 2.6864, 1.4539 -0.4498 2.6864, 3.7374 -0.4331 2.5591, 1.4539 -0.4331 2.5591
            ]
        }
        coordIndex [
            0,1,2,-1,0,2,3,-1,3,2,4,-1,3,4,5,-1,5,4,6,-1,5,6,7,-1,7,6,8,-1,7,8,9,-1,9,8,10,-1,9,10,11,-1,11,10,12,-1,11,12,13,-1,13,12,14,-1,13,14,15,-1,15,14,16,-1,15,16,17,-1,17,16,18,-1,17,18,19,-1,19,18,20,-1,19,20,21,-1,21,20,22,-1,21,22,23,-1,23,22,24,-1,23,24,25,-1,
        ]
    }
}
Shape{
    appearance Appearance {
        material  Material 	{
            diffuseColor 1.0 1.0 1.0
            specularColor 0.5019607843137255 0.5019607843137255 0.5019607843137255
            ambientIntensity 1.0
            transparency 0.0
            shininess 0.5
        }
    }
    geometry IndexedFaceSet {
        ccw TRUE
        solid FALSE
        coord DEF co Coordinate {
            point [
                2.9077 0.8504 0.8261, 2.9077 0.8504 0.8078, 2.9077 0.8465 0.8261, 2.9077 0.8465 0.8078, 2.9715 0.8504 0.8261, 2.9715 0.8465 0.8261, 2.9715 0.8504 0.968, 2.9715 0.8465 0.968, 2.9922 0.8504 0.968, 2.9922 0.8465 0.968, 2.9922 0.8504 0.8078, 2.9922 0.8465 0.8078, 2.8256 0.8504 0.8051, 2.8256 0.8465 0.8051, 2.8159 0.8465 0.8055, 2.8159 0.8504 0.8055, 2.8068 0.8465 0.8065, 2.8068 0.8504 0.8065, 2.7986 0.8465 0.8081, 2.7986 0.8504 0.8081, 2.7912 0.8465 0.8102, 2.7912 0.8504 0.8102, 2.7845 0.8465 0.8129, 2.7845 0.8504 0.8129, 2.7813 0.8465 0.8145, 2.7813 0.8504 0.8145, 2.7813 0.8504 0.8343, 2.7813 0.8465 0.8343, 2.7873 0.8465 0.831, 2.7873 0.8504 0.831, 2.7937 0.8465 0.8283, 2.7937 0.8504 0.8283, 2.8005 0.8465 0.8262, 2.8005 0.8504 0.8262, 2.8076 0.8465 0.8247, 2.8076 0.8504 0.8247, 2.8152 0.8465 0.8238, 2.8152 0.8504 0.8238, 2.8226 0.8465 0.8236, 2.8226 0.8504 0.8236, 2.8296 0.8465 0.8239, 2.8296 0.8504 0.8239, 2.8362 0.8465 0.8249, 2.8362 0.8504 0.8249, 2.8422 0.8465 0.8265, 2.8422 0.8504 0.8265, 2.8478 0.8465 0.8287, 2.8478 0.8504 0.8287, 2.853 0.8465 0.8315, 2.853 0.8504 0.8315, 2.8578 0.8465 0.8349, 2.8578 0.8504 0.8349, 2.8623 0.8465 0.8388, 2.8623 0.8504 0.8388, 2.8638 0.8465 0.8404, 2.8638 0.8504 0.8404, 2.8677 0.8465 0.8451, 2.8677 0.8504 0.8451, 2.871 0.8465 0.8502, 2.871 0.8504 0.8502, 2.8738 0.8465 0.8557, 2.8738 0.8504 0.8557, 2.876 0.8465 0.8616, 2.876 0.8504 0.8616, 2.8777 0.8465 0.8681, 2.8777 0.8504 0.8681, 2.8789 0.8465 0.8751, 2.8789 0.8504 0.8751, 2.8794 0.8465 0.8827, 2.8794 0.8504 0.8827, 2.8795 0.8465 0.8861, 2.8795 0.8504 0.8861, 2.8792 0.8465 0.8944, 2.8792 0.8504 0.8944, 2.8782 0.8465 0.9022, 2.8782 0.8504 0.9022, 2.8766 0.8465 0.9092, 2.8766 0.8504 0.9092, 2.8744 0.8465 0.9157, 2.8744 0.8504 0.9157, 2.8716 0.8465 0.9217, 2.8716 0.8504 0.9217, 2.8684 0.8465 0.9271, 2.8684 0.8504 0.9271, 2.8646 0.8465 0.9321, 2.8646 0.8504 0.9321, 2.8627 0.8465 0.9342, 2.8627 0.8504 0.9342, 2.8581 0.8465 0.9386, 2.8581 0.8504 0.9386, 2.8531 0.8465 0.9424, 2.8531 0.8504 0.9424, 2.8479 0.8465 0.9455, 2.8479 0.8504 0.9455, 2.8423 0.8465 0.948, 2.8423 0.8504 0.948, 2.8364 0.8465 0.9499, 2.8364 0.8504 0.9499, 2.8302 0.8465 0.9512, 2.8302 0.8504 0.9512, 2.8235 0.8465 0.9519, 2.8235 0.8504 0.9519, 2.819 0.8465 0.952, 2.819 0.8504 0.952, 2.8113 0.8465 0.9517, 2.8113 0.8504 0.9517, 2.8039 0.8465 0.9507, 2.8039 0.8504 0.9507, 2.7969 0.8465 0.949, 2.7969 0.8504 0.949, 2.7901 0.8465 0.9467, 2.7901 0.8504 0.9467, 2.7836 0.8465 0.9438, 2.7836 0.8504 0.9438, 2.7813 0.8465 0.9425, 2.7813 0.8504 0.9425, 2.7813 0.8504 0.9641, 2.7813 0.8465 0.9641, 2.7875 0.8465 0.9664, 2.7875 0.8504 0.9664, 2.7943 0.8465 0.9683, 2.7943 0.8504 0.9683, 2.802 0.8465 0.9696, 2.802 0.8504 0.9696, 2.8106 0.8465 0.9704, 2.8106 0.8504 0.9704, 2.8192 0.8465 0.9707, 2.8192 0.8504 0.9707, 2.8276 0.8465 0.9703, 2.8276 0.8504 0.9703, 2.8356 0.8465 0.9693, 2.8356 0.8504 0.9693, 2.843 0.8465 0.9677, 2.843 0.8504 0.9677, 2.8501 0.8465 0.9654, 2.8501 0.8504 0.9654, 2.8567 0.8465 0.9626, 2.8567 0.8504 0.9626, 2.863 0.8465 0.9592, 2.863 0.8504 0.9592, 2.8689 0.8465 0.9551, 2.8689 0.8504 0.9551, 2.8745 0.8465 0.9505, 2.8745 0.8504 0.9505, 2.8781 0.8465 0.9471, 2.8781 0.8504 0.9471, 2.883 0.8465 0.9416, 2.883 0.8504 0.9416, 2.8873 0.8465 0.9358, 2.8873 0.8504 0.9358, 2.891 0.8465 0.9296, 2.891 0.8504 0.9296, 2.8941 0.8465 0.9231, 2.8941 0.8504 0.9231, 2.8967 0.8465 0.9161, 2.8967 0.8504 0.9161, 2.8987 0.8465 0.9087, 2.8987 0.8504 0.9087, 2.9001 0.8465 0.9008, 2.9001 0.8504 0.9008, 2.901 0.8465 0.8924, 2.901 0.8504 0.8924, 2.9012 0.8465 0.8849, 2.9012 0.8504 0.8849, 2.9009 0.8465 0.8759, 2.9009 0.8504 0.8759, 2.8999 0.8465 0.8674, 2.8999 0.8504 0.8674, 2.8982 0.8465 0.8596, 2.8982 0.8504 0.8596, 2.896 0.8465 0.8523, 2.896 0.8504 0.8523, 2.8933 0.8465 0.8456, 2.8933 0.8504 0.8456, 2.8899 0.8465 0.8393, 2.8899 0.8504 0.8393, 2.8861 0.8465 0.8335, 2.8861 0.8504 0.8335, 2.8819 0.8465 0.8284, 2.8819 0.8504 0.8284, 2.8806 0.8465 0.827, 2.8806 0.8504 0.827, 2.8757 0.8465 0.8222, 2.8757 0.8504 0.8222, 2.8703 0.8465 0.818, 2.8703 0.8504 0.818, 2.8647 0.8465 0.8144, 2.8647 0.8504 0.8144, 2.8587 0.8465 0.8115, 2.8587 0.8504 0.8115, 2.8523 0.8465 0.809, 2.8523 0.8504 0.809, 2.8454 0.8465 0.8072, 2.8454 0.8504 0.8072, 2.8381 0.8465 0.8059, 2.8381 0.8504 0.8059, 2.8303 0.8465 0.8052, 2.8303 0.8504 0.8052, 2.6631 0.8504 0.8261, 2.6631 0.8504 0.8078, 2.6631 0.8465 0.8261, 2.6631 0.8465 0.8078, 2.7286 0.8504 0.8261, 2.7286 0.8465 0.8261, 2.7286 0.8504 0.88, 2.7286 0.8465 0.88, 2.6713 0.8504 0.88, 2.6713 0.8465 0.88, 2.6713 0.8504 0.8983, 2.6713 0.8465 0.8983, 2.7286 0.8504 0.8983, 2.7286 0.8465 0.8983, 2.7286 0.8504 0.9496, 2.7286 0.8465 0.9496, 2.6668 0.8504 0.9496, 2.6668 0.8465 0.9496, 2.6668 0.8504 0.968, 2.6668 0.8465 0.968, 2.7492 0.8504 0.968, 2.7492 0.8465 0.968, 2.7492 0.8504 0.8078, 2.7492 0.8465 0.8078, 2.5592 0.8504 0.8312, 2.5481 0.8504 0.8159, 2.5534 0.8504 0.834, 2.5415 0.8504 0.8193, 2.5481 0.8504 0.8372, 2.5352 0.8504 0.8233, 2.5434 0.8504 0.8409, 2.5293 0.8504 0.8279, 2.5413 0.8504 0.8428, 2.5266 0.8504 0.8303, 2.5373 0.8504 0.8472, 2.5215 0.8504 0.8355, 2.5338 0.8504 0.852, 2.517 0.8504 0.8411, 2.5308 0.8504 0.8572, 2.5132 0.8504 0.847, 2.5284 0.8504 0.8629, 2.5256 0.8504 0.9048, 2.5055 0.8504 0.9132, 2.5272 0.8504 0.9115, 2.5077 0.8504 0.92, 2.5293 0.8504 0.9174, 2.5106 0.8504 0.9263, 2.532 0.8504 0.9227, 2.514 0.8504 0.9322, 2.5352 0.8504 0.9275, 2.518 0.8504 0.9377, 2.5225 0.8504 0.9429, 2.5389 0.8504 0.9318, 2.5266 0.8504 0.9468, 2.5418 0.8504 0.9345, 2.5326 0.8504 0.9515, 2.5467 0.8504 0.9383, 2.5388 0.8504 0.9557, 2.5521 0.8504 0.9416, 2.5454 0.8504 0.9592, 2.5579 0.8504 0.9443, 2.5524 0.8504 0.9622, 2.5641 0.8504 0.9464, 2.5597 0.8504 0.9645, 2.5709 0.8504 0.948, 2.5674 0.8504 0.9663, 2.5782 0.8504 0.9491, 2.5756 0.8504 0.9674, 2.586 0.8504 0.9495, 2.5842 0.8504 0.9679, 2.588 0.8504 0.9496, 2.5872 0.8504 0.968, 2.6122 0.8504 0.9496, 2.6329 0.8504 0.968, 2.6122 0.8504 0.8261, 2.6329 0.8504 0.8078, 2.5889 0.8504 0.8261, 2.5888 0.8504 0.8078, 2.5805 0.8504 0.8264, 2.5796 0.8504 0.8082, 2.5727 0.8504 0.8274, 2.5709 0.8504 0.8092, 2.5656 0.8504 0.8291, 2.5628 0.8504 0.8108, 2.5552 0.8504 0.8131, 2.5099 0.8504 0.8532, 2.5072 0.8504 0.8598, 2.5265 0.8504 0.8691, 2.5052 0.8504 0.8669, 2.5252 0.8504 0.8759, 2.5037 0.8504 0.8743, 2.5244 0.8504 0.8833, 2.5028 0.8504 0.8822, 2.5242 0.8504 0.8894, 2.5025 0.8504 0.89, 2.5246 0.8504 0.8974, 2.5028 0.8504 0.8982, 2.5038 0.8504 0.906, 2.5467 0.8465 0.9383, 2.5326 0.8465 0.9515, 2.5418 0.8465 0.9345, 2.5266 0.8465 0.9468, 2.5389 0.8465 0.9318, 2.5225 0.8465 0.9429, 2.5352 0.8465 0.9275, 2.518 0.8465 0.9377, 2.532 0.8465 0.9227, 2.514 0.8465 0.9322, 2.5293 0.8465 0.9174, 2.5106 0.8465 0.9263, 2.5272 0.8465 0.9115, 2.5534 0.8465 0.834, 2.5481 0.8465 0.8159, 2.5592 0.8465 0.8312, 2.5552 0.8465 0.8131, 2.5656 0.8465 0.8291, 2.5628 0.8465 0.8108, 2.5727 0.8465 0.8274, 2.5709 0.8465 0.8092, 2.5805 0.8465 0.8264, 2.5796 0.8465 0.8082, 2.5889 0.8465 0.8261, 2.5888 0.8465 0.8078, 2.6122 0.8465 0.8261, 2.6329 0.8465 0.8078, 2.6122 0.8465 0.9496, 2.6329 0.8465 0.968, 2.588 0.8465 0.9496, 2.5872 0.8465 0.968, 2.586 0.8465 0.9495, 2.5842 0.8465 0.9679, 2.5782 0.8465 0.9491, 2.5756 0.8465 0.9674, 2.5709 0.8465 0.948, 2.5674 0.8465 0.9663, 2.5641 0.8465 0.9464, 2.5597 0.8465 0.9645, 2.5579 0.8465 0.9443, 2.5524 0.8465 0.9622, 2.5521 0.8465 0.9416, 2.5454 0.8465 0.9592, 2.5388 0.8465 0.9557, 2.5265 0.8465 0.8691, 2.5072 0.8465 0.8598, 2.5284 0.8465 0.8629, 2.5099 0.8465 0.8532, 2.5308 0.8465 0.8572, 2.5132 0.8465 0.847, 2.5338 0.8465 0.852, 2.517 0.8465 0.8411, 2.5373 0.8465 0.8472, 2.5215 0.8465 0.8355, 2.5413 0.8465 0.8428, 2.5266 0.8465 0.8303, 2.5434 0.8465 0.8409, 2.5293 0.8465 0.8279, 2.5481 0.8465 0.8372, 2.5352 0.8465 0.8233, 2.5415 0.8465 0.8193, 2.5077 0.8465 0.92, 2.5055 0.8465 0.9132, 2.5256 0.8465 0.9048, 2.5038 0.8465 0.906, 2.5246 0.8465 0.8974, 2.5028 0.8465 0.8982, 2.5242 0.8465 0.8894, 2.5025 0.8465 0.89, 2.5244 0.8465 0.8833, 2.5028 0.8465 0.8822, 2.5252 0.8465 0.8759, 2.5037 0.8465 0.8743, 2.5052 0.8465 0.8669, 2.4488 0.8504 0.8697, 2.4249 0.8504 0.9363, 2.4326 0.8504 0.968, 2.4936 0.8504 0.8078, 2.4708 0.8504 0.8078, 2.4554 0.8504 0.8516, 2.4235 0.8504 0.9411, 2.4223 0.8504 0.9475, 2.4105 0.8504 0.968, 2.4218 0.8504 0.9475, 2.4205 0.8504 0.9407, 2.4193 0.8504 0.9363, 2.3951 0.8504 0.8697, 2.3495 0.8504 0.8078, 2.3724 0.8504 0.8078, 2.3887 0.8504 0.8516, 2.4554 0.8465 0.8516, 2.4488 0.8465 0.8697, 2.3887 0.8465 0.8516, 2.3951 0.8465 0.8697, 2.4193 0.8465 0.9363, 2.4105 0.8465 0.968, 2.3495 0.8465 0.8078, 2.3724 0.8465 0.8078, 2.4205 0.8465 0.9407, 2.4218 0.8465 0.9475, 2.4326 0.8465 0.968, 2.4223 0.8465 0.9475, 2.4235 0.8465 0.9411, 2.4249 0.8465 0.9363, 2.4936 0.8465 0.8078, 2.4708 0.8465 0.8078, 2.9061 0.8504 0.572, 2.9061 0.8504 0.5538, 2.9061 0.8465 0.572, 2.9061 0.8465 0.5538, 2.9715 0.8504 0.572, 2.9715 0.8465 0.572, 2.9715 0.8504 0.6259, 2.9715 0.8465 0.6259, 2.9143 0.8504 0.6259, 2.9143 0.8465 0.6259, 2.9143 0.8504 0.6443, 2.9143 0.8465 0.6443, 2.9715 0.8504 0.6443, 2.9715 0.8465 0.6443, 2.9715 0.8504 0.6955, 2.9715 0.8465 0.6955, 2.9097 0.8504 0.6955, 2.9097 0.8465 0.6955, 2.9097 0.8504 0.7139, 2.9097 0.8465 0.7139, 2.9922 0.8504 0.7139, 2.9922 0.8465 0.7139, 2.9922 0.8504 0.5538, 2.9922 0.8465 0.5538, 2.8526 0.8504 0.6052, 2.8481 0.8504 0.6065, 2.815 0.8504 0.6265, 2.8418 0.8504 0.6076, 2.8222 0.8504 0.6489, 2.8114 0.8504 0.6649, 2.8245 0.8504 0.6508, 2.815 0.8504 0.6668, 2.8272 0.8504 0.6524, 2.8189 0.8504 0.6683, 2.8304 0.8504 0.6535, 2.815 0.8504 0.5992, 2.8154 0.8504 0.5948, 2.795 0.8504 0.6274, 2.8628 0.8504 0.5748, 2.8644 0.8504 0.5772, 2.8811 0.8504 0.5646, 2.8772 0.8504 0.6099, 2.8631 0.8504 0.5984, 2.8612 0.8504 0.6005, 2.8562 0.8504 0.6038, 2.8489 0.8504 0.6217, 2.8553 0.8504 0.6206, 2.815 0.8504 0.5538, 2.795 0.8504 0.5538, 2.815 0.8504 0.5715, 2.8161 0.8504 0.5907, 2.8185 0.8504 0.644, 2.8028 0.8504 0.6569, 2.8202 0.8504 0.6467, 2.8053 0.8504 0.66, 2.8082 0.8504 0.6626, 2.8779 0.8504 0.6093, 2.8804 0.8504 0.6063, 2.8645 0.8504 0.5959, 2.8825 0.8504 0.6031, 2.8656 0.8504 0.5931, 2.8611 0.8504 0.6191, 2.8661 0.8504 0.6172, 2.8589 0.8504 0.6023, 2.8704 0.8504 0.615, 2.8741 0.8504 0.6126, 2.8161 0.8504 0.6372, 2.7971 0.8504 0.6449, 2.8171 0.8504 0.6408, 2.7987 0.8504 0.6495, 2.8006 0.8504 0.6534, 2.8607 0.8504 0.5727, 2.8705 0.8504 0.5555, 2.8583 0.8504 0.5709, 2.8668 0.8504 0.5538, 2.8555 0.8504 0.5694, 2.8627 0.8504 0.5525, 2.8525 0.8504 0.5684, 2.8787 0.8504 0.5617, 2.877 0.8504 0.5601, 2.8739 0.8504 0.5576, 2.8663 0.8504 0.5828, 2.8859 0.8504 0.5753, 2.8655 0.8504 0.5798, 2.8847 0.8504 0.5714, 2.8831 0.8504 0.5678, 2.7952 0.8504 0.6338, 2.815 0.8504 0.6112, 2.815 0.8504 0.6002, 2.8154 0.8504 0.6329, 2.7959 0.8504 0.6397, 2.815 0.8504 0.6279, 2.8842 0.8504 0.5995, 2.8855 0.8504 0.5957, 2.8663 0.8504 0.5899, 2.8864 0.8504 0.5915, 2.8665 0.8504 0.586, 2.8234 0.8504 0.6695, 2.8283 0.8504 0.6703, 2.8341 0.8504 0.6542, 2.8338 0.8504 0.6707, 2.8382 0.8504 0.6545, 2.8363 0.8504 0.6708, 2.8402 0.8504 0.6545, 2.8431 0.8504 0.6705, 2.8456 0.8504 0.654, 2.8495 0.8504 0.6698, 2.8508 0.8504 0.6531, 2.8556 0.8504 0.6686, 2.8559 0.8504 0.6517, 2.8614 0.8504 0.6669, 2.861 0.8504 0.6497, 2.8669 0.8504 0.6648, 2.866 0.8504 0.6473, 2.8721 0.8504 0.6622, 2.8709 0.8504 0.6442, 2.8757 0.8504 0.6601, 2.8757 0.8504 0.6407, 2.8173 0.8504 0.5869, 2.819 0.8504 0.5833, 2.8156 0.8504 0.5715, 2.8211 0.8504 0.58, 2.8166 0.8504 0.5698, 2.8412 0.8504 0.5678, 2.8366 0.8504 0.5533, 2.8373 0.8504 0.5685, 2.8327 0.8504 0.5549, 2.8337 0.8504 0.5697, 2.829 0.8504 0.557, 2.8304 0.8504 0.5714, 2.8868 0.8504 0.5868, 2.8869 0.8504 0.5844, 2.8866 0.8504 0.5797, 2.8255 0.8504 0.5595, 2.8223 0.8504 0.5624, 2.8273 0.8504 0.5735, 2.8193 0.8504 0.5659, 2.8245 0.8504 0.576, 2.8236 0.8504 0.5769, 2.8583 0.8504 0.5516, 2.8534 0.8504 0.5512, 2.8491 0.8504 0.5678, 2.8506 0.8504 0.5511, 2.8454 0.8504 0.5675, 2.8456 0.8504 0.5513, 2.8409 0.8504 0.5521, 2.8709 0.8465 0.6442, 2.8757 0.8465 0.6407, 2.8757 0.8465 0.6601, 2.8245 0.8465 0.6508, 2.8114 0.8465 0.6649, 2.8222 0.8465 0.6489, 2.8082 0.8465 0.6626, 2.8202 0.8465 0.6467, 2.8628 0.8465 0.5748, 2.8811 0.8465 0.5646, 2.8644 0.8465 0.5772, 2.8831 0.8465 0.5678, 2.8655 0.8465 0.5798, 2.8161 0.8465 0.5907, 2.8154 0.8465 0.5948, 2.795 0.8465 0.6274, 2.8166 0.8465 0.5698, 2.8193 0.8465 0.5659, 2.8273 0.8465 0.5735, 2.8223 0.8465 0.5624, 2.8304 0.8465 0.5714, 2.8255 0.8465 0.5595, 2.8337 0.8465 0.5697, 2.829 0.8465 0.557, 2.8373 0.8465 0.5685, 2.8053 0.8465 0.66, 2.8028 0.8465 0.6569, 2.8185 0.8465 0.644, 2.8006 0.8465 0.6534, 2.8171 0.8465 0.6408, 2.8341 0.8465 0.6542, 2.8283 0.8465 0.6703, 2.8304 0.8465 0.6535, 2.8234 0.8465 0.6695, 2.8272 0.8465 0.6524, 2.8189 0.8465 0.6683, 2.815 0.8465 0.6668, 2.8173 0.8465 0.5869, 2.815 0.8465 0.5715, 2.815 0.8465 0.5538, 2.795 0.8465 0.5538, 2.8612 0.8465 0.6005, 2.8704 0.8465 0.615, 2.8589 0.8465 0.6023, 2.8661 0.8465 0.6172, 2.8562 0.8465 0.6038, 2.8611 0.8465 0.6191, 2.8526 0.8465 0.6052, 2.8553 0.8465 0.6206, 2.8481 0.8465 0.6065, 2.8489 0.8465 0.6217, 2.8631 0.8465 0.5984, 2.8772 0.8465 0.6099, 2.8741 0.8465 0.6126, 2.8607 0.8465 0.5727, 2.877 0.8465 0.5601, 2.8787 0.8465 0.5617, 2.8583 0.8465 0.5709, 2.8705 0.8465 0.5555, 2.8739 0.8465 0.5576, 2.8245 0.8465 0.576, 2.8236 0.8465 0.5769, 2.8156 0.8465 0.5715, 2.8211 0.8465 0.58, 2.819 0.8465 0.5833, 2.8645 0.8465 0.5959, 2.8804 0.8465 0.6063, 2.8779 0.8465 0.6093, 2.815 0.8465 0.6112, 2.7952 0.8465 0.6338, 2.815 0.8465 0.6002, 2.815 0.8465 0.5992, 2.8847 0.8465 0.5714, 2.8859 0.8465 0.5753, 2.8663 0.8465 0.5828, 2.8491 0.8465 0.5678, 2.8534 0.8465 0.5512, 2.8525 0.8465 0.5684, 2.8583 0.8465 0.5516, 2.8555 0.8465 0.5694, 2.8627 0.8465 0.5525, 2.8668 0.8465 0.5538, 2.8327 0.8465 0.5549, 2.8366 0.8465 0.5533, 2.8412 0.8465 0.5678, 2.8409 0.8465 0.5521, 2.8454 0.8465 0.5675, 2.8456 0.8465 0.5513, 2.8506 0.8465 0.5511, 2.7987 0.8465 0.6495, 2.7971 0.8465 0.6449, 2.8161 0.8465 0.6372, 2.7959 0.8465 0.6397, 2.8154 0.8465 0.6329, 2.815 0.8465 0.6279, 2.815 0.8465 0.6265, 2.8418 0.8465 0.6076, 2.8663 0.8465 0.5899, 2.8855 0.8465 0.5957, 2.8656 0.8465 0.5931, 2.8842 0.8465 0.5995, 2.8825 0.8465 0.6031, 2.8866 0.8465 0.5797, 2.8869 0.8465 0.5844, 2.8665 0.8465 0.586, 2.8868 0.8465 0.5868, 2.8864 0.8465 0.5915, 2.866 0.8465 0.6473, 2.8721 0.8465 0.6622, 2.861 0.8465 0.6497, 2.8669 0.8465 0.6648, 2.8559 0.8465 0.6517, 2.8614 0.8465 0.6669, 2.8508 0.8465 0.6531, 2.8556 0.8465 0.6686, 2.8456 0.8465 0.654, 2.8495 0.8465 0.6698, 2.8402 0.8465 0.6545, 2.8431 0.8465 0.6705, 2.8382 0.8465 0.6545, 2.8363 0.8465 0.6708, 2.8338 0.8465 0.6707, 2.7348 0.8504 0.5675, 2.7348 0.8465 0.5675, 2.7399 0.8465 0.5677, 2.7399 0.8504 0.5677, 2.7449 0.8465 0.5684, 2.7449 0.8504 0.5684, 2.7498 0.8465 0.5696, 2.7498 0.8504 0.5696, 2.7546 0.8465 0.5712, 2.7546 0.8504 0.5712, 2.7593 0.8465 0.5733, 2.7593 0.8504 0.5733, 2.7639 0.8465 0.5759, 2.7639 0.8504 0.5759, 2.7678 0.8465 0.5785, 2.7678 0.8504 0.5785, 2.7678 0.8504 0.5578, 2.7678 0.8465 0.5578, 2.763 0.8465 0.5557, 2.763 0.8504 0.5557, 2.7579 0.8465 0.5539, 2.7579 0.8504 0.5539, 2.7525 0.8465 0.5526, 2.7525 0.8504 0.5526, 2.7468 0.8465 0.5517, 2.7468 0.8504 0.5517, 2.7407 0.8465 0.5512, 2.7407 0.8504 0.5512, 2.7368 0.8465 0.5511, 2.7368 0.8504 0.5511, 2.7304 0.8465 0.5513, 2.7304 0.8504 0.5513, 2.7244 0.8465 0.552, 2.7244 0.8504 0.552, 2.719 0.8465 0.5531, 2.719 0.8504 0.5531, 2.7141 0.8465 0.5547, 2.7141 0.8504 0.5547, 2.7096 0.8465 0.5565, 2.7096 0.8504 0.5565, 2.7056 0.8465 0.5588, 2.7056 0.8504 0.5588, 2.7034 0.8465 0.5602, 2.7034 0.8504 0.5602, 2.7002 0.8465 0.5627, 2.7002 0.8504 0.5627, 2.6975 0.8465 0.5655, 2.6975 0.8504 0.5655, 2.6952 0.8465 0.5684, 2.6952 0.8504 0.5684, 2.6934 0.8465 0.5715, 2.6934 0.8504 0.5715, 2.6921 0.8465 0.5749, 2.6921 0.8504 0.5749, 2.6911 0.8465 0.5784, 2.6911 0.8504 0.5784, 2.6906 0.8465 0.5822, 2.6906 0.8504 0.5822, 2.6905 0.8465 0.5849, 2.6905 0.8504 0.5849, 2.6908 0.8465 0.589, 2.6908 0.8504 0.589, 2.6915 0.8465 0.5928, 2.6915 0.8504 0.5928, 2.6926 0.8465 0.5963, 2.6926 0.8504 0.5963, 2.6941 0.8465 0.5994, 2.6941 0.8504 0.5994, 2.6961 0.8465 0.6024, 2.6961 0.8504 0.6024, 2.6973 0.8465 0.6038, 2.6973 0.8504 0.6038, 2.6998 0.8465 0.6063, 2.6998 0.8504 0.6063, 2.703 0.8465 0.6088, 2.703 0.8504 0.6088, 2.7071 0.8465 0.6114, 2.7071 0.8504 0.6114, 2.7123 0.8465 0.6141, 2.7123 0.8504 0.6141, 2.7187 0.8465 0.6169, 2.7187 0.8504 0.6169, 2.7231 0.8465 0.6186, 2.7231 0.8504 0.6186, 2.7318 0.8465 0.6223, 2.7318 0.8504 0.6223, 2.7372 0.8465 0.6249, 2.7372 0.8504 0.6249, 2.7408 0.8465 0.627, 2.7408 0.8504 0.627, 2.7426 0.8465 0.6285, 2.7426 0.8504 0.6285, 2.7443 0.8465 0.6302, 2.7443 0.8504 0.6302, 2.7456 0.8465 0.6323, 2.7456 0.8504 0.6323, 2.7464 0.8465 0.6346, 2.7464 0.8504 0.6346, 2.7469 0.8465 0.6372, 2.7469 0.8504 0.6372, 2.747 0.8465 0.6391, 2.747 0.8504 0.6391, 2.7468 0.8465 0.6417, 2.7468 0.8504 0.6417, 2.7461 0.8465 0.6441, 2.7461 0.8504 0.6441, 2.7449 0.8465 0.6462, 2.7449 0.8504 0.6462, 2.7434 0.8465 0.6481, 2.7434 0.8504 0.6481, 2.7414 0.8465 0.6499, 2.7414 0.8504 0.6499, 2.7409 0.8465 0.6502, 2.7409 0.8504 0.6502, 2.7383 0.8465 0.6518, 2.7383 0.8504 0.6518, 2.7353 0.8465 0.653, 2.7353 0.8504 0.653, 2.732 0.8465 0.6539, 2.732 0.8504 0.6539, 2.7282 0.8465 0.6544, 2.7282 0.8504 0.6544, 2.7251 0.8465 0.6545, 2.7251 0.8504 0.6545, 2.7197 0.8465 0.6543, 2.7197 0.8504 0.6543, 2.7146 0.8465 0.6536, 2.7146 0.8504 0.6536, 2.7097 0.8465 0.6524, 2.7097 0.8504 0.6524, 2.705 0.8465 0.6508, 2.705 0.8504 0.6508, 2.7005 0.8465 0.6488, 2.7005 0.8504 0.6488, 2.696 0.8465 0.6462, 2.696 0.8504 0.6462, 2.696 0.8504 0.6657, 2.696 0.8465 0.6657, 2.7012 0.8465 0.6676, 2.7012 0.8504 0.6676, 2.7066 0.8465 0.669, 2.7066 0.8504 0.669, 2.7122 0.8465 0.67, 2.7122 0.8504 0.67, 2.718 0.8465 0.6706, 2.718 0.8504 0.6706, 2.7231 0.8465 0.6708, 2.7231 0.8504 0.6708, 2.729 0.8465 0.6706, 2.729 0.8504 0.6706, 2.7346 0.8465 0.6699, 2.7346 0.8504 0.6699, 2.7397 0.8465 0.6687, 2.7397 0.8504 0.6687, 2.7445 0.8465 0.6672, 2.7445 0.8504 0.6672, 2.7489 0.8465 0.6652, 2.7489 0.8504 0.6652, 2.753 0.8465 0.6629, 2.753 0.8504 0.6629, 2.7548 0.8465 0.6617, 2.7548 0.8504 0.6617, 2.7581 0.8465 0.659, 2.7581 0.8504 0.659, 2.7609 0.8465 0.6562, 2.7609 0.8504 0.6562, 2.7632 0.8465 0.6532, 2.7632 0.8504 0.6532, 2.7649 0.8465 0.65, 2.7649 0.8504 0.65, 2.7663 0.8465 0.6467, 2.7663 0.8504 0.6467, 2.7671 0.8465 0.6432, 2.7671 0.8504 0.6432, 2.7676 0.8465 0.6394, 2.7676 0.8504 0.6394, 2.7677 0.8465 0.6373, 2.7677 0.8504 0.6373, 2.7674 0.8465 0.6331, 2.7674 0.8504 0.6331, 2.7667 0.8465 0.6292, 2.7667 0.8504 0.6292, 2.7656 0.8465 0.6257, 2.7656 0.8504 0.6257, 2.7641 0.8465 0.6224, 2.7641 0.8504 0.6224, 2.7622 0.8465 0.6196, 2.7622 0.8504 0.6196, 2.762 0.8465 0.6192, 2.762 0.8504 0.6192, 2.7599 0.8465 0.6169, 2.7599 0.8504 0.6169, 2.7572 0.8465 0.6146, 2.7572 0.8504 0.6146, 2.7536 0.8465 0.6121, 2.7536 0.8504 0.6121, 2.7489 0.8465 0.6094, 2.7489 0.8504 0.6094, 2.7429 0.8465 0.6065, 2.7429 0.8504 0.6065, 2.7373 0.8465 0.6041, 2.7373 0.8504 0.6041, 2.7285 0.8465 0.6006, 2.7285 0.8504 0.6006, 2.7227 0.8465 0.5978, 2.7227 0.8504 0.5978, 2.7187 0.8465 0.5956, 2.7187 0.8504 0.5956, 2.7163 0.8465 0.5938, 2.7163 0.8504 0.5938, 2.7143 0.8465 0.5919, 2.7143 0.8504 0.5919, 2.7128 0.8465 0.5897, 2.7128 0.8504 0.5897, 2.7118 0.8465 0.5874, 2.7118 0.8504 0.5874, 2.7113 0.8465 0.585, 2.7113 0.8504 0.585, 2.7111 0.8465 0.5829, 2.7111 0.8504 0.5829, 2.7114 0.8465 0.58, 2.7114 0.8504 0.58, 2.7121 0.8465 0.5775, 2.7121 0.8504 0.5775, 2.7131 0.8465 0.5752, 2.7131 0.8504 0.5752, 2.7146 0.8465 0.5734, 2.7146 0.8504 0.5734, 2.7165 0.8465 0.5717, 2.7165 0.8504 0.5717, 2.7188 0.8465 0.5703, 2.7188 0.8504 0.5703, 2.7217 0.8465 0.5692, 2.7217 0.8504 0.5692, 2.7251 0.8465 0.5683, 2.7251 0.8504 0.5683, 2.7293 0.8465 0.5677, 2.7293 0.8504 0.5677, 2.5911 0.8504 0.6682, 2.5703 0.8504 0.6682, 2.5911 0.8465 0.6682, 2.5703 0.8465 0.6682, 2.6223 0.8504 0.582, 2.6223 0.8465 0.582, 2.6239 0.8465 0.5767, 2.6239 0.8504 0.5767, 2.6248 0.8465 0.5728, 2.6248 0.8504 0.5728, 2.6253 0.8504 0.5728, 2.6253 0.8465 0.5728, 2.6278 0.8504 0.5822, 2.6278 0.8465 0.5822, 2.6577 0.8504 0.6682, 2.6577 0.8465 0.6682, 2.6801 0.8504 0.6682, 2.6801 0.8465 0.6682, 2.6352 0.8504 0.554, 2.6352 0.8465 0.554, 2.644 0.8504 0.5332, 2.644 0.8465 0.5332, 2.6464 0.8465 0.5285, 2.6464 0.8504 0.5285, 2.6488 0.8465 0.525, 2.6488 0.8504 0.525, 2.6516 0.8465 0.5219, 2.6516 0.8504 0.5219, 2.6545 0.8465 0.5198, 2.6545 0.8504 0.5198, 2.6577 0.8465 0.5183, 2.6577 0.8504 0.5183, 2.6611 0.8465 0.5174, 2.6611 0.8504 0.5174, 2.6646 0.8465 0.5171, 2.6646 0.8504 0.5171, 2.6689 0.8465 0.5175, 2.6689 0.8504 0.5175, 2.6733 0.8465 0.5185, 2.6733 0.8504 0.5185, 2.676 0.8465 0.5194, 2.676 0.8504 0.5194, 2.676 0.8504 0.5016, 2.676 0.8465 0.5016, 2.6712 0.8465 0.5005, 2.6712 0.8504 0.5005, 2.6657 0.8465 0.5, 2.6657 0.8504 0.5, 2.663 0.8465 0.4999, 2.663 0.8504 0.4999, 2.6581 0.8465 0.5003, 2.6581 0.8504 0.5003, 2.6535 0.8465 0.5012, 2.6535 0.8504 0.5012, 2.649 0.8465 0.5029, 2.649 0.8504 0.5029, 2.6449 0.8465 0.5051, 2.6449 0.8504 0.5051, 2.6408 0.8465 0.5081, 2.6408 0.8504 0.5081, 2.6369 0.8465 0.5118, 2.6369 0.8504 0.5118, 2.6332 0.8465 0.5162, 2.6332 0.8504 0.5162, 2.6295 0.8465 0.5216, 2.6295 0.8504 0.5216, 2.6261 0.8465 0.5279, 2.6261 0.8504 0.5279, 2.6227 0.8465 0.5353, 2.6227 0.8504 0.5353, 2.6222 0.8465 0.5365, 2.6222 0.8504 0.5365, 2.4626 0.8504 0.572, 2.4626 0.8504 0.5538, 2.4626 0.8465 0.572, 2.4626 0.8465 0.5538, 2.528 0.8504 0.572, 2.528 0.8465 0.572, 2.528 0.8504 0.6259, 2.528 0.8465 0.6259, 2.4708 0.8504 0.6259, 2.4708 0.8465 0.6259, 2.4708 0.8504 0.6443, 2.4708 0.8465 0.6443, 2.528 0.8504 0.6443, 2.528 0.8465 0.6443, 2.528 0.8504 0.6955, 2.528 0.8465 0.6955, 2.4662 0.8504 0.6955, 2.4662 0.8465 0.6955, 2.4662 0.8504 0.7139, 2.4662 0.8465 0.7139, 2.5487 0.8504 0.7139, 2.5487 0.8465 0.7139, 2.5487 0.8504 0.5538, 2.5487 0.8465 0.5538, 2.3586 0.8504 0.5772, 2.3476 0.8504 0.5619, 2.3528 0.8504 0.5799, 2.3409 0.8504 0.5653, 2.3476 0.8504 0.5831, 2.3347 0.8504 0.5693, 2.3428 0.8504 0.5869, 2.3288 0.8504 0.5738, 2.3408 0.8504 0.5888, 2.3261 0.8504 0.5762, 2.3367 0.8504 0.5931, 2.321 0.8504 0.5815, 2.3333 0.8504 0.598, 2.3165 0.8504 0.587, 2.3303 0.8504 0.6032, 2.3126 0.8504 0.593, 2.3279 0.8504 0.6089, 2.325 0.8504 0.6508, 2.3049 0.8504 0.6592, 2.3266 0.8504 0.6574, 2.3072 0.8504 0.666, 2.3288 0.8504 0.6634, 2.31 0.8504 0.6723, 2.3315 0.8504 0.6687, 2.3134 0.8504 0.6781, 2.3346 0.8504 0.6735, 2.3174 0.8504 0.6837, 2.322 0.8504 0.6888, 2.3383 0.8504 0.6777, 2.3261 0.8504 0.6927, 2.3412 0.8504 0.6804, 2.332 0.8504 0.6975, 2.3462 0.8504 0.6843, 2.3383 0.8504 0.7016, 2.3516 0.8504 0.6875, 2.3449 0.8504 0.7052, 2.3573 0.8504 0.6902, 2.3518 0.8504 0.7081, 2.3636 0.8504 0.6924, 2.3591 0.8504 0.7105, 2.3704 0.8504 0.694, 2.3668 0.8504 0.7122, 2.3777 0.8504 0.695, 2.375 0.8504 0.7134, 2.3855 0.8504 0.6955, 2.3837 0.8504 0.7139, 2.3875 0.8504 0.6955, 2.3866 0.8504 0.7139, 2.4117 0.8504 0.6955, 2.4323 0.8504 0.7139, 2.4117 0.8504 0.572, 2.4323 0.8504 0.5538, 2.3884 0.8504 0.572, 2.3883 0.8504 0.5538, 2.38 0.8504 0.5724, 2.3791 0.8504 0.5541, 2.3721 0.8504 0.5734, 2.3704 0.8504 0.5551, 2.3651 0.8504 0.575, 2.3623 0.8504 0.5568, 2.3547 0.8504 0.5591, 2.3094 0.8504 0.5992, 2.3067 0.8504 0.6058, 2.326 0.8504 0.6151, 2.3046 0.8504 0.6128, 2.3246 0.8504 0.6219, 2.3031 0.8504 0.6203, 2.3239 0.8504 0.6293, 2.3022 0.8504 0.6282, 2.3237 0.8504 0.6353, 2.3019 0.8504 0.6359, 2.324 0.8504 0.6434, 2.3023 0.8504 0.6442, 2.3033 0.8504 0.652, 2.3462 0.8465 0.6843, 2.332 0.8465 0.6975, 2.3412 0.8465 0.6804, 2.3261 0.8465 0.6927, 2.3383 0.8465 0.6777, 2.322 0.8465 0.6888, 2.3346 0.8465 0.6735, 2.3174 0.8465 0.6837, 2.3315 0.8465 0.6687, 2.3134 0.8465 0.6781, 2.3288 0.8465 0.6634, 2.31 0.8465 0.6723, 2.3266 0.8465 0.6574, 2.3528 0.8465 0.5799, 2.3476 0.8465 0.5619, 2.3586 0.8465 0.5772, 2.3547 0.8465 0.5591, 2.3651 0.8465 0.575, 2.3623 0.8465 0.5568, 2.3721 0.8465 0.5734, 2.3704 0.8465 0.5551, 2.38 0.8465 0.5724, 2.3791 0.8465 0.5541, 2.3884 0.8465 0.572, 2.3883 0.8465 0.5538, 2.4117 0.8465 0.572, 2.4323 0.8465 0.5538, 2.4117 0.8465 0.6955, 2.4323 0.8465 0.7139, 2.3875 0.8465 0.6955, 2.3866 0.8465 0.7139, 2.3855 0.8465 0.6955, 2.3837 0.8465 0.7139, 2.3777 0.8465 0.695, 2.375 0.8465 0.7134, 2.3704 0.8465 0.694, 2.3668 0.8465 0.7122, 2.3636 0.8465 0.6924, 2.3591 0.8465 0.7105, 2.3573 0.8465 0.6902, 2.3518 0.8465 0.7081, 2.3516 0.8465 0.6875, 2.3449 0.8465 0.7052, 2.3383 0.8465 0.7016, 2.326 0.8465 0.6151, 2.3067 0.8465 0.6058, 2.3279 0.8465 0.6089, 2.3094 0.8465 0.5992, 2.3303 0.8465 0.6032, 2.3126 0.8465 0.593, 2.3333 0.8465 0.598, 2.3165 0.8465 0.587, 2.3367 0.8465 0.5931, 2.321 0.8465 0.5815, 2.3408 0.8465 0.5888, 2.3261 0.8465 0.5762, 2.3428 0.8465 0.5869, 2.3288 0.8465 0.5738, 2.3476 0.8465 0.5831, 2.3347 0.8465 0.5693, 2.3409 0.8465 0.5653, 2.3072 0.8465 0.666, 2.3049 0.8465 0.6592, 2.325 0.8465 0.6508, 2.3033 0.8465 0.652, 2.324 0.8465 0.6434, 2.3023 0.8465 0.6442, 2.3237 0.8465 0.6353, 2.3019 0.8465 0.6359, 2.3239 0.8465 0.6293, 2.3022 0.8465 0.6282, 2.3246 0.8465 0.6219, 2.3031 0.8465 0.6203, 2.3046 0.8465 0.6128, 2.2483 0.8504 0.6157, 2.2243 0.8504 0.6822, 2.2321 0.8504 0.7139, 2.2931 0.8504 0.5538, 2.2702 0.8504 0.5538, 2.2548 0.8504 0.5976, 2.2229 0.8504 0.687, 2.2217 0.8504 0.6935, 2.21 0.8504 0.7139, 2.2212 0.8504 0.6935, 2.2199 0.8504 0.6867, 2.2187 0.8504 0.6822, 2.1945 0.8504 0.6157, 2.149 0.8504 0.5538, 2.1718 0.8504 0.5538, 2.1881 0.8504 0.5976, 2.2548 0.8465 0.5976, 2.2483 0.8465 0.6157, 2.1881 0.8465 0.5976, 2.1945 0.8465 0.6157, 2.2187 0.8465 0.6822, 2.21 0.8465 0.7139, 2.149 0.8465 0.5538, 2.1718 0.8465 0.5538, 2.2199 0.8465 0.6867, 2.2212 0.8465 0.6935, 2.2321 0.8465 0.7139, 2.2217 0.8465 0.6935, 2.2229 0.8465 0.687, 2.2243 0.8465 0.6822, 2.2931 0.8465 0.5538, 2.2702 0.8465 0.5538, 3.6825 0.8504 0.5101, 3.67 0.8504 0.4997, 3.7097 0.8504 0.6318, 3.612 0.8504 0.8378, 3.6038 0.8504 0.8333, 3.6391 0.8504 0.9164, 3.5173 0.8504 0.6682, 3.6038 0.8504 0.6352, 3.5961 0.8504 0.6345, 3.4888 0.8504 0.5919, 3.5596 0.8504 0.5869, 3.4898 0.8504 0.5774, 3.562 0.8504 0.5759, 3.5373 0.8504 0.918, 3.5179 0.8504 0.9284, 3.5534 0.8504 0.9877, 3.3109 0.8504 0.8595, 3.3015 0.8504 0.8394, 3.2361 0.8504 0.8618, 3.295 0.8504 0.8183, 3.2919 0.8504 0.8003, 3.6391 0.8504 0.6177, 3.7046 0.8504 0.6435, 3.6447 0.8504 0.6081, 3.6478 0.8504 0.5973, 3.2487 0.8504 0.6291, 3.2644 0.8504 0.6243, 3.2476 0.8504 0.5566, 3.7109 0.8504 0.5555, 3.7039 0.8504 0.5389, 3.6944 0.8504 0.5237, 3.5683 0.8504 0.6175, 3.563 0.8504 0.6083, 3.56 0.8504 0.5979, 3.3294 0.8504 0.6876, 3.3647 0.8504 0.7479, 3.4888 0.8504 0.6033, 3.6145 0.8504 0.6339, 3.5968 0.8504 0.7068, 3.6027 0.8504 0.7069, 3.697 0.8504 0.8455, 3.7116 0.8504 0.9128, 3.7338 0.8504 0.9055, 3.5854 0.8504 0.6312, 3.576 0.8504 0.6253, 3.5671 0.8504 0.566, 3.5006 0.8504 0.5417, 3.4937 0.8504 0.5591, 3.6336 0.8504 0.5579, 3.6245 0.8504 0.5516, 3.6541 0.8504 0.4901, 3.614 0.8504 0.5476, 3.6245 0.8504 0.6301, 3.6686 0.8504 0.6856, 3.6335 0.8504 0.6238, 3.6827 0.8504 0.6737, 3.6949 0.8504 0.6595, 3.6208 0.8504 0.7055, 3.6381 0.8504 0.7012, 3.6546 0.8504 0.6942, 3.2691 0.8504 0.5532, 3.2759 0.8504 0.6227, 3.3363 0.8504 0.5532, 3.3272 0.8504 0.6227, 3.3419 0.8504 0.5541, 3.5292 0.8504 0.9978, 3.4972 0.8504 0.9361, 3.5043 0.8504 1.0051, 3.7261 0.8504 0.641, 3.7455 0.8504 0.5681, 3.7237 0.8504 0.5593, 3.7144 0.8504 0.8386, 3.755 0.8504 0.8953, 3.7304 0.8504 0.829, 3.775 0.8504 0.8824, 3.7446 0.8504 0.817, 3.5302 0.8504 0.6809, 3.545 0.8504 0.6914, 3.5616 0.8504 0.6994, 3.5794 0.8504 0.7046, 3.1977 0.8504 0.737, 3.1374 0.8504 0.7744, 3.2039 0.8504 0.7523, 3.1476 0.8504 0.7934, 3.2128 0.8504 0.7662, 3.1607 0.8504 0.8112, 3.2241 0.8504 0.7781, 3.176 0.8504 0.8272, 3.2371 0.8504 0.7876, 3.7537 0.8504 0.6664, 3.8019 0.8504 0.6102, 3.7409 0.8504 0.6525, 3.7846 0.8504 0.5935, 3.7658 0.8504 0.5795, 3.6888 0.8504 0.9172, 3.6788 0.8504 0.8495, 3.6653 0.8504 0.9187, 3.6642 0.8504 0.8504, 3.6522 0.8504 0.918, 3.6464 0.8504 0.8489, 3.6291 0.8504 0.8447, 3.6408 0.8504 0.5662, 3.6456 0.8504 0.5756, 3.648 0.8504 0.5862, 3.227 0.8504 0.5628, 3.2074 0.8504 0.5717, 3.2341 0.8504 0.6367, 3.1889 0.8504 0.5835, 3.2214 0.8504 0.6469, 3.172 0.8504 0.5978, 3.2162 0.8504 0.6523, 3.1655 0.8504 0.6045, 3.2066 0.8504 0.6653, 3.5767 0.8504 0.9748, 3.589 0.8504 0.9665, 3.555 0.8504 0.9051, 3.6071 0.8504 0.952, 3.5708 0.8504 0.8898, 3.6236 0.8504 0.9353, 3.5843 0.8504 0.8726, 3.5953 0.8504 0.8537, 3.246 0.8504 0.8846, 3.2587 0.8504 0.9063, 3.323 0.8504 0.8781, 3.2741 0.8504 0.9272, 3.3374 0.8504 0.8949, 3.7762 0.8504 0.7161, 3.8438 0.8504 0.6881, 3.7713 0.8504 0.698, 3.8365 0.8504 0.6657, 3.7634 0.8504 0.681, 3.8263 0.8504 0.6443, 3.8134 0.8504 0.6243, 3.583 0.8504 0.5516, 3.535 0.8504 0.5005, 3.5743 0.8504 0.5577, 3.5223 0.8504 0.5115, 3.5102 0.8504 0.5257, 3.6368 0.8504 0.4832, 3.6184 0.8504 0.4792, 3.6038 0.8504 0.5464, 3.6027 0.8504 0.4781, 3.5929 0.8504 0.5477, 3.1954 0.8504 0.6951, 3.1237 0.8504 0.7027, 3.1939 0.8504 0.7115, 3.1233 0.8504 0.7126, 3.1944 0.8504 0.7208, 3.1252 0.8504 0.7339, 3.1299 0.8504 0.7544, 3.1519 0.8504 0.6214, 3.1408 0.8504 0.6399, 3.1997 0.8504 0.6797, 3.1323 0.8504 0.6598, 3.1265 0.8504 0.6809, 3.5844 0.8504 0.4796, 3.567 0.8504 0.4838, 3.5504 0.8504 0.4909, 3.3327 0.8504 0.6237, 3.3604 0.8504 0.5654, 3.357 0.8504 0.562, 3.4524 0.8504 1.0109, 3.4513 0.8504 0.9426, 3.4445 0.8504 1.0108, 3.4296 0.8504 0.9411, 3.7652 0.8504 0.7888, 3.835 0.8504 0.8065, 3.7723 0.8504 0.7722, 3.8429 0.8504 0.7844, 3.7766 0.8504 0.7548, 3.8478 0.8504 0.7612, 3.778 0.8504 0.7365, 3.8497 0.8504 0.7391, 3.778 0.8504 0.7333, 3.8498 0.8504 0.7343, 3.8483 0.8504 0.7109, 3.2827 0.8504 0.8003, 3.2666 0.8504 0.7988, 3.2317 0.8504 0.8604, 3.2514 0.8504 0.7946, 3.2127 0.8504 0.8523, 3.1935 0.8504 0.841, 3.3693 0.8504 0.5885, 3.3683 0.8504 0.5803, 3.3653 0.8504 0.5726, 3.3293 0.8504 0.623, 3.3495 0.8504 0.5569, 3.4787 0.8504 1.0095, 3.4755 0.8504 0.9409, 3.4546 0.8504 0.9426, 3.3425 0.8504 0.6228, 3.3503 0.8504 0.6198, 3.3691 0.8504 0.5919, 3.3574 0.8504 0.6149, 3.3629 0.8504 0.6086, 3.3671 0.8504 0.6007, 3.7923 0.8504 0.8679, 3.7962 0.8504 0.8641, 3.7556 0.8504 0.8042, 3.8116 0.8504 0.8466, 3.8246 0.8504 0.8274, 3.334 0.8504 0.6238, 3.2923 0.8504 0.9468, 3.2975 0.8504 0.9517, 3.3514 0.8504 0.9074, 3.3192 0.8504 0.9686, 3.3693 0.8504 0.9199, 3.3424 0.8504 0.9828, 3.3885 0.8504 0.9297, 3.3669 0.8504 0.9943, 3.4087 0.8504 0.9368, 3.3922 0.8504 1.0028, 3.4182 0.8504 1.0083, 3.3647 0.8465 0.7479, 3.3294 0.8465 0.6876, 3.5173 0.8465 0.6682, 3.4888 0.8465 0.6033, 3.5504 0.8465 0.4909, 3.7097 0.8465 0.6318, 3.6145 0.8465 0.6339, 3.6245 0.8465 0.6301, 3.6447 0.8465 0.6081, 3.6478 0.8465 0.5973, 3.7658 0.8465 0.5795, 3.648 0.8465 0.5862, 3.7455 0.8465 0.5681, 3.4888 0.8465 0.5919, 3.4898 0.8465 0.5774, 3.535 0.8465 0.5005, 3.5223 0.8465 0.5115, 3.7409 0.8465 0.6525, 3.7261 0.8465 0.641, 3.5179 0.8465 0.9284, 3.5373 0.8465 0.918, 3.5767 0.8465 0.9748, 3.6245 0.8465 0.5516, 3.67 0.8465 0.4997, 3.6336 0.8465 0.5579, 3.6825 0.8465 0.5101, 3.6408 0.8465 0.5662, 3.6038 0.8465 0.5464, 3.5929 0.8465 0.5477, 3.5844 0.8465 0.4796, 3.5671 0.8465 0.566, 3.562 0.8465 0.5759, 3.5596 0.8465 0.5869, 3.56 0.8465 0.5979, 3.5953 0.8465 0.8537, 3.6038 0.8465 0.8333, 3.6391 0.8465 0.9164, 3.612 0.8465 0.8378, 3.7144 0.8465 0.8386, 3.7338 0.8465 0.9055, 3.697 0.8465 0.8455, 3.7116 0.8465 0.9128, 3.6788 0.8465 0.8495, 3.6888 0.8465 0.9172, 3.6642 0.8465 0.8504, 3.7846 0.8465 0.5935, 3.8019 0.8465 0.6102, 3.7537 0.8465 0.6664, 3.8134 0.8465 0.6243, 3.7634 0.8465 0.681, 3.8263 0.8465 0.6443, 3.7713 0.8465 0.698, 3.6335 0.8465 0.6238, 3.6391 0.8465 0.6177, 3.323 0.8465 0.8781, 3.2587 0.8465 0.9063, 3.3109 0.8465 0.8595, 3.246 0.8465 0.8846, 3.3015 0.8465 0.8394, 3.2361 0.8465 0.8618, 3.295 0.8465 0.8183, 3.589 0.8465 0.9665, 3.555 0.8465 0.9051, 3.6071 0.8465 0.952, 3.2514 0.8465 0.7946, 3.2666 0.8465 0.7988, 3.4937 0.8465 0.5591, 3.5006 0.8465 0.5417, 3.5102 0.8465 0.5257, 3.6291 0.8465 0.8447, 3.6464 0.8465 0.8489, 3.6522 0.8465 0.918, 3.6653 0.8465 0.9187, 3.6236 0.8465 0.9353, 3.5708 0.8465 0.8898, 3.5843 0.8465 0.8726, 3.1997 0.8465 0.6797, 3.1408 0.8465 0.6399, 3.2066 0.8465 0.6653, 3.1519 0.8465 0.6214, 3.2162 0.8465 0.6523, 3.1655 0.8465 0.6045, 3.2214 0.8465 0.6469, 3.172 0.8465 0.5978, 3.2341 0.8465 0.6367, 3.2039 0.8465 0.7523, 3.1374 0.8465 0.7744, 3.1977 0.8465 0.737, 3.1299 0.8465 0.7544, 3.1944 0.8465 0.7208, 3.1252 0.8465 0.7339, 3.1939 0.8465 0.7115, 3.2827 0.8465 0.8003, 3.2919 0.8465 0.8003, 3.6944 0.8465 0.5237, 3.7039 0.8465 0.5389, 3.6456 0.8465 0.5756, 3.7109 0.8465 0.5555, 3.7237 0.8465 0.5593, 3.567 0.8465 0.4838, 3.583 0.8465 0.5516, 3.5743 0.8465 0.5577, 3.6038 0.8465 0.6352, 3.5968 0.8465 0.7068, 3.5961 0.8465 0.6345, 3.5794 0.8465 0.7046, 3.5854 0.8465 0.6312, 3.6027 0.8465 0.4781, 3.6184 0.8465 0.4792, 3.614 0.8465 0.5476, 3.6368 0.8465 0.4832, 3.6541 0.8465 0.4901, 3.5616 0.8465 0.6994, 3.545 0.8465 0.6914, 3.576 0.8465 0.6253, 3.5302 0.8465 0.6809, 3.5683 0.8465 0.6175, 3.563 0.8465 0.6083, 3.6546 0.8465 0.6942, 3.6381 0.8465 0.7012, 3.7723 0.8465 0.7722, 3.835 0.8465 0.8065, 3.7652 0.8465 0.7888, 3.8246 0.8465 0.8274, 3.7556 0.8465 0.8042, 3.8365 0.8465 0.6657, 3.8438 0.8465 0.6881, 3.7762 0.8465 0.7161, 3.8483 0.8465 0.7109, 3.778 0.8465 0.7333, 3.8498 0.8465 0.7343, 3.778 0.8465 0.7365, 3.8497 0.8465 0.7391, 3.7766 0.8465 0.7548, 3.8478 0.8465 0.7612, 3.8429 0.8465 0.7844, 3.357 0.8465 0.562, 3.3604 0.8465 0.5654, 3.3327 0.8465 0.6237, 3.3653 0.8465 0.5726, 3.1233 0.8465 0.7126, 3.1237 0.8465 0.7027, 3.1954 0.8465 0.6951, 3.1265 0.8465 0.6809, 3.1323 0.8465 0.6598, 3.2317 0.8465 0.8604, 3.2127 0.8465 0.8523, 3.2371 0.8465 0.7876, 3.1935 0.8465 0.841, 3.2241 0.8465 0.7781, 3.176 0.8465 0.8272, 3.2128 0.8465 0.7662, 3.1607 0.8465 0.8112, 3.1476 0.8465 0.7934, 3.6949 0.8465 0.6595, 3.6827 0.8465 0.6737, 3.6686 0.8465 0.6856, 3.6208 0.8465 0.7055, 3.6027 0.8465 0.7069, 3.8116 0.8465 0.8466, 3.7962 0.8465 0.8641, 3.7446 0.8465 0.817, 3.7923 0.8465 0.8679, 3.7304 0.8465 0.829, 3.775 0.8465 0.8824, 3.755 0.8465 0.8953, 3.1889 0.8465 0.5835, 3.2074 0.8465 0.5717, 3.2487 0.8465 0.6291, 3.227 0.8465 0.5628, 3.2644 0.8465 0.6243, 3.2476 0.8465 0.5566, 3.2759 0.8465 0.6227, 3.2691 0.8465 0.5532, 3.3272 0.8465 0.6227, 3.3363 0.8465 0.5532, 3.3293 0.8465 0.623, 3.3419 0.8465 0.5541, 3.3495 0.8465 0.5569, 3.3683 0.8465 0.5803, 3.3693 0.8465 0.5885, 3.3691 0.8465 0.5919, 3.7046 0.8465 0.6435, 3.3671 0.8465 0.6007, 3.3629 0.8465 0.6086, 3.3574 0.8465 0.6149, 3.3503 0.8465 0.6198, 3.3514 0.8465 0.9074, 3.2975 0.8465 0.9517, 3.3374 0.8465 0.8949, 3.2923 0.8465 0.9468, 3.2741 0.8465 0.9272, 3.5534 0.8465 0.9877, 3.5292 0.8465 0.9978, 3.4972 0.8465 0.9361, 3.5043 0.8465 1.0051, 3.4755 0.8465 0.9409, 3.4787 0.8465 1.0095, 3.4546 0.8465 0.9426, 3.4524 0.8465 1.0109, 3.4513 0.8465 0.9426, 3.4445 0.8465 1.0108, 3.4296 0.8465 0.9411, 3.4182 0.8465 1.0083, 3.4087 0.8465 0.9368, 3.3922 0.8465 1.0028, 3.3885 0.8465 0.9297, 3.3669 0.8465 0.9943, 3.3693 0.8465 0.9199, 3.3424 0.8465 0.9828, 3.3192 0.8465 0.9686, 3.3425 0.8465 0.6228, 3.334 0.8465 0.6238
            ]
        }
        coordIndex [
            0,1,2,-1,2,1,3,-1,4,0,5,-1,5,0,2,-1,6,4,7,-1,7,4,5,-1,8,6,9,-1,9,6,7,-1,10,8,11,-1,11,8,9,-1,1,10,3,-1,3,10,11,-1,6,8,4,-1,4,8,10,-1,4,10,0,-1,0,10,1,-1,2,3,5,-1,5,3,11,-1,5,11,7,-1,7,11,9,-1,12,13,14,-1,12,14,15,-1,15,14,16,-1,15,16,17,-1,17,16,18,-1,17,18,19,-1,19,18,20,-1,19,20,21,-1,21,20,22,-1,21,22,23,-1,23,22,24,-1,23,24,25,-1,26,25,27,-1,27,25,24,-1,26,27,28,-1,26,28,29,-1,29,28,30,-1,29,30,31,-1,31,30,32,-1,31,32,33,-1,33,32,34,-1,33,34,35,-1,35,34,36,-1,35,36,37,-1,37,36,38,-1,37,38,39,-1,39,38,40,-1,39,40,41,-1,41,40,42,-1,41,42,43,-1,43,42,44,-1,43,44,45,-1,45,44,46,-1,45,46,47,-1,47,46,48,-1,47,48,49,-1,49,48,50,-1,49,50,51,-1,51,50,52,-1,51,52,53,-1,53,52,54,-1,53,54,55,-1,55,54,56,-1,55,56,57,-1,57,56,58,-1,57,58,59,-1,59,58,60,-1,59,60,61,-1,61,60,62,-1,61,62,63,-1,63,62,64,-1,63,64,65,-1,65,64,66,-1,65,66,67,-1,67,66,68,-1,67,68,69,-1,69,68,70,-1,69,70,71,-1,71,70,72,-1,71,72,73,-1,73,72,74,-1,73,74,75,-1,75,74,76,-1,75,76,77,-1,77,76,78,-1,77,78,79,-1,79,78,80,-1,79,80,81,-1,81,80,82,-1,81,82,83,-1,83,82,84,-1,83,84,85,-1,85,84,86,-1,85,86,87,-1,87,86,88,-1,87,88,89,-1,89,88,90,-1,89,90,91,-1,91,90,92,-1,91,92,93,-1,93,92,94,-1,93,94,95,-1,95,94,96,-1,95,96,97,-1,97,96,98,-1,97,98,99,-1,99,98,100,-1,99,100,101,-1,101,100,102,-1,101,102,103,-1,103,102,104,-1,103,104,105,-1,105,104,106,-1,105,106,107,-1,107,106,108,-1,107,108,109,-1,109,108,110,-1,109,110,111,-1,111,110,112,-1,111,112,113,-1,113,112,114,-1,113,114,115,-1,116,115,117,-1,117,115,114,-1,116,117,118,-1,116,118,119,-1,119,118,120,-1,119,120,121,-1,121,120,122,-1,121,122,123,-1,123,122,124,-1,123,124,125,-1,125,124,126,-1,125,126,127,-1,127,126,128,-1,127,128,129,-1,129,128,130,-1,129,130,131,-1,131,130,132,-1,131,132,133,-1,133,132,134,-1,133,134,135,-1,135,134,136,-1,135,136,137,-1,137,136,138,-1,137,138,139,-1,139,138,140,-1,139,140,141,-1,141,140,142,-1,141,142,143,-1,143,142,144,-1,143,144,145,-1,145,144,146,-1,145,146,147,-1,147,146,148,-1,147,148,149,-1,149,148,150,-1,149,150,151,-1,151,150,152,-1,151,152,153,-1,153,152,154,-1,153,154,155,-1,155,154,156,-1,155,156,157,-1,157,156,158,-1,157,158,159,-1,159,158,160,-1,159,160,161,-1,161,160,162,-1,161,162,163,-1,163,162,164,-1,163,164,165,-1,165,164,166,-1,165,166,167,-1,167,166,168,-1,167,168,169,-1,169,168,170,-1,169,170,171,-1,171,170,172,-1,171,172,173,-1,173,172,174,-1,173,174,175,-1,175,174,176,-1,175,176,177,-1,177,176,178,-1,177,178,179,-1,179,178,180,-1,179,180,181,-1,181,180,182,-1,181,182,183,-1,183,182,184,-1,183,184,185,-1,185,184,186,-1,185,186,187,-1,187,186,188,-1,187,188,189,-1,189,188,190,-1,189,190,191,-1,191,190,192,-1,191,192,193,-1,193,192,194,-1,193,194,195,-1,195,194,196,-1,195,196,197,-1,197,196,13,-1,197,13,12,-1,113,115,116,-1,57,177,179,-1,57,179,55,-1,55,179,181,-1,55,181,53,-1,53,181,183,-1,53,183,51,-1,51,183,185,-1,51,185,49,-1,49,185,187,-1,49,187,47,-1,33,21,31,-1,31,21,23,-1,31,23,29,-1,29,23,25,-1,29,25,26,-1,187,189,47,-1,47,189,191,-1,47,191,45,-1,45,191,193,-1,45,193,43,-1,43,193,195,-1,43,195,41,-1,41,195,197,-1,41,197,39,-1,39,197,12,-1,39,12,37,-1,37,12,15,-1,37,15,35,-1,35,15,17,-1,35,17,33,-1,33,17,19,-1,33,19,21,-1,89,143,87,-1,87,143,145,-1,87,145,85,-1,85,145,147,-1,85,147,83,-1,83,147,149,-1,83,149,81,-1,81,149,151,-1,81,151,79,-1,79,151,153,-1,79,153,77,-1,77,153,155,-1,77,155,75,-1,113,116,111,-1,111,116,119,-1,111,119,109,-1,109,119,121,-1,109,121,107,-1,107,121,123,-1,107,123,105,-1,105,123,125,-1,105,125,103,-1,103,125,127,-1,103,127,101,-1,101,127,129,-1,101,129,99,-1,99,129,131,-1,99,131,97,-1,97,131,133,-1,97,133,95,-1,95,133,135,-1,95,135,93,-1,93,135,137,-1,93,137,91,-1,91,137,139,-1,91,139,89,-1,89,139,141,-1,89,141,143,-1,177,57,175,-1,175,57,59,-1,175,59,173,-1,173,59,61,-1,173,61,171,-1,171,61,63,-1,171,63,169,-1,169,63,65,-1,169,65,167,-1,167,65,165,-1,165,65,67,-1,165,67,163,-1,155,157,75,-1,75,157,159,-1,75,159,73,-1,73,159,161,-1,73,161,71,-1,71,161,163,-1,71,163,69,-1,69,163,67,-1,28,27,24,-1,28,24,30,-1,44,190,46,-1,46,190,188,-1,46,188,48,-1,48,188,186,-1,48,186,50,-1,50,186,184,-1,50,184,52,-1,52,184,182,-1,52,182,54,-1,114,112,117,-1,117,112,110,-1,117,110,118,-1,118,110,108,-1,182,180,54,-1,54,180,178,-1,54,178,56,-1,56,178,176,-1,56,176,58,-1,58,176,174,-1,58,174,60,-1,60,174,172,-1,60,172,62,-1,24,22,30,-1,30,22,20,-1,30,20,32,-1,32,20,18,-1,32,18,34,-1,34,18,16,-1,34,16,36,-1,36,16,14,-1,36,14,38,-1,38,14,13,-1,38,13,40,-1,40,13,196,-1,40,196,42,-1,42,196,194,-1,42,194,44,-1,44,194,192,-1,44,192,190,-1,82,146,84,-1,84,146,144,-1,84,144,86,-1,86,144,142,-1,86,142,88,-1,88,142,140,-1,88,140,90,-1,90,140,138,-1,90,138,92,-1,92,138,136,-1,92,136,94,-1,94,136,134,-1,94,134,96,-1,96,134,132,-1,96,132,98,-1,98,132,130,-1,98,130,100,-1,100,130,128,-1,100,128,102,-1,102,128,126,-1,102,126,104,-1,104,126,124,-1,104,124,106,-1,106,124,122,-1,106,122,108,-1,108,122,120,-1,108,120,118,-1,162,160,72,-1,72,160,158,-1,72,158,74,-1,74,158,156,-1,74,156,76,-1,76,156,154,-1,76,154,78,-1,78,154,152,-1,78,152,80,-1,80,152,150,-1,80,150,82,-1,82,150,148,-1,82,148,146,-1,172,170,62,-1,62,170,168,-1,62,168,64,-1,64,168,166,-1,64,166,66,-1,66,166,164,-1,66,164,68,-1,68,164,162,-1,68,162,70,-1,70,162,72,-1,198,199,200,-1,200,199,201,-1,202,198,203,-1,203,198,200,-1,204,202,205,-1,205,202,203,-1,206,204,207,-1,207,204,205,-1,208,206,209,-1,209,206,207,-1,210,208,211,-1,211,208,209,-1,212,210,213,-1,213,210,211,-1,214,212,215,-1,215,212,213,-1,216,214,217,-1,217,214,215,-1,218,216,219,-1,219,216,217,-1,220,218,221,-1,221,218,219,-1,199,220,201,-1,201,220,221,-1,220,199,198,-1,198,202,220,-1,220,202,204,-1,220,204,218,-1,214,216,212,-1,212,216,218,-1,212,218,210,-1,210,218,204,-1,210,204,208,-1,208,204,206,-1,200,201,203,-1,203,201,221,-1,203,221,205,-1,217,215,219,-1,219,215,213,-1,219,213,211,-1,209,207,211,-1,211,207,205,-1,211,205,219,-1,219,205,221,-1,222,223,224,-1,224,223,225,-1,224,225,226,-1,226,225,227,-1,226,227,228,-1,228,227,229,-1,228,229,230,-1,230,229,231,-1,230,231,232,-1,232,231,233,-1,232,233,234,-1,234,233,235,-1,234,235,236,-1,236,235,237,-1,236,237,238,-1,239,240,241,-1,241,240,242,-1,241,242,243,-1,243,242,244,-1,243,244,245,-1,245,244,246,-1,245,246,247,-1,246,248,247,-1,247,248,249,-1,247,249,250,-1,250,249,251,-1,250,251,252,-1,252,251,253,-1,252,253,254,-1,254,253,255,-1,254,255,256,-1,256,255,257,-1,256,257,258,-1,258,257,259,-1,258,259,260,-1,260,259,261,-1,260,261,262,-1,262,261,263,-1,262,263,264,-1,264,263,265,-1,264,265,266,-1,266,265,267,-1,266,267,268,-1,268,267,269,-1,268,269,270,-1,270,269,271,-1,270,271,272,-1,272,271,273,-1,272,273,274,-1,274,273,275,-1,274,275,276,-1,276,275,277,-1,276,277,278,-1,278,277,279,-1,278,279,280,-1,280,279,281,-1,280,281,222,-1,222,281,282,-1,222,282,223,-1,237,283,238,-1,238,283,284,-1,238,284,285,-1,285,284,286,-1,285,286,287,-1,287,286,288,-1,287,288,289,-1,289,288,290,-1,289,290,291,-1,291,290,292,-1,291,292,293,-1,293,292,294,-1,293,294,239,-1,239,294,295,-1,239,295,240,-1,296,297,298,-1,298,297,299,-1,298,299,300,-1,300,299,301,-1,300,301,302,-1,302,301,303,-1,302,303,304,-1,304,303,305,-1,304,305,306,-1,306,305,307,-1,306,307,308,-1,309,310,311,-1,311,310,312,-1,311,312,313,-1,313,312,314,-1,313,314,315,-1,315,314,316,-1,315,316,317,-1,317,316,318,-1,317,318,319,-1,319,318,320,-1,319,320,321,-1,321,320,322,-1,321,322,323,-1,323,322,324,-1,323,324,325,-1,325,324,326,-1,325,326,327,-1,327,326,328,-1,327,328,329,-1,329,328,330,-1,329,330,331,-1,331,330,332,-1,331,332,333,-1,333,332,334,-1,333,334,335,-1,335,334,336,-1,335,336,337,-1,337,336,338,-1,337,338,296,-1,296,338,339,-1,296,339,297,-1,340,341,342,-1,342,341,343,-1,342,343,344,-1,344,343,345,-1,344,345,346,-1,346,345,347,-1,346,347,348,-1,348,347,349,-1,348,349,350,-1,350,349,351,-1,350,351,352,-1,352,351,353,-1,352,353,354,-1,354,353,355,-1,354,355,309,-1,309,355,356,-1,309,356,310,-1,307,357,308,-1,308,357,358,-1,308,358,359,-1,359,358,360,-1,359,360,361,-1,361,360,362,-1,361,362,363,-1,363,362,364,-1,363,364,365,-1,365,364,366,-1,365,366,367,-1,367,366,368,-1,367,368,340,-1,340,368,369,-1,340,369,341,-1,275,273,320,-1,320,273,322,-1,275,320,318,-1,275,318,277,-1,277,318,316,-1,277,316,279,-1,279,316,314,-1,279,314,281,-1,281,314,312,-1,281,312,282,-1,282,312,310,-1,282,310,223,-1,223,310,356,-1,223,356,225,-1,225,356,355,-1,225,355,227,-1,227,355,353,-1,227,353,229,-1,229,353,351,-1,229,351,231,-1,231,351,349,-1,231,349,233,-1,233,349,347,-1,233,347,235,-1,235,347,345,-1,235,345,237,-1,237,345,343,-1,237,343,283,-1,283,343,341,-1,283,341,284,-1,284,341,369,-1,284,369,286,-1,286,369,368,-1,286,368,288,-1,288,368,366,-1,288,366,290,-1,290,366,364,-1,290,364,292,-1,292,364,362,-1,292,362,294,-1,294,362,360,-1,294,360,295,-1,295,360,358,-1,295,358,240,-1,240,358,357,-1,240,357,242,-1,242,357,307,-1,242,307,244,-1,244,307,305,-1,244,305,246,-1,246,305,303,-1,246,303,248,-1,248,303,301,-1,248,301,249,-1,249,301,299,-1,249,299,251,-1,251,299,297,-1,251,297,253,-1,253,297,339,-1,253,339,255,-1,255,339,338,-1,255,338,257,-1,257,338,336,-1,257,336,259,-1,259,336,334,-1,259,334,261,-1,261,334,332,-1,261,332,263,-1,263,332,330,-1,263,330,265,-1,265,330,328,-1,265,328,267,-1,267,328,326,-1,267,326,269,-1,271,269,324,-1,324,269,326,-1,273,271,322,-1,322,271,324,-1,268,270,325,-1,325,270,323,-1,270,272,323,-1,323,272,321,-1,272,274,321,-1,321,274,319,-1,230,350,352,-1,230,352,228,-1,228,352,354,-1,228,354,226,-1,226,354,309,-1,226,309,224,-1,224,309,311,-1,224,311,222,-1,222,311,313,-1,222,313,280,-1,280,313,315,-1,280,315,278,-1,278,315,317,-1,278,317,276,-1,276,317,319,-1,276,319,274,-1,291,363,365,-1,291,365,289,-1,289,365,367,-1,289,367,287,-1,287,367,340,-1,287,340,285,-1,285,340,342,-1,285,342,238,-1,238,342,344,-1,238,344,236,-1,236,344,346,-1,236,346,234,-1,234,346,348,-1,234,348,232,-1,232,348,350,-1,232,350,230,-1,252,298,300,-1,252,300,250,-1,250,300,302,-1,250,302,247,-1,247,302,304,-1,247,304,245,-1,245,304,306,-1,245,306,243,-1,243,306,308,-1,243,308,241,-1,241,308,359,-1,241,359,239,-1,239,359,361,-1,239,361,293,-1,293,361,363,-1,293,363,291,-1,268,325,327,-1,268,327,266,-1,266,327,329,-1,266,329,264,-1,264,329,331,-1,264,331,262,-1,262,331,333,-1,262,333,260,-1,260,333,335,-1,260,335,258,-1,258,335,337,-1,258,337,256,-1,256,337,296,-1,256,296,254,-1,254,296,298,-1,254,298,252,-1,370,371,372,-1,373,374,375,-1,371,376,372,-1,372,376,377,-1,372,377,378,-1,378,377,379,-1,378,379,380,-1,380,381,378,-1,378,381,382,-1,378,382,383,-1,384,383,385,-1,385,383,382,-1,385,382,375,-1,375,382,370,-1,375,370,373,-1,373,370,372,-1,386,387,388,-1,388,387,389,-1,390,391,389,-1,389,391,392,-1,389,392,388,-1,388,392,393,-1,390,394,391,-1,391,394,395,-1,391,395,396,-1,396,395,397,-1,396,397,398,-1,398,399,396,-1,396,399,387,-1,396,387,400,-1,400,387,386,-1,400,386,401,-1,378,383,391,-1,391,383,392,-1,372,378,396,-1,396,378,391,-1,373,372,400,-1,400,372,396,-1,374,373,401,-1,401,373,400,-1,375,374,386,-1,386,374,401,-1,385,375,388,-1,388,375,386,-1,384,385,393,-1,393,385,388,-1,383,384,392,-1,392,384,393,-1,370,382,387,-1,387,382,389,-1,382,381,389,-1,389,381,390,-1,379,395,394,-1,379,394,380,-1,380,394,390,-1,380,390,381,-1,379,377,395,-1,395,377,397,-1,371,399,398,-1,371,398,376,-1,376,398,397,-1,376,397,377,-1,371,370,399,-1,399,370,387,-1,402,403,404,-1,404,403,405,-1,406,402,407,-1,407,402,404,-1,408,406,409,-1,409,406,407,-1,410,408,411,-1,411,408,409,-1,412,410,413,-1,413,410,411,-1,414,412,415,-1,415,412,413,-1,416,414,417,-1,417,414,415,-1,418,416,419,-1,419,416,417,-1,420,418,421,-1,421,418,419,-1,422,420,423,-1,423,420,421,-1,424,422,425,-1,425,422,423,-1,403,424,405,-1,405,424,425,-1,424,403,402,-1,402,406,424,-1,424,406,408,-1,424,408,422,-1,418,420,416,-1,416,420,422,-1,416,422,414,-1,414,422,408,-1,414,408,412,-1,412,408,410,-1,421,419,423,-1,423,419,417,-1,413,411,415,-1,415,411,409,-1,404,405,407,-1,407,405,425,-1,407,425,409,-1,409,425,423,-1,409,423,415,-1,415,423,417,-1,426,427,428,-1,428,427,429,-1,430,431,432,-1,432,431,433,-1,432,433,434,-1,434,433,435,-1,434,435,436,-1,437,438,439,-1,440,441,442,-1,443,444,445,-1,426,428,446,-1,446,428,447,-1,446,447,448,-1,449,450,451,-1,451,450,439,-1,451,439,452,-1,452,439,438,-1,453,454,455,-1,455,454,456,-1,455,456,430,-1,430,456,457,-1,430,457,431,-1,443,458,444,-1,444,458,459,-1,444,459,460,-1,460,459,461,-1,460,461,462,-1,448,463,446,-1,446,463,464,-1,446,464,465,-1,465,464,466,-1,465,466,445,-1,445,466,467,-1,445,467,443,-1,468,469,470,-1,470,469,471,-1,470,471,453,-1,453,471,472,-1,453,472,454,-1,473,474,475,-1,475,474,476,-1,475,476,477,-1,477,476,478,-1,477,478,479,-1,442,480,440,-1,440,480,481,-1,440,481,473,-1,473,481,482,-1,473,482,474,-1,483,484,485,-1,485,484,486,-1,485,486,441,-1,441,486,487,-1,441,487,442,-1,488,489,439,-1,439,489,490,-1,439,490,437,-1,491,488,468,-1,468,488,492,-1,468,492,469,-1,429,489,428,-1,428,489,488,-1,428,488,493,-1,493,488,491,-1,461,494,462,-1,462,494,495,-1,462,495,496,-1,496,495,497,-1,496,497,498,-1,435,499,436,-1,436,499,500,-1,436,500,501,-1,501,500,502,-1,501,502,503,-1,503,502,504,-1,503,504,505,-1,505,504,506,-1,505,506,507,-1,507,506,508,-1,507,508,509,-1,509,508,510,-1,509,510,511,-1,511,510,512,-1,511,512,513,-1,513,512,514,-1,513,514,515,-1,515,514,516,-1,515,516,517,-1,517,516,518,-1,517,518,519,-1,452,520,451,-1,451,520,521,-1,451,521,522,-1,522,521,523,-1,522,523,524,-1,525,526,527,-1,527,526,528,-1,527,528,529,-1,529,528,530,-1,529,530,531,-1,497,532,498,-1,498,532,533,-1,498,533,483,-1,483,533,534,-1,483,534,484,-1,530,535,531,-1,531,535,536,-1,531,536,537,-1,537,536,538,-1,537,538,539,-1,539,538,524,-1,539,524,540,-1,540,524,523,-1,478,541,479,-1,479,541,542,-1,479,542,543,-1,543,542,544,-1,543,544,545,-1,545,544,546,-1,545,546,525,-1,525,546,547,-1,525,547,526,-1,548,549,550,-1,551,552,553,-1,553,552,554,-1,553,554,555,-1,556,557,558,-1,558,557,559,-1,558,559,560,-1,561,562,563,-1,564,565,566,-1,566,565,567,-1,566,567,568,-1,568,567,569,-1,568,569,570,-1,570,569,571,-1,570,571,572,-1,554,573,555,-1,555,573,574,-1,555,574,575,-1,575,574,576,-1,575,576,577,-1,578,579,580,-1,580,579,581,-1,580,581,582,-1,582,581,583,-1,582,583,551,-1,551,583,584,-1,551,584,552,-1,585,561,586,-1,586,561,563,-1,586,563,587,-1,587,563,588,-1,589,590,591,-1,591,590,592,-1,591,592,593,-1,593,592,594,-1,593,594,595,-1,595,594,596,-1,595,596,597,-1,597,596,598,-1,599,600,589,-1,589,600,601,-1,589,601,590,-1,602,603,556,-1,556,603,604,-1,556,604,557,-1,605,606,602,-1,602,606,607,-1,602,607,603,-1,566,608,564,-1,564,608,609,-1,564,609,610,-1,610,609,611,-1,610,611,586,-1,586,611,612,-1,586,612,585,-1,613,614,599,-1,599,614,615,-1,599,615,600,-1,616,617,618,-1,618,617,563,-1,618,563,619,-1,619,563,562,-1,559,620,560,-1,560,620,621,-1,560,621,622,-1,623,624,625,-1,625,624,626,-1,625,626,627,-1,627,626,628,-1,627,628,605,-1,605,628,629,-1,605,629,606,-1,571,630,572,-1,572,630,631,-1,572,631,632,-1,632,631,633,-1,632,633,634,-1,634,633,635,-1,634,635,623,-1,623,635,636,-1,623,636,624,-1,576,637,577,-1,577,637,638,-1,577,638,639,-1,639,638,640,-1,639,640,641,-1,641,640,617,-1,641,617,642,-1,642,617,643,-1,643,617,616,-1,643,616,598,-1,598,616,644,-1,598,644,597,-1,645,646,647,-1,647,646,648,-1,647,648,613,-1,613,648,649,-1,613,649,614,-1,621,650,622,-1,622,650,651,-1,622,651,652,-1,652,651,653,-1,652,653,645,-1,645,653,654,-1,645,654,646,-1,548,550,655,-1,655,550,656,-1,655,656,657,-1,657,656,658,-1,657,658,659,-1,659,658,660,-1,659,660,661,-1,661,660,662,-1,661,662,663,-1,663,662,664,-1,663,664,665,-1,665,664,666,-1,665,666,667,-1,667,666,668,-1,667,668,578,-1,578,668,669,-1,578,669,579,-1,504,668,666,-1,504,666,506,-1,506,666,664,-1,506,664,508,-1,508,664,662,-1,508,662,510,-1,510,662,660,-1,510,660,512,-1,512,660,658,-1,512,658,514,-1,514,658,656,-1,514,656,516,-1,516,656,550,-1,516,550,518,-1,519,518,549,-1,549,518,550,-1,519,549,548,-1,519,548,517,-1,517,548,655,-1,517,655,515,-1,515,655,657,-1,515,657,513,-1,513,657,659,-1,513,659,511,-1,511,659,661,-1,511,661,509,-1,509,661,663,-1,509,663,507,-1,507,663,665,-1,507,665,505,-1,505,665,667,-1,505,667,503,-1,503,667,578,-1,503,578,501,-1,501,578,580,-1,501,580,436,-1,436,580,582,-1,436,582,434,-1,434,582,551,-1,434,551,432,-1,432,551,553,-1,432,553,430,-1,430,553,555,-1,430,555,455,-1,455,555,575,-1,455,575,453,-1,453,575,577,-1,453,577,470,-1,470,577,639,-1,470,639,468,-1,468,639,641,-1,468,641,491,-1,491,641,642,-1,491,642,493,-1,493,642,643,-1,493,643,428,-1,447,428,598,-1,598,428,643,-1,447,598,596,-1,447,596,448,-1,448,596,594,-1,448,594,463,-1,463,594,592,-1,463,592,464,-1,464,592,590,-1,464,590,466,-1,466,590,601,-1,466,601,467,-1,467,601,600,-1,467,600,443,-1,443,600,615,-1,443,615,458,-1,458,615,614,-1,458,614,459,-1,459,614,649,-1,459,649,461,-1,461,649,648,-1,461,648,494,-1,494,648,646,-1,494,646,495,-1,495,646,654,-1,495,654,497,-1,497,654,653,-1,497,653,532,-1,532,653,651,-1,532,651,533,-1,533,651,650,-1,533,650,534,-1,534,650,621,-1,534,621,484,-1,484,621,620,-1,484,620,486,-1,486,620,559,-1,486,559,487,-1,487,559,557,-1,487,557,442,-1,442,557,604,-1,442,604,480,-1,480,604,603,-1,480,603,481,-1,481,603,607,-1,481,607,482,-1,482,607,606,-1,482,606,474,-1,474,606,629,-1,474,629,476,-1,476,629,628,-1,476,628,478,-1,478,628,626,-1,478,626,541,-1,541,626,624,-1,541,624,542,-1,542,624,636,-1,542,636,544,-1,544,636,635,-1,544,635,546,-1,546,635,633,-1,546,633,547,-1,547,633,631,-1,547,631,526,-1,526,631,630,-1,526,630,528,-1,528,630,571,-1,528,571,530,-1,530,571,569,-1,530,569,535,-1,535,569,567,-1,535,567,536,-1,536,567,565,-1,536,565,538,-1,538,565,564,-1,538,564,524,-1,524,564,610,-1,524,610,522,-1,451,522,586,-1,586,522,610,-1,449,451,587,-1,587,451,586,-1,450,449,588,-1,588,449,587,-1,439,450,563,-1,563,450,588,-1,439,563,617,-1,439,617,488,-1,488,617,640,-1,488,640,492,-1,492,640,638,-1,492,638,469,-1,469,638,637,-1,469,637,471,-1,471,637,576,-1,471,576,472,-1,472,576,574,-1,472,574,454,-1,454,574,573,-1,454,573,456,-1,456,573,554,-1,456,554,457,-1,457,554,552,-1,457,552,431,-1,431,552,584,-1,431,584,433,-1,433,584,583,-1,433,583,435,-1,435,583,581,-1,435,581,499,-1,499,581,579,-1,499,579,500,-1,500,579,669,-1,500,669,502,-1,502,669,668,-1,502,668,504,-1,445,589,591,-1,445,591,465,-1,465,591,593,-1,465,593,446,-1,446,593,595,-1,446,595,426,-1,426,595,597,-1,426,597,427,-1,427,597,644,-1,427,644,429,-1,498,652,645,-1,498,645,496,-1,496,645,647,-1,496,647,462,-1,462,647,613,-1,462,613,460,-1,460,613,599,-1,460,599,444,-1,444,599,589,-1,444,589,445,-1,473,602,556,-1,473,556,440,-1,440,556,558,-1,440,558,441,-1,441,558,560,-1,441,560,485,-1,485,560,622,-1,485,622,483,-1,483,622,652,-1,483,652,498,-1,545,634,623,-1,545,623,543,-1,543,623,625,-1,543,625,479,-1,479,625,627,-1,479,627,477,-1,477,627,605,-1,477,605,475,-1,475,605,602,-1,475,602,473,-1,540,609,608,-1,540,608,539,-1,539,608,566,-1,539,566,537,-1,537,566,568,-1,537,568,531,-1,531,568,570,-1,531,570,529,-1,529,570,572,-1,529,572,527,-1,527,572,632,-1,527,632,525,-1,525,632,634,-1,525,634,545,-1,490,618,619,-1,490,619,437,-1,437,619,562,-1,437,562,438,-1,438,562,561,-1,438,561,452,-1,452,561,585,-1,452,585,520,-1,520,585,612,-1,520,612,521,-1,521,612,611,-1,521,611,523,-1,523,611,609,-1,523,609,540,-1,490,489,618,-1,618,489,616,-1,489,429,616,-1,616,429,644,-1,670,671,672,-1,670,672,673,-1,673,672,674,-1,673,674,675,-1,675,674,676,-1,675,676,677,-1,677,676,678,-1,677,678,679,-1,679,678,680,-1,679,680,681,-1,681,680,682,-1,681,682,683,-1,683,682,684,-1,683,684,685,-1,686,685,687,-1,687,685,684,-1,686,687,688,-1,686,688,689,-1,689,688,690,-1,689,690,691,-1,691,690,692,-1,691,692,693,-1,693,692,694,-1,693,694,695,-1,695,694,696,-1,695,696,697,-1,697,696,698,-1,697,698,699,-1,699,698,700,-1,699,700,701,-1,701,700,702,-1,701,702,703,-1,703,702,704,-1,703,704,705,-1,705,704,706,-1,705,706,707,-1,707,706,708,-1,707,708,709,-1,709,708,710,-1,709,710,711,-1,711,710,712,-1,711,712,713,-1,713,712,714,-1,713,714,715,-1,715,714,716,-1,715,716,717,-1,717,716,718,-1,717,718,719,-1,719,718,720,-1,719,720,721,-1,721,720,722,-1,721,722,723,-1,723,722,724,-1,723,724,725,-1,725,724,726,-1,725,726,727,-1,727,726,728,-1,727,728,729,-1,729,728,730,-1,729,730,731,-1,731,730,732,-1,731,732,733,-1,733,732,734,-1,733,734,735,-1,735,734,736,-1,735,736,737,-1,737,736,738,-1,737,738,739,-1,739,738,740,-1,739,740,741,-1,741,740,742,-1,741,742,743,-1,743,742,744,-1,743,744,745,-1,745,744,746,-1,745,746,747,-1,747,746,748,-1,747,748,749,-1,749,748,750,-1,749,750,751,-1,751,750,752,-1,751,752,753,-1,753,752,754,-1,753,754,755,-1,755,754,756,-1,755,756,757,-1,757,756,758,-1,757,758,759,-1,759,758,760,-1,759,760,761,-1,761,760,762,-1,761,762,763,-1,763,762,764,-1,763,764,765,-1,765,764,766,-1,765,766,767,-1,767,766,768,-1,767,768,769,-1,769,768,770,-1,769,770,771,-1,771,770,772,-1,771,772,773,-1,773,772,774,-1,773,774,775,-1,775,774,776,-1,775,776,777,-1,777,776,778,-1,777,778,779,-1,779,778,780,-1,779,780,781,-1,781,780,782,-1,781,782,783,-1,783,782,784,-1,783,784,785,-1,785,784,786,-1,785,786,787,-1,787,786,788,-1,787,788,789,-1,789,788,790,-1,789,790,791,-1,791,790,792,-1,791,792,793,-1,793,792,794,-1,793,794,795,-1,795,794,796,-1,795,796,797,-1,797,796,798,-1,797,798,799,-1,799,798,800,-1,799,800,801,-1,801,800,802,-1,801,802,803,-1,803,802,804,-1,803,804,805,-1,806,805,807,-1,807,805,804,-1,806,807,808,-1,806,808,809,-1,809,808,810,-1,809,810,811,-1,811,810,812,-1,811,812,813,-1,813,812,814,-1,813,814,815,-1,815,814,816,-1,815,816,817,-1,817,816,818,-1,817,818,819,-1,819,818,820,-1,819,820,821,-1,821,820,822,-1,821,822,823,-1,823,822,824,-1,823,824,825,-1,825,824,826,-1,825,826,827,-1,827,826,828,-1,827,828,829,-1,829,828,830,-1,829,830,831,-1,831,830,832,-1,831,832,833,-1,833,832,834,-1,833,834,835,-1,835,834,836,-1,835,836,837,-1,837,836,838,-1,837,838,839,-1,839,838,840,-1,839,840,841,-1,841,840,842,-1,841,842,843,-1,843,842,844,-1,843,844,845,-1,845,844,846,-1,845,846,847,-1,847,846,848,-1,847,848,849,-1,849,848,850,-1,849,850,851,-1,851,850,852,-1,851,852,853,-1,853,852,854,-1,853,854,855,-1,855,854,856,-1,855,856,857,-1,857,856,858,-1,857,858,859,-1,859,858,860,-1,859,860,861,-1,861,860,862,-1,861,862,863,-1,863,862,864,-1,863,864,865,-1,865,864,866,-1,865,866,867,-1,867,866,868,-1,867,868,869,-1,869,868,870,-1,869,870,871,-1,871,870,872,-1,871,872,873,-1,873,872,874,-1,873,874,875,-1,875,874,876,-1,875,876,877,-1,877,876,878,-1,877,878,879,-1,879,878,880,-1,879,880,881,-1,881,880,882,-1,881,882,883,-1,883,882,884,-1,883,884,885,-1,885,884,886,-1,885,886,887,-1,887,886,888,-1,887,888,889,-1,889,888,890,-1,889,890,891,-1,891,890,892,-1,891,892,893,-1,893,892,894,-1,893,894,895,-1,895,894,896,-1,895,896,897,-1,897,896,898,-1,897,898,899,-1,899,898,900,-1,899,900,901,-1,901,900,902,-1,901,902,903,-1,903,902,904,-1,903,904,905,-1,905,904,906,-1,905,906,907,-1,907,906,671,-1,907,671,670,-1,683,685,686,-1,803,805,806,-1,713,715,897,-1,897,715,895,-1,777,837,775,-1,775,837,839,-1,775,839,773,-1,715,717,895,-1,895,717,719,-1,895,719,893,-1,779,833,777,-1,777,833,835,-1,777,835,837,-1,713,897,711,-1,711,897,899,-1,711,899,709,-1,709,899,901,-1,709,901,707,-1,707,901,903,-1,707,903,705,-1,855,765,853,-1,853,765,767,-1,737,883,735,-1,735,883,885,-1,839,841,773,-1,773,841,843,-1,773,843,771,-1,843,845,771,-1,771,845,847,-1,771,847,769,-1,769,847,849,-1,769,849,767,-1,767,849,851,-1,767,851,853,-1,855,857,765,-1,765,857,859,-1,765,859,763,-1,763,859,861,-1,763,861,761,-1,761,861,863,-1,761,863,759,-1,759,863,865,-1,759,865,757,-1,889,729,887,-1,887,729,731,-1,887,731,885,-1,885,731,733,-1,885,733,735,-1,719,721,893,-1,893,721,723,-1,893,723,891,-1,891,723,725,-1,891,725,889,-1,889,725,727,-1,889,727,729,-1,737,739,883,-1,883,739,741,-1,883,741,881,-1,881,741,743,-1,881,743,879,-1,879,743,745,-1,879,745,877,-1,877,745,747,-1,877,747,875,-1,705,903,703,-1,703,903,905,-1,703,905,701,-1,701,905,907,-1,701,907,699,-1,699,907,670,-1,699,670,697,-1,697,670,673,-1,697,673,695,-1,695,673,675,-1,695,675,693,-1,693,675,677,-1,693,677,691,-1,691,677,679,-1,691,679,689,-1,689,679,686,-1,686,679,681,-1,686,681,683,-1,747,749,875,-1,875,749,751,-1,875,751,873,-1,873,751,753,-1,873,753,871,-1,871,753,755,-1,871,755,869,-1,869,755,757,-1,869,757,867,-1,867,757,865,-1,803,806,801,-1,801,806,809,-1,801,809,799,-1,799,809,811,-1,799,811,797,-1,797,811,813,-1,797,813,795,-1,795,813,815,-1,795,815,793,-1,793,815,817,-1,793,817,791,-1,791,817,819,-1,791,819,789,-1,789,819,821,-1,789,821,787,-1,787,821,823,-1,787,823,785,-1,785,823,825,-1,785,825,783,-1,783,825,827,-1,783,827,781,-1,781,827,829,-1,781,829,779,-1,779,829,831,-1,779,831,833,-1,894,714,896,-1,896,714,712,-1,896,712,898,-1,898,712,710,-1,898,710,900,-1,776,774,836,-1,856,764,858,-1,858,764,762,-1,892,718,894,-1,894,718,716,-1,894,716,714,-1,886,884,732,-1,732,884,734,-1,734,884,882,-1,734,882,736,-1,856,854,764,-1,764,854,852,-1,764,852,766,-1,766,852,850,-1,766,850,768,-1,880,740,882,-1,882,740,738,-1,882,738,736,-1,770,842,772,-1,772,842,840,-1,772,840,774,-1,774,840,838,-1,774,838,836,-1,890,722,892,-1,892,722,720,-1,892,720,718,-1,850,848,768,-1,768,848,846,-1,768,846,770,-1,770,846,844,-1,770,844,842,-1,710,708,900,-1,900,708,706,-1,900,706,902,-1,902,706,704,-1,902,704,904,-1,904,704,702,-1,904,702,906,-1,906,702,700,-1,906,700,671,-1,671,700,698,-1,671,698,672,-1,672,698,696,-1,672,696,674,-1,674,696,694,-1,674,694,676,-1,732,730,886,-1,886,730,728,-1,886,728,888,-1,888,728,726,-1,888,726,890,-1,890,726,724,-1,890,724,722,-1,694,692,676,-1,676,692,690,-1,676,690,678,-1,678,690,688,-1,678,688,680,-1,680,688,687,-1,680,687,682,-1,682,687,684,-1,872,870,754,-1,754,870,868,-1,754,868,756,-1,756,868,866,-1,756,866,758,-1,758,866,864,-1,758,864,760,-1,760,864,862,-1,760,862,762,-1,762,862,860,-1,762,860,858,-1,836,834,776,-1,776,834,832,-1,776,832,778,-1,778,832,830,-1,778,830,780,-1,780,830,828,-1,780,828,782,-1,782,828,826,-1,782,826,784,-1,784,826,824,-1,784,824,786,-1,786,824,822,-1,786,822,788,-1,788,822,820,-1,788,820,790,-1,790,820,818,-1,790,818,792,-1,792,818,816,-1,792,816,794,-1,794,816,814,-1,794,814,796,-1,796,814,812,-1,796,812,798,-1,798,812,810,-1,798,810,800,-1,800,810,808,-1,800,808,802,-1,802,808,807,-1,802,807,804,-1,754,752,872,-1,872,752,750,-1,872,750,874,-1,874,750,748,-1,874,748,876,-1,876,748,746,-1,876,746,878,-1,878,746,744,-1,878,744,880,-1,880,744,742,-1,880,742,740,-1,908,909,910,-1,910,909,911,-1,912,908,913,-1,913,908,910,-1,912,913,914,-1,912,914,915,-1,915,914,916,-1,915,916,917,-1,918,917,919,-1,919,917,916,-1,920,918,921,-1,921,918,919,-1,922,920,923,-1,923,920,921,-1,924,922,925,-1,925,922,923,-1,926,924,927,-1,927,924,925,-1,928,926,929,-1,929,926,927,-1,928,929,930,-1,928,930,931,-1,931,930,932,-1,931,932,933,-1,933,932,934,-1,933,934,935,-1,935,934,936,-1,935,936,937,-1,937,936,938,-1,937,938,939,-1,939,938,940,-1,939,940,941,-1,941,940,942,-1,941,942,943,-1,943,942,944,-1,943,944,945,-1,945,944,946,-1,945,946,947,-1,947,946,948,-1,947,948,949,-1,950,949,951,-1,951,949,948,-1,950,951,952,-1,950,952,953,-1,953,952,954,-1,953,954,955,-1,955,954,956,-1,955,956,957,-1,957,956,958,-1,957,958,959,-1,959,958,960,-1,959,960,961,-1,961,960,962,-1,961,962,963,-1,963,962,964,-1,963,964,965,-1,965,964,966,-1,965,966,967,-1,967,966,968,-1,967,968,969,-1,969,968,970,-1,969,970,971,-1,971,970,972,-1,971,972,973,-1,973,972,974,-1,973,974,975,-1,975,974,976,-1,975,976,977,-1,977,976,978,-1,977,978,979,-1,909,979,911,-1,911,979,978,-1,915,917,979,-1,909,908,979,-1,979,908,912,-1,979,912,915,-1,922,924,920,-1,920,924,926,-1,920,926,918,-1,933,935,967,-1,967,935,965,-1,965,935,937,-1,965,937,963,-1,963,937,939,-1,963,939,961,-1,961,939,959,-1,959,939,941,-1,959,941,957,-1,957,941,943,-1,957,943,955,-1,967,969,933,-1,933,969,971,-1,933,971,931,-1,931,971,973,-1,931,973,928,-1,955,943,953,-1,953,943,945,-1,953,945,950,-1,950,945,947,-1,950,947,949,-1,973,975,928,-1,928,975,977,-1,928,977,926,-1,926,977,979,-1,926,979,918,-1,918,979,917,-1,940,938,960,-1,927,925,923,-1,910,911,913,-1,913,911,978,-1,960,938,962,-1,962,938,936,-1,962,936,964,-1,960,958,940,-1,940,958,956,-1,940,956,942,-1,942,956,954,-1,942,954,944,-1,944,954,952,-1,944,952,946,-1,946,952,951,-1,946,951,948,-1,964,936,966,-1,966,936,934,-1,966,934,968,-1,968,934,932,-1,968,932,970,-1,970,932,930,-1,970,930,972,-1,972,930,974,-1,974,930,929,-1,974,929,976,-1,919,916,978,-1,978,916,914,-1,978,914,913,-1,923,921,927,-1,927,921,919,-1,927,919,929,-1,929,919,978,-1,929,978,976,-1,980,981,982,-1,982,981,983,-1,984,980,985,-1,985,980,982,-1,986,984,987,-1,987,984,985,-1,988,986,989,-1,989,986,987,-1,990,988,991,-1,991,988,989,-1,992,990,993,-1,993,990,991,-1,994,992,995,-1,995,992,993,-1,996,994,997,-1,997,994,995,-1,998,996,999,-1,999,996,997,-1,1000,998,1001,-1,1001,998,999,-1,1002,1000,1003,-1,1003,1000,1001,-1,981,1002,983,-1,983,1002,1003,-1,1002,981,980,-1,980,984,1002,-1,1002,984,986,-1,1002,986,1000,-1,996,998,994,-1,994,998,1000,-1,994,1000,992,-1,992,1000,986,-1,992,986,990,-1,990,986,988,-1,999,997,1001,-1,1001,997,995,-1,991,989,993,-1,993,989,987,-1,982,983,985,-1,985,983,1003,-1,985,1003,987,-1,987,1003,1001,-1,987,1001,993,-1,993,1001,995,-1,1004,1005,1006,-1,1006,1005,1007,-1,1006,1007,1008,-1,1008,1007,1009,-1,1008,1009,1010,-1,1010,1009,1011,-1,1010,1011,1012,-1,1012,1011,1013,-1,1012,1013,1014,-1,1014,1013,1015,-1,1014,1015,1016,-1,1016,1015,1017,-1,1016,1017,1018,-1,1018,1017,1019,-1,1018,1019,1020,-1,1021,1022,1023,-1,1023,1022,1024,-1,1023,1024,1025,-1,1025,1024,1026,-1,1025,1026,1027,-1,1027,1026,1028,-1,1027,1028,1029,-1,1028,1030,1029,-1,1029,1030,1031,-1,1029,1031,1032,-1,1032,1031,1033,-1,1032,1033,1034,-1,1034,1033,1035,-1,1034,1035,1036,-1,1036,1035,1037,-1,1036,1037,1038,-1,1038,1037,1039,-1,1038,1039,1040,-1,1040,1039,1041,-1,1040,1041,1042,-1,1042,1041,1043,-1,1042,1043,1044,-1,1044,1043,1045,-1,1044,1045,1046,-1,1046,1045,1047,-1,1046,1047,1048,-1,1048,1047,1049,-1,1048,1049,1050,-1,1050,1049,1051,-1,1050,1051,1052,-1,1052,1051,1053,-1,1052,1053,1054,-1,1054,1053,1055,-1,1054,1055,1056,-1,1056,1055,1057,-1,1056,1057,1058,-1,1058,1057,1059,-1,1058,1059,1060,-1,1060,1059,1061,-1,1060,1061,1062,-1,1062,1061,1063,-1,1062,1063,1004,-1,1004,1063,1064,-1,1004,1064,1005,-1,1019,1065,1020,-1,1020,1065,1066,-1,1020,1066,1067,-1,1067,1066,1068,-1,1067,1068,1069,-1,1069,1068,1070,-1,1069,1070,1071,-1,1071,1070,1072,-1,1071,1072,1073,-1,1073,1072,1074,-1,1073,1074,1075,-1,1075,1074,1076,-1,1075,1076,1021,-1,1021,1076,1077,-1,1021,1077,1022,-1,1078,1079,1080,-1,1080,1079,1081,-1,1080,1081,1082,-1,1082,1081,1083,-1,1082,1083,1084,-1,1084,1083,1085,-1,1084,1085,1086,-1,1086,1085,1087,-1,1086,1087,1088,-1,1088,1087,1089,-1,1088,1089,1090,-1,1091,1092,1093,-1,1093,1092,1094,-1,1093,1094,1095,-1,1095,1094,1096,-1,1095,1096,1097,-1,1097,1096,1098,-1,1097,1098,1099,-1,1099,1098,1100,-1,1099,1100,1101,-1,1101,1100,1102,-1,1101,1102,1103,-1,1103,1102,1104,-1,1103,1104,1105,-1,1105,1104,1106,-1,1105,1106,1107,-1,1107,1106,1108,-1,1107,1108,1109,-1,1109,1108,1110,-1,1109,1110,1111,-1,1111,1110,1112,-1,1111,1112,1113,-1,1113,1112,1114,-1,1113,1114,1115,-1,1115,1114,1116,-1,1115,1116,1117,-1,1117,1116,1118,-1,1117,1118,1119,-1,1119,1118,1120,-1,1119,1120,1078,-1,1078,1120,1121,-1,1078,1121,1079,-1,1122,1123,1124,-1,1124,1123,1125,-1,1124,1125,1126,-1,1126,1125,1127,-1,1126,1127,1128,-1,1128,1127,1129,-1,1128,1129,1130,-1,1130,1129,1131,-1,1130,1131,1132,-1,1132,1131,1133,-1,1132,1133,1134,-1,1134,1133,1135,-1,1134,1135,1136,-1,1136,1135,1137,-1,1136,1137,1091,-1,1091,1137,1138,-1,1091,1138,1092,-1,1089,1139,1090,-1,1090,1139,1140,-1,1090,1140,1141,-1,1141,1140,1142,-1,1141,1142,1143,-1,1143,1142,1144,-1,1143,1144,1145,-1,1145,1144,1146,-1,1145,1146,1147,-1,1147,1146,1148,-1,1147,1148,1149,-1,1149,1148,1150,-1,1149,1150,1122,-1,1122,1150,1151,-1,1122,1151,1123,-1,1057,1055,1102,-1,1102,1055,1104,-1,1057,1102,1100,-1,1057,1100,1059,-1,1059,1100,1098,-1,1059,1098,1061,-1,1061,1098,1096,-1,1061,1096,1063,-1,1063,1096,1094,-1,1063,1094,1064,-1,1064,1094,1092,-1,1064,1092,1005,-1,1005,1092,1138,-1,1005,1138,1007,-1,1007,1138,1137,-1,1007,1137,1009,-1,1009,1137,1135,-1,1009,1135,1011,-1,1011,1135,1133,-1,1011,1133,1013,-1,1013,1133,1131,-1,1013,1131,1015,-1,1015,1131,1129,-1,1015,1129,1017,-1,1017,1129,1127,-1,1017,1127,1019,-1,1019,1127,1125,-1,1019,1125,1065,-1,1065,1125,1123,-1,1065,1123,1066,-1,1066,1123,1151,-1,1066,1151,1068,-1,1068,1151,1150,-1,1068,1150,1070,-1,1070,1150,1148,-1,1070,1148,1072,-1,1072,1148,1146,-1,1072,1146,1074,-1,1074,1146,1144,-1,1074,1144,1076,-1,1076,1144,1142,-1,1076,1142,1077,-1,1077,1142,1140,-1,1077,1140,1022,-1,1022,1140,1139,-1,1022,1139,1024,-1,1024,1139,1089,-1,1024,1089,1026,-1,1026,1089,1087,-1,1026,1087,1028,-1,1028,1087,1085,-1,1028,1085,1030,-1,1030,1085,1083,-1,1030,1083,1031,-1,1031,1083,1081,-1,1031,1081,1033,-1,1033,1081,1079,-1,1033,1079,1035,-1,1035,1079,1121,-1,1035,1121,1037,-1,1037,1121,1120,-1,1037,1120,1039,-1,1039,1120,1118,-1,1039,1118,1041,-1,1041,1118,1116,-1,1041,1116,1043,-1,1043,1116,1114,-1,1043,1114,1045,-1,1045,1114,1112,-1,1045,1112,1047,-1,1047,1112,1110,-1,1047,1110,1049,-1,1049,1110,1108,-1,1049,1108,1051,-1,1053,1051,1106,-1,1106,1051,1108,-1,1055,1053,1104,-1,1104,1053,1106,-1,1050,1052,1107,-1,1107,1052,1105,-1,1052,1054,1105,-1,1105,1054,1103,-1,1054,1056,1103,-1,1103,1056,1101,-1,1012,1132,1134,-1,1012,1134,1010,-1,1010,1134,1136,-1,1010,1136,1008,-1,1008,1136,1091,-1,1008,1091,1006,-1,1006,1091,1093,-1,1006,1093,1004,-1,1004,1093,1095,-1,1004,1095,1062,-1,1062,1095,1097,-1,1062,1097,1060,-1,1060,1097,1099,-1,1060,1099,1058,-1,1058,1099,1101,-1,1058,1101,1056,-1,1073,1145,1147,-1,1073,1147,1071,-1,1071,1147,1149,-1,1071,1149,1069,-1,1069,1149,1122,-1,1069,1122,1067,-1,1067,1122,1124,-1,1067,1124,1020,-1,1020,1124,1126,-1,1020,1126,1018,-1,1018,1126,1128,-1,1018,1128,1016,-1,1016,1128,1130,-1,1016,1130,1014,-1,1014,1130,1132,-1,1014,1132,1012,-1,1034,1080,1082,-1,1034,1082,1032,-1,1032,1082,1084,-1,1032,1084,1029,-1,1029,1084,1086,-1,1029,1086,1027,-1,1027,1086,1088,-1,1027,1088,1025,-1,1025,1088,1090,-1,1025,1090,1023,-1,1023,1090,1141,-1,1023,1141,1021,-1,1021,1141,1143,-1,1021,1143,1075,-1,1075,1143,1145,-1,1075,1145,1073,-1,1050,1107,1109,-1,1050,1109,1048,-1,1048,1109,1111,-1,1048,1111,1046,-1,1046,1111,1113,-1,1046,1113,1044,-1,1044,1113,1115,-1,1044,1115,1042,-1,1042,1115,1117,-1,1042,1117,1040,-1,1040,1117,1119,-1,1040,1119,1038,-1,1038,1119,1078,-1,1038,1078,1036,-1,1036,1078,1080,-1,1036,1080,1034,-1,1152,1153,1154,-1,1155,1156,1157,-1,1153,1158,1154,-1,1154,1158,1159,-1,1154,1159,1160,-1,1160,1159,1161,-1,1160,1161,1162,-1,1162,1163,1160,-1,1160,1163,1164,-1,1160,1164,1165,-1,1166,1165,1167,-1,1167,1165,1164,-1,1167,1164,1157,-1,1157,1164,1152,-1,1157,1152,1155,-1,1155,1152,1154,-1,1168,1169,1170,-1,1170,1169,1171,-1,1172,1173,1171,-1,1171,1173,1174,-1,1171,1174,1170,-1,1170,1174,1175,-1,1172,1176,1173,-1,1173,1176,1177,-1,1173,1177,1178,-1,1178,1177,1179,-1,1178,1179,1180,-1,1180,1181,1178,-1,1178,1181,1169,-1,1178,1169,1182,-1,1182,1169,1168,-1,1182,1168,1183,-1,1160,1165,1173,-1,1173,1165,1174,-1,1154,1160,1178,-1,1178,1160,1173,-1,1155,1154,1182,-1,1182,1154,1178,-1,1156,1155,1183,-1,1183,1155,1182,-1,1157,1156,1168,-1,1168,1156,1183,-1,1167,1157,1170,-1,1170,1157,1168,-1,1166,1167,1175,-1,1175,1167,1170,-1,1165,1166,1174,-1,1174,1166,1175,-1,1152,1164,1169,-1,1169,1164,1171,-1,1164,1163,1171,-1,1171,1163,1172,-1,1161,1177,1176,-1,1161,1176,1162,-1,1162,1176,1172,-1,1162,1172,1163,-1,1161,1159,1177,-1,1177,1159,1179,-1,1153,1181,1180,-1,1153,1180,1158,-1,1158,1180,1179,-1,1158,1179,1159,-1,1153,1152,1181,-1,1181,1152,1169,-1,1184,1185,1186,-1,1187,1188,1189,-1,1190,1191,1192,-1,1193,1194,1195,-1,1195,1194,1196,-1,1197,1198,1199,-1,1200,1201,1202,-1,1202,1201,1203,-1,1202,1203,1204,-1,1205,1206,1207,-1,1207,1206,1186,-1,1207,1186,1208,-1,1209,1210,1211,-1,1212,1213,1186,-1,1186,1213,1214,-1,1186,1214,1184,-1,1215,1216,1193,-1,1193,1216,1217,-1,1193,1217,1194,-1,1218,1219,1220,-1,1220,1219,1190,-1,1221,1222,1223,-1,1224,1225,1226,-1,1190,1192,1220,-1,1220,1192,1227,-1,1220,1227,1193,-1,1193,1227,1228,-1,1193,1228,1215,-1,1229,1230,1196,-1,1196,1230,1231,-1,1196,1231,1195,-1,1232,1185,1233,-1,1233,1185,1234,-1,1233,1234,1235,-1,1236,1237,1238,-1,1238,1237,1239,-1,1238,1239,1205,-1,1205,1239,1240,-1,1205,1240,1206,-1,1223,1241,1221,-1,1221,1241,1242,-1,1221,1242,1236,-1,1236,1242,1243,-1,1236,1243,1237,-1,1211,1210,1244,-1,1244,1210,1245,-1,1244,1245,1246,-1,1246,1245,1247,-1,1246,1247,1248,-1,1199,1198,1249,-1,1249,1198,1250,-1,1249,1250,1251,-1,1252,1253,1186,-1,1186,1253,1254,-1,1186,1254,1212,-1,1224,1226,1255,-1,1255,1226,1256,-1,1255,1256,1257,-1,1257,1256,1258,-1,1257,1258,1259,-1,1191,1190,1221,-1,1221,1190,1260,-1,1221,1260,1261,-1,1261,1262,1221,-1,1221,1262,1263,-1,1221,1263,1222,-1,1264,1265,1266,-1,1266,1265,1267,-1,1266,1267,1268,-1,1268,1267,1269,-1,1268,1269,1270,-1,1270,1269,1271,-1,1270,1271,1272,-1,1273,1274,1275,-1,1275,1274,1276,-1,1275,1276,1252,-1,1252,1276,1277,-1,1252,1277,1253,-1,1225,1224,1278,-1,1278,1224,1279,-1,1278,1279,1280,-1,1280,1279,1281,-1,1280,1281,1282,-1,1282,1281,1283,-1,1282,1283,1189,-1,1189,1283,1284,-1,1189,1284,1187,-1,1232,1285,1185,-1,1185,1285,1286,-1,1185,1286,1186,-1,1186,1286,1287,-1,1186,1287,1208,-1,1211,1288,1209,-1,1209,1288,1289,-1,1209,1289,1290,-1,1290,1289,1291,-1,1290,1291,1292,-1,1292,1291,1293,-1,1292,1293,1294,-1,1294,1293,1295,-1,1294,1295,1296,-1,1199,1297,1197,-1,1197,1297,1298,-1,1197,1298,1299,-1,1299,1298,1300,-1,1299,1300,1301,-1,1301,1300,1302,-1,1301,1302,1303,-1,1303,1302,1189,-1,1303,1189,1304,-1,1304,1189,1188,-1,1202,1305,1200,-1,1200,1305,1306,-1,1200,1306,1307,-1,1307,1306,1308,-1,1307,1308,1309,-1,1310,1311,1312,-1,1312,1311,1313,-1,1312,1313,1314,-1,1314,1313,1315,-1,1314,1315,1273,-1,1273,1315,1316,-1,1273,1316,1274,-1,1317,1318,1319,-1,1319,1318,1320,-1,1319,1320,1229,-1,1229,1320,1321,-1,1229,1321,1230,-1,1234,1322,1235,-1,1235,1322,1323,-1,1235,1323,1324,-1,1324,1323,1325,-1,1324,1325,1326,-1,1327,1328,1329,-1,1329,1328,1330,-1,1329,1330,1331,-1,1331,1330,1332,-1,1331,1332,1264,-1,1264,1332,1333,-1,1264,1333,1265,-1,1295,1334,1296,-1,1296,1334,1335,-1,1296,1335,1336,-1,1336,1335,1337,-1,1336,1337,1327,-1,1327,1337,1338,-1,1327,1338,1328,-1,1325,1339,1326,-1,1326,1339,1340,-1,1326,1340,1317,-1,1317,1340,1341,-1,1317,1341,1318,-1,1342,1343,1344,-1,1345,1346,1347,-1,1347,1346,1348,-1,1349,1350,1351,-1,1351,1350,1352,-1,1351,1352,1353,-1,1353,1352,1354,-1,1353,1354,1355,-1,1355,1354,1356,-1,1355,1356,1357,-1,1357,1356,1358,-1,1357,1358,1310,-1,1310,1358,1359,-1,1310,1359,1311,-1,1204,1360,1202,-1,1202,1360,1361,-1,1202,1361,1362,-1,1362,1361,1363,-1,1362,1363,1364,-1,1364,1363,1272,-1,1364,1272,1365,-1,1365,1272,1271,-1,1366,1367,1342,-1,1342,1367,1368,-1,1342,1368,1343,-1,1247,1369,1248,-1,1248,1369,1342,-1,1248,1342,1370,-1,1370,1342,1344,-1,1251,1250,1371,-1,1371,1250,1372,-1,1371,1372,1345,-1,1345,1372,1373,-1,1345,1373,1346,-1,1374,1375,1376,-1,1375,1377,1376,-1,1376,1377,1378,-1,1376,1378,1379,-1,1258,1380,1259,-1,1259,1380,1381,-1,1259,1381,1382,-1,1382,1381,1383,-1,1382,1383,1349,-1,1349,1383,1384,-1,1349,1384,1350,-1,1366,1342,1376,-1,1376,1342,1385,-1,1376,1385,1374,-1,1308,1386,1309,-1,1309,1386,1387,-1,1309,1387,1388,-1,1388,1387,1389,-1,1388,1389,1390,-1,1390,1389,1391,-1,1390,1391,1392,-1,1392,1391,1393,-1,1392,1393,1394,-1,1394,1393,1395,-1,1394,1395,1348,-1,1348,1395,1396,-1,1348,1396,1347,-1,1397,1398,1399,-1,1399,1398,1400,-1,1399,1400,1401,-1,1402,1403,1404,-1,1405,1406,1407,-1,1407,1406,1408,-1,1407,1408,1409,-1,1400,1410,1401,-1,1401,1410,1411,-1,1401,1411,1412,-1,1412,1411,1413,-1,1414,1415,1407,-1,1407,1415,1402,-1,1407,1402,1405,-1,1416,1417,1418,-1,1419,1420,1421,-1,1421,1420,1422,-1,1421,1422,1423,-1,1424,1425,1426,-1,1427,1428,1401,-1,1401,1428,1429,-1,1401,1429,1399,-1,1399,1429,1430,-1,1431,1432,1433,-1,1433,1432,1434,-1,1435,1436,1437,-1,1437,1436,1438,-1,1437,1438,1439,-1,1439,1438,1440,-1,1439,1440,1441,-1,1407,1442,1414,-1,1414,1442,1443,-1,1414,1443,1444,-1,1444,1443,1445,-1,1444,1445,1446,-1,1446,1445,1447,-1,1446,1447,1448,-1,1404,1449,1402,-1,1402,1449,1450,-1,1402,1450,1405,-1,1451,1452,1453,-1,1453,1452,1454,-1,1453,1454,1455,-1,1455,1454,1456,-1,1455,1456,1457,-1,1418,1417,1458,-1,1458,1417,1459,-1,1458,1459,1460,-1,1461,1462,1456,-1,1463,1464,1411,-1,1411,1464,1465,-1,1411,1465,1413,-1,1434,1466,1433,-1,1433,1466,1467,-1,1433,1467,1468,-1,1468,1467,1441,-1,1468,1441,1469,-1,1469,1441,1440,-1,1460,1459,1470,-1,1470,1459,1471,-1,1470,1471,1433,-1,1433,1471,1472,-1,1433,1472,1431,-1,1473,1474,1475,-1,1475,1474,1476,-1,1475,1476,1477,-1,1477,1476,1478,-1,1477,1478,1479,-1,1479,1478,1480,-1,1479,1480,1481,-1,1482,1483,1484,-1,1484,1483,1485,-1,1484,1485,1486,-1,1486,1485,1487,-1,1486,1487,1488,-1,1462,1489,1456,-1,1456,1489,1490,-1,1456,1490,1457,-1,1422,1491,1423,-1,1423,1491,1492,-1,1423,1492,1493,-1,1493,1492,1494,-1,1493,1494,1408,-1,1408,1494,1495,-1,1408,1495,1409,-1,1426,1425,1496,-1,1496,1425,1497,-1,1496,1497,1401,-1,1401,1497,1498,-1,1401,1498,1427,-1,1499,1500,1501,-1,1501,1500,1502,-1,1501,1502,1503,-1,1426,1504,1424,-1,1424,1504,1505,-1,1424,1505,1506,-1,1506,1505,1507,-1,1506,1507,1419,-1,1419,1507,1508,-1,1419,1508,1420,-1,1502,1509,1503,-1,1503,1509,1510,-1,1503,1510,1511,-1,1511,1510,1512,-1,1511,1512,1513,-1,1513,1512,1399,-1,1513,1399,1514,-1,1514,1399,1430,-1,1499,1515,1516,-1,1517,1518,1519,-1,1519,1518,1520,-1,1519,1520,1521,-1,1447,1522,1448,-1,1448,1522,1523,-1,1448,1523,1524,-1,1524,1523,1525,-1,1524,1525,1526,-1,1526,1525,1527,-1,1526,1527,1528,-1,1528,1527,1529,-1,1528,1529,1530,-1,1530,1529,1531,-1,1530,1531,1517,-1,1517,1531,1532,-1,1517,1532,1518,-1,1533,1534,1535,-1,1535,1534,1536,-1,1487,1537,1488,-1,1488,1537,1538,-1,1488,1538,1539,-1,1539,1538,1540,-1,1539,1540,1473,-1,1473,1540,1541,-1,1473,1541,1474,-1,1456,1542,1461,-1,1461,1542,1543,-1,1461,1543,1544,-1,1544,1543,1545,-1,1544,1545,1546,-1,1546,1545,1547,-1,1546,1547,1548,-1,1548,1547,1549,-1,1548,1549,1482,-1,1482,1549,1550,-1,1482,1550,1483,-1,1551,1552,1499,-1,1499,1552,1553,-1,1499,1553,1515,-1,1516,1554,1499,-1,1499,1554,1555,-1,1499,1555,1500,-1,1520,1556,1521,-1,1521,1556,1557,-1,1521,1557,1558,-1,1558,1557,1559,-1,1558,1559,1560,-1,1560,1559,1561,-1,1560,1561,1435,-1,1435,1561,1562,-1,1435,1562,1436,-1,1480,1563,1481,-1,1481,1563,1564,-1,1481,1564,1565,-1,1565,1564,1566,-1,1565,1566,1567,-1,1567,1566,1568,-1,1567,1568,1569,-1,1569,1568,1570,-1,1569,1570,1571,-1,1571,1570,1572,-1,1571,1572,1573,-1,1573,1572,1574,-1,1573,1574,1535,-1,1535,1574,1575,-1,1535,1575,1533,-1,1536,1576,1535,-1,1535,1576,1577,-1,1535,1577,1578,-1,1403,1402,1499,-1,1499,1402,1579,-1,1499,1579,1551,-1,1580,1581,1578,-1,1578,1581,1582,-1,1578,1582,1583,-1,1584,1585,1586,-1,1586,1585,1587,-1,1586,1587,1451,-1,1451,1587,1588,-1,1451,1588,1452,-1,1418,1589,1416,-1,1416,1589,1590,-1,1416,1590,1591,-1,1591,1590,1592,-1,1591,1592,1593,-1,1593,1592,1594,-1,1593,1594,1595,-1,1595,1594,1596,-1,1595,1596,1597,-1,1597,1596,1598,-1,1597,1598,1599,-1,1599,1598,1600,-1,1599,1600,1601,-1,1601,1600,1602,-1,1601,1602,1603,-1,1603,1602,1604,-1,1603,1604,1605,-1,1605,1604,1606,-1,1605,1606,1584,-1,1584,1606,1607,-1,1584,1607,1585,-1,1583,1608,1578,-1,1578,1608,1609,-1,1578,1609,1535,-1,1330,1537,1487,-1,1330,1487,1332,-1,1332,1487,1485,-1,1332,1485,1333,-1,1333,1485,1483,-1,1333,1483,1265,-1,1265,1483,1550,-1,1265,1550,1267,-1,1267,1550,1549,-1,1267,1549,1269,-1,1269,1549,1547,-1,1269,1547,1271,-1,1271,1547,1545,-1,1271,1545,1365,-1,1365,1545,1543,-1,1365,1543,1364,-1,1364,1543,1542,-1,1364,1542,1362,-1,1362,1542,1456,-1,1362,1456,1202,-1,1202,1456,1454,-1,1202,1454,1305,-1,1305,1454,1452,-1,1305,1452,1306,-1,1306,1452,1588,-1,1306,1588,1308,-1,1308,1588,1587,-1,1308,1587,1386,-1,1386,1587,1585,-1,1386,1585,1387,-1,1387,1585,1607,-1,1387,1607,1389,-1,1389,1607,1606,-1,1389,1606,1391,-1,1391,1606,1604,-1,1391,1604,1393,-1,1393,1604,1602,-1,1393,1602,1395,-1,1395,1602,1600,-1,1395,1600,1396,-1,1396,1600,1598,-1,1396,1598,1347,-1,1347,1598,1596,-1,1347,1596,1345,-1,1345,1596,1594,-1,1345,1594,1371,-1,1371,1594,1592,-1,1371,1592,1251,-1,1251,1592,1590,-1,1251,1590,1249,-1,1249,1590,1589,-1,1249,1589,1199,-1,1199,1589,1418,-1,1199,1418,1297,-1,1297,1418,1458,-1,1297,1458,1298,-1,1298,1458,1460,-1,1298,1460,1300,-1,1300,1460,1470,-1,1300,1470,1302,-1,1302,1470,1433,-1,1302,1433,1189,-1,1189,1433,1468,-1,1189,1468,1282,-1,1282,1468,1469,-1,1282,1469,1280,-1,1280,1469,1440,-1,1280,1440,1278,-1,1278,1440,1438,-1,1278,1438,1225,-1,1225,1438,1436,-1,1225,1436,1226,-1,1226,1436,1562,-1,1226,1562,1256,-1,1256,1562,1561,-1,1256,1561,1258,-1,1258,1561,1559,-1,1258,1559,1380,-1,1380,1559,1557,-1,1380,1557,1381,-1,1381,1557,1556,-1,1381,1556,1383,-1,1383,1556,1520,-1,1383,1520,1384,-1,1384,1520,1518,-1,1384,1518,1350,-1,1350,1518,1532,-1,1350,1532,1352,-1,1352,1532,1531,-1,1352,1531,1354,-1,1354,1531,1529,-1,1354,1529,1356,-1,1356,1529,1527,-1,1356,1527,1358,-1,1358,1527,1525,-1,1358,1525,1359,-1,1359,1525,1523,-1,1359,1523,1311,-1,1311,1523,1522,-1,1311,1522,1313,-1,1313,1522,1447,-1,1313,1447,1315,-1,1315,1447,1445,-1,1315,1445,1316,-1,1316,1445,1443,-1,1316,1443,1274,-1,1274,1443,1442,-1,1274,1442,1276,-1,1276,1442,1407,-1,1276,1407,1277,-1,1277,1407,1409,-1,1277,1409,1253,-1,1253,1409,1495,-1,1253,1495,1254,-1,1254,1495,1494,-1,1254,1494,1212,-1,1212,1494,1492,-1,1212,1492,1213,-1,1213,1492,1491,-1,1213,1491,1214,-1,1214,1491,1422,-1,1214,1422,1184,-1,1184,1422,1420,-1,1184,1420,1185,-1,1185,1420,1508,-1,1185,1508,1234,-1,1234,1508,1507,-1,1234,1507,1322,-1,1322,1507,1505,-1,1322,1505,1323,-1,1323,1505,1504,-1,1323,1504,1325,-1,1325,1504,1426,-1,1325,1426,1339,-1,1339,1426,1496,-1,1339,1496,1340,-1,1340,1496,1401,-1,1340,1401,1341,-1,1341,1401,1412,-1,1341,1412,1318,-1,1318,1412,1413,-1,1318,1413,1320,-1,1320,1413,1465,-1,1320,1465,1321,-1,1321,1465,1464,-1,1321,1464,1230,-1,1230,1464,1463,-1,1230,1463,1231,-1,1231,1463,1411,-1,1231,1411,1195,-1,1195,1411,1410,-1,1195,1410,1193,-1,1220,1193,1400,-1,1400,1193,1410,-1,1218,1220,1398,-1,1398,1220,1400,-1,1219,1218,1397,-1,1397,1218,1398,-1,1190,1219,1399,-1,1399,1219,1397,-1,1190,1399,1512,-1,1190,1512,1260,-1,1260,1512,1510,-1,1260,1510,1261,-1,1261,1510,1509,-1,1261,1509,1262,-1,1262,1509,1502,-1,1262,1502,1263,-1,1263,1502,1500,-1,1263,1500,1222,-1,1222,1500,1555,-1,1222,1555,1223,-1,1223,1555,1554,-1,1223,1554,1241,-1,1241,1554,1516,-1,1241,1516,1242,-1,1242,1516,1515,-1,1242,1515,1243,-1,1243,1515,1553,-1,1243,1553,1237,-1,1237,1553,1552,-1,1237,1552,1239,-1,1239,1552,1551,-1,1239,1551,1240,-1,1240,1551,1579,-1,1240,1579,1206,-1,1206,1579,1402,-1,1206,1402,1186,-1,1186,1402,1415,-1,1186,1415,1252,-1,1252,1415,1414,-1,1252,1414,1275,-1,1275,1414,1444,-1,1275,1444,1273,-1,1273,1444,1446,-1,1273,1446,1314,-1,1314,1446,1448,-1,1314,1448,1312,-1,1312,1448,1524,-1,1312,1524,1310,-1,1310,1524,1526,-1,1310,1526,1357,-1,1357,1526,1528,-1,1357,1528,1355,-1,1355,1528,1530,-1,1355,1530,1353,-1,1353,1530,1517,-1,1353,1517,1351,-1,1351,1517,1519,-1,1351,1519,1349,-1,1349,1519,1521,-1,1349,1521,1382,-1,1382,1521,1558,-1,1382,1558,1259,-1,1259,1558,1560,-1,1259,1560,1257,-1,1257,1560,1435,-1,1257,1435,1255,-1,1255,1435,1437,-1,1255,1437,1224,-1,1224,1437,1439,-1,1224,1439,1279,-1,1279,1439,1441,-1,1279,1441,1281,-1,1281,1441,1467,-1,1281,1467,1283,-1,1283,1467,1466,-1,1283,1466,1284,-1,1284,1466,1434,-1,1284,1434,1187,-1,1187,1434,1432,-1,1187,1432,1188,-1,1188,1432,1431,-1,1188,1431,1304,-1,1304,1431,1472,-1,1304,1472,1303,-1,1303,1472,1471,-1,1303,1471,1301,-1,1301,1471,1459,-1,1301,1459,1299,-1,1299,1459,1417,-1,1299,1417,1197,-1,1197,1417,1416,-1,1197,1416,1198,-1,1198,1416,1591,-1,1198,1591,1250,-1,1250,1591,1593,-1,1250,1593,1372,-1,1372,1593,1595,-1,1372,1595,1373,-1,1373,1595,1597,-1,1373,1597,1346,-1,1346,1597,1599,-1,1346,1599,1348,-1,1348,1599,1601,-1,1348,1601,1394,-1,1394,1601,1603,-1,1394,1603,1392,-1,1392,1603,1605,-1,1392,1605,1390,-1,1390,1605,1584,-1,1390,1584,1388,-1,1388,1584,1586,-1,1388,1586,1309,-1,1309,1586,1451,-1,1309,1451,1307,-1,1307,1451,1453,-1,1307,1453,1200,-1,1200,1453,1455,-1,1200,1455,1201,-1,1201,1455,1457,-1,1201,1457,1203,-1,1203,1457,1490,-1,1203,1490,1204,-1,1360,1204,1489,-1,1489,1204,1490,-1,1360,1489,1462,-1,1360,1462,1361,-1,1361,1462,1461,-1,1361,1461,1363,-1,1363,1461,1544,-1,1363,1544,1272,-1,1272,1544,1546,-1,1272,1546,1270,-1,1270,1546,1548,-1,1270,1548,1268,-1,1268,1548,1482,-1,1268,1482,1266,-1,1266,1482,1484,-1,1266,1484,1264,-1,1264,1484,1486,-1,1264,1486,1331,-1,1331,1486,1488,-1,1331,1488,1329,-1,1329,1488,1539,-1,1329,1539,1327,-1,1327,1539,1473,-1,1327,1473,1336,-1,1336,1473,1475,-1,1336,1475,1296,-1,1296,1475,1477,-1,1296,1477,1294,-1,1294,1477,1479,-1,1294,1479,1292,-1,1292,1479,1481,-1,1292,1481,1290,-1,1290,1481,1565,-1,1290,1565,1209,-1,1209,1565,1567,-1,1209,1567,1210,-1,1210,1567,1569,-1,1210,1569,1245,-1,1247,1245,1571,-1,1571,1245,1569,-1,1247,1571,1573,-1,1247,1573,1369,-1,1369,1573,1535,-1,1369,1535,1342,-1,1342,1535,1609,-1,1342,1609,1385,-1,1385,1609,1608,-1,1385,1608,1374,-1,1374,1608,1583,-1,1374,1583,1375,-1,1375,1583,1582,-1,1375,1582,1377,-1,1377,1582,1581,-1,1377,1581,1378,-1,1378,1581,1580,-1,1378,1580,1379,-1,1379,1580,1578,-1,1379,1578,1376,-1,1376,1578,1577,-1,1376,1577,1366,-1,1366,1577,1576,-1,1366,1576,1367,-1,1367,1576,1536,-1,1367,1536,1368,-1,1368,1536,1534,-1,1368,1534,1343,-1,1343,1534,1533,-1,1343,1533,1344,-1,1344,1533,1575,-1,1344,1575,1370,-1,1370,1575,1574,-1,1370,1574,1248,-1,1248,1574,1572,-1,1248,1572,1246,-1,1244,1246,1570,-1,1570,1246,1572,-1,1244,1570,1568,-1,1244,1568,1211,-1,1211,1568,1566,-1,1211,1566,1288,-1,1288,1566,1564,-1,1288,1564,1289,-1,1289,1564,1563,-1,1289,1563,1291,-1,1291,1563,1480,-1,1291,1480,1293,-1,1293,1480,1478,-1,1293,1478,1295,-1,1295,1478,1476,-1,1295,1476,1334,-1,1334,1476,1474,-1,1334,1474,1335,-1,1335,1474,1541,-1,1335,1541,1337,-1,1337,1541,1540,-1,1337,1540,1338,-1,1338,1540,1538,-1,1338,1538,1328,-1,1328,1538,1537,-1,1328,1537,1330,-1,1191,1499,1501,-1,1191,1501,1192,-1,1192,1501,1503,-1,1192,1503,1227,-1,1227,1503,1511,-1,1227,1511,1228,-1,1228,1511,1513,-1,1228,1513,1215,-1,1215,1513,1514,-1,1215,1514,1216,-1,1216,1514,1430,-1,1216,1430,1217,-1,1217,1430,1429,-1,1217,1429,1194,-1,1194,1429,1428,-1,1194,1428,1196,-1,1196,1428,1427,-1,1196,1427,1229,-1,1229,1427,1498,-1,1229,1498,1319,-1,1319,1498,1497,-1,1319,1497,1317,-1,1317,1497,1425,-1,1317,1425,1326,-1,1326,1425,1424,-1,1326,1424,1324,-1,1324,1424,1506,-1,1324,1506,1235,-1,1235,1506,1419,-1,1235,1419,1233,-1,1233,1419,1421,-1,1233,1421,1232,-1,1232,1421,1423,-1,1232,1423,1285,-1,1285,1423,1493,-1,1285,1493,1286,-1,1286,1493,1408,-1,1286,1408,1287,-1,1287,1408,1406,-1,1287,1406,1208,-1,1208,1406,1405,-1,1208,1405,1207,-1,1207,1405,1450,-1,1207,1450,1205,-1,1205,1450,1449,-1,1205,1449,1238,-1,1238,1449,1404,-1,1238,1404,1236,-1,1236,1404,1403,-1,1236,1403,1221,-1,1221,1403,1499,-1,1221,1499,1191,-1,
        ]
    }
}