#VRML V2.0 utf8
# 3D model generated by easyeda2kicad.py (https://github.com/uPesy/easyeda2kicad.py)

Shape{
    appearance Appearance {
        material  Material 	{
            diffuseColor 0.20784313725490197 0.20784313725490197 0.20784313725490197
            specularColor 0.01568627450980392 0.01568627450980392 0.01568627450980392
            ambientIntensity 0.298
            transparency 0.0
            shininess 0.5
        }
    }
    geometry IndexedFaceSet {
        ccw TRUE
        solid FALSE
        coord DEF co Coordinate {
            point [
                0.3155 0.6243 0.2961, 0.3155 0.6022 0.2961, 0.3254 0.6022 0.2961, 0.2271 0.5803 0.2961, 0.2302 0.5775 0.2961, 0.2374 0.5813 0.2961, 0.1795 0.5962 0.2961, 0.1808 0.5991 0.2961, -0.072 0.5991 0.2961, 0.3547 0.5595 0.2961, 0.3542 0.5594 0.2961, 0.3602 0.5594 0.2961, 0.3782 0.5775 0.2961, 0.371 0.5594 0.2961, 0.3799 0.5594 0.2961, 0.3357 0.6243 0.2961, 0.3375 0.6245 0.2961, 0.3276 0.6245 0.2961, 0.3421 0.5993 0.2961, 0.3405 0.5991 0.2961, 0.3488 0.5991 0.2961, 0.3534 0.6106 0.2961, 0.3534 0.6022 0.2961, 0.3602 0.6022 0.2961, 0.3602 0.6134 0.2961, 0.3624 0.6134 0.2961, 0.3631 0.6215 0.2961, 0.366 0.6245 0.2961, 0.3631 0.6243 0.2961, 0.3602 0.6245 0.2961, 0.3602 0.6243 0.2961, 0.3637 0.6022 0.2961, 0.3624 0.6106 0.2961, 0.3602 0.6106 0.2961, 0.366 0.5991 0.2961, 0.3637 0.5993 0.2961, 0.3602 0.5991 0.2961, 0.3602 0.6215 0.2961, 0.3534 0.6215 0.2961, 0.3534 0.6134 0.2961, 0.3502 0.6243 0.2961, 0.3488 0.6245 0.2961, 0.3502 0.5993 0.2961, 0.3961 0.6062 0.2961, 0.3937 0.5993 0.2961, 0.3974 0.5991 0.2961, 0.3895 0.5991 0.2961, 0.3902 0.5993 0.2961, 0.3895 0.6245 0.2961, 0.3974 0.6182 0.2961, 0.3974 0.6245 0.2961, 0.4127 0.5993 0.2961, 0.4091 0.5993 0.2961, 0.3974 0.6062 0.2961, 0.4066 0.6062 0.2961, 0.4031 0.6243 0.2961, 0.4797 0.5991 0.2961, 0.4797 0.6245 0.2961, 0.3997 0.6243 0.2961, 0.3452 0.6237 0.2961, 0.343 0.6244 0.2961, 0.3418 0.6245 0.2961, 0.3602 0.5993 0.2961, 0.3452 0.6204 0.2961, 0.3448 0.6001 0.2961, 0.3387 0.6018 0.2961, 0.3403 0.6018 0.2961, 0.342 0.6216 0.2961, 0.3393 0.6218 0.2961, 0.3325 0.6191 0.2961, 0.343 0.6024 0.2961, 0.3452 0.6034 0.2961, 0.3452 0.6003 0.2961, 0.3323 0.6189 0.2961, 0.3311 0.6171 0.2961, 0.3303 0.6149 0.2961, 0.3299 0.6115 0.2961, 0.3299 0.6106 0.2961, 0.3303 0.6081 0.2961, 0.3329 0.6038 0.2961, 0.3346 0.6027 0.2961, 0.3364 0.602 0.2961, 0.3445 0.6207 0.2961, 0.3383 0.6218 0.2961, 0.3361 0.6214 0.2961, 0.3342 0.6205 0.2961, 0.3311 0.6061 0.2961, 0.3323 0.6044 0.2961, 0.3276 0.6604 0.2961, 0.3393 0.6248 0.2961, 0.3488 0.6604 0.2961, 0.3398 0.6248 0.2961, 0.3331 0.6233 0.2961, 0.3285 0.6191 0.2961, 0.3301 0.6211 0.2961, 0.3306 0.6216 0.2961, 0.3261 0.6245 0.2961, 0.3272 0.6164 0.2961, 0.3276 0.6172 0.2961, 0.3276 0.6057 0.2961, 0.327 0.6073 0.2961, 0.3261 0.5991 0.2961, 0.3265 0.6114 0.2961, 0.3266 0.6132 0.2961, 0.3338 0.5996 0.2961, 0.3315 0.6008 0.2961, 0.3276 0.5991 0.2961, 0.3297 0.6023 0.2961, 0.3295 0.6026 0.2961, 0.328 0.6047 0.2961, 0.336 0.5991 0.2961, 0.3276 0.5813 0.2961, 0.3365 0.599 0.2961, 0.3383 0.5989 0.2961, 0.3488 0.5813 0.2961, 0.3799 0.6245 0.2961, 0.3799 0.6237 0.2961, 0.3824 0.6228 0.2961, 0.388 0.6073 0.2961, 0.3866 0.6047 0.2961, 0.385 0.621 0.2961, 0.3859 0.6201 0.2961, 0.3874 0.618 0.2961, 0.3799 0.6 0.2961, 0.3799 0.5991 0.2961, 0.3824 0.6009 0.2961, 0.385 0.6028 0.2961, 0.3884 0.6156 0.2961, 0.3888 0.6121 0.2961, 0.3886 0.6101 0.2961, 0.3755 0.6243 0.2961, 0.3794 0.6239 0.2961, 0.3795 0.5998 0.2961, 0.3753 0.5993 0.2961, 0.3684 0.5993 0.2961, 0.3684 0.6243 0.2961, 0.3373 0.5598 0.2961, 0.3361 0.5594 0.2961, 0.3399 0.5596 0.2961, 0.3299 0.5681 0.2961, 0.3305 0.5732 0.2961, 0.3293 0.5672 0.2961, 0.3289 0.5661 0.2961, 0.3384 0.5606 0.2961, 0.3325 0.5594 0.2961, 0.3313 0.5599 0.2961, 0.3276 0.5594 0.2961, 0.3309 0.5689 0.2961, 0.3322 0.5696 0.2961, 0.3325 0.5745 0.2961, 0.3346 0.5702 0.2961, 0.3374 0.5752 0.2961, 0.3363 0.5754 0.2961, 0.3344 0.5752 0.2961, 0.3302 0.5606 0.2961, 0.3299 0.561 0.2961, 0.3292 0.5619 0.2961, 0.3399 0.5624 0.2961, 0.3398 0.5624 0.2961, 0.3394 0.5616 0.2961, 0.3287 0.5644 0.2961, 0.3289 0.563 0.2961, 0.3315 0.5768 0.2961, 0.3339 0.5776 0.2961, 0.3482 0.5698 0.2961, 0.3478 0.5705 0.2961, 0.3431 0.5711 0.2961, 0.3475 0.5714 0.2961, 0.3428 0.5736 0.2961, 0.3473 0.5727 0.2961, 0.3475 0.5738 0.2961, 0.3305 0.5762 0.2961, 0.3397 0.5774 0.2961, 0.3408 0.5768 0.2961, 0.3478 0.5748 0.2961, 0.3416 0.576 0.2961, 0.3423 0.575 0.2961, 0.3399 0.571 0.2961, 0.3398 0.5724 0.2961, 0.3395 0.5735 0.2961, 0.3391 0.5741 0.2961, 0.3487 0.5693 0.2961, 0.3473 0.5635 0.2961, 0.3488 0.5693 0.2961, 0.3484 0.5628 0.2961, 0.3488 0.5627 0.2961, 0.3366 0.5779 0.2961, 0.3384 0.5777 0.2961, 0.3387 0.5746 0.2961, 0.3381 0.575 0.2961, 0.336 0.5594 0.2961, 0.3488 0.5495 0.2961, 0.3276 0.5495 0.2961, 0.3344 0.5592 0.2961, 0.3326 0.5594 0.2961, 0.3997 0.5596 0.2961, 0.3997 0.5813 0.2961, 0.3974 0.5813 0.2961, 0.3997 0.5846 0.2961, 0.431 0.5846 0.2961, 0.4345 0.5846 0.2961, 0.4069 0.5846 0.2961, 0.4107 0.5842 0.2961, 0.4797 0.5813 0.2961, 0.4358 0.5813 0.2961, 0.4797 0.5594 0.2961, 0.4188 0.5783 0.2961, 0.4197 0.5759 0.2961, 0.4297 0.5813 0.2961, 0.4172 0.5804 0.2961, 0.444 0.5596 0.2961, 0.4404 0.5596 0.2961, 0.3974 0.5594 0.2961, 0.4137 0.5831 0.2961, 0.4163 0.5813 0.2961, 0.4164 0.5813 0.2961, 0.4108 0.5601 0.2961, 0.4066 0.5596 0.2961, 0.4215 0.5596 0.2961, 0.4251 0.5596 0.2961, 0.4275 0.5665 0.2961, 0.4379 0.5665 0.2961, 0.418 0.565 0.2961, 0.4163 0.5631 0.2961, 0.4137 0.5612 0.2961, 0.4201 0.5724 0.2961, 0.42 0.5704 0.2961, 0.4193 0.5676 0.2961, 0.3692 0.5641 0.2961, 0.3696 0.5626 0.2961, 0.3697 0.5626 0.2961, 0.3799 0.5813 0.2961, 0.366 0.5813 0.2961, 0.3749 0.5775 0.2961, 0.366 0.5731 0.2961, 0.37 0.564 0.2961, 0.3698 0.5632 0.2961, 0.366 0.5647 0.2961, 0.361 0.5775 0.2961, 0.366 0.5594 0.2961, 0.3679 0.5594 0.2961, 0.368 0.5597 0.2961, 0.366 0.5553 0.2961, 0.366 0.5553 0.2961, 0.3667 0.5564 0.2961, 0.3602 0.5495 0.2961, 0.3617 0.5515 0.2961, 0.3617 0.5542 0.2961, 0.3634 0.5539 0.2961, 0.3642 0.554 0.2961, 0.366 0.5518 0.2961, 0.3649 0.5513 0.2961, 0.366 0.5495 0.2961, 0.3637 0.5512 0.2961, 0.363 0.5512 0.2961, 0.3649 0.5542 0.2961, 0.3655 0.5546 0.2961, 0.3701 0.5569 0.2961, 0.3686 0.5542 0.2961, 0.3799 0.5495 0.2961, 0.3675 0.5528 0.2961, 0.3673 0.5526 0.2961, 0.3662 0.5518 0.2961, 0.3602 0.5813 0.2961, 0.3585 0.5771 0.2961, 0.3585 0.5741 0.2961, 0.3583 0.5674 0.2961, 0.3589 0.5666 0.2961, 0.3493 0.5765 0.2961, 0.3502 0.577 0.2961, 0.3588 0.5622 0.2961, 0.3583 0.5614 0.2961, 0.3484 0.5756 0.2961, 0.3488 0.576 0.2961, 0.3593 0.5656 0.2961, 0.3594 0.5645 0.2961, 0.3592 0.5632 0.2961, 0.3519 0.5776 0.2961, 0.3543 0.5779 0.2961, 0.3563 0.5777 0.2961, 0.3645 0.5775 0.2961, 0.3574 0.5606 0.2961, 0.3564 0.5601 0.2961, 0.354 0.5754 0.2961, 0.3531 0.5753 0.2961, 0.3506 0.5729 0.2961, 0.3522 0.5751 0.2961, 0.3515 0.5747 0.2961, 0.3506 0.5725 0.2961, 0.3507 0.572 0.2961, 0.3509 0.5716 0.2961, 0.3512 0.5713 0.2961, 0.3524 0.5706 0.2961, 0.3562 0.5751 0.2961, 0.3543 0.5697 0.2961, 0.3579 0.5744 0.2961, 0.3555 0.5693 0.2961, 0.3576 0.5681 0.2961, 0.351 0.5743 0.2961, 0.3508 0.5739 0.2961, 0.3506 0.5734 0.2961, 0.3504 0.562 0.2961, 0.3521 0.5675 0.2961, 0.3502 0.5683 0.2961, 0.3525 0.5618 0.2961, 0.3526 0.5618 0.2961, 0.3541 0.5666 0.2961, 0.3542 0.5619 0.2961, 0.3562 0.5642 0.2961, 0.3561 0.5646 0.2961, 0.355 0.5622 0.2961, 0.3553 0.5624 0.2961, 0.3557 0.5627 0.2961, 0.3559 0.5631 0.2961, 0.3561 0.5636 0.2961, 0.356 0.565 0.2961, 0.3558 0.5655 0.2961, 0.3554 0.5659 0.2961, 0.3473 0.5602 0.2961, 0.3431 0.5596 0.2961, 0.3488 0.5597 0.2961, 0.3488 0.5594 0.2961, 0.3494 0.5595 0.2961, 0.3502 0.5594 0.2961, 0.3522 0.5592 0.2961, 0.3623 0.554 0.2961, 0.2863 0.5991 0.2961, 0.302 0.5991 0.2961, 0.2851 0.6007 0.2961, 0.302 0.6245 0.2961, 0.2803 0.6048 0.2961, 0.2569 0.627 0.2961, 0.2605 0.6245 0.2961, 0.2645 0.6218 0.2961, 0.2704 0.615 0.2961, 0.2741 0.6077 0.2961, 0.275 0.6075 0.2961, 0.248 0.6302 0.2961, 0.302 0.6604 0.2961, 0.2403 0.6311 0.2961, 0.2316 0.63 0.2961, -0.072 0.6604 0.2961, 0.2234 0.6268 0.2961, 0.2197 0.6245 0.2961, -0.072 0.6245 0.2961, 0.219 0.6241 0.2961, 0.1823 0.6026 0.2961, 0.1866 0.6081 0.2961, 0.2001 0.6158 0.2961, 0.2071 0.6166 0.2961, 0.2148 0.6205 0.2961, 0.2091 0.6165 0.2961, 0.2112 0.6163 0.2961, 0.1878 0.6092 0.2961, 0.1935 0.6132 0.2961, -0.072 0.5813 0.2961, 0.1782 0.5878 0.2961, 0.1783 0.5895 0.2961, 0.1913 0.5637 0.2961, 0.1857 0.5684 0.2961, -0.072 0.5594 0.2961, 0.1977 0.5606 0.2961, 0.1817 0.5742 0.2961, 0.1791 0.5808 0.2961, 0.1791 0.5813 0.2961, 0.2 0.5599 0.2961, 0.2002 0.5594 0.2961, 0.2017 0.5561 0.2961, 0.2044 0.5528 0.2961, 0.2242 0.5495 0.2961, 0.2212 0.5483 0.2961, 0.302 -0.299 0.2961, 0.2169 0.5478 0.2961, -0.072 -0.299 0.2961, 0.2162 0.5478 0.2961, 0.212 0.5485 0.2961, -0.072 0.5495 0.2961, 0.2095 0.5495 0.2961, 0.2079 0.5502 0.2961, 0.2335 0.5594 0.2961, 0.2335 0.5593 0.2961, 0.302 0.5495 0.2961, 0.2314 0.5554 0.2961, 0.2287 0.5523 0.2961, 0.2251 0.5498 0.2961, 0.302 0.5813 0.2961, 0.2913 0.5813 0.2961, 0.2909 0.5781 0.2961, 0.2562 0.5699 0.2961, 0.2575 0.5704 0.2961, 0.2596 0.5805 0.2961, 0.2852 0.5675 0.2961, 0.2803 0.5634 0.2961, 0.302 0.5594 0.2961, 0.2551 0.5691 0.2961, 0.2588 0.5706 0.2961, 0.259 0.5705 0.2961, 0.2595 0.5704 0.2961, 0.2887 0.5725 0.2961, 0.2533 0.565 0.2961, 0.2534 0.5657 0.2961, 0.2346 0.5674 0.2961, 0.2537 0.5671 0.2961, 0.2544 0.5683 0.2961, 0.2771 0.5748 0.2961, 0.2791 0.5776 0.2961, 0.2575 0.5597 0.2961, 0.2563 0.5602 0.2961, 0.2552 0.561 0.2961, 0.2547 0.5614 0.2961, 0.254 0.5625 0.2961, 0.2535 0.5637 0.2961, 0.2345 0.5637 0.2961, 0.2346 0.5656 0.2961, 0.2749 0.5608 0.2961, 0.269 0.5595 0.2961, 0.2585 0.5595 0.2961, 0.2599 0.5704 0.2961, 0.2679 0.5704 0.2961, 0.2711 0.571 0.2961, 0.2743 0.5725 0.2961, 0.2769 0.5746 0.2961, 0.219 0.5834 0.2961, 0.2233 0.5824 0.2961, 0.2652 0.5991 0.2961, 0.2169 0.5835 0.2961, 0.2803 0.5808 0.2961, 0.2804 0.5813 0.2961, 0.2591 0.5813 0.2961, 0.2807 0.5843 0.2961, 0.2806 0.5858 0.2961, 0.2126 0.583 0.2961, 0.1934 0.5991 0.2961, 0.2087 0.5815 0.2961, 0.1915 0.5965 0.2961, 0.19 0.5925 0.2961, 0.1909 0.5813 0.2961, 0.2083 0.5813 0.2961, 0.1897 0.5854 0.2961, 0.1895 0.5882 0.2961, 0.2761 0.5946 0.2961, 0.2733 0.5965 0.2961, 0.2798 0.5893 0.2961, 0.2781 0.5923 0.2961, 0.2654 0.5981 0.2961, 0.254 0.59 0.2961, 0.2668 0.5981 0.2961, 0.2702 0.5977 0.2961, 0.2253 0.5813 0.2961, 0.1909 0.5811 0.2961, 0.2021 0.5756 0.2961, 0.205 0.579 0.2961, 0.1931 0.5775 0.2961, 0.1962 0.5742 0.2961, 0.2001 0.5718 0.2961, 0.2616 0.6088 0.2961, 0.2576 0.6136 0.2961, 0.2167 0.6033 0.2961, 0.2571 0.614 0.2961, 0.2521 0.6175 0.2961, 0.2194 0.6089 0.2961, 0.2154 0.604 0.2961, 0.2643 0.6031 0.2961, 0.2114 0.6054 0.2961, 0.2072 0.606 0.2961, 0.2054 0.6059 0.2961, 0.2234 0.6137 0.2961, 0.2466 0.6196 0.2961, 0.2282 0.6172 0.2961, 0.2405 0.6204 0.2961, 0.234 0.6195 0.2961, 0.201 0.6048 0.2961, 0.197 0.6027 0.2961, 0.194 0.6 0.2961, 0.2888 0.5957 0.2961, 0.2909 0.5903 0.2961, 0.2918 0.5844 0.2961, 0.3848 0.5709 0.2961, 0.3848 0.5625 0.2961, 0.3895 0.5625 0.2961, 0.395 0.5625 0.2961, 0.395 0.5596 0.2961, 0.3895 0.5594 0.2961, 0.3937 0.5709 0.2961, 0.3895 0.5709 0.2961, 0.3848 0.5813 0.2961, 0.3848 0.5738 0.2961, 0.3895 0.5738 0.2961, 0.3848 0.5818 0.2961, 0.3895 0.5813 0.2961, 0.3937 0.5738 0.2961, 0.3815 0.5596 0.2961, 0.3815 0.5813 0.2961, 0.3815 0.5846 0.2961, 0.3895 0.5596 0.2961, 0.3155 0.5813 0.2961, 0.3155 0.5738 0.2961, 0.3261 0.5813 0.2961, 0.3244 0.5738 0.2961, 0.3155 0.5709 0.2961, 0.3155 0.5625 0.2961, 0.3244 0.5709 0.2961, 0.3257 0.5625 0.2961, 0.3261 0.5594 0.2961, 0.3257 0.5596 0.2961, 0.3122 0.5596 0.2961, 0.3122 0.5846 0.2961, 0.3122 0.5813 0.2961, 0.3155 0.5818 0.2961, 0.3251 0.5818 0.2961, 0.3251 0.5846 0.2961, 0.3602 0.6604 0.2961, 0.366 0.6604 0.2961, 0.3799 0.6604 0.2961, 0.3895 0.6604 0.2961, 0.3974 0.6604 0.2961, 0.4797 0.6604 0.2961, 0.3261 0.6604 0.2961, 0.3122 0.5993 0.2961, 0.3122 0.6243 0.2961, 0.3254 0.5993 0.2961, 0.3895 0.5846 0.2961, 0.3944 0.5846 0.2961, 0.3944 0.5818 0.2961, 0.3895 0.5818 0.2961, 0.3895 0.5495 0.2961, 0.3974 0.5495 0.2961, 0.4797 0.5495 0.2961, 0.3261 0.5495 0.2961, -0.4797 0.6604 0.2961, -0.4797 0.6245 0.2961, -0.4797 0.5991 0.2961, -0.4797 0.5813 0.2961, -0.4797 0.5594 0.2961, -0.4797 0.5495 0.2961, 0.3261 -0.299 0.2961, 0.3276 -0.299 0.2961, 0.3488 -0.299 0.2961, 0.3602 -0.299 0.2961, 0.366 -0.299 0.2961, 0.3799 -0.299 0.2961, 0.3895 -0.299 0.2961, 0.3974 -0.299 0.2961, 0.4797 -0.299 0.2961, -0.3718 -0.2189 0.2961, -0.3813 -0.215 0.2961, -0.4797 -0.299 0.2961, -0.3895 -0.2087 0.2961, -0.3957 -0.2006 0.2961, -0.3996 -0.1911 0.2961, -0.3895 -0.1531 0.2961, -0.3813 -0.1468 0.2961, -0.3718 -0.1429 0.2961, -0.3616 -0.1415 0.2961, -0.3514 -0.1429 0.2961, -0.3419 -0.1468 0.2961, -0.3222 -0.1809 0.2961, -0.3236 -0.1911 0.2961, -0.3275 -0.2006 0.2961, -0.3338 -0.2087 0.2961, -0.3419 -0.215 0.2961, -0.3514 -0.2189 0.2961, -0.3616 -0.2203 0.2961, -0.401 -0.1809 0.2961, -0.3996 -0.1707 0.2961, -0.3957 -0.1612 0.2961, -0.3338 -0.1531 0.2961, -0.3275 -0.1612 0.2961, -0.3236 -0.1707 0.2961, -0.4429 -0.4098 0.0598, -0.5118 -0.4098 0.0598, -0.4429 -0.4098 0.0098, -0.5118 -0.4098 0.0098, -0.3248 -0.4098 0.0098, -0.187 -0.4098 0.0098, -0.3248 -0.4098 0.0598, -0.187 -0.4098 0.0598, -0.0689 -0.4098 0.0098, 0.0689 -0.4098 0.0098, -0.0689 -0.4098 0.0598, 0.0689 -0.4098 0.0598, 0.187 -0.4098 0.0098, 0.3248 -0.4098 0.0098, 0.187 -0.4098 0.0598, 0.3248 -0.4098 0.0598, 0.5906 0.6925 0.0098, 0.5906 0.6925 0.0598, 0.5906 0.2122 0.0098, 0.5906 0.2122 0.0598, 0.0689 0.7713 0.0098, -0.0689 0.7713 0.0098, 0.0689 0.7713 0.0598, -0.0689 0.7713 0.0598, 0.3248 0.7713 0.0098, 0.187 0.7713 0.0098, 0.3248 0.7713 0.0598, 0.187 0.7713 0.0598, 0.5118 0.7713 0.0598, 0.5118 0.7713 0.0098, 0.4429 0.7713 0.0598, 0.4429 0.7713 0.0098, -0.3248 0.7713 0.0598, -0.187 0.7713 0.0598, -0.3248 0.7713 0.0098, -0.187 0.7713 0.0098, -0.5906 -0.3311 0.0098, -0.5906 -0.3311 0.0598, -0.5906 0.1492 0.0098, -0.5906 0.1492 0.0598, 0.0689 0.6669 0.0098, 0.0492 0.6669 0.0098, -0.0689 0.6669 0.0098, -0.0492 0.6669 0.0098, -0.0492 0.6413 0.0098, 0.0492 0.6413 0.0098, 0.5098 0.2398 0.0098, 0.5098 0.2122 0.0098, 0.4429 0.6669 0.0098, 0.4823 0.6669 0.0098, 0.5322 0.7686 0.0098, 0.4823 0.2398 0.0098, 0.5879 0.7129 0.0098, 0.58 0.7319 0.0098, 0.5512 0.7607 0.0098, 0.5675 0.7482 0.0098, 0.3248 0.6669 0.0098, 0.3051 0.6669 0.0098, 0.187 0.6669 0.0098, 0.2067 0.6669 0.0098, 0.2067 0.6413 0.0098, 0.3051 0.6413 0.0098, -0.4429 -0.3114 0.0098, 0.5118 -0.4098 0.0098, 0.4429 -0.4098 0.0098, 0.4429 -0.3114 0.0098, 0.5906 0.1492 0.0098, 0.5906 -0.3311 0.0098, 0.3248 -0.3114 0.0098, 0.4823 -0.0417 0.0098, 0.4823 0.1217 0.0098, 0.5098 0.1217 0.0098, 0.187 -0.3114 0.0098, 0.0689 -0.3114 0.0098, -0.0689 -0.3114 0.0098, 0.5098 0.1492 0.0098, -0.187 -0.3114 0.0098, -0.3248 -0.3114 0.0098, -0.5879 -0.3515 0.0098, 0.5879 -0.3515 0.0098, 0.58 -0.3705 0.0098, 0.5675 -0.3868 0.0098, 0.5512 -0.3993 0.0098, 0.5322 -0.4072 0.0098, -0.5098 0.1217 0.0098, -0.4823 0.1217 0.0098, -0.4823 -0.0417 0.0098, -0.5098 0.1492 0.0098, -0.5322 -0.4072 0.0098, -0.5512 -0.3993 0.0098, -0.5675 -0.3868 0.0098, -0.58 -0.3705 0.0098, -0.187 0.6669 0.0098, -0.2067 0.6669 0.0098, -0.3248 0.6669 0.0098, -0.3051 0.6669 0.0098, -0.3051 0.6413 0.0098, -0.2067 0.6413 0.0098, -0.5894 -0.3443 0.0598, -0.5873 -0.3513 0.0598, -0.5839 -0.3629 0.0598, -0.5795 -0.3702 0.0598, -0.5739 -0.3795 0.0598, -0.5671 -0.3864 0.0598, -0.5602 -0.3932 0.0598, -0.5509 -0.3988 0.0598, -0.5436 -0.4032 0.0598, -0.532 -0.4066 0.0598, -0.525 -0.4087 0.0598, 0.4429 -0.4098 0.0598, 0.5118 -0.4098 0.0598, 0.525 -0.4087 0.0598, 0.532 -0.4066 0.0598, 0.5436 -0.4032 0.0598, 0.5509 -0.3988 0.0598, 0.5602 -0.3932 0.0598, 0.5671 -0.3864 0.0598, 0.5739 -0.3795 0.0598, 0.5795 -0.3702 0.0598, 0.5839 -0.3629 0.0598, 0.5873 -0.3513 0.0598, 0.5894 -0.3443 0.0598, 0.5906 -0.3311 0.0598, 0.5906 0.1492 0.0598, 0.5894 0.7057 0.0598, 0.5873 0.7127 0.0598, 0.5839 0.7243 0.0598, 0.5795 0.7316 0.0598, 0.5739 0.7409 0.0598, 0.5671 0.7478 0.0598, 0.5602 0.7546 0.0598, 0.5509 0.7602 0.0598, 0.5436 0.7646 0.0598, 0.532 0.768 0.0598, 0.525 0.7701 0.0598, -0.4429 0.7713 0.0098, -0.5118 0.7713 0.0098, -0.4429 0.7713 0.0598, -0.5118 0.7713 0.0598, -0.525 0.7701 0.0598, -0.5322 0.7686 0.0098, -0.532 0.768 0.0598, -0.5436 0.7646 0.0598, -0.5512 0.7607 0.0098, -0.5509 0.7602 0.0598, -0.5602 0.7546 0.0598, -0.5675 0.7482 0.0098, -0.5671 0.7478 0.0598, -0.5739 0.7409 0.0598, -0.58 0.7319 0.0098, -0.5795 0.7316 0.0598, -0.5839 0.7243 0.0598, -0.5879 0.7129 0.0098, -0.5873 0.7127 0.0598, -0.5894 0.7057 0.0598, -0.5906 0.6925 0.0098, -0.5906 0.6925 0.0598, -0.5906 0.2122 0.0598, -0.5906 0.2122 0.0098, -0.4823 0.6669 0.0098, -0.4429 0.6669 0.0098, -0.5098 0.2122 0.0098, -0.5098 0.2398 0.0098, -0.4823 0.2398 0.0098, -0.553 -0.348 0.2348, -0.5548 -0.3437 0.2343, -0.5557 -0.3397 0.2337, -0.5559 -0.3386 0.2336, -0.5568 -0.3343 0.2329, -0.557 -0.3311 0.2323, -0.5487 -0.3557 0.2354, -0.551 -0.3525 0.2352, -0.5525 -0.349 0.2349, -0.5432 -0.3625 0.2356, -0.5455 -0.3603 0.2356, -0.5462 -0.3593 0.2356, -0.5468 -0.3584 0.2355, -0.5303 -0.3718 0.235, -0.5364 -0.3681 0.2354, -0.5385 -0.3668 0.2356, -0.5392 -0.3662 0.2356, -0.5399 -0.3655 0.2356, -0.5213 -0.375 0.2339, -0.5288 -0.3723 0.2348, -0.5298 -0.372 0.2349, -0.5205 -0.3751 0.2338, -0.5193 -0.3753 0.2336, -0.5161 -0.3757 0.2331, -0.5118 -0.3763 0.2323, 0.5118 -0.3763 0.2323, 0.515 -0.3761 0.2329, 0.5193 -0.3752 0.2336, 0.5204 -0.375 0.2337, 0.5244 -0.3741 0.2343, 0.5287 -0.3722 0.2348, 0.5364 -0.368 0.2354, 0.5332 -0.3703 0.2352, 0.5297 -0.3718 0.2349, 0.5462 -0.3592 0.2356, 0.5432 -0.3625 0.2356, 0.541 -0.3648 0.2356, 0.54 -0.3655 0.2356, 0.5391 -0.3661 0.2355, 0.5469 -0.3584 0.2356, 0.5475 -0.3578 0.2356, 0.5488 -0.3557 0.2354, 0.5525 -0.3496 0.235, 0.5527 -0.3491 0.2349, 0.553 -0.3481 0.2348, 0.5557 -0.3406 0.2339, 0.5558 -0.3397 0.2338, 0.556 -0.3386 0.2336, 0.5564 -0.3354 0.2331, 0.557 -0.3311 0.2323, 0.557 0.6925 0.2323, 0.5568 0.6957 0.2329, 0.5559 0.7 0.2336, 0.5557 0.7011 0.2337, 0.5548 0.7051 0.2343, 0.553 0.7094 0.2348, 0.5487 0.7171 0.2354, 0.551 0.7139 0.2352, 0.5525 0.7105 0.2349, 0.5432 0.7239 0.2356, 0.5455 0.7217 0.2356, 0.5462 0.7207 0.2356, 0.5468 0.7198 0.2355, 0.5303 0.7332 0.235, 0.5364 0.7295 0.2354, 0.5385 0.7283 0.2356, 0.5392 0.7276 0.2356, 0.5399 0.7269 0.2356, 0.5213 0.7364 0.2339, 0.5288 0.7338 0.2348, 0.5298 0.7334 0.2349, 0.5205 0.7365 0.2338, 0.5193 0.7367 0.2336, 0.5161 0.7371 0.2331, 0.5118 0.7377 0.2323, -0.5118 0.7377 0.2323, -0.515 0.7375 0.2329, -0.5193 0.7366 0.2336, -0.5204 0.7364 0.2337, -0.5244 0.7355 0.2343, -0.5287 0.7337 0.2348, -0.5364 0.7295 0.2354, -0.5332 0.7317 0.2352, -0.5297 0.7332 0.2349, -0.5432 0.7239 0.2356, -0.5462 0.7207 0.2356, -0.541 0.7262 0.2356, -0.54 0.7269 0.2356, -0.5391 0.7275 0.2355, -0.5475 0.7192 0.2356, -0.5469 0.7199 0.2356, -0.553 0.7095 0.2348, -0.5527 0.7105 0.2349, -0.5525 0.711 0.235, -0.5488 0.7171 0.2354, -0.5557 0.702 0.2339, -0.5558 0.7012 0.2338, -0.556 0.7 0.2336, -0.5564 0.6968 0.2331, -0.557 0.6925 0.2323, 0.5351 -0.3494 0.2644, 0.5327 -0.3519 0.2645, 0.5392 -0.3585 0.2504, 0.5394 -0.3439 0.2637, 0.5413 -0.3409 0.263, 0.5327 -0.3353 0.2737, 0.5447 -0.3579 0.2427, 0.5472 -0.3545 0.2425, 0.5445 -0.3523 0.2501, 0.489 -0.3083 0.2953, 0.4873 -0.31 0.2952, 0.5113 -0.3732 0.2438, 0.5115 -0.3745 0.2389, 0.5199 -0.3734 0.2406, 0.5386 -0.364 0.2427, 0.5418 -0.3611 0.2428, 0.5352 -0.3665 0.2425, 0.5278 -0.3707 0.2418, 0.5173 -0.3676 0.2547, 0.5102 -0.3694 0.2523, 0.511 -0.3721 0.2462, 0.533 -0.3638 0.2501, 0.5261 -0.3679 0.2492, 0.5188 -0.3708 0.2477, 0.5111 -0.3723 0.2457, 0.5074 -0.3616 0.2651, 0.5134 -0.3596 0.2669, 0.5058 -0.3576 0.2696, 0.511 -0.3551 0.2721, 0.5042 -0.3533 0.2743, 0.5167 -0.336 0.283, 0.5132 -0.3393 0.2828, 0.5206 -0.3484 0.2747, 0.516 -0.352 0.2737, 0.5242 -0.3526 0.2698, 0.519 -0.3564 0.2687, 0.5274 -0.3566 0.2641, 0.5217 -0.3606 0.263, 0.5303 -0.3603 0.2575, 0.524 -0.3645 0.2564, 0.5076 -0.362 0.2644, 0.5078 -0.3626 0.2636, 0.5155 -0.3638 0.2612, 0.509 -0.3659 0.2585, 0.5098 -0.3682 0.2549, 0.5025 -0.332 0.2883, 0.4998 -0.3344 0.2875, 0.5058 -0.3452 0.2808, 0.4911 -0.3239 0.292, 0.4951 -0.3212 0.2926, 0.4863 -0.3134 0.2947, 0.4859 -0.3125 0.2949, 0.4914 -0.3246 0.2917, 0.4949 -0.3323 0.2885, 0.496 -0.3346 0.2876, 0.4968 -0.3366 0.2863, 0.5127 -0.3218 0.2883, 0.5231 -0.3289 0.282, 0.5151 -0.3191 0.2875, 0.5259 -0.3251 0.2808, 0.5227 -0.3186 0.2833, 0.52 -0.3325 0.2828, 0.5103 -0.3245 0.2887, 0.5078 -0.3271 0.2889, 0.5173 -0.3161 0.2863, 0.5134 -0.3144 0.2885, 0.513 -0.3142 0.2887, 0.5019 -0.3144 0.2926, 0.5053 -0.3107 0.2917, 0.503 -0.3097 0.2925, 0.5096 -0.3424 0.282, 0.5052 -0.3296 0.2887, 0.4985 -0.3178 0.2929, 0.5561 -0.331 0.2364, 0.5531 -0.3304 0.2457, 0.5525 -0.3343 0.2468, 0.5529 -0.3303 0.2462, 0.5525 -0.3302 0.2474, 0.5541 -0.3392 0.2406, 0.5457 -0.3316 0.26, 0.5515 -0.3381 0.2477, 0.5514 -0.3471 0.2418, 0.5432 -0.3271 0.2635, 0.5404 -0.326 0.2675, 0.5372 -0.3278 0.271, 0.5472 -0.3285 0.2579, 0.5467 -0.3283 0.2586, 0.5343 -0.3328 0.273, 0.543 -0.3379 0.2622, 0.5358 -0.3303 0.2721, 0.5445 -0.3348 0.2612, 0.5324 -0.3228 0.2759, 0.5297 -0.3216 0.2779, 0.5284 -0.321 0.2789, 0.5467 -0.349 0.2497, 0.5486 -0.3454 0.2492, 0.5502 -0.3418 0.2485, 0.5291 -0.3399 0.2747, 0.5271 -0.3422 0.2749, 0.525 -0.3443 0.275, 0.529 -0.3483 0.2701, 0.5309 -0.3376 0.2743, 0.4941 -0.3056 0.2946, 0.4925 -0.3049 0.295, 0.5373 -0.3467 0.2641, 0.5383 -0.3252 0.2697, 0.4805 -0.3007 0.296, 0.4856 -0.3117 0.295, 0.5008 -0.3453 0.281, 0.5018 -0.3477 0.279, 0.5023 -0.349 0.2779, 0.492 -0.3046 0.2951, 0.5498 0.6908 0.2521, 0.4924 0.6663 0.2943, 0.494 0.667 0.2941, 0.5006 0.6701 0.2932, 0.5051 0.6721 0.2912, 0.5127 0.6755 0.288, 0.5172 0.6776 0.2861, 0.5294 0.6829 0.2776, 0.5282 0.6824 0.2786, 0.5206 0.6791 0.2846, 0.5358 0.6856 0.2727, 0.5382 0.6865 0.2696, 0.5425 0.6882 0.2642, 0.5431 0.6884 0.2634, 0.5464 0.6897 0.2592, 0.5467 0.6898 0.2586, 0.5552 0.6922 0.2389, 0.553 0.6917 0.2456, 0.5527 0.6917 0.2461, 0.5538 0.692 0.2439, -0.511 -0.3721 0.2456, -0.5089 -0.3656 0.2584, -0.5109 -0.372 0.2461, -0.5108 -0.3712 0.2488, -0.5079 -0.3626 0.2636, -0.5018 -0.3477 0.2789, -0.5023 -0.349 0.2779, -0.5031 -0.3507 0.2767, -0.5058 -0.3574 0.2695, -0.5077 -0.3623 0.2642, -0.4969 -0.3365 0.2863, -0.4949 -0.3321 0.2882, -0.4978 -0.3385 0.2854, -0.4914 -0.3244 0.2914, -0.4899 -0.3211 0.2928, -0.4863 -0.3133 0.294, -0.4856 -0.3116 0.2942, 0.5358 0.6918 0.2721, 0.5301 0.7158 0.2644, 0.5327 0.7134 0.2645, 0.5392 0.7199 0.2504, 0.5246 0.7201 0.2637, 0.5217 0.722 0.263, 0.516 0.7134 0.2737, 0.5386 0.7254 0.2427, 0.5352 0.7279 0.2425, 0.533 0.7252 0.2501, 0.489 0.6697 0.2953, 0.4907 0.668 0.2952, 0.5447 0.7193 0.2427, 0.5418 0.7225 0.2428, 0.5472 0.7159 0.2425, 0.5514 0.7085 0.2418, 0.5541 0.7006 0.2406, 0.5515 0.6995 0.2477, 0.5445 0.7137 0.2501, 0.5486 0.7069 0.2492, 0.5445 0.6962 0.2612, 0.5403 0.6941 0.2669, 0.5167 0.6974 0.283, 0.52 0.6939 0.2828, 0.5291 0.7014 0.2747, 0.5327 0.6967 0.2737, 0.5333 0.7049 0.2698, 0.5371 0.6997 0.2687, 0.5373 0.7081 0.2641, 0.5413 0.7024 0.263, 0.541 0.711 0.2575, 0.5452 0.7047 0.2564, 0.5483 0.698 0.2547, 0.5127 0.6832 0.2883, 0.5151 0.6805 0.2875, 0.5259 0.6865 0.2808, 0.5019 0.6758 0.2926, 0.5025 0.6934 0.2883, 0.5096 0.7038 0.282, 0.4998 0.6958 0.2875, 0.5058 0.7066 0.2808, 0.4993 0.7034 0.2833, 0.5132 0.7007 0.2828, 0.5052 0.691 0.2887, 0.5078 0.6885 0.2889, 0.4968 0.698 0.2863, 0.4951 0.6941 0.2885, 0.4949 0.6937 0.2887, 0.4951 0.6826 0.2926, 0.4914 0.686 0.2917, 0.4904 0.6837 0.2925, 0.5231 0.6903 0.282, 0.5103 0.6859 0.2887, 0.4985 0.6793 0.2929, 0.5118 0.7368 0.2364, 0.5111 0.7338 0.2457, 0.515 0.7332 0.2468, 0.511 0.7336 0.2462, 0.5109 0.7332 0.2474, 0.5199 0.7349 0.2406, 0.5123 0.7264 0.26, 0.5188 0.7323 0.2477, 0.5278 0.7321 0.2418, 0.5078 0.7239 0.2635, 0.5067 0.7211 0.2675, 0.5085 0.7179 0.271, 0.5093 0.7279 0.2579, 0.5091 0.7274 0.2586, 0.5135 0.715 0.273, 0.5186 0.7237 0.2622, 0.511 0.7165 0.2721, 0.5155 0.7252 0.2612, 0.5035 0.7131 0.2759, 0.5023 0.7104 0.2779, 0.5018 0.7091 0.2789, 0.5297 0.7274 0.2497, 0.5261 0.7293 0.2492, 0.5225 0.731 0.2485, 0.5206 0.7098 0.2747, 0.5229 0.7078 0.2749, 0.525 0.7057 0.275, 0.529 0.7097 0.2701, 0.5183 0.7116 0.2743, 0.4863 0.6748 0.2946, 0.4856 0.6732 0.295, 0.5274 0.718 0.2641, 0.5059 0.719 0.2697, 0.4853 0.6727 0.2951, -0.5301 -0.3544 0.2644, -0.5327 -0.3519 0.2645, -0.5392 -0.3585 0.2504, -0.5386 -0.364 0.2427, -0.5352 -0.3665 0.2425, -0.533 -0.3638 0.2501, -0.5297 -0.366 0.2497, -0.5261 -0.3679 0.2492, -0.5217 -0.3606 0.263, -0.5085 -0.3565 0.271, -0.511 -0.3551 0.2721, -0.5155 -0.3638 0.2612, -0.489 -0.3083 0.2953, -0.4907 -0.3066 0.2952, -0.5539 -0.3306 0.2438, -0.5552 -0.3308 0.2389, -0.5541 -0.3392 0.2406, -0.5447 -0.3579 0.2427, -0.5418 -0.3611 0.2428, -0.5472 -0.3545 0.2425, -0.5514 -0.3471 0.2418, -0.5483 -0.3366 0.2547, -0.5501 -0.3295 0.2523, -0.5528 -0.3303 0.2462, -0.5445 -0.3523 0.2501, -0.5486 -0.3454 0.2492, -0.5515 -0.3381 0.2477, -0.553 -0.3304 0.2457, -0.5423 -0.3267 0.2651, -0.5403 -0.3327 0.2669, -0.5383 -0.3251 0.2696, -0.5358 -0.3303 0.2721, -0.534 -0.3235 0.2743, -0.5167 -0.336 0.283, -0.52 -0.3325 0.2828, -0.5291 -0.3399 0.2747, -0.5327 -0.3353 0.2737, -0.5333 -0.3435 0.2698, -0.5371 -0.3383 0.2687, -0.5373 -0.3467 0.2641, -0.5413 -0.3409 0.263, -0.541 -0.3496 0.2575, -0.5452 -0.3433 0.2564, -0.5428 -0.3269 0.2644, -0.5433 -0.3271 0.2636, -0.5445 -0.3348 0.2612, -0.5466 -0.3283 0.2585, -0.5489 -0.3291 0.2549, -0.5127 -0.3218 0.2883, -0.5151 -0.3191 0.2875, -0.5259 -0.3251 0.2808, -0.5046 -0.3104 0.292, -0.5019 -0.3144 0.2926, -0.4941 -0.3056 0.2947, -0.4932 -0.3052 0.2949, -0.5053 -0.3107 0.2917, -0.513 -0.3142 0.2885, -0.5153 -0.3152 0.2876, -0.5173 -0.3161 0.2863, -0.5096 -0.3424 0.282, -0.5025 -0.332 0.2883, -0.5132 -0.3393 0.2828, -0.5052 -0.3296 0.2887, -0.5078 -0.3271 0.2889, -0.4998 -0.3344 0.2875, -0.4985 -0.3178 0.2929, -0.4951 -0.3212 0.2926, -0.5103 -0.3245 0.2887, -0.5231 -0.3289 0.282, -0.515 -0.3718 0.2468, -0.5199 -0.3734 0.2406, -0.5278 -0.3707 0.2418, -0.5188 -0.3708 0.2477, -0.5123 -0.365 0.26, -0.5058 -0.3452 0.2808, -0.5246 -0.3587 0.2637, -0.516 -0.352 0.2737, -0.5183 -0.3502 0.2743, -0.5206 -0.3484 0.2747, -0.5229 -0.3464 0.2749, -0.525 -0.3443 0.275, -0.529 -0.3483 0.2701, -0.5274 -0.3566 0.2641, -0.5135 -0.3536 0.273, -0.5186 -0.3623 0.2622, -0.5225 -0.3695 0.2485, -0.4814 -0.2998 0.296, -0.4925 -0.3048 0.295, -0.526 -0.3201 0.281, -0.5284 -0.3211 0.279, -0.5297 -0.3216 0.2779, -0.4856 0.6731 0.2943, -0.4863 0.6747 0.2941, -0.4894 0.6813 0.2932, -0.4914 0.6858 0.2912, -0.4948 0.6934 0.288, -0.5017 0.7089 0.2786, -0.4984 0.7013 0.2846, -0.4969 0.6979 0.2861, -0.5077 0.7238 0.2634, -0.5075 0.7232 0.2642, -0.5058 0.7189 0.2696, -0.5049 0.7165 0.2727, -0.5022 0.7102 0.2776, -0.509 0.7271 0.2592, -0.5091 0.7274 0.2586, -0.511 0.7334 0.2461, -0.5101 0.7305 0.2521, -0.511 0.7337 0.2456, -0.5113 0.7345 0.2439, -0.5115 0.7359 0.2389, -0.5529 0.6917 0.2456, -0.5527 0.6917 0.2461, -0.5519 0.6915 0.2488, -0.5464 0.6896 0.2584, -0.5434 0.6886 0.2636, -0.543 0.6885 0.2642, -0.5297 0.683 0.2779, -0.5314 0.6838 0.2767, -0.5381 0.6865 0.2695, -0.5128 0.6756 0.2882, -0.5173 0.6776 0.2863, -0.5192 0.6785 0.2854, -0.5284 0.6825 0.2789, -0.5051 0.6721 0.2914, -0.5018 0.6706 0.2928, -0.494 0.667 0.294, -0.4923 0.6663 0.2942, -0.511 0.7165 0.2721, -0.5351 0.7108 0.2644, -0.5327 0.7134 0.2645, -0.5392 0.7199 0.2504, -0.5447 0.7193 0.2427, -0.5472 0.7159 0.2425, -0.5445 0.7137 0.2501, -0.5467 0.7104 0.2497, -0.5486 0.7069 0.2492, -0.5413 0.7024 0.263, -0.5372 0.6892 0.271, -0.5358 0.6918 0.2721, -0.5445 0.6962 0.2612, -0.489 0.6697 0.2953, -0.4873 0.6714 0.2952, -0.5386 0.7254 0.2427, -0.5418 0.7225 0.2428, -0.5352 0.7279 0.2425, -0.5278 0.7321 0.2418, -0.5199 0.7349 0.2406, -0.5188 0.7323 0.2477, -0.533 0.7252 0.2501, -0.5261 0.7293 0.2492, -0.5155 0.7252 0.2612, -0.5134 0.721 0.2669, -0.5167 0.6974 0.283, -0.5132 0.7007 0.2828, -0.5206 0.7098 0.2747, -0.516 0.7134 0.2737, -0.5242 0.714 0.2698, -0.519 0.7178 0.2687, -0.5274 0.718 0.2641, -0.5217 0.722 0.263, -0.5303 0.7218 0.2575, -0.524 0.7259 0.2564, -0.5173 0.729 0.2547, -0.5025 0.6934 0.2883, -0.4998 0.6958 0.2875, -0.5058 0.7066 0.2808, -0.4951 0.6826 0.2926, -0.5231 0.6903 0.282, -0.5127 0.6832 0.2883, -0.52 0.6939 0.2828, -0.5103 0.6859 0.2887, -0.5078 0.6885 0.2889, -0.5151 0.6805 0.2875, -0.4985 0.6793 0.2929, -0.5019 0.6758 0.2926, -0.5052 0.691 0.2887, -0.5096 0.7038 0.282, -0.5525 0.6957 0.2468, -0.5541 0.7006 0.2406, -0.5514 0.7085 0.2418, -0.5515 0.6995 0.2477, -0.5457 0.6931 0.26, -0.5259 0.6865 0.2808, -0.5394 0.7053 0.2637, -0.5327 0.6967 0.2737, -0.5309 0.699 0.2743, -0.5291 0.7014 0.2747, -0.5271 0.7036 0.2749, -0.525 0.7057 0.275, -0.529 0.7097 0.2701, -0.5373 0.7081 0.2641, -0.5343 0.6942 0.273, -0.543 0.6993 0.2622, -0.5502 0.7032 0.2485
            ]
        }
        coordIndex [
            0,1,2,-1,3,4,5,-1,6,7,8,-1,9,10,11,-1,12,13,14,-1,15,16,17,-1,18,19,20,-1,21,22,23,-1,24,25,26,-1,26,25,27,-1,26,27,28,-1,28,27,29,-1,28,29,30,-1,31,32,23,-1,23,32,33,-1,23,33,21,-1,25,32,27,-1,27,32,31,-1,27,31,34,-1,34,31,35,-1,34,35,36,-1,26,37,24,-1,24,37,38,-1,24,38,39,-1,30,29,40,-1,40,29,41,-1,40,41,42,-1,43,44,45,-1,45,44,46,-1,46,44,47,-1,46,47,48,-1,48,47,49,-1,48,49,50,-1,51,52,45,-1,43,45,53,-1,53,45,52,-1,53,52,54,-1,55,51,56,-1,56,57,55,-1,55,57,50,-1,55,50,58,-1,58,50,49,-1,59,41,60,-1,60,41,61,-1,35,62,36,-1,36,62,42,-1,36,42,20,-1,20,42,41,-1,20,41,63,-1,63,41,59,-1,18,20,64,-1,63,65,66,-1,67,68,69,-1,66,70,63,-1,63,70,71,-1,63,71,20,-1,20,71,72,-1,20,72,64,-1,73,74,63,-1,63,74,75,-1,75,76,63,-1,63,76,77,-1,63,77,78,-1,79,80,63,-1,63,80,81,-1,63,81,65,-1,73,63,69,-1,69,63,82,-1,69,82,67,-1,68,83,69,-1,69,83,84,-1,69,84,85,-1,78,86,63,-1,63,86,87,-1,63,87,79,-1,88,89,90,-1,90,89,91,-1,90,91,61,-1,15,17,92,-1,93,94,17,-1,17,94,95,-1,17,95,92,-1,96,97,17,-1,17,97,98,-1,17,98,93,-1,99,100,101,-1,101,100,102,-1,101,102,96,-1,96,102,103,-1,96,103,97,-1,104,105,106,-1,105,107,106,-1,106,107,108,-1,106,108,109,-1,104,106,110,-1,110,106,111,-1,110,111,112,-1,112,111,113,-1,113,111,114,-1,113,114,19,-1,115,116,48,-1,48,116,117,-1,46,118,119,-1,117,120,48,-1,48,120,121,-1,48,121,122,-1,123,124,125,-1,125,124,46,-1,125,46,126,-1,126,46,119,-1,122,127,48,-1,48,127,128,-1,48,128,46,-1,46,128,129,-1,46,129,118,-1,27,130,115,-1,115,130,131,-1,115,131,116,-1,123,132,124,-1,124,132,133,-1,124,133,34,-1,34,133,134,-1,34,134,27,-1,27,134,135,-1,27,135,130,-1,136,137,138,-1,139,140,141,-1,141,140,142,-1,136,138,143,-1,144,145,146,-1,139,147,140,-1,140,147,148,-1,140,148,149,-1,149,148,150,-1,151,152,150,-1,150,152,153,-1,150,153,149,-1,145,154,146,-1,146,154,155,-1,146,155,156,-1,157,158,138,-1,138,158,159,-1,138,159,143,-1,142,111,160,-1,160,111,146,-1,160,146,161,-1,161,146,156,-1,162,163,111,-1,164,165,166,-1,166,165,167,-1,166,167,168,-1,168,167,169,-1,168,169,170,-1,142,140,111,-1,111,140,171,-1,111,171,162,-1,172,173,174,-1,174,173,175,-1,174,175,170,-1,170,175,176,-1,170,176,168,-1,177,178,150,-1,150,178,179,-1,150,179,180,-1,181,182,183,-1,183,182,184,-1,183,184,185,-1,163,186,111,-1,111,186,187,-1,111,187,172,-1,180,188,150,-1,150,188,189,-1,150,189,151,-1,137,190,191,-1,191,190,192,-1,192,190,193,-1,192,193,194,-1,195,196,197,-1,197,196,198,-1,197,198,45,-1,45,199,200,-1,198,201,45,-1,45,201,202,-1,45,202,199,-1,51,45,56,-1,56,45,200,-1,56,200,203,-1,203,200,204,-1,203,204,205,-1,206,207,208,-1,206,208,209,-1,204,210,205,-1,205,210,211,-1,205,211,212,-1,202,213,199,-1,199,213,214,-1,199,214,208,-1,208,214,215,-1,208,215,209,-1,216,217,218,-1,218,217,212,-1,218,212,219,-1,219,212,211,-1,219,211,220,-1,220,211,221,-1,222,223,218,-1,218,223,224,-1,218,224,216,-1,207,225,208,-1,208,225,226,-1,208,226,218,-1,218,226,227,-1,218,227,222,-1,228,229,230,-1,231,232,233,-1,233,232,234,-1,233,234,235,-1,235,234,228,-1,235,228,236,-1,236,228,230,-1,237,238,11,-1,11,239,237,-1,237,239,240,-1,237,240,241,-1,242,243,239,-1,239,243,244,-1,239,244,240,-1,245,246,247,-1,239,248,249,-1,250,251,252,-1,252,251,253,-1,252,253,245,-1,245,253,254,-1,245,254,246,-1,249,255,239,-1,239,255,256,-1,239,256,242,-1,257,258,259,-1,257,259,13,-1,258,260,259,-1,259,260,261,-1,259,261,252,-1,252,261,262,-1,252,262,250,-1,263,264,265,-1,266,267,265,-1,268,269,114,-1,11,270,271,-1,172,174,111,-1,111,174,272,-1,111,272,114,-1,114,272,273,-1,114,273,268,-1,274,275,11,-1,11,275,276,-1,11,276,270,-1,269,277,114,-1,114,277,278,-1,114,278,263,-1,263,278,279,-1,263,279,264,-1,267,274,265,-1,265,274,11,-1,265,11,263,-1,263,11,238,-1,263,238,232,-1,232,238,280,-1,232,280,234,-1,271,281,11,-1,11,281,282,-1,11,282,9,-1,283,284,285,-1,285,284,286,-1,285,286,287,-1,285,288,283,-1,283,288,289,-1,283,289,290,-1,290,291,283,-1,283,291,292,-1,283,292,293,-1,293,292,294,-1,293,294,295,-1,295,294,296,-1,295,296,265,-1,265,296,297,-1,265,297,266,-1,298,299,287,-1,287,299,300,-1,287,300,285,-1,301,302,185,-1,185,302,303,-1,185,303,183,-1,301,304,302,-1,302,304,305,-1,302,305,306,-1,306,305,307,-1,306,308,309,-1,307,310,306,-1,306,310,311,-1,306,311,312,-1,312,313,306,-1,306,313,314,-1,306,314,308,-1,309,315,306,-1,306,315,316,-1,306,316,317,-1,181,164,182,-1,182,164,166,-1,182,166,318,-1,318,166,319,-1,318,319,320,-1,320,319,321,-1,320,321,322,-1,322,321,323,-1,324,323,191,-1,191,323,321,-1,191,321,137,-1,137,321,319,-1,137,319,138,-1,324,191,10,-1,10,191,245,-1,10,245,11,-1,11,245,247,-1,11,247,239,-1,239,247,325,-1,239,325,248,-1,326,327,328,-1,328,327,329,-1,328,329,330,-1,331,332,329,-1,329,332,333,-1,329,333,334,-1,334,335,329,-1,329,335,336,-1,329,336,330,-1,337,331,338,-1,337,338,339,-1,339,338,340,-1,340,338,341,-1,340,341,342,-1,342,341,343,-1,343,341,344,-1,343,344,345,-1,8,7,344,-1,344,7,346,-1,344,346,347,-1,344,348,345,-1,345,348,349,-1,345,349,350,-1,350,349,351,-1,350,351,352,-1,347,353,344,-1,344,353,354,-1,344,354,348,-1,355,356,8,-1,8,356,357,-1,8,357,6,-1,358,359,360,-1,358,360,361,-1,359,362,360,-1,360,362,363,-1,360,363,355,-1,355,363,364,-1,355,364,356,-1,365,361,366,-1,366,361,360,-1,366,360,367,-1,367,360,368,-1,369,370,371,-1,371,370,372,-1,371,372,373,-1,372,374,373,-1,373,374,375,-1,373,375,376,-1,376,375,377,-1,376,377,360,-1,360,377,378,-1,360,378,368,-1,379,380,381,-1,381,380,382,-1,382,383,381,-1,381,383,384,-1,381,384,369,-1,385,386,387,-1,388,389,390,-1,391,392,393,-1,388,390,394,-1,389,395,390,-1,390,395,396,-1,390,396,397,-1,385,387,393,-1,393,387,398,-1,393,398,391,-1,399,400,401,-1,401,400,402,-1,401,402,390,-1,390,402,403,-1,390,403,394,-1,390,404,405,-1,406,407,379,-1,379,407,408,-1,379,408,409,-1,409,410,379,-1,379,410,411,-1,379,411,412,-1,412,411,399,-1,412,399,413,-1,413,399,401,-1,392,414,393,-1,393,414,415,-1,393,415,379,-1,379,415,416,-1,379,416,406,-1,397,417,390,-1,390,417,418,-1,390,418,419,-1,419,420,390,-1,390,420,421,-1,390,421,404,-1,422,423,424,-1,422,424,425,-1,405,426,390,-1,390,426,427,-1,390,427,428,-1,428,427,429,-1,428,429,430,-1,431,432,433,-1,433,432,434,-1,433,434,435,-1,436,437,438,-1,438,437,433,-1,438,433,439,-1,439,433,435,-1,428,440,441,-1,430,442,428,-1,428,442,443,-1,428,443,440,-1,444,445,446,-1,446,445,428,-1,446,428,447,-1,447,428,441,-1,444,424,445,-1,445,424,423,-1,445,423,5,-1,5,423,448,-1,5,448,3,-1,449,450,436,-1,436,450,451,-1,436,451,437,-1,449,452,450,-1,450,452,453,-1,450,453,454,-1,455,456,457,-1,456,458,457,-1,457,458,459,-1,457,459,460,-1,432,457,461,-1,431,425,432,-1,432,425,424,-1,432,424,457,-1,457,424,462,-1,457,462,455,-1,461,463,432,-1,432,463,464,-1,432,464,465,-1,460,459,466,-1,466,459,467,-1,466,467,468,-1,468,467,469,-1,468,469,470,-1,471,472,465,-1,465,472,473,-1,465,473,432,-1,326,474,327,-1,327,474,475,-1,327,475,385,-1,385,475,476,-1,385,476,386,-1,477,478,479,-1,480,481,212,-1,212,481,482,-1,217,195,212,-1,212,195,197,-1,212,197,480,-1,480,197,483,-1,480,483,479,-1,479,483,484,-1,479,484,477,-1,485,486,487,-1,488,485,489,-1,489,485,487,-1,489,487,197,-1,197,487,490,-1,197,490,483,-1,491,492,231,-1,231,492,493,-1,481,494,482,-1,482,494,491,-1,482,491,14,-1,14,491,231,-1,14,231,12,-1,12,231,233,-1,495,496,497,-1,497,496,498,-1,499,500,501,-1,501,500,502,-1,498,501,497,-1,497,501,502,-1,497,502,503,-1,503,502,504,-1,503,504,505,-1,506,327,507,-1,507,327,385,-1,507,385,505,-1,505,385,393,-1,505,393,503,-1,508,495,509,-1,509,495,497,-1,509,497,510,-1,510,497,101,-1,510,101,506,-1,61,41,90,-1,90,41,29,-1,90,29,511,-1,511,29,27,-1,511,27,512,-1,512,27,115,-1,512,115,513,-1,513,115,48,-1,513,48,514,-1,514,48,50,-1,514,50,515,-1,515,50,57,-1,515,57,516,-1,331,329,338,-1,338,329,96,-1,338,96,517,-1,517,96,17,-1,517,17,88,-1,88,17,16,-1,88,16,89,-1,506,101,327,-1,327,101,518,-1,327,518,329,-1,518,519,329,-1,329,519,0,-1,329,0,96,-1,96,0,2,-1,96,2,101,-1,101,2,520,-1,101,520,518,-1,19,114,20,-1,20,114,263,-1,20,263,36,-1,36,263,232,-1,36,232,34,-1,34,232,231,-1,34,231,124,-1,124,231,493,-1,124,493,46,-1,46,493,521,-1,46,521,45,-1,45,521,522,-1,45,522,197,-1,197,522,523,-1,197,523,489,-1,489,523,524,-1,489,524,488,-1,109,99,106,-1,106,99,101,-1,106,101,111,-1,111,101,497,-1,111,497,146,-1,146,497,503,-1,13,259,14,-1,14,259,525,-1,14,525,482,-1,482,525,526,-1,482,526,212,-1,212,526,527,-1,212,527,205,-1,379,381,393,-1,393,381,528,-1,393,528,503,-1,503,528,192,-1,503,192,146,-1,146,192,194,-1,146,194,144,-1,341,529,344,-1,344,529,530,-1,344,530,8,-1,8,530,531,-1,8,531,355,-1,355,531,532,-1,355,532,360,-1,360,532,533,-1,360,533,376,-1,376,533,534,-1,369,371,381,-1,381,371,535,-1,381,535,528,-1,528,535,536,-1,528,536,192,-1,192,536,537,-1,192,537,191,-1,191,537,538,-1,191,538,245,-1,245,538,539,-1,245,539,252,-1,252,539,540,-1,252,540,259,-1,259,540,541,-1,259,541,525,-1,525,541,542,-1,525,542,526,-1,526,542,543,-1,526,543,527,-1,544,545,546,-1,545,547,546,-1,546,547,548,-1,546,548,549,-1,534,550,551,-1,551,552,534,-1,534,552,553,-1,534,553,376,-1,376,553,554,-1,376,554,555,-1,556,557,373,-1,373,557,558,-1,373,558,559,-1,559,560,373,-1,373,560,561,-1,373,561,546,-1,546,561,562,-1,546,562,544,-1,549,563,546,-1,546,563,564,-1,546,564,534,-1,534,564,565,-1,534,565,550,-1,555,566,376,-1,376,566,567,-1,376,567,373,-1,373,567,568,-1,373,568,556,-1,569,570,571,-1,571,570,572,-1,573,574,575,-1,575,574,576,-1,577,578,579,-1,579,578,580,-1,581,582,583,-1,583,582,584,-1,585,586,587,-1,587,586,588,-1,589,590,591,-1,591,590,592,-1,593,594,595,-1,595,594,596,-1,597,598,599,-1,599,598,600,-1,601,602,603,-1,603,602,604,-1,605,606,607,-1,607,606,608,-1,589,609,590,-1,590,609,610,-1,611,590,612,-1,612,590,610,-1,612,610,613,-1,613,610,614,-1,585,587,615,-1,615,587,616,-1,617,600,618,-1,618,600,598,-1,618,598,619,-1,615,620,585,-1,585,620,618,-1,585,618,621,-1,621,618,622,-1,619,623,618,-1,618,623,624,-1,618,624,622,-1,593,625,594,-1,594,625,626,-1,627,594,628,-1,628,594,626,-1,628,626,629,-1,629,626,630,-1,605,607,631,-1,632,633,634,-1,634,635,636,-1,637,582,581,-1,638,639,640,-1,638,641,642,-1,578,577,642,-1,642,577,643,-1,642,643,638,-1,581,641,637,-1,637,641,638,-1,637,638,634,-1,634,638,640,-1,634,640,635,-1,635,640,644,-1,574,573,645,-1,645,573,646,-1,605,631,647,-1,636,648,634,-1,634,648,649,-1,634,649,650,-1,650,651,634,-1,634,651,652,-1,634,652,632,-1,653,654,655,-1,643,645,638,-1,638,645,646,-1,638,646,655,-1,655,646,631,-1,655,631,653,-1,653,631,607,-1,653,607,656,-1,571,572,631,-1,631,572,657,-1,631,657,658,-1,658,659,631,-1,631,659,660,-1,631,660,647,-1,604,661,603,-1,603,661,662,-1,663,603,664,-1,664,603,662,-1,664,662,665,-1,665,662,666,-1,606,605,667,-1,667,605,647,-1,667,647,668,-1,668,647,669,-1,669,647,660,-1,669,660,670,-1,670,660,671,-1,671,660,659,-1,671,659,672,-1,672,659,673,-1,673,659,658,-1,673,658,674,-1,674,658,675,-1,675,658,657,-1,675,657,676,-1,676,657,677,-1,677,657,572,-1,677,572,570,-1,633,632,678,-1,678,632,679,-1,679,632,680,-1,680,632,652,-1,680,652,681,-1,681,652,682,-1,682,652,651,-1,682,651,683,-1,683,651,684,-1,684,651,650,-1,684,650,685,-1,685,650,686,-1,686,650,649,-1,686,649,687,-1,687,649,688,-1,688,649,648,-1,688,648,689,-1,689,648,690,-1,690,648,636,-1,690,636,691,-1,692,691,635,-1,635,691,636,-1,586,585,693,-1,693,585,621,-1,693,621,694,-1,694,621,695,-1,695,621,622,-1,695,622,696,-1,696,622,697,-1,697,622,624,-1,697,624,698,-1,698,624,699,-1,699,624,623,-1,699,623,700,-1,700,623,701,-1,701,623,619,-1,701,619,702,-1,702,619,703,-1,703,619,598,-1,703,598,597,-1,704,705,706,-1,706,705,707,-1,707,705,708,-1,708,705,709,-1,708,709,710,-1,710,709,711,-1,711,709,712,-1,711,712,713,-1,713,712,714,-1,714,712,715,-1,714,715,716,-1,716,715,717,-1,717,715,718,-1,717,718,719,-1,719,718,720,-1,720,718,721,-1,720,721,722,-1,722,721,723,-1,723,721,724,-1,723,724,725,-1,726,725,727,-1,727,725,724,-1,718,715,728,-1,728,715,712,-1,704,729,705,-1,705,729,728,-1,705,728,709,-1,709,728,712,-1,730,727,731,-1,731,727,724,-1,731,724,732,-1,732,724,728,-1,728,724,721,-1,728,721,718,-1,733,734,669,-1,669,734,735,-1,669,735,668,-1,668,735,736,-1,668,736,667,-1,667,736,737,-1,667,737,606,-1,606,737,738,-1,671,739,670,-1,670,739,740,-1,670,740,669,-1,669,740,741,-1,669,741,733,-1,742,743,672,-1,672,743,744,-1,672,744,671,-1,671,744,745,-1,671,745,739,-1,675,746,674,-1,674,746,747,-1,674,747,673,-1,747,748,673,-1,673,748,749,-1,673,749,672,-1,672,749,750,-1,672,750,742,-1,751,752,675,-1,675,752,753,-1,675,753,746,-1,751,675,754,-1,754,675,676,-1,754,676,755,-1,755,676,677,-1,755,677,756,-1,756,677,570,-1,756,570,757,-1,570,569,757,-1,757,569,575,-1,575,576,757,-1,757,576,579,-1,757,579,758,-1,758,579,580,-1,758,580,583,-1,583,584,758,-1,758,584,678,-1,758,678,679,-1,758,679,759,-1,759,679,680,-1,759,680,760,-1,760,680,761,-1,761,680,681,-1,761,681,762,-1,762,681,682,-1,762,682,763,-1,684,764,683,-1,683,764,765,-1,683,765,682,-1,682,765,766,-1,682,766,763,-1,685,767,768,-1,768,769,685,-1,685,769,770,-1,685,770,684,-1,684,770,771,-1,684,771,764,-1,767,685,772,-1,772,685,686,-1,772,686,773,-1,773,686,687,-1,773,687,774,-1,774,687,775,-1,775,687,688,-1,775,688,776,-1,776,688,777,-1,777,688,689,-1,777,689,778,-1,778,689,779,-1,779,689,690,-1,779,690,780,-1,780,690,781,-1,781,690,691,-1,781,691,782,-1,782,691,692,-1,782,692,783,-1,783,692,588,-1,783,588,586,-1,783,586,784,-1,784,586,693,-1,784,693,785,-1,785,693,786,-1,786,693,694,-1,786,694,787,-1,787,694,695,-1,787,695,788,-1,697,789,696,-1,696,789,790,-1,696,790,695,-1,695,790,791,-1,695,791,788,-1,792,793,698,-1,698,793,794,-1,698,794,697,-1,697,794,795,-1,697,795,789,-1,701,796,700,-1,700,796,797,-1,700,797,699,-1,797,798,699,-1,699,798,799,-1,699,799,698,-1,698,799,800,-1,698,800,792,-1,801,802,701,-1,701,802,803,-1,701,803,796,-1,801,701,804,-1,804,701,702,-1,804,702,805,-1,805,702,703,-1,805,703,806,-1,806,703,597,-1,806,597,807,-1,595,807,599,-1,599,807,597,-1,595,596,807,-1,807,596,591,-1,807,591,808,-1,808,591,592,-1,808,592,602,-1,602,601,808,-1,808,601,706,-1,808,706,707,-1,808,707,809,-1,809,707,708,-1,809,708,810,-1,810,708,811,-1,811,708,710,-1,811,710,812,-1,812,710,711,-1,812,711,813,-1,714,814,713,-1,713,814,815,-1,713,815,711,-1,711,815,816,-1,711,816,813,-1,817,716,818,-1,818,716,717,-1,817,819,716,-1,716,819,820,-1,716,820,714,-1,714,820,821,-1,714,821,814,-1,719,822,717,-1,717,822,823,-1,717,823,818,-1,824,825,720,-1,720,825,826,-1,720,826,719,-1,719,826,827,-1,719,827,822,-1,824,720,828,-1,828,720,722,-1,828,722,829,-1,829,722,723,-1,829,723,830,-1,830,723,831,-1,831,723,725,-1,831,725,832,-1,608,606,738,-1,608,738,726,-1,726,738,832,-1,726,832,725,-1,833,834,835,-1,836,837,838,-1,839,840,841,-1,842,543,843,-1,844,845,846,-1,847,770,769,-1,847,769,848,-1,770,847,771,-1,771,847,849,-1,771,849,764,-1,764,849,765,-1,765,849,850,-1,765,850,766,-1,846,762,850,-1,850,762,763,-1,850,763,766,-1,758,759,845,-1,845,759,760,-1,845,760,846,-1,846,760,761,-1,846,761,762,-1,851,852,853,-1,848,835,847,-1,847,835,854,-1,847,854,849,-1,849,854,855,-1,849,855,850,-1,850,855,856,-1,850,856,846,-1,846,856,857,-1,846,857,844,-1,858,859,860,-1,860,859,861,-1,860,861,862,-1,863,864,865,-1,865,864,866,-1,865,866,867,-1,867,866,868,-1,867,868,869,-1,869,868,870,-1,869,870,871,-1,871,870,872,-1,858,873,859,-1,859,873,874,-1,859,874,875,-1,875,874,876,-1,875,876,851,-1,851,876,877,-1,851,877,852,-1,878,879,880,-1,881,882,883,-1,883,882,843,-1,883,843,884,-1,881,885,882,-1,882,885,886,-1,882,886,878,-1,878,886,887,-1,878,887,879,-1,879,887,888,-1,879,888,880,-1,889,890,891,-1,891,890,892,-1,891,892,893,-1,894,895,863,-1,863,895,896,-1,863,896,864,-1,893,897,891,-1,891,897,898,-1,891,898,889,-1,889,898,899,-1,889,899,900,-1,900,899,901,-1,900,901,902,-1,851,872,875,-1,875,872,870,-1,875,870,859,-1,859,870,868,-1,859,868,861,-1,861,868,866,-1,861,866,903,-1,903,866,864,-1,903,864,904,-1,904,864,896,-1,904,896,905,-1,905,896,895,-1,906,907,908,-1,908,907,909,-1,908,909,910,-1,782,906,781,-1,781,906,908,-1,781,908,780,-1,780,908,911,-1,780,911,779,-1,779,911,778,-1,910,912,908,-1,908,912,913,-1,908,913,911,-1,911,913,914,-1,911,914,778,-1,778,914,777,-1,915,916,917,-1,910,918,912,-1,912,918,919,-1,912,919,915,-1,838,837,920,-1,920,837,921,-1,920,921,922,-1,922,921,923,-1,922,923,917,-1,924,925,892,-1,892,925,926,-1,892,926,893,-1,840,775,914,-1,914,775,776,-1,914,776,777,-1,836,927,837,-1,837,927,928,-1,837,928,921,-1,921,928,929,-1,921,929,923,-1,839,773,840,-1,840,773,774,-1,840,774,775,-1,768,767,839,-1,839,767,772,-1,839,772,773,-1,930,931,833,-1,931,932,833,-1,833,932,933,-1,833,933,834,-1,934,890,894,-1,894,890,889,-1,894,889,895,-1,895,889,900,-1,895,900,905,-1,905,900,902,-1,905,902,842,-1,842,902,935,-1,842,935,936,-1,769,768,848,-1,848,768,839,-1,848,839,835,-1,835,839,841,-1,835,841,833,-1,833,841,937,-1,833,937,930,-1,916,938,917,-1,917,938,924,-1,917,924,922,-1,922,924,892,-1,922,892,920,-1,920,892,890,-1,920,890,838,-1,838,890,934,-1,838,934,836,-1,543,939,843,-1,843,939,940,-1,843,940,884,-1,888,941,880,-1,880,941,942,-1,880,942,943,-1,842,843,905,-1,905,843,882,-1,905,882,904,-1,904,882,878,-1,904,878,903,-1,903,878,880,-1,903,880,861,-1,861,880,943,-1,861,943,862,-1,936,944,842,-1,842,944,543,-1,915,917,912,-1,912,917,923,-1,912,923,913,-1,913,923,929,-1,913,929,914,-1,914,929,928,-1,914,928,840,-1,840,928,927,-1,840,927,841,-1,841,927,836,-1,841,836,937,-1,937,836,934,-1,937,934,930,-1,930,934,894,-1,930,894,931,-1,931,894,863,-1,931,863,932,-1,932,863,865,-1,932,865,933,-1,933,865,867,-1,933,867,834,-1,834,867,869,-1,834,869,835,-1,835,869,871,-1,835,871,854,-1,854,871,872,-1,854,872,855,-1,855,872,851,-1,855,851,856,-1,856,851,853,-1,856,853,857,-1,910,909,945,-1,516,543,946,-1,946,543,944,-1,946,944,947,-1,944,936,947,-1,947,936,935,-1,947,935,948,-1,948,935,902,-1,948,902,949,-1,902,901,949,-1,949,901,899,-1,949,899,950,-1,950,899,951,-1,952,897,893,-1,897,952,898,-1,898,952,953,-1,898,953,899,-1,899,953,954,-1,899,954,951,-1,893,926,952,-1,952,926,925,-1,952,925,955,-1,955,925,924,-1,955,924,956,-1,956,924,938,-1,956,938,957,-1,957,938,958,-1,938,916,958,-1,958,916,915,-1,958,915,959,-1,959,915,919,-1,959,919,960,-1,960,919,945,-1,945,919,918,-1,945,918,910,-1,782,783,961,-1,907,962,909,-1,909,962,963,-1,909,963,945,-1,961,964,782,-1,782,964,962,-1,782,962,906,-1,906,962,907,-1,757,758,965,-1,965,758,845,-1,966,853,852,-1,845,844,965,-1,965,844,857,-1,965,857,967,-1,967,857,853,-1,967,853,968,-1,968,853,966,-1,858,860,873,-1,873,860,969,-1,852,877,966,-1,966,877,876,-1,966,876,969,-1,969,876,874,-1,969,874,873,-1,970,971,943,-1,943,971,972,-1,943,972,862,-1,862,972,973,-1,862,973,860,-1,860,973,974,-1,860,974,969,-1,975,888,887,-1,975,887,976,-1,941,888,942,-1,942,888,975,-1,942,975,943,-1,943,975,977,-1,943,977,970,-1,887,886,976,-1,976,886,885,-1,976,885,978,-1,978,885,881,-1,978,881,979,-1,979,881,883,-1,979,883,980,-1,939,543,546,-1,980,883,981,-1,981,883,884,-1,981,884,546,-1,546,884,940,-1,546,940,939,-1,955,956,982,-1,983,984,985,-1,986,987,988,-1,989,990,991,-1,992,516,993,-1,994,794,793,-1,994,793,995,-1,794,994,795,-1,795,994,996,-1,795,996,789,-1,789,996,790,-1,790,996,997,-1,790,997,791,-1,998,787,997,-1,997,787,788,-1,997,788,791,-1,783,784,961,-1,961,784,785,-1,961,785,998,-1,998,785,786,-1,998,786,787,-1,999,962,964,-1,995,985,994,-1,994,985,1000,-1,994,1000,996,-1,996,1000,1001,-1,996,1001,997,-1,997,1001,999,-1,997,999,998,-1,998,999,964,-1,998,964,961,-1,1002,1003,958,-1,982,956,1003,-1,1003,956,957,-1,1003,957,958,-1,1004,1005,1006,-1,1006,1005,1007,-1,1006,1007,1008,-1,1008,1007,1009,-1,1008,1009,1010,-1,1010,1009,1011,-1,1010,1011,1012,-1,1012,1011,1013,-1,958,959,1002,-1,1002,959,960,-1,1002,960,1014,-1,1014,960,945,-1,1014,945,963,-1,1015,1016,1017,-1,516,946,993,-1,993,946,947,-1,993,947,1018,-1,947,948,1018,-1,1018,948,949,-1,1018,949,1015,-1,1015,949,950,-1,1015,950,1016,-1,1019,1020,1021,-1,1021,1020,1022,-1,1021,1022,1023,-1,1024,1025,1004,-1,1004,1025,1026,-1,1004,1026,1005,-1,1023,1027,1021,-1,1021,1027,1028,-1,1021,1028,1019,-1,1019,1028,1029,-1,1019,1029,1030,-1,1030,1029,1031,-1,1030,1031,1032,-1,1014,1013,1002,-1,1002,1013,1011,-1,1002,1011,1003,-1,1003,1011,1009,-1,1003,1009,982,-1,982,1009,1007,-1,982,1007,1033,-1,1033,1007,1005,-1,1033,1005,1034,-1,1034,1005,1026,-1,1034,1026,1035,-1,1035,1026,1025,-1,1036,1037,1038,-1,1038,1037,1039,-1,1038,1039,1040,-1,807,1036,806,-1,806,1036,1038,-1,806,1038,805,-1,805,1038,1041,-1,805,1041,804,-1,804,1041,801,-1,1040,1042,1038,-1,1038,1042,1043,-1,1038,1043,1041,-1,1041,1043,1044,-1,1041,1044,801,-1,801,1044,802,-1,1045,1046,1047,-1,1040,1048,1042,-1,1042,1048,1049,-1,1042,1049,1045,-1,988,987,1050,-1,1050,987,1051,-1,1050,1051,1052,-1,1052,1051,1053,-1,1052,1053,1047,-1,1054,1055,1022,-1,1022,1055,1056,-1,1022,1056,1023,-1,990,796,1044,-1,1044,796,803,-1,1044,803,802,-1,986,1057,987,-1,987,1057,1058,-1,987,1058,1051,-1,1051,1058,1059,-1,1051,1059,1053,-1,989,798,990,-1,990,798,797,-1,990,797,796,-1,792,800,989,-1,989,800,799,-1,989,799,798,-1,1060,1061,983,-1,1061,1062,983,-1,983,1062,1063,-1,983,1063,984,-1,1064,1020,1024,-1,1024,1020,1019,-1,1024,1019,1025,-1,1025,1019,1030,-1,1025,1030,1035,-1,1035,1030,1032,-1,1035,1032,992,-1,992,1032,1065,-1,992,1065,1066,-1,793,792,995,-1,995,792,989,-1,995,989,985,-1,985,989,991,-1,985,991,983,-1,983,991,1067,-1,983,1067,1060,-1,1046,1068,1047,-1,1047,1068,1054,-1,1047,1054,1052,-1,1052,1054,1022,-1,1052,1022,1050,-1,1050,1022,1020,-1,1050,1020,988,-1,988,1020,1064,-1,988,1064,986,-1,950,951,1016,-1,1016,951,954,-1,1016,954,1017,-1,1017,954,953,-1,1017,953,952,-1,992,993,1035,-1,1035,993,1018,-1,1035,1018,1034,-1,1034,1018,1015,-1,1034,1015,1033,-1,1033,1015,1017,-1,1033,1017,982,-1,982,1017,952,-1,982,952,955,-1,1066,1069,992,-1,992,1069,516,-1,1045,1047,1042,-1,1042,1047,1053,-1,1042,1053,1043,-1,1043,1053,1059,-1,1043,1059,1044,-1,1044,1059,1058,-1,1044,1058,990,-1,990,1058,1057,-1,990,1057,991,-1,991,1057,986,-1,991,986,1067,-1,1067,986,1064,-1,1067,1064,1060,-1,1060,1064,1024,-1,1060,1024,1061,-1,1061,1024,1004,-1,1061,1004,1062,-1,1062,1004,1006,-1,1062,1006,1063,-1,1063,1006,1008,-1,1063,1008,984,-1,984,1008,1010,-1,984,1010,985,-1,985,1010,1012,-1,985,1012,1000,-1,1000,1012,1013,-1,1000,1013,1001,-1,1001,1013,1014,-1,1001,1014,999,-1,999,1014,963,-1,999,963,962,-1,1070,1071,1072,-1,1073,1074,1075,-1,1076,1077,1078,-1,1079,1080,1081,-1,1082,546,1083,-1,1084,1085,1086,-1,1087,744,743,-1,1087,743,1088,-1,744,1087,745,-1,745,1087,1089,-1,745,1089,739,-1,739,1089,740,-1,740,1089,1090,-1,740,1090,741,-1,1086,734,1090,-1,1090,734,733,-1,1090,733,741,-1,738,737,1085,-1,1085,737,736,-1,1085,736,1086,-1,1086,736,735,-1,1086,735,734,-1,1091,1092,1093,-1,1088,1072,1087,-1,1087,1072,1094,-1,1087,1094,1089,-1,1089,1094,1095,-1,1089,1095,1090,-1,1090,1095,1096,-1,1090,1096,1086,-1,1086,1096,1097,-1,1086,1097,1084,-1,1098,1099,1100,-1,1100,1099,1101,-1,1100,1101,1102,-1,1103,1104,1105,-1,1105,1104,1106,-1,1105,1106,1107,-1,1107,1106,1108,-1,1107,1108,1109,-1,1109,1108,1110,-1,1109,1110,1111,-1,1111,1110,1112,-1,1098,1113,1099,-1,1099,1113,1114,-1,1099,1114,1115,-1,1115,1114,1116,-1,1115,1116,1091,-1,1091,1116,1117,-1,1091,1117,1092,-1,1118,1119,1120,-1,1121,1122,1123,-1,1123,1122,1083,-1,1123,1083,1124,-1,1121,1125,1122,-1,1122,1125,1126,-1,1122,1126,1118,-1,1118,1126,1127,-1,1118,1127,1119,-1,1119,1127,1128,-1,1119,1128,1120,-1,1129,1130,1131,-1,1131,1130,1132,-1,1131,1132,1103,-1,1103,1132,1133,-1,1103,1133,1104,-1,1134,975,976,-1,979,1135,1136,-1,1135,979,1082,-1,1082,979,980,-1,1082,980,981,-1,1130,1136,1132,-1,1132,1136,1135,-1,1132,1135,1133,-1,1133,1135,1137,-1,1133,1137,1104,-1,1104,1137,1138,-1,1104,1138,1106,-1,1106,1138,1101,-1,1106,1101,1108,-1,1108,1101,1099,-1,1108,1099,1110,-1,1110,1099,1115,-1,1110,1115,1112,-1,1112,1115,1091,-1,757,965,756,-1,756,965,1139,-1,756,1139,755,-1,755,1139,1140,-1,755,1140,754,-1,754,1140,751,-1,752,751,1141,-1,1141,751,1140,-1,1141,1140,1142,-1,1142,1140,1139,-1,1142,1139,1143,-1,969,974,1143,-1,965,967,1139,-1,1139,967,968,-1,1139,968,1143,-1,1143,968,966,-1,1143,966,969,-1,1144,1080,972,-1,972,1080,1079,-1,972,1079,973,-1,973,1079,974,-1,972,971,1144,-1,1144,971,970,-1,1144,970,1134,-1,1134,970,977,-1,1134,977,975,-1,1074,746,1141,-1,1141,746,753,-1,1141,753,752,-1,1073,748,1074,-1,1074,748,747,-1,1074,747,746,-1,742,750,1073,-1,1073,750,749,-1,1073,749,748,-1,1076,1078,1145,-1,1145,1078,1146,-1,1145,1146,1147,-1,1148,1149,1070,-1,1149,1150,1070,-1,1070,1150,1151,-1,1070,1151,1071,-1,743,742,1088,-1,1088,742,1073,-1,1088,1073,1072,-1,1072,1073,1075,-1,1072,1075,1070,-1,1070,1075,1152,-1,1070,1152,1148,-1,1131,1147,1129,-1,1129,1147,1146,-1,1129,1146,1153,-1,1153,1146,1078,-1,1153,1078,1154,-1,1154,1078,1077,-1,1154,1077,1155,-1,1155,1081,1154,-1,1154,1081,1080,-1,1154,1080,1153,-1,1153,1080,1144,-1,1153,1144,1129,-1,1129,1144,1134,-1,1129,1134,1130,-1,1130,1134,976,-1,1130,976,1136,-1,1136,976,978,-1,1136,978,979,-1,546,1156,1083,-1,1083,1156,1157,-1,1083,1157,1124,-1,1128,1158,1120,-1,1120,1158,1159,-1,1120,1159,1160,-1,1082,1083,1135,-1,1135,1083,1122,-1,1135,1122,1137,-1,1137,1122,1118,-1,1137,1118,1138,-1,1138,1118,1120,-1,1138,1120,1101,-1,1101,1120,1160,-1,1101,1160,1102,-1,981,546,1082,-1,974,1079,1143,-1,1143,1079,1081,-1,1143,1081,1142,-1,1142,1081,1155,-1,1142,1155,1141,-1,1141,1155,1077,-1,1141,1077,1074,-1,1074,1077,1076,-1,1074,1076,1075,-1,1075,1076,1145,-1,1075,1145,1152,-1,1152,1145,1147,-1,1152,1147,1148,-1,1148,1147,1131,-1,1148,1131,1149,-1,1149,1131,1103,-1,1149,1103,1150,-1,1150,1103,1105,-1,1150,1105,1151,-1,1151,1105,1107,-1,1151,1107,1071,-1,1071,1107,1109,-1,1071,1109,1072,-1,1072,1109,1111,-1,1072,1111,1094,-1,1094,1111,1112,-1,1094,1112,1095,-1,1095,1112,1091,-1,1095,1091,1096,-1,1096,1091,1093,-1,1096,1093,1097,-1,529,516,1161,-1,1161,516,1069,-1,1161,1069,1162,-1,1069,1066,1162,-1,1162,1066,1065,-1,1162,1065,1163,-1,1163,1065,1032,-1,1163,1032,1164,-1,1164,1032,1031,-1,1164,1031,1165,-1,1166,1167,1055,-1,1055,1167,1168,-1,1055,1168,1056,-1,1056,1168,1023,-1,1031,1029,1165,-1,1165,1029,1028,-1,1165,1028,1168,-1,1168,1028,1027,-1,1168,1027,1023,-1,1169,1170,1068,-1,1068,1170,1171,-1,1068,1171,1054,-1,1054,1171,1172,-1,1054,1172,1055,-1,1055,1172,1173,-1,1055,1173,1166,-1,1068,1046,1169,-1,1169,1046,1045,-1,1169,1045,1174,-1,1174,1045,1049,-1,1174,1049,1175,-1,1048,1176,1049,-1,1049,1176,1177,-1,1049,1177,1175,-1,1048,1040,1176,-1,1176,1040,1039,-1,1176,1039,1178,-1,1178,1039,1037,-1,1178,1037,1179,-1,1179,1037,1180,-1,1180,1037,808,-1,808,1037,1036,-1,808,1036,807,-1,832,738,1181,-1,1181,738,1085,-1,1085,1084,1181,-1,1181,1084,1097,-1,1181,1097,1182,-1,1182,1097,1093,-1,1182,1093,1092,-1,1092,1117,1182,-1,1182,1117,1116,-1,1182,1116,1183,-1,1183,1116,1184,-1,1184,1116,1185,-1,1185,1116,1114,-1,1185,1114,1186,-1,1098,1187,1113,-1,1113,1187,1188,-1,1113,1188,1114,-1,1114,1188,1189,-1,1114,1189,1186,-1,1098,1100,1187,-1,1187,1100,1102,-1,1187,1102,1160,-1,1159,1190,1160,-1,1160,1190,1191,-1,1191,1192,1160,-1,1160,1192,1193,-1,1160,1193,1187,-1,1159,1158,1190,-1,1190,1158,1128,-1,1190,1128,1127,-1,1127,1126,1190,-1,1190,1126,1125,-1,1190,1125,1194,-1,1194,1125,1121,-1,1194,1121,1195,-1,1195,1121,1123,-1,1195,1123,1196,-1,1156,546,529,-1,1196,1123,1197,-1,1197,1123,1124,-1,1197,1124,529,-1,529,1124,1157,-1,529,1157,1156,-1,1172,1171,1198,-1,1199,1200,1201,-1,1202,1203,1204,-1,1205,1206,1207,-1,1208,1209,1210,-1,1211,529,1212,-1,1213,820,819,-1,1213,819,1214,-1,820,1213,821,-1,821,1213,1215,-1,821,1215,814,-1,814,1215,815,-1,815,1215,1216,-1,815,1216,816,-1,1217,812,1216,-1,1216,812,813,-1,1216,813,816,-1,808,809,1180,-1,1180,809,810,-1,1180,810,1217,-1,1217,810,811,-1,1217,811,812,-1,1218,1178,1179,-1,1214,1201,1213,-1,1213,1201,1219,-1,1213,1219,1215,-1,1215,1219,1220,-1,1215,1220,1216,-1,1216,1220,1218,-1,1216,1218,1217,-1,1217,1218,1179,-1,1217,1179,1180,-1,1221,1222,1169,-1,1198,1171,1222,-1,1222,1171,1170,-1,1222,1170,1169,-1,1223,1224,1225,-1,1225,1224,1226,-1,1225,1226,1227,-1,1227,1226,1228,-1,1227,1228,1229,-1,1229,1228,1230,-1,1229,1230,1231,-1,1231,1230,1232,-1,1169,1174,1221,-1,1221,1174,1175,-1,1221,1175,1233,-1,1233,1175,1177,-1,1233,1177,1176,-1,1234,1235,1236,-1,529,1161,1212,-1,1212,1161,1162,-1,1212,1162,1237,-1,1162,1163,1237,-1,1237,1163,1164,-1,1237,1164,1234,-1,1234,1164,1165,-1,1234,1165,1235,-1,1238,1239,1240,-1,1240,1239,1241,-1,1240,1241,1223,-1,1223,1241,1242,-1,1223,1242,1224,-1,1243,1191,1190,-1,1195,1244,1245,-1,1244,1195,1211,-1,1211,1195,1196,-1,1211,1196,1197,-1,1239,1245,1241,-1,1241,1245,1244,-1,1241,1244,1242,-1,1242,1244,1246,-1,1242,1246,1224,-1,1224,1246,1247,-1,1224,1247,1226,-1,1226,1247,1198,-1,1226,1198,1228,-1,1228,1198,1222,-1,1228,1222,1230,-1,1230,1222,1221,-1,1230,1221,1232,-1,1232,1221,1233,-1,832,1181,831,-1,831,1181,1248,-1,831,1248,830,-1,830,1248,1249,-1,830,1249,829,-1,829,1249,828,-1,824,828,1250,-1,1250,828,1249,-1,1250,1249,1251,-1,1251,1249,1248,-1,1251,1248,1252,-1,1185,1186,1252,-1,1181,1182,1248,-1,1248,1182,1183,-1,1248,1183,1252,-1,1252,1183,1184,-1,1252,1184,1185,-1,1253,1209,1188,-1,1188,1209,1208,-1,1188,1208,1189,-1,1189,1208,1186,-1,1188,1187,1253,-1,1253,1187,1193,-1,1253,1193,1243,-1,1243,1193,1192,-1,1243,1192,1191,-1,1203,826,1250,-1,1250,826,825,-1,1250,825,824,-1,1202,822,1203,-1,1203,822,827,-1,1203,827,826,-1,817,818,1202,-1,1202,818,823,-1,1202,823,822,-1,1205,1207,1254,-1,1254,1207,1255,-1,1254,1255,1256,-1,1257,1258,1199,-1,1258,1259,1199,-1,1199,1259,1260,-1,1199,1260,1200,-1,819,817,1214,-1,1214,817,1202,-1,1214,1202,1201,-1,1201,1202,1204,-1,1201,1204,1199,-1,1199,1204,1261,-1,1199,1261,1257,-1,1240,1256,1238,-1,1238,1256,1255,-1,1238,1255,1262,-1,1262,1255,1207,-1,1262,1207,1263,-1,1263,1207,1206,-1,1263,1206,1264,-1,1264,1210,1263,-1,1263,1210,1209,-1,1263,1209,1262,-1,1262,1209,1253,-1,1262,1253,1238,-1,1238,1253,1243,-1,1238,1243,1239,-1,1239,1243,1190,-1,1239,1190,1245,-1,1245,1190,1194,-1,1245,1194,1195,-1,1165,1168,1235,-1,1235,1168,1167,-1,1235,1167,1236,-1,1236,1167,1166,-1,1236,1166,1173,-1,1211,1212,1244,-1,1244,1212,1237,-1,1244,1237,1246,-1,1246,1237,1234,-1,1246,1234,1247,-1,1247,1234,1236,-1,1247,1236,1198,-1,1198,1236,1173,-1,1198,1173,1172,-1,1197,529,1211,-1,1186,1208,1252,-1,1252,1208,1210,-1,1252,1210,1251,-1,1251,1210,1264,-1,1251,1264,1250,-1,1250,1264,1206,-1,1250,1206,1203,-1,1203,1206,1205,-1,1203,1205,1204,-1,1204,1205,1254,-1,1204,1254,1261,-1,1261,1254,1256,-1,1261,1256,1257,-1,1257,1256,1240,-1,1257,1240,1258,-1,1258,1240,1223,-1,1258,1223,1259,-1,1259,1223,1225,-1,1259,1225,1260,-1,1260,1225,1227,-1,1260,1227,1200,-1,1200,1227,1229,-1,1200,1229,1201,-1,1201,1229,1231,-1,1201,1231,1219,-1,1219,1231,1232,-1,1219,1232,1220,-1,1220,1232,1233,-1,1220,1233,1218,-1,1218,1233,1176,-1,1218,1176,1178,-1,
        ]
    }
}
Shape{
    appearance Appearance {
        material  Material 	{
            diffuseColor 0.6666666666666666 0.6666666666666666 0.6666666666666666
            specularColor 0.4666666666666667 0.4666666666666667 0.4666666666666667
            ambientIntensity 0.6667
            transparency 0.0
            shininess 0.5
        }
    }
    geometry IndexedFaceSet {
        ccw TRUE
        solid FALSE
        coord DEF co Coordinate {
            point [
                0.5098 0.1492 0.0098, 0.5098 0.1492 0.0, 0.5906 0.1492 0.0098, 0.6102 0.1492 0.0, 0.5906 0.1492 0.0598, 0.6102 0.1492 0.0598, 0.5906 0.2122 0.0598, 0.6102 0.2122 0.0598, 0.5906 0.2122 0.0098, 0.6102 0.2122 0.0, 0.5098 0.2122 0.0098, 0.5098 0.2122 0.0, 0.0689 0.6669 0.0, 0.0689 0.6669 0.0098, 0.0689 0.7713 0.0098, 0.0689 0.7713 0.0598, 0.0689 0.8303 0.0598, 0.0689 0.8303 0.0, -0.0689 0.6669 0.0098, -0.0689 0.6669 0.0, -0.0689 0.7713 0.0098, -0.0689 0.8303 0.0, -0.0689 0.7713 0.0598, -0.0689 0.8303 0.0598, 0.3248 0.6669 0.0, 0.3248 0.6669 0.0098, 0.3248 0.7713 0.0098, 0.3248 0.7713 0.0598, 0.3248 0.8303 0.0598, 0.3248 0.8303 0.0, 0.187 0.6669 0.0098, 0.187 0.6669 0.0, 0.187 0.7713 0.0098, 0.187 0.8303 0.0, 0.187 0.7713 0.0598, 0.187 0.8303 0.0598, 0.4429 0.6669 0.0098, 0.4429 0.6669 0.0, 0.4429 0.7713 0.0098, 0.4429 0.8303 0.0, 0.4429 0.7713 0.0598, 0.4429 0.8303 0.0598, -0.3248 0.6669 0.0098, -0.3248 0.6669 0.0, -0.3248 0.7713 0.0098, -0.3248 0.8303 0.0, -0.3248 0.7713 0.0598, -0.3248 0.8303 0.0598, -0.187 0.6669 0.0, -0.187 0.6669 0.0098, -0.187 0.7713 0.0098, -0.187 0.7713 0.0598, -0.187 0.8303 0.0598, -0.187 0.8303 0.0, -0.4429 0.6669 0.0, -0.4429 0.6669 0.0098, -0.4429 0.7713 0.0098, -0.4429 0.7713 0.0598, -0.4429 0.8303 0.0598, -0.4429 0.8303 0.0, -0.6102 0.2122 0.0598, -0.6102 0.1492 0.0598, -0.5906 0.2122 0.0598, -0.5906 0.1492 0.0598, -0.5098 0.2122 0.0098, -0.5098 0.2122 0.0, -0.5906 0.2122 0.0098, -0.6102 0.2122 0.0, -0.5906 0.1492 0.0098, -0.6102 0.1492 0.0, -0.5098 0.1492 0.0098, -0.5098 0.1492 0.0, -0.4823 0.2398 0.0, -0.4823 0.6669 0.0, 0.4823 -0.0417 0.0, -0.4823 -0.0417 0.0, -0.2067 0.6413 0.0, -0.4823 0.1217 0.0, -0.5098 0.1217 0.0, -0.0492 0.6669 0.0, -0.0492 0.6413 0.0, -0.5098 0.2398 0.0, -0.3051 0.6413 0.0, -0.3051 0.6669 0.0, -0.2067 0.6669 0.0, 0.4823 0.1217 0.0, 0.0492 0.6413 0.0, 0.0492 0.6669 0.0, 0.4823 0.2398 0.0, 0.5098 0.2398 0.0, 0.5098 0.1217 0.0, 0.2067 0.6413 0.0, 0.2067 0.6669 0.0, 0.3051 0.6413 0.0, 0.3051 0.6669 0.0, 0.4823 0.6669 0.0, -0.4823 0.6669 0.0098, -0.4823 0.2398 0.0098, -0.4823 0.1217 0.0098, -0.4823 -0.0417 0.0098, 0.4823 0.2398 0.0098, 0.4823 0.6669 0.0098, 0.4823 -0.0417 0.0098, 0.4823 0.1217 0.0098, 0.5098 0.2398 0.0098, 0.5098 0.1217 0.0098, 0.0492 0.6669 0.0098, -0.0492 0.6669 0.0098, -0.0492 0.6413 0.0098, 0.0492 0.6413 0.0098, 0.3051 0.6669 0.0098, 0.2067 0.6669 0.0098, 0.2067 0.6413 0.0098, 0.3051 0.6413 0.0098, -0.5098 0.2398 0.0098, -0.5098 0.1217 0.0098, -0.3051 0.6669 0.0098, -0.2067 0.6669 0.0098, -0.2067 0.6413 0.0098, -0.3051 0.6413 0.0098, 0.3248 -0.4689 0.0598, 0.4429 -0.4689 0.0598, 0.3248 -0.4098 0.0598, 0.4429 -0.4098 0.0598, 0.3248 -0.3114 0.0098, 0.3248 -0.3114 0.0, 0.3248 -0.4098 0.0098, 0.3248 -0.4689 0.0, 0.4429 -0.4689 0.0, 0.4429 -0.3114 0.0, 0.4429 -0.3114 0.0098, 0.4429 -0.4098 0.0098, 0.0689 -0.4689 0.0598, 0.187 -0.4689 0.0598, 0.0689 -0.4098 0.0598, 0.187 -0.4098 0.0598, 0.0689 -0.3114 0.0098, 0.0689 -0.3114 0.0, 0.0689 -0.4098 0.0098, 0.0689 -0.4689 0.0, 0.187 -0.4689 0.0, 0.187 -0.3114 0.0, 0.187 -0.3114 0.0098, 0.187 -0.4098 0.0098, -0.187 -0.4689 0.0598, -0.0689 -0.4689 0.0598, -0.187 -0.4098 0.0598, -0.0689 -0.4098 0.0598, -0.187 -0.3114 0.0098, -0.187 -0.3114 0.0, -0.187 -0.4098 0.0098, -0.187 -0.4689 0.0, -0.0689 -0.4689 0.0, -0.0689 -0.3114 0.0, -0.0689 -0.3114 0.0098, -0.0689 -0.4098 0.0098, -0.4429 -0.4689 0.0598, -0.3248 -0.4689 0.0598, -0.4429 -0.4098 0.0598, -0.3248 -0.4098 0.0598, -0.4429 -0.3114 0.0098, -0.4429 -0.3114 0.0, -0.4429 -0.4098 0.0098, -0.4429 -0.4689 0.0, -0.3248 -0.4689 0.0, -0.3248 -0.3114 0.0, -0.3248 -0.3114 0.0098, -0.3248 -0.4098 0.0098
            ]
        }
        coordIndex [
            0,1,2,-1,2,1,3,-1,2,3,4,-1,4,3,5,-1,6,7,8,-1,8,7,9,-1,8,9,10,-1,10,9,11,-1,12,13,14,-1,15,16,14,-1,14,16,17,-1,14,17,12,-1,18,19,20,-1,20,19,21,-1,20,21,22,-1,22,21,23,-1,24,25,26,-1,27,28,26,-1,26,28,29,-1,26,29,24,-1,30,31,32,-1,32,31,33,-1,32,33,34,-1,34,33,35,-1,36,37,38,-1,38,37,39,-1,38,39,40,-1,40,39,41,-1,42,43,44,-1,44,43,45,-1,44,45,46,-1,46,45,47,-1,48,49,50,-1,51,52,50,-1,50,52,53,-1,50,53,48,-1,54,55,56,-1,57,58,56,-1,56,58,59,-1,56,59,54,-1,5,7,4,-1,4,7,6,-1,41,28,40,-1,40,28,27,-1,35,16,34,-1,34,16,15,-1,23,52,22,-1,22,52,51,-1,47,58,46,-1,46,58,57,-1,60,61,62,-1,62,61,63,-1,64,65,66,-1,66,65,67,-1,66,67,62,-1,62,67,60,-1,63,61,68,-1,68,61,69,-1,68,69,70,-1,70,69,71,-1,72,73,54,-1,59,45,54,-1,54,45,43,-1,54,43,72,-1,74,75,76,-1,76,75,77,-1,76,77,78,-1,79,80,19,-1,19,80,48,-1,19,48,21,-1,21,48,53,-1,81,72,65,-1,65,72,71,-1,65,71,67,-1,67,71,69,-1,11,9,3,-1,78,71,76,-1,76,71,72,-1,76,72,82,-1,82,72,43,-1,82,43,83,-1,76,84,74,-1,74,84,48,-1,74,48,85,-1,85,48,80,-1,85,80,86,-1,17,33,12,-1,12,33,31,-1,86,87,12,-1,3,1,11,-1,11,1,88,-1,11,88,89,-1,90,85,1,-1,1,85,86,-1,1,86,88,-1,88,86,12,-1,88,12,91,-1,91,12,31,-1,91,31,92,-1,91,93,88,-1,88,93,94,-1,88,94,24,-1,95,88,37,-1,37,88,24,-1,37,24,39,-1,39,24,29,-1,58,47,59,-1,59,47,45,-1,96,73,97,-1,97,73,72,-1,98,77,99,-1,99,77,75,-1,29,28,39,-1,39,28,41,-1,17,16,33,-1,33,16,35,-1,100,88,101,-1,101,88,95,-1,99,75,102,-1,102,75,74,-1,102,74,103,-1,103,74,85,-1,23,21,52,-1,52,21,53,-1,89,88,104,-1,104,88,100,-1,103,85,105,-1,105,85,90,-1,90,1,105,-1,105,1,0,-1,7,5,9,-1,9,5,3,-1,11,89,10,-1,10,89,104,-1,12,87,13,-1,13,87,106,-1,79,19,107,-1,107,19,18,-1,80,79,108,-1,108,79,107,-1,86,80,109,-1,109,80,108,-1,106,87,109,-1,109,87,86,-1,24,94,25,-1,25,94,110,-1,92,31,111,-1,111,31,30,-1,91,92,112,-1,112,92,111,-1,93,91,113,-1,113,91,112,-1,110,94,113,-1,113,94,93,-1,95,37,101,-1,101,37,36,-1,97,72,114,-1,114,72,81,-1,114,81,64,-1,64,81,65,-1,61,60,69,-1,69,60,67,-1,70,71,115,-1,115,71,78,-1,78,77,115,-1,115,77,98,-1,83,43,116,-1,116,43,42,-1,48,84,49,-1,49,84,117,-1,84,76,117,-1,117,76,118,-1,76,82,118,-1,118,82,119,-1,119,82,116,-1,116,82,83,-1,55,54,96,-1,96,54,73,-1,120,121,122,-1,122,121,123,-1,124,125,126,-1,126,125,127,-1,126,127,122,-1,122,127,120,-1,121,120,128,-1,128,120,127,-1,129,130,131,-1,123,121,131,-1,131,121,128,-1,131,128,129,-1,130,129,124,-1,124,129,125,-1,129,128,125,-1,125,128,127,-1,132,133,134,-1,134,133,135,-1,136,137,138,-1,138,137,139,-1,138,139,134,-1,134,139,132,-1,133,132,140,-1,140,132,139,-1,141,142,143,-1,135,133,143,-1,143,133,140,-1,143,140,141,-1,142,141,136,-1,136,141,137,-1,141,140,137,-1,137,140,139,-1,144,145,146,-1,146,145,147,-1,148,149,150,-1,150,149,151,-1,150,151,146,-1,146,151,144,-1,145,144,152,-1,152,144,151,-1,153,154,155,-1,147,145,155,-1,155,145,152,-1,155,152,153,-1,154,153,148,-1,148,153,149,-1,153,152,149,-1,149,152,151,-1,156,157,158,-1,158,157,159,-1,160,161,162,-1,162,161,163,-1,162,163,158,-1,158,163,156,-1,157,156,164,-1,164,156,163,-1,165,166,167,-1,159,157,167,-1,167,157,164,-1,167,164,165,-1,166,165,160,-1,160,165,161,-1,165,164,161,-1,161,164,163,-1,
        ]
    }
}
Shape{
    appearance Appearance {
        material  Material 	{
            diffuseColor 0.34901960784313724 0.34901960784313724 0.34901960784313724
            specularColor 0.023529411764705882 0.023529411764705882 0.023529411764705882
            ambientIntensity 0.498
            transparency 0.0
            shininess 0.5
        }
    }
    geometry IndexedFaceSet {
        ccw TRUE
        solid FALSE
        coord DEF co Coordinate {
            point [
                -0.3222 -0.1809 0.2882, -0.3222 -0.1809 0.2961, -0.3236 -0.1707 0.2882, -0.3236 -0.1707 0.2961, -0.3275 -0.1612 0.2882, -0.3275 -0.1612 0.2961, -0.3338 -0.1531 0.2882, -0.3338 -0.1531 0.2961, -0.3419 -0.1468 0.2882, -0.3419 -0.1468 0.2961, -0.3514 -0.1429 0.2882, -0.3514 -0.1429 0.2961, -0.3616 -0.1415 0.2882, -0.3616 -0.1415 0.2961, -0.3718 -0.1429 0.2882, -0.3718 -0.1429 0.2961, -0.3813 -0.1468 0.2882, -0.3813 -0.1468 0.2961, -0.3895 -0.1531 0.2882, -0.3895 -0.1531 0.2961, -0.3957 -0.1612 0.2882, -0.3957 -0.1612 0.2961, -0.3996 -0.1707 0.2882, -0.3996 -0.1707 0.2961, -0.401 -0.1809 0.2882, -0.401 -0.1809 0.2961, -0.3996 -0.1911 0.2882, -0.3996 -0.1911 0.2961, -0.3957 -0.2006 0.2882, -0.3957 -0.2006 0.2961, -0.3895 -0.2087 0.2882, -0.3895 -0.2087 0.2961, -0.3813 -0.215 0.2882, -0.3813 -0.215 0.2961, -0.3718 -0.2189 0.2882, -0.3718 -0.2189 0.2961, -0.3616 -0.2203 0.2882, -0.3616 -0.2203 0.2961, -0.3514 -0.2189 0.2882, -0.3514 -0.2189 0.2961, -0.3419 -0.215 0.2882, -0.3419 -0.215 0.2961, -0.3338 -0.2087 0.2882, -0.3338 -0.2087 0.2961, -0.3275 -0.2006 0.2882, -0.3275 -0.2006 0.2961, -0.3236 -0.1911 0.2882, -0.3236 -0.1911 0.2961, -0.3616 -0.1809 0.2882
            ]
        }
        coordIndex [
            0,1,2,-1,2,1,3,-1,2,3,4,-1,4,3,5,-1,4,5,6,-1,6,5,7,-1,6,7,8,-1,8,7,9,-1,8,9,10,-1,10,9,11,-1,10,11,12,-1,12,11,13,-1,12,13,14,-1,14,13,15,-1,14,15,16,-1,16,15,17,-1,16,17,18,-1,18,17,19,-1,18,19,20,-1,20,19,21,-1,20,21,22,-1,22,21,23,-1,22,23,24,-1,24,23,25,-1,24,25,26,-1,26,25,27,-1,26,27,28,-1,28,27,29,-1,28,29,30,-1,30,29,31,-1,30,31,32,-1,32,31,33,-1,32,33,34,-1,34,33,35,-1,34,35,36,-1,36,35,37,-1,36,37,38,-1,38,37,39,-1,38,39,40,-1,40,39,41,-1,40,41,42,-1,42,41,43,-1,42,43,44,-1,44,43,45,-1,44,45,46,-1,46,45,47,-1,46,47,0,-1,0,47,1,-1,44,46,48,-1,48,46,0,-1,48,0,2,-1,38,40,48,-1,48,40,42,-1,48,42,44,-1,32,34,48,-1,48,34,36,-1,48,36,38,-1,26,28,48,-1,48,28,30,-1,48,30,32,-1,20,22,48,-1,48,22,24,-1,48,24,26,-1,14,16,48,-1,48,16,18,-1,48,18,20,-1,8,10,48,-1,48,10,12,-1,48,12,14,-1,2,4,48,-1,48,4,6,-1,48,6,8,-1,
        ]
    }
}
Shape{
    appearance Appearance {
        material  Material 	{
            diffuseColor 1.0 1.0 1.0
            specularColor 0.5019607843137255 0.5019607843137255 0.5019607843137255
            ambientIntensity 1.0
            transparency 0.0
            shininess 0.5
        }
    }
    geometry IndexedFaceSet {
        ccw TRUE
        solid FALSE
        coord DEF co Coordinate {
            point [
                0.4153 0.5667 0.3, 0.414 0.5651 0.3, 0.4163 0.5631 0.3, 0.4137 0.5648 0.3, 0.4137 0.5612 0.3, 0.4121 0.5637 0.3, 0.4108 0.5601 0.3, 0.41 0.5629 0.3, 0.4066 0.5596 0.3, 0.4066 0.5625 0.3, 0.3997 0.5596 0.3, 0.403 0.5625 0.3, 0.3997 0.5846 0.3, 0.403 0.5818 0.3, 0.4069 0.5846 0.3, 0.4067 0.5818 0.3, 0.4107 0.5842 0.3, 0.41 0.5814 0.3, 0.4137 0.5831 0.3, 0.4122 0.5806 0.3, 0.4163 0.5813 0.3, 0.414 0.5794 0.3, 0.4172 0.5804 0.3, 0.4149 0.5785 0.3, 0.4188 0.5783 0.3, 0.4158 0.577 0.3, 0.4197 0.5759 0.3, 0.4164 0.5751 0.3, 0.4201 0.5724 0.3, 0.4167 0.5724 0.3, 0.42 0.5704 0.3, 0.4166 0.5709 0.3, 0.4193 0.5676 0.3, 0.4162 0.5685 0.3, 0.418 0.565 0.3, 0.4163 0.5631 0.2961, 0.418 0.565 0.2961, 0.4193 0.5676 0.2961, 0.42 0.5704 0.2961, 0.4201 0.5724 0.2961, 0.4163 0.5813 0.2961, 0.4164 0.5813 0.2961, 0.4172 0.5804 0.2961, 0.4188 0.5783 0.2961, 0.4197 0.5759 0.2961, 0.4137 0.5831 0.2961, 0.4107 0.5842 0.2961, 0.4069 0.5846 0.2961, 0.3997 0.5846 0.2961, 0.3997 0.5596 0.2961, 0.3997 0.5813 0.2961, 0.4066 0.5596 0.2961, 0.4108 0.5601 0.2961, 0.4137 0.5612 0.2961, 0.414 0.5794 0.2961, 0.4149 0.5785 0.2961, 0.4158 0.577 0.2961, 0.4164 0.5751 0.2961, 0.4167 0.5724 0.2961, 0.4067 0.5818 0.2961, 0.41 0.5814 0.2961, 0.4122 0.5806 0.2961, 0.403 0.5818 0.2961, 0.403 0.5625 0.2961, 0.4066 0.5625 0.2961, 0.414 0.5651 0.2961, 0.4137 0.5648 0.2961, 0.4121 0.5637 0.2961, 0.41 0.5629 0.2961, 0.4166 0.5709 0.2961, 0.4162 0.5685 0.2961, 0.4153 0.5667 0.2961
            ]
        }
        coordIndex [
            0,1,2,-1,2,1,3,-1,2,3,4,-1,4,3,5,-1,4,5,6,-1,6,5,7,-1,6,7,8,-1,8,7,9,-1,8,9,10,-1,10,9,11,-1,10,11,12,-1,12,11,13,-1,12,13,14,-1,14,13,15,-1,14,15,16,-1,16,15,17,-1,16,17,18,-1,18,17,19,-1,18,19,20,-1,20,19,21,-1,20,21,22,-1,22,21,23,-1,22,23,24,-1,24,23,25,-1,24,25,26,-1,26,25,27,-1,26,27,28,-1,28,27,29,-1,28,29,30,-1,30,29,31,-1,30,31,32,-1,32,31,33,-1,32,33,34,-1,34,33,0,-1,34,0,2,-1,2,35,36,-1,2,36,34,-1,34,36,37,-1,34,37,32,-1,32,37,38,-1,32,38,30,-1,30,38,39,-1,30,39,28,-1,40,20,41,-1,41,20,22,-1,41,22,42,-1,42,22,24,-1,42,24,43,-1,43,24,26,-1,43,26,44,-1,44,26,28,-1,44,28,39,-1,20,40,45,-1,20,45,18,-1,18,45,46,-1,18,46,16,-1,16,46,47,-1,16,47,14,-1,12,14,48,-1,48,14,47,-1,49,10,50,-1,50,10,12,-1,50,12,48,-1,8,10,51,-1,51,10,49,-1,8,51,52,-1,8,52,6,-1,6,52,53,-1,6,53,4,-1,4,53,35,-1,4,35,2,-1,21,54,55,-1,21,55,23,-1,23,55,56,-1,23,56,25,-1,25,56,57,-1,25,57,27,-1,27,57,58,-1,27,58,29,-1,15,59,60,-1,15,60,17,-1,17,60,61,-1,17,61,19,-1,19,61,54,-1,19,54,21,-1,15,13,59,-1,59,13,62,-1,13,11,62,-1,62,11,63,-1,11,9,63,-1,63,9,64,-1,1,65,66,-1,1,66,3,-1,3,66,67,-1,3,67,5,-1,5,67,68,-1,5,68,7,-1,7,68,64,-1,7,64,9,-1,29,58,69,-1,29,69,31,-1,31,69,70,-1,31,70,33,-1,33,70,71,-1,33,71,0,-1,0,71,65,-1,0,65,1,-1,
        ]
    }
}
Shape{
    appearance Appearance {
        material  Material 	{
            diffuseColor 0.20784313725490197 0.20784313725490197 0.20784313725490197
            specularColor 0.01568627450980392 0.01568627450980392 0.01568627450980392
            ambientIntensity 0.298
            transparency 0.0
            shininess 0.5
        }
    }
    geometry IndexedFaceSet {
        ccw TRUE
        solid FALSE
        coord DEF co Coordinate {
            point [
                0.403 0.5818 0.2961, 0.403 0.5625 0.2961, 0.4067 0.5818 0.2961, 0.4066 0.5625 0.2961, 0.4137 0.5648 0.2961, 0.414 0.5651 0.2961, 0.41 0.5629 0.2961, 0.4121 0.5637 0.2961, 0.4166 0.5709 0.2961, 0.4167 0.5724 0.2961, 0.4153 0.5667 0.2961, 0.4162 0.5685 0.2961, 0.4164 0.5751 0.2961, 0.4158 0.577 0.2961, 0.4149 0.5785 0.2961, 0.414 0.5794 0.2961, 0.4122 0.5806 0.2961, 0.41 0.5814 0.2961
            ]
        }
        coordIndex [
            0,1,2,-1,2,1,3,-1,2,4,5,-1,3,6,2,-1,2,6,7,-1,2,7,4,-1,8,9,2,-1,5,10,2,-1,2,10,11,-1,2,11,8,-1,9,12,2,-1,2,12,13,-1,2,13,14,-1,14,15,2,-1,2,15,16,-1,2,16,17,-1,
        ]
    }
}
Shape{
    appearance Appearance {
        material  Material 	{
            diffuseColor 1.0 1.0 1.0
            specularColor 0.5019607843137255 0.5019607843137255 0.5019607843137255
            ambientIntensity 1.0
            transparency 0.0
            shininess 0.5
        }
    }
    geometry IndexedFaceSet {
        ccw TRUE
        solid FALSE
        coord DEF co Coordinate {
            point [
                0.37 0.564 0.3, 0.37 0.564 0.2961, 0.3698 0.5632 0.2961, 0.3698 0.5632 0.3, 0.3697 0.5626 0.2961, 0.3697 0.5626 0.3, 0.3696 0.5626 0.3, 0.3696 0.5626 0.2961, 0.3692 0.5641 0.3, 0.3692 0.5641 0.2961, 0.3645 0.5775 0.3, 0.366 0.5731 0.2961, 0.3645 0.5775 0.2961, 0.361 0.5775 0.3, 0.361 0.5775 0.2961, 0.368 0.5597 0.3, 0.366 0.5647 0.2961, 0.368 0.5597 0.2961, 0.3667 0.5564 0.2961, 0.3667 0.5564 0.3, 0.3679 0.5594 0.2961, 0.366 0.5553 0.2961, 0.366 0.5553 0.2961, 0.3655 0.5546 0.3, 0.366 0.5553 0.3, 0.3655 0.5546 0.2961, 0.3649 0.5542 0.2961, 0.3649 0.5542 0.3, 0.3642 0.554 0.2961, 0.3642 0.554 0.3, 0.3634 0.5539 0.2961, 0.3634 0.5539 0.3, 0.3623 0.554 0.2961, 0.3623 0.554 0.3, 0.3617 0.5542 0.2961, 0.3617 0.5542 0.3, 0.3617 0.5515 0.3, 0.3617 0.5515 0.2961, 0.363 0.5512 0.2961, 0.363 0.5512 0.3, 0.3637 0.5512 0.2961, 0.3637 0.5512 0.3, 0.3649 0.5513 0.2961, 0.3649 0.5513 0.3, 0.366 0.5518 0.2961, 0.3662 0.5518 0.3, 0.3662 0.5518 0.2961, 0.3673 0.5526 0.2961, 0.3673 0.5526 0.3, 0.3675 0.5528 0.2961, 0.3675 0.5528 0.3, 0.3686 0.5542 0.2961, 0.3686 0.5542 0.3, 0.3701 0.5569 0.2961, 0.3701 0.5569 0.3, 0.3782 0.5775 0.2961, 0.3782 0.5775 0.3, 0.371 0.5594 0.2961, 0.3749 0.5775 0.3, 0.3749 0.5775 0.2961, 0.3522 0.5592 0.2961, 0.3542 0.5594 0.2961, 0.3522 0.5592 0.3, 0.3547 0.5595 0.3, 0.3547 0.5595 0.2961, 0.3564 0.5601 0.2961, 0.3564 0.5601 0.3, 0.3574 0.5606 0.2961, 0.3574 0.5606 0.3, 0.3583 0.5614 0.2961, 0.3583 0.5614 0.3, 0.3588 0.5622 0.2961, 0.3588 0.5622 0.3, 0.3592 0.5632 0.2961, 0.3592 0.5632 0.3, 0.3594 0.5645 0.2961, 0.3594 0.5645 0.3, 0.3593 0.5656 0.2961, 0.3593 0.5656 0.3, 0.3589 0.5666 0.2961, 0.3589 0.5666 0.3, 0.3583 0.5674 0.2961, 0.3583 0.5674 0.3, 0.3576 0.5681 0.2961, 0.3576 0.5681 0.3, 0.3555 0.5693 0.2961, 0.3555 0.5693 0.3, 0.3543 0.5697 0.2961, 0.3543 0.5697 0.3, 0.3524 0.5706 0.2961, 0.3524 0.5706 0.3, 0.3512 0.5713 0.2961, 0.3512 0.5713 0.3, 0.3509 0.5716 0.2961, 0.3509 0.5716 0.3, 0.3507 0.572 0.2961, 0.3507 0.572 0.3, 0.3506 0.5725 0.2961, 0.3506 0.5725 0.3, 0.3506 0.5729 0.2961, 0.3506 0.5729 0.3, 0.3506 0.5734 0.2961, 0.3506 0.5734 0.3, 0.3508 0.5739 0.2961, 0.3508 0.5739 0.3, 0.351 0.5743 0.2961, 0.351 0.5743 0.3, 0.3515 0.5747 0.2961, 0.3515 0.5747 0.3, 0.3522 0.5751 0.2961, 0.3522 0.5751 0.3, 0.3531 0.5753 0.2961, 0.3531 0.5753 0.3, 0.354 0.5754 0.2961, 0.354 0.5754 0.3, 0.3562 0.5751 0.2961, 0.3562 0.5751 0.3, 0.3579 0.5744 0.2961, 0.3579 0.5744 0.3, 0.3585 0.5741 0.2961, 0.3585 0.5741 0.3, 0.3585 0.5771 0.3, 0.3585 0.5771 0.2961, 0.3563 0.5777 0.2961, 0.3563 0.5777 0.3, 0.3543 0.5779 0.2961, 0.3543 0.5779 0.3, 0.3519 0.5776 0.2961, 0.3519 0.5776 0.3, 0.3502 0.577 0.2961, 0.3502 0.577 0.3, 0.3493 0.5765 0.2961, 0.3493 0.5765 0.3, 0.3488 0.576 0.2961, 0.3484 0.5756 0.3, 0.3484 0.5756 0.2961, 0.3478 0.5748 0.2961, 0.3478 0.5748 0.3, 0.3475 0.5738 0.2961, 0.3475 0.5738 0.3, 0.3473 0.5727 0.2961, 0.3473 0.5727 0.3, 0.3475 0.5714 0.2961, 0.3475 0.5714 0.3, 0.3478 0.5705 0.2961, 0.3478 0.5705 0.3, 0.3482 0.5698 0.2961, 0.3482 0.5698 0.3, 0.3521 0.5675 0.2961, 0.3521 0.5675 0.3, 0.3502 0.5683 0.3, 0.3487 0.5693 0.2961, 0.3487 0.5693 0.3, 0.3488 0.5693 0.2961, 0.3502 0.5683 0.2961, 0.3541 0.5666 0.2961, 0.3541 0.5666 0.3, 0.3554 0.5659 0.2961, 0.3554 0.5659 0.3, 0.3558 0.5655 0.2961, 0.3558 0.5655 0.3, 0.356 0.565 0.2961, 0.356 0.565 0.3, 0.3561 0.5646 0.2961, 0.3561 0.5646 0.3, 0.3562 0.5642 0.2961, 0.3562 0.5642 0.3, 0.3561 0.5636 0.2961, 0.3561 0.5636 0.3, 0.3559 0.5631 0.2961, 0.3559 0.5631 0.3, 0.3557 0.5627 0.2961, 0.3557 0.5627 0.3, 0.3553 0.5624 0.2961, 0.3553 0.5624 0.3, 0.355 0.5622 0.2961, 0.355 0.5622 0.3, 0.3542 0.5619 0.2961, 0.3542 0.5619 0.3, 0.3526 0.5618 0.2961, 0.3526 0.5618 0.3, 0.3525 0.5618 0.2961, 0.3525 0.5618 0.3, 0.3473 0.5635 0.2961, 0.3473 0.5635 0.3, 0.3484 0.5628 0.3, 0.3504 0.562 0.2961, 0.3504 0.562 0.3, 0.3488 0.5627 0.2961, 0.3484 0.5628 0.2961, 0.3473 0.5602 0.3, 0.3473 0.5602 0.2961, 0.3488 0.5597 0.2961, 0.3494 0.5595 0.3, 0.3502 0.5594 0.2961, 0.3494 0.5595 0.2961, 0.3399 0.5596 0.3, 0.3431 0.5596 0.3, 0.3399 0.5624 0.3, 0.3431 0.5711 0.3, 0.3399 0.571 0.3, 0.3331 0.5672 0.3, 0.3339 0.5676 0.3, 0.3398 0.5624 0.3, 0.3382 0.5628 0.3, 0.3394 0.5616 0.3, 0.3373 0.5622 0.3, 0.3357 0.568 0.3, 0.3399 0.5686 0.3, 0.3399 0.5669 0.3, 0.3399 0.5667 0.3, 0.3397 0.5653 0.3, 0.3393 0.5641 0.3, 0.3386 0.5632 0.3, 0.3398 0.5724 0.3, 0.3428 0.5736 0.3, 0.3395 0.5735 0.3, 0.3423 0.575 0.3, 0.3391 0.5741 0.3, 0.3416 0.576 0.3, 0.3387 0.5746 0.3, 0.3408 0.5768 0.3, 0.3381 0.575 0.3, 0.3397 0.5774 0.3, 0.3374 0.5752 0.3, 0.3384 0.5777 0.3, 0.3363 0.5754 0.3, 0.3366 0.5779 0.3, 0.3344 0.5752 0.3, 0.3339 0.5776 0.3, 0.3325 0.5745 0.3, 0.3315 0.5768 0.3, 0.3305 0.5732 0.3, 0.3305 0.5762 0.3, 0.3325 0.5628 0.3, 0.3302 0.5606 0.3, 0.3328 0.5626 0.3, 0.3313 0.5599 0.3, 0.3334 0.5621 0.3, 0.3325 0.5594 0.3, 0.3341 0.5619 0.3, 0.3344 0.5592 0.3, 0.3352 0.5618 0.3, 0.336 0.5594 0.3, 0.3364 0.5619 0.3, 0.3373 0.5598 0.3, 0.3384 0.5606 0.3, 0.3346 0.5702 0.3, 0.3322 0.5696 0.3, 0.3327 0.5669 0.3, 0.3309 0.5689 0.3, 0.3323 0.5665 0.3, 0.3299 0.5681 0.3, 0.3321 0.5659 0.3, 0.3293 0.5672 0.3, 0.3319 0.5652 0.3, 0.3289 0.5661 0.3, 0.3319 0.5647 0.3, 0.3287 0.5644 0.3, 0.332 0.5639 0.3, 0.3289 0.563 0.3, 0.3322 0.5634 0.3, 0.3292 0.5619 0.3, 0.3299 0.561 0.3, 0.3363 0.5754 0.2961, 0.3374 0.5752 0.2961, 0.3381 0.575 0.2961, 0.3387 0.5746 0.2961, 0.3391 0.5741 0.2961, 0.3395 0.5735 0.2961, 0.3398 0.5724 0.2961, 0.3399 0.571 0.2961, 0.3346 0.5702 0.2961, 0.3322 0.5696 0.2961, 0.3309 0.5689 0.2961, 0.3299 0.5681 0.2961, 0.3293 0.5672 0.2961, 0.3289 0.5661 0.2961, 0.3287 0.5644 0.2961, 0.3289 0.563 0.2961, 0.3292 0.5619 0.2961, 0.3299 0.561 0.2961, 0.3302 0.5606 0.2961, 0.3344 0.5592 0.2961, 0.3326 0.5594 0.2961, 0.3325 0.5594 0.2961, 0.3313 0.5599 0.2961, 0.336 0.5594 0.2961, 0.3361 0.5594 0.2961, 0.3373 0.5598 0.2961, 0.3384 0.5606 0.2961, 0.3394 0.5616 0.2961, 0.3398 0.5624 0.2961, 0.3399 0.5624 0.2961, 0.3399 0.5596 0.2961, 0.3431 0.5596 0.2961, 0.3431 0.5711 0.2961, 0.3428 0.5736 0.2961, 0.3423 0.575 0.2961, 0.3416 0.576 0.2961, 0.3408 0.5768 0.2961, 0.3397 0.5774 0.2961, 0.3384 0.5777 0.2961, 0.3366 0.5779 0.2961, 0.3339 0.5776 0.2961, 0.3315 0.5768 0.2961, 0.3305 0.5762 0.2961, 0.3305 0.5732 0.2961, 0.3325 0.5745 0.2961, 0.3344 0.5752 0.2961, 0.3386 0.5632 0.2961, 0.3382 0.5628 0.2961, 0.3373 0.5622 0.2961, 0.3364 0.5619 0.2961, 0.3352 0.5618 0.2961, 0.3399 0.5669 0.2961, 0.3399 0.5667 0.2961, 0.3397 0.5653 0.2961, 0.3393 0.5641 0.2961, 0.3399 0.5686 0.2961, 0.3357 0.568 0.2961, 0.3327 0.5669 0.2961, 0.3331 0.5672 0.2961, 0.3339 0.5676 0.2961, 0.3319 0.5647 0.2961, 0.3319 0.5652 0.2961, 0.3321 0.5659 0.2961, 0.3323 0.5665 0.2961, 0.3328 0.5626 0.2961, 0.3325 0.5628 0.2961, 0.3322 0.5634 0.2961, 0.332 0.5639 0.2961, 0.3341 0.5619 0.2961, 0.3334 0.5621 0.2961
            ]
        }
        coordIndex [
            0,1,2,-1,0,2,3,-1,3,2,4,-1,3,4,5,-1,6,5,7,-1,7,5,4,-1,8,6,9,-1,9,6,7,-1,8,9,10,-1,10,9,11,-1,10,11,12,-1,13,10,14,-1,14,10,12,-1,13,14,15,-1,15,14,16,-1,15,16,17,-1,18,19,20,-1,20,19,15,-1,20,15,17,-1,19,18,21,-1,22,23,21,-1,21,23,24,-1,21,24,19,-1,22,25,23,-1,23,25,26,-1,23,26,27,-1,27,26,28,-1,27,28,29,-1,29,28,30,-1,29,30,31,-1,31,30,32,-1,31,32,33,-1,33,32,34,-1,33,34,35,-1,36,35,37,-1,37,35,34,-1,36,37,38,-1,36,38,39,-1,39,38,40,-1,39,40,41,-1,41,40,42,-1,41,42,43,-1,43,42,44,-1,43,44,45,-1,44,46,45,-1,45,46,47,-1,45,47,48,-1,48,47,49,-1,48,49,50,-1,50,49,51,-1,50,51,52,-1,52,51,53,-1,52,53,54,-1,55,56,57,-1,57,56,54,-1,57,54,53,-1,58,56,59,-1,59,56,55,-1,0,58,1,-1,1,58,59,-1,3,5,54,-1,56,58,54,-1,54,58,0,-1,54,0,3,-1,10,13,8,-1,8,13,15,-1,8,15,6,-1,52,24,50,-1,50,24,23,-1,35,36,33,-1,33,36,39,-1,33,39,31,-1,31,39,41,-1,31,41,29,-1,29,41,43,-1,29,43,27,-1,27,43,45,-1,27,45,23,-1,23,45,48,-1,23,48,50,-1,5,6,54,-1,54,6,15,-1,54,15,52,-1,52,15,19,-1,52,19,24,-1,60,61,62,-1,62,61,63,-1,61,64,63,-1,63,64,65,-1,63,65,66,-1,66,65,67,-1,66,67,68,-1,68,67,69,-1,68,69,70,-1,70,69,71,-1,70,71,72,-1,72,71,73,-1,72,73,74,-1,74,73,75,-1,74,75,76,-1,76,75,77,-1,76,77,78,-1,78,77,79,-1,78,79,80,-1,80,79,81,-1,80,81,82,-1,82,81,83,-1,82,83,84,-1,84,83,85,-1,84,85,86,-1,86,85,87,-1,86,87,88,-1,88,87,89,-1,88,89,90,-1,90,89,91,-1,90,91,92,-1,92,91,93,-1,92,93,94,-1,94,93,95,-1,94,95,96,-1,96,95,97,-1,96,97,98,-1,98,97,99,-1,98,99,100,-1,100,99,101,-1,100,101,102,-1,102,101,103,-1,102,103,104,-1,104,103,105,-1,104,105,106,-1,106,105,107,-1,106,107,108,-1,108,107,109,-1,108,109,110,-1,110,109,111,-1,110,111,112,-1,112,111,113,-1,112,113,114,-1,114,113,115,-1,114,115,116,-1,116,115,117,-1,116,117,118,-1,118,117,119,-1,118,119,120,-1,121,120,122,-1,122,120,119,-1,121,122,123,-1,121,123,124,-1,124,123,125,-1,124,125,126,-1,126,125,127,-1,126,127,128,-1,128,127,129,-1,128,129,130,-1,130,129,131,-1,130,131,132,-1,131,133,132,-1,132,133,134,-1,133,135,134,-1,134,135,136,-1,134,136,137,-1,137,136,138,-1,137,138,139,-1,139,138,140,-1,139,140,141,-1,141,140,142,-1,141,142,143,-1,143,142,144,-1,143,144,145,-1,145,144,146,-1,145,146,147,-1,148,149,150,-1,147,146,151,-1,147,151,152,-1,152,151,153,-1,152,153,150,-1,150,153,154,-1,150,154,148,-1,149,148,155,-1,149,155,156,-1,156,155,157,-1,156,157,158,-1,158,157,159,-1,158,159,160,-1,160,159,161,-1,160,161,162,-1,162,161,163,-1,162,163,164,-1,164,163,165,-1,164,165,166,-1,166,165,167,-1,166,167,168,-1,168,167,169,-1,168,169,170,-1,170,169,171,-1,170,171,172,-1,172,171,173,-1,172,173,174,-1,174,173,175,-1,174,175,176,-1,176,175,177,-1,176,177,178,-1,178,177,179,-1,178,179,180,-1,180,179,181,-1,180,181,182,-1,183,184,185,-1,182,181,186,-1,182,186,187,-1,187,186,188,-1,187,188,185,-1,185,188,189,-1,185,189,183,-1,190,184,191,-1,191,184,183,-1,191,192,190,-1,190,192,193,-1,60,62,194,-1,194,62,193,-1,194,193,195,-1,195,193,192,-1,106,108,130,-1,130,108,128,-1,156,88,149,-1,149,88,90,-1,66,68,172,-1,172,68,70,-1,172,70,170,-1,170,70,72,-1,170,72,168,-1,168,72,74,-1,168,74,166,-1,166,74,76,-1,166,76,164,-1,164,76,78,-1,164,78,162,-1,162,78,80,-1,162,80,160,-1,160,80,82,-1,160,82,158,-1,158,82,84,-1,158,84,156,-1,156,84,86,-1,156,86,88,-1,62,182,193,-1,193,182,187,-1,193,187,190,-1,190,187,185,-1,190,185,184,-1,108,110,128,-1,128,110,112,-1,128,112,126,-1,126,112,114,-1,126,114,124,-1,124,114,116,-1,124,116,121,-1,121,116,118,-1,121,118,120,-1,172,174,66,-1,66,174,176,-1,66,176,63,-1,63,176,178,-1,63,178,62,-1,62,178,180,-1,62,180,182,-1,130,132,106,-1,106,132,134,-1,106,134,104,-1,104,134,137,-1,104,137,102,-1,102,137,139,-1,102,139,100,-1,100,139,141,-1,100,141,98,-1,98,141,143,-1,98,143,96,-1,96,143,145,-1,96,145,94,-1,94,145,147,-1,94,147,92,-1,92,147,152,-1,92,152,90,-1,90,152,150,-1,90,150,149,-1,196,197,198,-1,198,197,199,-1,200,201,202,-1,203,204,205,-1,205,204,206,-1,207,208,199,-1,199,208,209,-1,209,210,199,-1,199,210,211,-1,199,211,198,-1,198,211,212,-1,198,212,203,-1,203,212,213,-1,203,213,204,-1,202,207,200,-1,200,207,199,-1,200,199,214,-1,214,199,215,-1,214,215,216,-1,216,215,217,-1,216,217,218,-1,218,217,219,-1,218,219,220,-1,220,219,221,-1,220,221,222,-1,222,221,223,-1,222,223,224,-1,224,223,225,-1,224,225,226,-1,226,225,227,-1,226,227,228,-1,228,227,229,-1,228,229,230,-1,230,229,231,-1,230,231,232,-1,232,231,233,-1,234,235,236,-1,236,235,237,-1,236,237,238,-1,238,237,239,-1,238,239,240,-1,240,239,241,-1,240,241,242,-1,242,241,243,-1,242,243,244,-1,244,243,245,-1,244,245,206,-1,206,245,246,-1,206,246,205,-1,200,247,201,-1,201,247,248,-1,201,248,249,-1,249,248,250,-1,249,250,251,-1,251,250,252,-1,251,252,253,-1,253,252,254,-1,253,254,255,-1,255,254,256,-1,255,256,257,-1,257,256,258,-1,257,258,259,-1,259,258,260,-1,259,260,261,-1,261,260,262,-1,261,262,234,-1,234,262,263,-1,234,263,235,-1,226,264,265,-1,226,265,224,-1,224,265,266,-1,224,266,222,-1,222,266,267,-1,222,267,220,-1,220,267,268,-1,220,268,218,-1,218,268,269,-1,218,269,216,-1,216,269,270,-1,216,270,214,-1,214,270,271,-1,214,271,200,-1,247,200,272,-1,272,200,271,-1,247,272,273,-1,247,273,248,-1,248,273,274,-1,248,274,250,-1,250,274,275,-1,250,275,252,-1,252,275,276,-1,252,276,254,-1,254,276,277,-1,254,277,256,-1,256,277,278,-1,256,278,258,-1,258,278,279,-1,258,279,260,-1,260,279,280,-1,260,280,262,-1,262,280,281,-1,262,281,263,-1,263,281,282,-1,263,282,235,-1,283,241,284,-1,284,241,239,-1,284,239,285,-1,285,239,237,-1,285,237,286,-1,286,237,235,-1,286,235,282,-1,241,283,287,-1,241,287,243,-1,243,287,288,-1,243,288,245,-1,288,289,245,-1,245,289,290,-1,245,290,246,-1,246,290,291,-1,246,291,205,-1,205,291,292,-1,205,292,203,-1,198,203,293,-1,293,203,292,-1,196,198,294,-1,294,198,293,-1,197,196,295,-1,295,196,294,-1,199,197,296,-1,296,197,295,-1,199,296,297,-1,199,297,215,-1,215,297,298,-1,215,298,217,-1,217,298,299,-1,217,299,219,-1,219,299,300,-1,219,300,221,-1,221,300,301,-1,221,301,223,-1,223,301,302,-1,223,302,225,-1,225,302,303,-1,225,303,227,-1,227,303,304,-1,227,304,229,-1,229,304,305,-1,229,305,231,-1,231,305,306,-1,231,306,233,-1,232,233,307,-1,307,233,306,-1,232,307,308,-1,232,308,230,-1,230,308,309,-1,230,309,228,-1,228,309,264,-1,228,264,226,-1,213,310,311,-1,213,311,204,-1,204,311,312,-1,204,312,206,-1,206,312,313,-1,206,313,244,-1,244,313,314,-1,244,314,242,-1,209,315,316,-1,209,316,210,-1,210,316,317,-1,210,317,211,-1,211,317,318,-1,211,318,212,-1,212,318,310,-1,212,310,213,-1,209,208,315,-1,315,208,319,-1,208,207,319,-1,319,207,320,-1,249,321,322,-1,249,322,201,-1,201,322,323,-1,201,323,202,-1,202,323,320,-1,202,320,207,-1,257,324,325,-1,257,325,255,-1,255,325,326,-1,255,326,253,-1,253,326,327,-1,253,327,251,-1,251,327,321,-1,251,321,249,-1,236,328,329,-1,236,329,234,-1,234,329,330,-1,234,330,261,-1,261,330,331,-1,261,331,259,-1,259,331,324,-1,259,324,257,-1,242,314,332,-1,242,332,240,-1,240,332,333,-1,240,333,238,-1,238,333,328,-1,238,328,236,-1,
        ]
    }
}
Shape{
    appearance Appearance {
        material  Material 	{
            diffuseColor 0.20784313725490197 0.20784313725490197 0.20784313725490197
            specularColor 0.01568627450980392 0.01568627450980392 0.01568627450980392
            ambientIntensity 0.298
            transparency 0.0
            shininess 0.5
        }
    }
    geometry IndexedFaceSet {
        ccw TRUE
        solid FALSE
        coord DEF co Coordinate {
            point [
                0.3399 0.5667 0.2961, 0.3399 0.5669 0.2961, 0.3327 0.5669 0.2961, 0.3399 0.5686 0.2961, 0.3357 0.568 0.2961, 0.3339 0.5676 0.2961, 0.3331 0.5672 0.2961, 0.3397 0.5653 0.2961, 0.3323 0.5665 0.2961, 0.3393 0.5641 0.2961, 0.3325 0.5628 0.2961, 0.3328 0.5626 0.2961, 0.3382 0.5628 0.2961, 0.3322 0.5634 0.2961, 0.3373 0.5622 0.2961, 0.3364 0.5619 0.2961, 0.3352 0.5618 0.2961, 0.3321 0.5659 0.2961, 0.3319 0.5652 0.2961, 0.3386 0.5632 0.2961, 0.3319 0.5647 0.2961, 0.332 0.5639 0.2961, 0.3334 0.5621 0.2961, 0.3341 0.5619 0.2961
            ]
        }
        coordIndex [
            0,1,2,-1,1,3,4,-1,4,5,1,-1,1,5,6,-1,1,6,2,-1,0,2,7,-1,7,2,8,-1,7,8,9,-1,10,11,12,-1,10,12,13,-1,14,12,15,-1,15,12,16,-1,8,17,9,-1,9,17,18,-1,9,18,19,-1,19,18,20,-1,19,20,12,-1,12,20,21,-1,12,21,13,-1,11,22,12,-1,12,22,23,-1,12,23,16,-1,
        ]
    }
}
Shape{
    appearance Appearance {
        material  Material 	{
            diffuseColor 1.0 1.0 1.0
            specularColor 0.5019607843137255 0.5019607843137255 0.5019607843137255
            ambientIntensity 1.0
            transparency 0.0
            shininess 0.5
        }
    }
    geometry IndexedFaceSet {
        ccw TRUE
        solid FALSE
        coord DEF co Coordinate {
            point [
                0.2017 0.5561 0.3, 0.2044 0.5528 0.3, 0.2001 0.5718 0.3, 0.2346 0.5674 0.3, 0.2596 0.5805 0.3, 0.2236 0.5662 0.3, 0.2232 0.5679 0.3, 0.197 0.6027 0.3, 0.201 0.6048 0.3, 0.2001 0.6158 0.3, 0.2302 0.5775 0.3, 0.2167 0.5723 0.3, 0.2182 0.5722 0.3, 0.2112 0.6163 0.3, 0.2167 0.6033 0.3, 0.2194 0.6089 0.3, 0.2198 0.5716 0.3, 0.2212 0.5706 0.3, 0.2224 0.5693 0.3, 0.1962 0.5742 0.3, 0.1977 0.5606 0.3, 0.2 0.5599 0.3, 0.2071 0.6166 0.3, 0.254 0.59 0.3, 0.2346 0.5656 0.3, 0.2236 0.5646 0.3, 0.2345 0.5637 0.3, 0.2149 0.5721 0.3, 0.2126 0.583 0.3, 0.2134 0.5715 0.3, 0.2087 0.5815 0.3, 0.212 0.5705 0.3, 0.205 0.579 0.3, 0.2113 0.5698 0.3, 0.2021 0.5756 0.3, 0.2104 0.5683 0.3, 0.2098 0.5666 0.3, 0.2098 0.5649 0.3, 0.2233 0.5824 0.3, 0.219 0.5834 0.3, 0.2169 0.5835 0.3, 0.2654 0.5981 0.3, 0.2668 0.5981 0.3, 0.2741 0.6077 0.3, 0.2702 0.5977 0.3, 0.275 0.6075 0.3, 0.2733 0.5965 0.3, 0.2803 0.6048 0.3, 0.2851 0.6007 0.3, 0.2148 0.6205 0.3, 0.2234 0.6137 0.3, 0.219 0.6241 0.3, 0.2282 0.6172 0.3, 0.2234 0.6268 0.3, 0.2054 0.6059 0.3, 0.2072 0.606 0.3, 0.2091 0.6165 0.3, 0.2114 0.6054 0.3, 0.2154 0.604 0.3, 0.2852 0.5675 0.3, 0.2769 0.5746 0.3, 0.2803 0.5634 0.3, 0.2743 0.5725 0.3, 0.2749 0.5608 0.3, 0.2711 0.571 0.3, 0.269 0.5595 0.3, 0.2679 0.5704 0.3, 0.2585 0.5595 0.3, 0.2599 0.5704 0.3, 0.2575 0.5597 0.3, 0.2271 0.5803 0.3, 0.2761 0.5946 0.3, 0.2781 0.5923 0.3, 0.2888 0.5957 0.3, 0.2798 0.5893 0.3, 0.2909 0.5903 0.3, 0.2806 0.5858 0.3, 0.2918 0.5844 0.3, 0.2807 0.5843 0.3, 0.2909 0.5781 0.3, 0.2803 0.5808 0.3, 0.2887 0.5725 0.3, 0.2791 0.5776 0.3, 0.2771 0.5748 0.3, 0.2645 0.6218 0.3, 0.2576 0.6136 0.3, 0.2704 0.615 0.3, 0.2616 0.6088 0.3, 0.2643 0.6031 0.3, 0.19 0.5925 0.3, 0.1783 0.5895 0.3, 0.1895 0.5882 0.3, 0.1782 0.5878 0.3, 0.1897 0.5854 0.3, 0.1791 0.5808 0.3, 0.1909 0.5811 0.3, 0.1817 0.5742 0.3, 0.1931 0.5775 0.3, 0.1857 0.5684 0.3, 0.1913 0.5637 0.3, 0.2101 0.5632 0.3, 0.2108 0.5617 0.3, 0.2316 0.63 0.3, 0.234 0.6195 0.3, 0.2403 0.6311 0.3, 0.2405 0.6204 0.3, 0.248 0.6302 0.3, 0.2466 0.6196 0.3, 0.2569 0.627 0.3, 0.2521 0.6175 0.3, 0.2571 0.614 0.3, 0.1935 0.6132 0.3, 0.1878 0.6092 0.3, 0.194 0.6 0.3, 0.1866 0.6081 0.3, 0.1915 0.5965 0.3, 0.1823 0.6026 0.3, 0.1795 0.5962 0.3, 0.2335 0.5593 0.3, 0.2231 0.5629 0.3, 0.2314 0.5554 0.3, 0.2223 0.5614 0.3, 0.2287 0.5523 0.3, 0.2213 0.5603 0.3, 0.2251 0.5498 0.3, 0.22 0.5593 0.3, 0.2212 0.5483 0.3, 0.2185 0.5587 0.3, 0.2169 0.5478 0.3, 0.2167 0.5585 0.3, 0.2162 0.5478 0.3, 0.2164 0.5585 0.3, 0.212 0.5485 0.3, 0.2148 0.5587 0.3, 0.2079 0.5502 0.3, 0.2132 0.5594 0.3, 0.2118 0.5605 0.3, 0.259 0.5705 0.3, 0.2547 0.5614 0.3, 0.2552 0.561 0.3, 0.2595 0.5704 0.3, 0.2563 0.5602 0.3, 0.2533 0.565 0.3, 0.2535 0.5637 0.3, 0.254 0.5625 0.3, 0.2575 0.5704 0.3, 0.2562 0.5699 0.3, 0.2534 0.5657 0.3, 0.2551 0.5691 0.3, 0.2544 0.5683 0.3, 0.2537 0.5671 0.3, 0.2588 0.5706 0.3, 0.2918 0.5844 0.2961, 0.2909 0.5903 0.2961, 0.2888 0.5957 0.2961, 0.2863 0.5991 0.2961, 0.2851 0.6007 0.2961, 0.2803 0.6048 0.2961, 0.275 0.6075 0.2961, 0.2741 0.6077 0.2961, 0.2704 0.615 0.2961, 0.2645 0.6218 0.2961, 0.2605 0.6245 0.2961, 0.2569 0.627 0.2961, 0.248 0.6302 0.2961, 0.2403 0.6311 0.2961, 0.219 0.6241 0.2961, 0.2197 0.6245 0.2961, 0.2234 0.6268 0.2961, 0.2316 0.63 0.2961, 0.2148 0.6205 0.2961, 0.2112 0.6163 0.2961, 0.2091 0.6165 0.2961, 0.2071 0.6166 0.2961, 0.2001 0.6158 0.2961, 0.1935 0.6132 0.2961, 0.1878 0.6092 0.2961, 0.1866 0.6081 0.2961, 0.1823 0.6026 0.2961, 0.1808 0.5991 0.2961, 0.1795 0.5962 0.2961, 0.1783 0.5895 0.2961, 0.1782 0.5878 0.2961, 0.1791 0.5813 0.2961, 0.1791 0.5808 0.2961, 0.1817 0.5742 0.2961, 0.1857 0.5684 0.2961, 0.1913 0.5637 0.2961, 0.1977 0.5606 0.2961, 0.2 0.5599 0.2961, 0.2002 0.5594 0.2961, 0.2017 0.5561 0.2961, 0.2044 0.5528 0.2961, 0.2079 0.5502 0.2961, 0.2095 0.5495 0.2961, 0.212 0.5485 0.2961, 0.2162 0.5478 0.2961, 0.2169 0.5478 0.2961, 0.2346 0.5656 0.2961, 0.2212 0.5483 0.2961, 0.2242 0.5495 0.2961, 0.2251 0.5498 0.2961, 0.2287 0.5523 0.2961, 0.2314 0.5554 0.2961, 0.2335 0.5593 0.2961, 0.2335 0.5594 0.2961, 0.2345 0.5637 0.2961, 0.2346 0.5674 0.2961, 0.2596 0.5805 0.2961, 0.254 0.59 0.2961, 0.2591 0.5813 0.2961, 0.2374 0.5813 0.2961, 0.2302 0.5775 0.2961, 0.2271 0.5803 0.2961, 0.2253 0.5813 0.2961, 0.2233 0.5824 0.2961, 0.219 0.5834 0.2961, 0.2169 0.5835 0.2961, 0.2126 0.583 0.2961, 0.2087 0.5815 0.2961, 0.2083 0.5813 0.2961, 0.205 0.579 0.2961, 0.2021 0.5756 0.2961, 0.2001 0.5718 0.2961, 0.1895 0.5882 0.2961, 0.1962 0.5742 0.2961, 0.1931 0.5775 0.2961, 0.1909 0.5811 0.2961, 0.1909 0.5813 0.2961, 0.1897 0.5854 0.2961, 0.19 0.5925 0.2961, 0.1915 0.5965 0.2961, 0.1934 0.5991 0.2961, 0.194 0.6 0.2961, 0.197 0.6027 0.2961, 0.201 0.6048 0.2961, 0.2054 0.6059 0.2961, 0.2072 0.606 0.2961, 0.2114 0.6054 0.2961, 0.2154 0.604 0.2961, 0.2167 0.6033 0.2961, 0.2194 0.6089 0.2961, 0.2234 0.6137 0.2961, 0.2282 0.6172 0.2961, 0.234 0.6195 0.2961, 0.2405 0.6204 0.2961, 0.2654 0.5981 0.2961, 0.2652 0.5991 0.2961, 0.2643 0.6031 0.2961, 0.2616 0.6088 0.2961, 0.2576 0.6136 0.2961, 0.2571 0.614 0.2961, 0.2521 0.6175 0.2961, 0.2466 0.6196 0.2961, 0.2668 0.5981 0.2961, 0.2702 0.5977 0.2961, 0.2733 0.5965 0.2961, 0.2761 0.5946 0.2961, 0.2781 0.5923 0.2961, 0.2798 0.5893 0.2961, 0.2806 0.5858 0.2961, 0.2807 0.5843 0.2961, 0.2804 0.5813 0.2961, 0.2803 0.5808 0.2961, 0.2791 0.5776 0.2961, 0.2771 0.5748 0.2961, 0.2769 0.5746 0.2961, 0.2743 0.5725 0.2961, 0.2711 0.571 0.2961, 0.2679 0.5704 0.2961, 0.2599 0.5704 0.2961, 0.2595 0.5704 0.2961, 0.259 0.5705 0.2961, 0.2588 0.5706 0.2961, 0.2575 0.5704 0.2961, 0.2562 0.5699 0.2961, 0.2551 0.5691 0.2961, 0.2544 0.5683 0.2961, 0.2537 0.5671 0.2961, 0.2534 0.5657 0.2961, 0.2533 0.565 0.2961, 0.2535 0.5637 0.2961, 0.254 0.5625 0.2961, 0.2547 0.5614 0.2961, 0.2552 0.561 0.2961, 0.2563 0.5602 0.2961, 0.2575 0.5597 0.2961, 0.2585 0.5595 0.2961, 0.269 0.5595 0.2961, 0.2749 0.5608 0.2961, 0.2803 0.5634 0.2961, 0.2852 0.5675 0.2961, 0.2887 0.5725 0.2961, 0.2909 0.5781 0.2961, 0.2913 0.5813 0.2961, 0.2167 0.5723 0.2961, 0.2182 0.5722 0.2961, 0.2198 0.5716 0.2961, 0.2212 0.5706 0.2961, 0.2224 0.5693 0.2961, 0.2232 0.5679 0.2961, 0.2236 0.5662 0.2961, 0.2236 0.5646 0.2961, 0.2231 0.5629 0.2961, 0.2223 0.5614 0.2961, 0.2213 0.5603 0.2961, 0.22 0.5593 0.2961, 0.2185 0.5587 0.2961, 0.2167 0.5585 0.2961, 0.2164 0.5585 0.2961, 0.2148 0.5587 0.2961, 0.2132 0.5594 0.2961, 0.2118 0.5605 0.2961, 0.2108 0.5617 0.2961, 0.2101 0.5632 0.2961, 0.2098 0.5649 0.2961, 0.2098 0.5666 0.2961, 0.2104 0.5683 0.2961, 0.2113 0.5698 0.2961, 0.212 0.5705 0.2961, 0.2134 0.5715 0.2961, 0.2149 0.5721 0.2961
            ]
        }
        coordIndex [
            0,1,2,-1,3,4,5,-1,5,4,6,-1,7,8,9,-1,10,11,12,-1,13,14,15,-1,12,16,10,-1,10,16,17,-1,10,17,18,-1,19,20,2,-1,2,20,21,-1,2,21,0,-1,9,8,22,-1,6,4,18,-1,18,4,23,-1,18,23,10,-1,3,5,24,-1,24,5,25,-1,24,25,26,-1,27,28,29,-1,29,28,30,-1,29,30,31,-1,31,30,32,-1,31,32,33,-1,33,32,34,-1,33,34,35,-1,35,34,2,-1,35,2,36,-1,36,2,37,-1,38,39,27,-1,27,39,40,-1,27,40,28,-1,41,42,43,-1,43,42,44,-1,43,44,45,-1,45,44,46,-1,45,46,47,-1,47,46,48,-1,13,15,49,-1,49,15,50,-1,49,50,51,-1,51,50,52,-1,51,52,53,-1,8,54,22,-1,22,54,55,-1,22,55,56,-1,56,55,57,-1,56,57,13,-1,13,57,58,-1,13,58,14,-1,59,60,61,-1,61,60,62,-1,61,62,63,-1,63,62,64,-1,63,64,65,-1,65,64,66,-1,65,66,67,-1,67,66,68,-1,67,68,69,-1,11,10,27,-1,27,10,70,-1,27,70,38,-1,46,71,48,-1,48,71,72,-1,48,72,73,-1,73,72,74,-1,73,74,75,-1,75,74,76,-1,75,76,77,-1,77,76,78,-1,77,78,79,-1,79,78,80,-1,79,80,81,-1,81,80,82,-1,81,82,59,-1,59,82,83,-1,59,83,60,-1,84,85,86,-1,86,85,87,-1,86,87,43,-1,43,87,88,-1,43,88,41,-1,89,90,91,-1,91,90,92,-1,91,92,93,-1,93,92,94,-1,93,94,95,-1,95,94,96,-1,95,96,97,-1,97,96,98,-1,97,98,19,-1,19,98,99,-1,19,99,20,-1,37,2,100,-1,100,2,1,-1,100,1,101,-1,53,52,102,-1,102,52,103,-1,102,103,104,-1,104,103,105,-1,104,105,106,-1,106,105,107,-1,106,107,108,-1,108,107,109,-1,108,109,84,-1,84,109,110,-1,84,110,85,-1,9,111,7,-1,7,111,112,-1,7,112,113,-1,113,112,114,-1,113,114,115,-1,115,114,116,-1,115,116,89,-1,89,116,117,-1,89,117,90,-1,26,25,118,-1,118,25,119,-1,118,119,120,-1,120,119,121,-1,120,121,122,-1,122,121,123,-1,122,123,124,-1,124,123,125,-1,124,125,126,-1,126,125,127,-1,126,127,128,-1,128,127,129,-1,128,129,130,-1,130,129,131,-1,130,131,132,-1,132,131,133,-1,132,133,134,-1,134,133,135,-1,134,135,1,-1,1,135,136,-1,1,136,101,-1,137,138,139,-1,68,140,69,-1,69,140,137,-1,69,137,141,-1,141,137,139,-1,142,143,137,-1,137,143,144,-1,137,144,138,-1,145,146,147,-1,146,148,147,-1,147,148,149,-1,147,149,150,-1,142,137,147,-1,147,137,151,-1,147,151,145,-1,77,152,153,-1,77,153,75,-1,75,153,154,-1,75,154,73,-1,73,154,155,-1,73,155,48,-1,155,156,48,-1,48,156,157,-1,48,157,47,-1,47,157,158,-1,47,158,45,-1,45,158,159,-1,45,159,43,-1,43,159,160,-1,43,160,86,-1,86,160,161,-1,86,161,84,-1,84,161,108,-1,108,161,162,-1,162,163,108,-1,108,163,164,-1,108,164,106,-1,106,164,165,-1,106,165,104,-1,166,51,167,-1,167,51,53,-1,167,53,168,-1,168,53,102,-1,168,102,169,-1,169,102,104,-1,169,104,165,-1,51,166,170,-1,51,170,49,-1,49,170,171,-1,49,171,13,-1,13,171,172,-1,13,172,56,-1,56,172,173,-1,56,173,22,-1,22,173,174,-1,22,174,9,-1,9,174,175,-1,9,175,111,-1,111,175,176,-1,111,176,112,-1,112,176,177,-1,112,177,114,-1,114,177,178,-1,179,117,178,-1,178,117,116,-1,178,116,114,-1,179,180,117,-1,117,180,181,-1,117,181,90,-1,90,181,182,-1,90,182,92,-1,182,183,92,-1,92,183,94,-1,183,184,94,-1,94,184,185,-1,94,185,96,-1,96,185,186,-1,96,186,98,-1,98,186,187,-1,98,187,99,-1,99,187,188,-1,99,188,20,-1,20,188,189,-1,20,189,21,-1,21,189,190,-1,21,190,0,-1,190,191,0,-1,0,191,192,-1,0,192,1,-1,1,192,193,-1,1,193,134,-1,134,193,194,-1,134,194,132,-1,194,195,132,-1,132,195,196,-1,132,196,130,-1,130,196,197,-1,130,197,128,-1,198,24,26,-1,128,197,199,-1,128,199,126,-1,126,199,200,-1,126,200,124,-1,200,201,124,-1,124,201,202,-1,124,202,122,-1,122,202,203,-1,122,203,120,-1,120,203,204,-1,120,204,118,-1,118,204,205,-1,118,205,26,-1,26,205,206,-1,26,206,198,-1,3,24,207,-1,207,24,198,-1,4,3,208,-1,208,3,207,-1,209,23,210,-1,210,23,4,-1,210,4,208,-1,23,209,10,-1,10,209,211,-1,10,211,212,-1,10,212,213,-1,10,213,70,-1,70,213,214,-1,70,214,38,-1,214,215,38,-1,38,215,216,-1,38,216,39,-1,39,216,217,-1,39,217,40,-1,40,217,218,-1,40,218,28,-1,28,218,219,-1,28,219,30,-1,30,219,220,-1,30,220,32,-1,220,221,32,-1,32,221,222,-1,32,222,34,-1,34,222,223,-1,34,223,2,-1,224,91,93,-1,2,223,225,-1,2,225,19,-1,19,225,226,-1,19,226,97,-1,97,226,227,-1,97,227,95,-1,95,227,228,-1,95,228,93,-1,93,228,229,-1,93,229,224,-1,91,224,230,-1,91,230,89,-1,89,230,231,-1,89,231,115,-1,115,231,232,-1,115,232,113,-1,232,233,113,-1,113,233,234,-1,113,234,7,-1,7,234,235,-1,7,235,8,-1,8,235,236,-1,8,236,54,-1,54,236,237,-1,54,237,55,-1,55,237,238,-1,55,238,57,-1,57,238,239,-1,57,239,58,-1,58,239,240,-1,58,240,14,-1,14,240,241,-1,14,241,15,-1,15,241,242,-1,15,242,50,-1,50,242,243,-1,50,243,52,-1,52,243,244,-1,52,244,103,-1,103,244,245,-1,103,245,105,-1,246,41,247,-1,247,41,88,-1,247,88,248,-1,248,88,87,-1,248,87,249,-1,249,87,85,-1,249,85,250,-1,250,85,110,-1,250,110,251,-1,251,110,109,-1,251,109,252,-1,252,109,107,-1,252,107,253,-1,253,107,105,-1,253,105,245,-1,42,41,254,-1,254,41,246,-1,42,254,255,-1,42,255,44,-1,44,255,256,-1,44,256,46,-1,46,256,257,-1,46,257,71,-1,71,257,258,-1,71,258,72,-1,72,258,259,-1,72,259,74,-1,74,259,260,-1,74,260,76,-1,76,260,261,-1,76,261,78,-1,261,262,78,-1,78,262,80,-1,262,263,80,-1,80,263,264,-1,80,264,82,-1,82,264,265,-1,82,265,83,-1,83,265,266,-1,83,266,60,-1,60,266,267,-1,60,267,62,-1,62,267,268,-1,62,268,64,-1,64,268,269,-1,64,269,66,-1,68,66,270,-1,270,66,269,-1,68,270,271,-1,68,271,140,-1,140,271,272,-1,140,272,137,-1,137,272,273,-1,137,273,151,-1,151,273,274,-1,151,274,145,-1,145,274,275,-1,145,275,146,-1,146,275,276,-1,146,276,148,-1,148,276,277,-1,148,277,149,-1,149,277,278,-1,149,278,150,-1,150,278,279,-1,150,279,147,-1,147,279,280,-1,147,280,142,-1,142,280,281,-1,142,281,143,-1,143,281,282,-1,143,282,144,-1,144,282,283,-1,144,283,138,-1,138,283,284,-1,138,284,139,-1,139,284,285,-1,139,285,141,-1,141,285,286,-1,141,286,69,-1,69,286,287,-1,69,287,67,-1,65,67,288,-1,288,67,287,-1,65,288,289,-1,65,289,63,-1,63,289,290,-1,63,290,61,-1,61,290,291,-1,61,291,59,-1,59,291,292,-1,59,292,81,-1,81,292,293,-1,81,293,79,-1,79,293,77,-1,77,293,294,-1,77,294,152,-1,11,295,296,-1,11,296,12,-1,12,296,297,-1,12,297,16,-1,16,297,298,-1,16,298,17,-1,17,298,299,-1,17,299,18,-1,18,299,300,-1,18,300,6,-1,6,300,301,-1,6,301,5,-1,5,301,302,-1,5,302,25,-1,25,302,303,-1,25,303,119,-1,119,303,304,-1,119,304,121,-1,121,304,305,-1,121,305,123,-1,123,305,306,-1,123,306,125,-1,125,306,307,-1,125,307,127,-1,127,307,308,-1,127,308,129,-1,129,308,309,-1,129,309,131,-1,131,309,310,-1,131,310,133,-1,133,310,311,-1,133,311,135,-1,135,311,312,-1,135,312,136,-1,136,312,313,-1,136,313,101,-1,101,313,314,-1,101,314,100,-1,100,314,315,-1,100,315,37,-1,37,315,316,-1,37,316,36,-1,36,316,317,-1,36,317,35,-1,35,317,318,-1,35,318,33,-1,33,318,319,-1,33,319,31,-1,31,319,320,-1,31,320,29,-1,29,320,321,-1,29,321,27,-1,27,321,295,-1,27,295,11,-1,
        ]
    }
}
Shape{
    appearance Appearance {
        material  Material 	{
            diffuseColor 0.20784313725490197 0.20784313725490197 0.20784313725490197
            specularColor 0.01568627450980392 0.01568627450980392 0.01568627450980392
            ambientIntensity 0.298
            transparency 0.0
            shininess 0.5
        }
    }
    geometry IndexedFaceSet {
        ccw TRUE
        solid FALSE
        coord DEF co Coordinate {
            point [
                0.2164 0.5585 0.2961, 0.212 0.5705 0.2961, 0.2113 0.5698 0.2961, 0.2185 0.5587 0.2961, 0.22 0.5593 0.2961, 0.2182 0.5722 0.2961, 0.2167 0.5723 0.2961, 0.2149 0.5721 0.2961, 0.2134 0.5715 0.2961, 0.2101 0.5632 0.2961, 0.2108 0.5617 0.2961, 0.2118 0.5605 0.2961, 0.2167 0.5585 0.2961, 0.2104 0.5683 0.2961, 0.2098 0.5666 0.2961, 0.2098 0.5649 0.2961, 0.2132 0.5594 0.2961, 0.2148 0.5587 0.2961, 0.2213 0.5603 0.2961, 0.2223 0.5614 0.2961, 0.2231 0.5629 0.2961, 0.2236 0.5646 0.2961, 0.2236 0.5662 0.2961, 0.2232 0.5679 0.2961, 0.2224 0.5693 0.2961, 0.2212 0.5706 0.2961, 0.2198 0.5716 0.2961
            ]
        }
        coordIndex [
            0,1,2,-1,3,4,5,-1,6,7,0,-1,0,7,8,-1,0,8,1,-1,9,10,2,-1,2,10,11,-1,6,0,5,-1,5,0,12,-1,5,12,3,-1,13,14,2,-1,2,14,15,-1,2,15,9,-1,11,16,2,-1,2,16,17,-1,2,17,0,-1,4,18,5,-1,5,18,19,-1,5,19,20,-1,20,21,5,-1,5,21,22,-1,5,22,23,-1,23,24,5,-1,5,24,25,-1,5,25,26,-1,
        ]
    }
}
Shape{
    appearance Appearance {
        material  Material 	{
            diffuseColor 1.0 1.0 1.0
            specularColor 0.5019607843137255 0.5019607843137255 0.5019607843137255
            ambientIntensity 1.0
            transparency 0.0
            shininess 0.5
        }
    }
    geometry IndexedFaceSet {
        ccw TRUE
        solid FALSE
        coord DEF co Coordinate {
            point [
                0.384 0.6064 0.3, 0.3827 0.6048 0.3, 0.385 0.6028 0.3, 0.3824 0.6045 0.3, 0.3824 0.6009 0.3, 0.3808 0.6034 0.3, 0.3795 0.5998 0.3, 0.3787 0.6026 0.3, 0.3753 0.5993 0.3, 0.3753 0.6022 0.3, 0.3684 0.5993 0.3, 0.3716 0.6022 0.3, 0.3684 0.6243 0.3, 0.3716 0.6215 0.3, 0.3755 0.6243 0.3, 0.3754 0.6215 0.3, 0.3794 0.6239 0.3, 0.3787 0.6211 0.3, 0.3824 0.6228 0.3, 0.3808 0.6203 0.3, 0.385 0.621 0.3, 0.3826 0.6191 0.3, 0.3859 0.6201 0.3, 0.3835 0.6182 0.3, 0.3874 0.618 0.3, 0.3845 0.6167 0.3, 0.3884 0.6156 0.3, 0.3851 0.6148 0.3, 0.3888 0.6121 0.3, 0.3854 0.6121 0.3, 0.3886 0.6101 0.3, 0.3853 0.6106 0.3, 0.388 0.6073 0.3, 0.3848 0.6082 0.3, 0.3866 0.6047 0.3, 0.385 0.6028 0.2961, 0.3866 0.6047 0.2961, 0.388 0.6073 0.2961, 0.3886 0.6101 0.2961, 0.3888 0.6121 0.2961, 0.3884 0.6156 0.2961, 0.3874 0.618 0.2961, 0.3859 0.6201 0.2961, 0.385 0.621 0.2961, 0.3755 0.6243 0.2961, 0.3824 0.6228 0.2961, 0.3799 0.6237 0.2961, 0.3794 0.6239 0.2961, 0.3684 0.6243 0.2961, 0.3684 0.5993 0.2961, 0.3753 0.5993 0.2961, 0.3795 0.5998 0.2961, 0.3799 0.6 0.2961, 0.3824 0.6009 0.2961, 0.3826 0.6191 0.2961, 0.3835 0.6182 0.2961, 0.3845 0.6167 0.2961, 0.3851 0.6148 0.2961, 0.3854 0.6121 0.2961, 0.3754 0.6215 0.2961, 0.3787 0.6211 0.2961, 0.3808 0.6203 0.2961, 0.3716 0.6215 0.2961, 0.3716 0.6022 0.2961, 0.3753 0.6022 0.2961, 0.3827 0.6048 0.2961, 0.3824 0.6045 0.2961, 0.3808 0.6034 0.2961, 0.3787 0.6026 0.2961, 0.3853 0.6106 0.2961, 0.3848 0.6082 0.2961, 0.384 0.6064 0.2961
            ]
        }
        coordIndex [
            0,1,2,-1,2,1,3,-1,2,3,4,-1,4,3,5,-1,4,5,6,-1,6,5,7,-1,6,7,8,-1,8,7,9,-1,8,9,10,-1,10,9,11,-1,10,11,12,-1,12,11,13,-1,12,13,14,-1,14,13,15,-1,14,15,16,-1,16,15,17,-1,16,17,18,-1,18,17,19,-1,18,19,20,-1,20,19,21,-1,20,21,22,-1,22,21,23,-1,22,23,24,-1,24,23,25,-1,24,25,26,-1,26,25,27,-1,26,27,28,-1,28,27,29,-1,28,29,30,-1,30,29,31,-1,30,31,32,-1,32,31,33,-1,32,33,34,-1,34,33,0,-1,34,0,2,-1,2,35,36,-1,2,36,34,-1,34,36,37,-1,34,37,32,-1,32,37,38,-1,32,38,30,-1,30,38,39,-1,30,39,28,-1,28,39,40,-1,28,40,26,-1,26,40,41,-1,26,41,24,-1,24,41,42,-1,24,42,22,-1,22,42,43,-1,22,43,20,-1,44,14,16,-1,20,43,45,-1,20,45,18,-1,18,45,46,-1,18,46,16,-1,16,46,47,-1,16,47,44,-1,12,14,48,-1,48,14,44,-1,10,12,49,-1,49,12,48,-1,8,10,50,-1,50,10,49,-1,35,2,4,-1,8,50,51,-1,8,51,6,-1,6,51,52,-1,6,52,4,-1,4,52,53,-1,4,53,35,-1,21,54,55,-1,21,55,23,-1,23,55,56,-1,23,56,25,-1,25,56,57,-1,25,57,27,-1,27,57,58,-1,27,58,29,-1,15,59,60,-1,15,60,17,-1,17,60,61,-1,17,61,19,-1,19,61,54,-1,19,54,21,-1,15,13,59,-1,59,13,62,-1,13,11,62,-1,62,11,63,-1,11,9,63,-1,63,9,64,-1,1,65,66,-1,1,66,3,-1,3,66,67,-1,3,67,5,-1,5,67,68,-1,5,68,7,-1,7,68,64,-1,7,64,9,-1,29,58,69,-1,29,69,31,-1,31,69,70,-1,31,70,33,-1,33,70,71,-1,33,71,0,-1,0,71,65,-1,0,65,1,-1,
        ]
    }
}
Shape{
    appearance Appearance {
        material  Material 	{
            diffuseColor 0.20784313725490197 0.20784313725490197 0.20784313725490197
            specularColor 0.01568627450980392 0.01568627450980392 0.01568627450980392
            ambientIntensity 0.298
            transparency 0.0
            shininess 0.5
        }
    }
    geometry IndexedFaceSet {
        ccw TRUE
        solid FALSE
        coord DEF co Coordinate {
            point [
                0.3716 0.6215 0.2961, 0.3716 0.6022 0.2961, 0.3754 0.6215 0.2961, 0.3753 0.6022 0.2961, 0.3824 0.6045 0.2961, 0.3827 0.6048 0.2961, 0.3787 0.6026 0.2961, 0.3808 0.6034 0.2961, 0.3853 0.6106 0.2961, 0.3854 0.6121 0.2961, 0.384 0.6064 0.2961, 0.3848 0.6082 0.2961, 0.3851 0.6148 0.2961, 0.3845 0.6167 0.2961, 0.3835 0.6182 0.2961, 0.3826 0.6191 0.2961, 0.3808 0.6203 0.2961, 0.3787 0.6211 0.2961
            ]
        }
        coordIndex [
            0,1,2,-1,2,1,3,-1,2,4,5,-1,3,6,2,-1,2,6,7,-1,2,7,4,-1,8,9,2,-1,5,10,2,-1,2,10,11,-1,2,11,8,-1,9,12,2,-1,2,12,13,-1,2,13,14,-1,14,15,2,-1,2,15,16,-1,2,16,17,-1,
        ]
    }
}
Shape{
    appearance Appearance {
        material  Material 	{
            diffuseColor 1.0 1.0 1.0
            specularColor 0.5019607843137255 0.5019607843137255 0.5019607843137255
            ambientIntensity 1.0
            transparency 0.0
            shininess 0.5
        }
    }
    geometry IndexedFaceSet {
        ccw TRUE
        solid FALSE
        coord DEF co Coordinate {
            point [
                0.3387 0.6018 0.3, 0.3387 0.6018 0.2961, 0.3364 0.602 0.2961, 0.3364 0.602 0.3, 0.3346 0.6027 0.2961, 0.3346 0.6027 0.3, 0.3329 0.6038 0.2961, 0.3329 0.6038 0.3, 0.3323 0.6044 0.2961, 0.3323 0.6044 0.3, 0.3311 0.6061 0.2961, 0.3311 0.6061 0.3, 0.3303 0.6081 0.2961, 0.3303 0.6081 0.3, 0.3299 0.6106 0.2961, 0.3299 0.6106 0.3, 0.3299 0.6115 0.2961, 0.3299 0.6115 0.3, 0.3303 0.6149 0.2961, 0.3303 0.6149 0.3, 0.3311 0.6171 0.2961, 0.3311 0.6171 0.3, 0.3323 0.6189 0.2961, 0.3323 0.6189 0.3, 0.3325 0.6191 0.2961, 0.3325 0.6191 0.3, 0.3342 0.6205 0.2961, 0.3342 0.6205 0.3, 0.3361 0.6214 0.2961, 0.3361 0.6214 0.3, 0.3383 0.6218 0.2961, 0.3383 0.6218 0.3, 0.3393 0.6218 0.2961, 0.3393 0.6218 0.3, 0.342 0.6216 0.2961, 0.342 0.6216 0.3, 0.3445 0.6207 0.2961, 0.3445 0.6207 0.3, 0.3452 0.6204 0.2961, 0.3452 0.6204 0.3, 0.3452 0.6237 0.3, 0.3452 0.6237 0.2961, 0.3393 0.6248 0.2961, 0.3393 0.6248 0.3, 0.3398 0.6248 0.3, 0.343 0.6244 0.2961, 0.343 0.6244 0.3, 0.3418 0.6245 0.2961, 0.3398 0.6248 0.2961, 0.3375 0.6245 0.2961, 0.3357 0.6243 0.3, 0.3357 0.6243 0.2961, 0.3331 0.6233 0.2961, 0.3331 0.6233 0.3, 0.3306 0.6216 0.2961, 0.3306 0.6216 0.3, 0.3301 0.6211 0.2961, 0.3301 0.6211 0.3, 0.3285 0.6191 0.2961, 0.3285 0.6191 0.3, 0.3276 0.6172 0.2961, 0.3272 0.6164 0.3, 0.3272 0.6164 0.2961, 0.3266 0.6132 0.2961, 0.3266 0.6132 0.3, 0.3265 0.6114 0.2961, 0.3265 0.6114 0.3, 0.327 0.6073 0.2961, 0.327 0.6073 0.3, 0.3276 0.6057 0.2961, 0.328 0.6047 0.3, 0.328 0.6047 0.2961, 0.3295 0.6026 0.2961, 0.3295 0.6026 0.3, 0.3297 0.6023 0.2961, 0.3297 0.6023 0.3, 0.3383 0.5989 0.2961, 0.3383 0.5989 0.3, 0.3365 0.599 0.3, 0.3315 0.6008 0.2961, 0.3315 0.6008 0.3, 0.3338 0.5996 0.2961, 0.3338 0.5996 0.3, 0.336 0.5991 0.2961, 0.3365 0.599 0.2961, 0.3405 0.5991 0.2961, 0.3421 0.5993 0.3, 0.3421 0.5993 0.2961, 0.3448 0.6001 0.2961, 0.3448 0.6001 0.3, 0.3452 0.6003 0.2961, 0.3452 0.6003 0.3, 0.3452 0.6034 0.3, 0.3452 0.6034 0.2961, 0.343 0.6024 0.2961, 0.343 0.6024 0.3, 0.3403 0.6018 0.2961, 0.3403 0.6018 0.3, 0.4285 0.5693 0.3, 0.4275 0.5665 0.3, 0.4369 0.5693 0.3, 0.4379 0.5665 0.3, 0.4322 0.5797 0.3, 0.431 0.5846 0.3, 0.4215 0.5596 0.3, 0.4251 0.5596 0.3, 0.4325 0.5804 0.3, 0.4326 0.5814 0.3, 0.4345 0.5846 0.3, 0.4327 0.5814 0.3, 0.4329 0.5804 0.3, 0.4331 0.5797 0.3, 0.444 0.5596 0.3, 0.4404 0.5596 0.3, 0.431 0.5846 0.2961, 0.4345 0.5846 0.2961, 0.4215 0.5596 0.2961, 0.4297 0.5813 0.2961, 0.4251 0.5596 0.2961, 0.4275 0.5665 0.2961, 0.4379 0.5665 0.2961, 0.4404 0.5596 0.2961, 0.444 0.5596 0.2961, 0.4358 0.5813 0.2961, 0.4322 0.5797 0.2961, 0.4325 0.5804 0.2961, 0.4326 0.5814 0.2961, 0.4285 0.5693 0.2961, 0.4369 0.5693 0.2961, 0.4331 0.5797 0.2961, 0.4327 0.5814 0.2961, 0.4329 0.5804 0.2961
            ]
        }
        coordIndex [
            0,1,2,-1,0,2,3,-1,3,2,4,-1,3,4,5,-1,5,4,6,-1,5,6,7,-1,7,6,8,-1,7,8,9,-1,9,8,10,-1,9,10,11,-1,11,10,12,-1,11,12,13,-1,13,12,14,-1,13,14,15,-1,15,14,16,-1,15,16,17,-1,17,16,18,-1,17,18,19,-1,19,18,20,-1,19,20,21,-1,21,20,22,-1,21,22,23,-1,23,22,24,-1,23,24,25,-1,25,24,26,-1,25,26,27,-1,27,26,28,-1,27,28,29,-1,29,28,30,-1,29,30,31,-1,31,30,32,-1,31,32,33,-1,33,32,34,-1,33,34,35,-1,35,34,36,-1,35,36,37,-1,37,36,38,-1,37,38,39,-1,40,39,41,-1,41,39,38,-1,42,43,44,-1,40,41,45,-1,40,45,46,-1,46,45,47,-1,46,47,44,-1,44,47,48,-1,44,48,42,-1,43,42,49,-1,43,49,50,-1,49,51,50,-1,50,51,52,-1,50,52,53,-1,53,52,54,-1,53,54,55,-1,55,54,56,-1,55,56,57,-1,57,56,58,-1,57,58,59,-1,59,58,60,-1,59,60,61,-1,60,62,61,-1,61,62,63,-1,61,63,64,-1,64,63,65,-1,64,65,66,-1,66,65,67,-1,66,67,68,-1,68,67,69,-1,68,69,70,-1,69,71,70,-1,70,71,72,-1,70,72,73,-1,73,72,74,-1,73,74,75,-1,76,77,78,-1,75,74,79,-1,75,79,80,-1,80,79,81,-1,80,81,82,-1,82,81,83,-1,82,83,78,-1,78,83,84,-1,78,84,76,-1,76,85,77,-1,77,85,86,-1,85,87,86,-1,86,87,88,-1,86,88,89,-1,89,88,90,-1,89,90,91,-1,92,91,93,-1,93,91,90,-1,92,93,94,-1,92,94,95,-1,95,94,96,-1,95,96,97,-1,97,96,1,-1,97,1,0,-1,37,39,40,-1,27,29,50,-1,19,21,59,-1,50,29,43,-1,59,21,57,-1,37,40,35,-1,50,53,27,-1,27,53,55,-1,27,55,25,-1,25,55,57,-1,25,57,23,-1,23,57,21,-1,29,31,43,-1,43,31,33,-1,43,33,44,-1,44,33,35,-1,44,35,46,-1,46,35,40,-1,66,17,64,-1,64,17,19,-1,64,19,61,-1,61,19,59,-1,91,92,89,-1,89,92,95,-1,89,95,86,-1,86,95,97,-1,86,97,77,-1,77,97,0,-1,77,0,78,-1,78,0,3,-1,78,3,82,-1,82,3,5,-1,82,5,80,-1,80,5,7,-1,80,7,75,-1,75,7,9,-1,75,9,73,-1,73,9,11,-1,73,11,70,-1,70,11,68,-1,68,11,13,-1,68,13,66,-1,66,13,15,-1,66,15,17,-1,98,99,100,-1,100,99,101,-1,102,103,98,-1,98,103,104,-1,98,104,99,-1,99,104,105,-1,102,106,103,-1,103,106,107,-1,103,107,108,-1,108,107,109,-1,108,109,110,-1,110,111,108,-1,108,111,100,-1,108,100,112,-1,112,100,101,-1,112,101,113,-1,103,108,114,-1,114,108,115,-1,116,104,117,-1,117,104,103,-1,117,103,114,-1,105,104,118,-1,118,104,116,-1,99,105,119,-1,119,105,118,-1,101,99,120,-1,120,99,119,-1,113,101,121,-1,121,101,120,-1,112,113,122,-1,122,113,121,-1,112,122,108,-1,108,122,123,-1,108,123,115,-1,102,124,125,-1,102,125,106,-1,106,125,126,-1,106,126,107,-1,102,98,124,-1,124,98,127,-1,98,100,127,-1,127,100,128,-1,100,111,128,-1,128,111,129,-1,109,130,131,-1,109,131,110,-1,110,131,129,-1,110,129,111,-1,109,107,130,-1,130,107,126,-1,
        ]
    }
}
Shape{
    appearance Appearance {
        material  Material 	{
            diffuseColor 0.20784313725490197 0.20784313725490197 0.20784313725490197
            specularColor 0.01568627450980392 0.01568627450980392 0.01568627450980392
            ambientIntensity 0.298
            transparency 0.0
            shininess 0.5
        }
    }
    geometry IndexedFaceSet {
        ccw TRUE
        solid FALSE
        coord DEF co Coordinate {
            point [
                0.4327 0.5814 0.2961, 0.4326 0.5814 0.2961, 0.4329 0.5804 0.2961, 0.4325 0.5804 0.2961, 0.4331 0.5797 0.2961, 0.4322 0.5797 0.2961, 0.4369 0.5693 0.2961, 0.4285 0.5693 0.2961
            ]
        }
        coordIndex [
            0,1,2,-1,2,1,3,-1,2,3,4,-1,4,3,5,-1,4,5,6,-1,6,5,7,-1,
        ]
    }
}
Shape{
    appearance Appearance {
        material  Material 	{
            diffuseColor 1.0 1.0 1.0
            specularColor 0.5019607843137255 0.5019607843137255 0.5019607843137255
            ambientIntensity 1.0
            transparency 0.0
            shininess 0.5
        }
    }
    geometry IndexedFaceSet {
        ccw TRUE
        solid FALSE
        coord DEF co Coordinate {
            point [
                0.395 0.5625 0.3, 0.395 0.5625 0.2961, 0.3848 0.5625 0.3, 0.3895 0.5625 0.2961, 0.3848 0.5625 0.2961, 0.3848 0.5709 0.3, 0.3848 0.5709 0.2961, 0.3937 0.5709 0.3, 0.3895 0.5709 0.2961, 0.3937 0.5709 0.2961, 0.3937 0.5738 0.3, 0.3937 0.5738 0.2961, 0.3848 0.5738 0.2961, 0.3848 0.5738 0.3, 0.3895 0.5738 0.2961, 0.3848 0.5818 0.2961, 0.3848 0.5818 0.3, 0.3848 0.5813 0.2961, 0.3944 0.5818 0.2961, 0.3944 0.5818 0.3, 0.3895 0.5818 0.2961, 0.3944 0.5846 0.3, 0.3944 0.5846 0.2961, 0.3815 0.5846 0.2961, 0.3815 0.5846 0.3, 0.3895 0.5846 0.2961, 0.3815 0.5596 0.2961, 0.3815 0.5596 0.3, 0.3815 0.5813 0.2961, 0.395 0.5596 0.3, 0.3895 0.5596 0.2961, 0.395 0.5596 0.2961, 0.3155 0.5625 0.3, 0.3257 0.5625 0.3, 0.3155 0.5625 0.2961, 0.3257 0.5625 0.2961, 0.3155 0.5709 0.3, 0.3155 0.5709 0.2961, 0.3244 0.5709 0.3, 0.3244 0.5709 0.2961, 0.3244 0.5738 0.3, 0.3244 0.5738 0.2961, 0.3155 0.5738 0.3, 0.3155 0.5738 0.2961, 0.3155 0.5818 0.2961, 0.3155 0.5818 0.3, 0.3155 0.5813 0.2961, 0.3251 0.5818 0.3, 0.3251 0.5818 0.2961, 0.3251 0.5846 0.3, 0.3251 0.5846 0.2961, 0.3122 0.5846 0.3, 0.3122 0.5846 0.2961, 0.3122 0.5596 0.2961, 0.3122 0.5596 0.3, 0.3122 0.5813 0.2961, 0.3257 0.5596 0.3, 0.3257 0.5596 0.2961, 0.3972 0.609 0.3, 0.3961 0.6062 0.3, 0.4056 0.609 0.3, 0.4066 0.6062 0.3, 0.4009 0.6194 0.3, 0.3997 0.6243 0.3, 0.3902 0.5993 0.3, 0.3937 0.5993 0.3, 0.4011 0.6201 0.3, 0.4013 0.6211 0.3, 0.4031 0.6243 0.3, 0.4014 0.6211 0.3, 0.4016 0.6201 0.3, 0.4018 0.6194 0.3, 0.4127 0.5993 0.3, 0.4091 0.5993 0.3, 0.3997 0.6243 0.2961, 0.4031 0.6243 0.2961, 0.3902 0.5993 0.2961, 0.3974 0.6182 0.2961, 0.3937 0.5993 0.2961, 0.3961 0.6062 0.2961, 0.4066 0.6062 0.2961, 0.3974 0.6062 0.2961, 0.4091 0.5993 0.2961, 0.4127 0.5993 0.2961, 0.4009 0.6194 0.2961, 0.4011 0.6201 0.2961, 0.4013 0.6211 0.2961, 0.3972 0.609 0.2961, 0.4056 0.609 0.2961, 0.4018 0.6194 0.2961, 0.4014 0.6211 0.2961, 0.4016 0.6201 0.2961
            ]
        }
        coordIndex [
            0,1,2,-1,2,1,3,-1,2,3,4,-1,5,2,6,-1,6,2,4,-1,5,6,7,-1,7,6,8,-1,7,8,9,-1,10,7,11,-1,11,7,9,-1,12,13,14,-1,14,13,10,-1,14,10,11,-1,15,16,17,-1,17,16,13,-1,17,13,12,-1,18,19,20,-1,20,19,16,-1,20,16,15,-1,21,19,22,-1,22,19,18,-1,23,24,25,-1,25,24,21,-1,25,21,22,-1,26,27,28,-1,28,27,24,-1,28,24,23,-1,27,26,29,-1,29,26,30,-1,29,30,31,-1,0,29,1,-1,1,29,31,-1,27,29,0,-1,0,2,27,-1,27,2,5,-1,27,5,24,-1,19,21,16,-1,16,21,24,-1,16,24,13,-1,13,24,5,-1,13,5,10,-1,10,5,7,-1,32,33,34,-1,34,33,35,-1,36,32,37,-1,37,32,34,-1,38,36,39,-1,39,36,37,-1,40,38,41,-1,41,38,39,-1,42,40,43,-1,43,40,41,-1,44,45,46,-1,46,45,42,-1,46,42,43,-1,47,45,48,-1,48,45,44,-1,49,47,50,-1,50,47,48,-1,51,49,52,-1,52,49,50,-1,53,54,55,-1,55,54,51,-1,55,51,52,-1,56,54,57,-1,57,54,53,-1,33,56,35,-1,35,56,57,-1,54,56,33,-1,33,32,54,-1,54,32,36,-1,54,36,51,-1,47,49,45,-1,45,49,51,-1,45,51,42,-1,42,51,36,-1,42,36,40,-1,40,36,38,-1,58,59,60,-1,60,59,61,-1,62,63,58,-1,58,63,64,-1,58,64,59,-1,59,64,65,-1,62,66,63,-1,63,66,67,-1,63,67,68,-1,68,67,69,-1,68,69,70,-1,70,71,68,-1,68,71,60,-1,68,60,72,-1,72,60,61,-1,72,61,73,-1,63,68,74,-1,74,68,75,-1,76,64,77,-1,77,64,63,-1,77,63,74,-1,65,64,78,-1,78,64,76,-1,59,65,79,-1,79,65,78,-1,80,61,81,-1,81,61,59,-1,81,59,79,-1,73,61,82,-1,82,61,80,-1,72,73,83,-1,83,73,82,-1,68,72,75,-1,75,72,83,-1,62,84,85,-1,62,85,66,-1,66,85,86,-1,66,86,67,-1,62,58,84,-1,84,58,87,-1,58,60,87,-1,87,60,88,-1,60,71,88,-1,88,71,89,-1,69,90,91,-1,69,91,70,-1,70,91,89,-1,70,89,71,-1,69,67,90,-1,90,67,86,-1,
        ]
    }
}
Shape{
    appearance Appearance {
        material  Material 	{
            diffuseColor 0.20784313725490197 0.20784313725490197 0.20784313725490197
            specularColor 0.01568627450980392 0.01568627450980392 0.01568627450980392
            ambientIntensity 0.298
            transparency 0.0
            shininess 0.5
        }
    }
    geometry IndexedFaceSet {
        ccw TRUE
        solid FALSE
        coord DEF co Coordinate {
            point [
                0.4014 0.6211 0.2961, 0.4013 0.6211 0.2961, 0.4016 0.6201 0.2961, 0.4011 0.6201 0.2961, 0.4018 0.6194 0.2961, 0.4009 0.6194 0.2961, 0.4056 0.609 0.2961, 0.3972 0.609 0.2961
            ]
        }
        coordIndex [
            0,1,2,-1,2,1,3,-1,2,3,4,-1,4,3,5,-1,4,5,6,-1,6,5,7,-1,
        ]
    }
}
Shape{
    appearance Appearance {
        material  Material 	{
            diffuseColor 1.0 1.0 1.0
            specularColor 0.5019607843137255 0.5019607843137255 0.5019607843137255
            ambientIntensity 1.0
            transparency 0.0
            shininess 0.5
        }
    }
    geometry IndexedFaceSet {
        ccw TRUE
        solid FALSE
        coord DEF co Coordinate {
            point [
                0.3534 0.6022 0.2961, 0.3534 0.6022 0.3, 0.3602 0.6022 0.2961, 0.3637 0.6022 0.3, 0.3637 0.6022 0.2961, 0.3534 0.6106 0.3, 0.3534 0.6106 0.2961, 0.3624 0.6106 0.2961, 0.3624 0.6106 0.3, 0.3602 0.6106 0.2961, 0.3624 0.6134 0.3, 0.3624 0.6134 0.2961, 0.3534 0.6134 0.2961, 0.3534 0.6134 0.3, 0.3602 0.6134 0.2961, 0.3534 0.6215 0.3, 0.3534 0.6215 0.2961, 0.3631 0.6215 0.3, 0.3602 0.6215 0.2961, 0.3631 0.6215 0.2961, 0.3631 0.6243 0.3, 0.3631 0.6243 0.2961, 0.3502 0.6243 0.2961, 0.3502 0.6243 0.3, 0.3602 0.6243 0.2961, 0.3502 0.5993 0.3, 0.3502 0.5993 0.2961, 0.3637 0.5993 0.3, 0.3602 0.5993 0.2961, 0.3637 0.5993 0.2961, 0.3155 0.6022 0.3, 0.3254 0.6022 0.3, 0.3155 0.6022 0.2961, 0.3254 0.6022 0.2961, 0.3155 0.6243 0.3, 0.3155 0.6243 0.2961, 0.3122 0.6243 0.3, 0.3122 0.6243 0.2961, 0.3122 0.5993 0.3, 0.3122 0.5993 0.2961, 0.3254 0.5993 0.3, 0.3254 0.5993 0.2961
            ]
        }
        coordIndex [
            0,1,2,-1,2,1,3,-1,2,3,4,-1,5,1,6,-1,6,1,0,-1,7,8,9,-1,9,8,5,-1,9,5,6,-1,10,8,11,-1,11,8,7,-1,12,13,14,-1,14,13,10,-1,14,10,11,-1,15,13,16,-1,16,13,12,-1,15,16,17,-1,17,16,18,-1,17,18,19,-1,20,17,21,-1,21,17,19,-1,22,23,24,-1,24,23,20,-1,24,20,21,-1,25,23,26,-1,26,23,22,-1,25,26,27,-1,27,26,28,-1,27,28,29,-1,3,27,4,-1,4,27,29,-1,25,27,3,-1,3,1,25,-1,25,1,5,-1,25,5,23,-1,17,20,15,-1,15,20,23,-1,15,23,13,-1,13,23,5,-1,13,5,10,-1,10,5,8,-1,30,31,32,-1,32,31,33,-1,34,30,35,-1,35,30,32,-1,36,34,37,-1,37,34,35,-1,38,36,39,-1,39,36,37,-1,40,38,41,-1,41,38,39,-1,31,40,33,-1,33,40,41,-1,34,36,30,-1,30,36,38,-1,30,38,31,-1,31,38,40,-1,
        ]
    }
}