ISO-10303-21;
HEADER;
FILE_DESCRIPTION (( 'STEP AP214' ),
    '1' );
FILE_NAME ('零件46.STEP',
    '2026-07-01T11:10:10',
    ( '' ),
    ( '' ),
    'SwSTEP 2.0',
    'SolidWorks 2021',
    '' );
FILE_SCHEMA (( 'AUTOMOTIVE_DESIGN' ));
ENDSEC;

DATA;
#1 = PLANE ( 'NONE',  #5327 ) ;
#2 = CARTESIAN_POINT ( 'NONE',  ( -0.5374999999999999778, 0.6249999999999998890, 0.7249999999999916511 ) ) ;
#3 = CARTESIAN_POINT ( 'NONE',  ( 0.1125000000000000028, -0.8250000000000003997, 0.1499999999999999112 ) ) ;
#4 =( NAMED_UNIT ( * ) SI_UNIT ( $, .STERADIAN. ) SOLID_ANGLE_UNIT ( ) );
#5 = ORIENTED_EDGE ( 'NONE', *, *, #1024, .F. ) ;
#6 = PRESENTATION_STYLE_ASSIGNMENT (( #543 ) ) ;
#7 = COLOUR_RGB ( '',0.2235294117647058654, 0.2235294117647058654, 0.2235294117647058654 ) ;
#8 = CARTESIAN_POINT ( 'NONE',  ( -0.8929413768309811816, -3.098012738119511131E-16, 0.1500000000000000222 ) ) ;
#9 = EDGE_CURVE ( 'NONE', #1625, #3179, #2627, .T. ) ;
#10 = AXIS2_PLACEMENT_3D ( 'NONE', #3231, #254, #3544 ) ;
#11 =( LENGTH_UNIT ( ) NAMED_UNIT ( * ) SI_UNIT ( .MILLI., .METRE. ) );
#12 = ORIENTED_EDGE ( 'NONE', *, *, #2849, .T. ) ;
#13 = FACE_OUTER_BOUND ( 'NONE', #2880, .T. ) ;
#14 = VERTEX_POINT ( 'NONE', #508 ) ;
#15 = PLANE ( 'NONE',  #2402 ) ;
#16 = UNCERTAINTY_MEASURE_WITH_UNIT (LENGTH_MEASURE( 1.000000000000000082E-05 ), #5090, 'distance_accuracy_value', 'NONE');
#17 = PRESENTATION_STYLE_ASSIGNMENT (( #2536 ) ) ;
#18 =( LENGTH_UNIT ( ) NAMED_UNIT ( * ) SI_UNIT ( .MILLI., .METRE. ) );
#19 = EDGE_LOOP ( 'NONE', ( #4117, #3297, #4905, #3871 ) ) ;
#20 =( NAMED_UNIT ( * ) PLANE_ANGLE_UNIT ( ) SI_UNIT ( $, .RADIAN. ) );
#21 = CARTESIAN_POINT ( 'NONE',  ( 0.5374999999999999778, 0.8250000000000003997, -9.486769009248163798E-17 ) ) ;
#22 = ORIENTED_EDGE ( 'NONE', *, *, #2613, .T. ) ;
#23 = SURFACE_STYLE_FILL_AREA ( #4664 ) ;
#24 = CARTESIAN_POINT ( 'NONE',  ( -0.7624999999999999556, -0.5828377495892823612, 1.100000000000000089 ) ) ;
#25 = MECHANICAL_DESIGN_GEOMETRIC_PRESENTATION_REPRESENTATION (  '', ( #3187 ), #3007 ) ;
#26 = MECHANICAL_DESIGN_GEOMETRIC_PRESENTATION_REPRESENTATION (  '', ( #121 ), #2302 ) ;
#27 =( LENGTH_UNIT ( ) NAMED_UNIT ( * ) SI_UNIT ( .MILLI., .METRE. ) );
#28 = AXIS2_PLACEMENT_3D ( 'NONE', #3881, #1030, #5242 ) ;
#29 = ADVANCED_FACE ( 'NONE', ( #1370 ), #3020, .F. ) ;
#30 = STYLED_ITEM ( 'NONE', ( #3606 ), #74 ) ;
#31 = VECTOR ( 'NONE', #1851, 1000.000000000000000 ) ;
#32 = DIRECTION ( 'NONE',  ( 1.000000000000000000, 0.000000000000000000, 0.000000000000000000 ) ) ;
#33 = EDGE_LOOP ( 'NONE', ( #1679, #4508, #748, #2678 ) ) ;
#34 = CARTESIAN_POINT ( 'NONE',  ( 0.000000000000000000, 0.000000000000000000, 1.100000000000000089 ) ) ;
#35 = DIRECTION ( 'NONE',  ( -1.000000000000000000, -0.000000000000000000, -0.000000000000000000 ) ) ;
#36 =( GEOMETRIC_REPRESENTATION_CONTEXT ( 3 ) GLOBAL_UNCERTAINTY_ASSIGNED_CONTEXT ( ( #1311 ) ) GLOBAL_UNIT_ASSIGNED_CONTEXT ( ( #3887, #5101, #3860 ) ) REPRESENTATION_CONTEXT ( 'NONE', 'WORKASPACE' ) );
#37 = SURFACE_SIDE_STYLE ('',( #3792 ) ) ;
#38 = EDGE_CURVE ( 'NONE', #732, #4251, #5180, .T. ) ;
#39 = ORIENTED_EDGE ( 'NONE', *, *, #2716, .T. ) ;
#40 = UNCERTAINTY_MEASURE_WITH_UNIT (LENGTH_MEASURE( 1.000000000000000082E-05 ), #2045, 'distance_accuracy_value', 'NONE');
#41 = CARTESIAN_POINT ( 'NONE',  ( 1.000000000000000000, -0.5754865965629215596, 0.7999999999999914957 ) ) ;
#42 = DIRECTION ( 'NONE',  ( 0.000000000000000000, 0.000000000000000000, -1.000000000000000000 ) ) ;
#43 = VECTOR ( 'NONE', #2396, 1000.000000000000000 ) ;
#44 = STYLED_ITEM ( 'NONE', ( #2494 ), #3347 ) ;
#45 = DIRECTION ( 'NONE',  ( 0.000000000000000000, -1.000000000000000000, -5.355436828253419639E-16 ) ) ;
#46 = VERTEX_POINT ( 'NONE', #2330 ) ;
#47 = PRESENTATION_STYLE_ASSIGNMENT (( #998 ) ) ;
#48 = CARTESIAN_POINT ( 'NONE',  ( 0.7624999999999999556, 0.6500000000000001332, 0.6999999999999912959 ) ) ;
#49 = AXIS2_PLACEMENT_3D ( 'NONE', #2512, #1680, #1703 ) ;
#50 = ORIENTED_EDGE ( 'NONE', *, *, #4394, .T. ) ;
#51 = CIRCLE ( 'NONE', #1895, 0.1750000000000002387 ) ;
#52 = FILL_AREA_STYLE ('',( #3805 ) ) ;
#53 = CARTESIAN_POINT ( 'NONE',  ( 0.8929413768309818478, -0.5179413768309816257, 0.1500000000000000222 ) ) ;
#54 = COLOUR_RGB ( '',0.2235294117647058654, 0.2235294117647058654, 0.2235294117647058654 ) ;
#55 = ORIENTED_EDGE ( 'NONE', *, *, #1162, .F. ) ;
#56 = CARTESIAN_POINT ( 'NONE',  ( 0.000000000000000000, -0.5425341088243288423, 1.099900000000000100 ) ) ;
#57 = CARTESIAN_POINT ( 'NONE',  ( 0.7624999999999999556, 0.4225511228578718859, 0.7249999999999915401 ) ) ;
#58 = PRESENTATION_LAYER_ASSIGNMENT (  '', '', ( #4785 ) ) ;
#59 = VECTOR ( 'NONE', #4375, 1000.000000000000000 ) ;
#60 = STYLED_ITEM ( 'NONE', ( #2759 ), #2673 ) ;
#61 = UNCERTAINTY_MEASURE_WITH_UNIT (LENGTH_MEASURE( 1.000000000000000082E-05 ), #5423, 'distance_accuracy_value', 'NONE');
#62 = DIRECTION ( 'NONE',  ( 0.000000000000000000, 1.000000000000000000, -1.204669080539450823E-16 ) ) ;
#63 = ADVANCED_FACE ( 'NONE', ( #2714 ), #3164, .F. ) ;
#64 = MECHANICAL_DESIGN_GEOMETRIC_PRESENTATION_REPRESENTATION (  '', ( #515 ), #2162 ) ;
#65 = EDGE_LOOP ( 'NONE', ( #2504, #4071, #552, #5322 ) ) ;
#66 = SURFACE_STYLE_USAGE ( .BOTH. , #4156 ) ;
#67 = PRESENTATION_STYLE_ASSIGNMENT (( #3824 ) ) ;
#68 = SURFACE_STYLE_FILL_AREA ( #2143 ) ;
#69 = VECTOR ( 'NONE', #1391, 1000.000000000000000 ) ;
#70 = EDGE_LOOP ( 'NONE', ( #4183, #3306, #1836, #2345 ) ) ;
#71 = COLOUR_RGB ( '',0.8509803921568627194, 0.8509803921568627194, 0.8509803921568627194 ) ;
#72 = PRESENTATION_STYLE_ASSIGNMENT (( #1382 ) ) ;
#73 = CARTESIAN_POINT ( 'NONE',  ( -0.5374999999999999778, 1.050000000000000044, -1.219727444046192488E-16 ) ) ;
#74 = ADVANCED_FACE ( 'NONE', ( #5154 ), #1922, .T. ) ;
#75 = PRESENTATION_STYLE_ASSIGNMENT (( #2587 ) ) ;
#76 = LINE ( 'NONE', #1359, #2088 ) ;
#77 = ORIENTED_EDGE ( 'NONE', *, *, #2447, .T. ) ;
#78 = FILL_AREA_STYLE ('',( #926 ) ) ;
#79 = FILL_AREA_STYLE_COLOUR ( '', #850 ) ;
#80 = ORIENTED_EDGE ( 'NONE', *, *, #415, .T. ) ;
#81 = CARTESIAN_POINT ( 'NONE',  ( -0.5374999999999999778, 0.6249999999999998890, 0.6999999999999912959 ) ) ;
#82 = DIRECTION ( 'NONE',  ( -1.000000000000000000, -0.000000000000000000, -0.000000000000000000 ) ) ;
#83 = ADVANCED_FACE ( 'NONE', ( #2831 ), #4884, .T. ) ;
#84 = VERTEX_POINT ( 'NONE', #2885 ) ;
#85 = CARTESIAN_POINT ( 'NONE',  ( 0.1125000000000000028, 0.8000000000000001554, 0.1750000000000001554 ) ) ;
#86 = SURFACE_STYLE_FILL_AREA ( #3783 ) ;
#87 =( LENGTH_UNIT ( ) NAMED_UNIT ( * ) SI_UNIT ( .MILLI., .METRE. ) );
#88 = SURFACE_STYLE_FILL_AREA ( #461 ) ;
#89 = ORIENTED_EDGE ( 'NONE', *, *, #4266, .T. ) ;
#90 = SURFACE_STYLE_FILL_AREA ( #5060 ) ;
#91 =( BOUNDED_CURVE ( )  B_SPLINE_CURVE ( 3, ( #2865, #1561, #779, #2475 ),
 .UNSPECIFIED., .F., .F. ) 
 B_SPLINE_CURVE_WITH_KNOTS ( ( 4, 4 ),
 ( 5.507480984603257745, 7.058889629755917383 ),
 .UNSPECIFIED. ) 
 CURVE ( )  GEOMETRIC_REPRESENTATION_ITEM ( )  RATIONAL_B_SPLINE_CURVE ( ( 1.000000000000000000, 0.8092853540441812266, 0.8092853540441812266, 1.000000000000000000 ) ) 
 REPRESENTATION_ITEM ( '' )  );
#92 = DIRECTION ( 'NONE',  ( -0.000000000000000000, 1.000000000000000000, 0.000000000000000000 ) ) ;
#93 = CARTESIAN_POINT ( 'NONE',  ( -0.5374999999999999778, -0.8250000000000003997, -9.486769009248163798E-17 ) ) ;
#94 = AXIS2_PLACEMENT_3D ( 'NONE', #2553, #488, #3092 ) ;
#95 = ORIENTED_EDGE ( 'NONE', *, *, #5345, .F. ) ;
#96 = DIRECTION ( 'NONE',  ( 0.000000000000000000, 0.000000000000000000, 1.000000000000000000 ) ) ;
#97 = EDGE_LOOP ( 'NONE', ( #4760, #4427, #2437, #4453 ) ) ;
#98 = UNCERTAINTY_MEASURE_WITH_UNIT (LENGTH_MEASURE( 1.000000000000000082E-05 ), #1033, 'distance_accuracy_value', 'NONE');
#99 = CARTESIAN_POINT ( 'NONE',  ( 0.7624999999999999556, -0.4225511228578717748, 0.8749999999999914513 ) ) ;
#100 = EDGE_CURVE ( 'NONE', #2607, #4627, #1548, .T. ) ;
#101 = DIRECTION ( 'NONE',  ( 0.000000000000000000, 0.000000000000000000, 1.000000000000000000 ) ) ;
#102 = STYLED_ITEM ( 'NONE', ( #2705 ), #3764 ) ;
#103 = FILL_AREA_STYLE_COLOUR ( '', #1994 ) ;
#104 = PRESENTATION_STYLE_ASSIGNMENT (( #5019 ) ) ;
#105 = COLOUR_RGB ( '',0.2235294117647058654, 0.2235294117647058654, 0.2235294117647058654 ) ;
#106 = ORIENTED_EDGE ( 'NONE', *, *, #3146, .F. ) ;
#107 =( NAMED_UNIT ( * ) SI_UNIT ( $, .STERADIAN. ) SOLID_ANGLE_UNIT ( ) );
#108 = EDGE_LOOP ( 'NONE', ( #1196, #4568, #3728, #1180 ) ) ;
#109 = DIRECTION ( 'NONE',  ( 1.000000000000000000, 0.000000000000000000, 0.000000000000000000 ) ) ;
#110 = EDGE_CURVE ( 'NONE', #2653, #2117, #4474, .T. ) ;
#111 = PRESENTATION_STYLE_ASSIGNMENT (( #4348 ) ) ;
#112 = ORIENTED_EDGE ( 'NONE', *, *, #4382, .T. ) ;
#113 = CARTESIAN_POINT ( 'NONE',  ( 0.1125000000000000028, -0.6249999999999998890, 0.6999999999999912959 ) ) ;
#114 = PLANE ( 'NONE',  #1457 ) ;
#115 = FACE_OUTER_BOUND ( 'NONE', #70, .T. ) ;
#116 = FACE_OUTER_BOUND ( 'NONE', #4067, .T. ) ;
#117 = ADVANCED_FACE ( 'NONE', ( #1148 ), #4115, .T. ) ;
#118 = FILL_AREA_STYLE_COLOUR ( '', #3386 ) ;
#119 = STYLED_ITEM ( 'NONE', ( #1714 ), #3424 ) ;
#120 = CARTESIAN_POINT ( 'NONE',  ( 0.8981905881099971900, 0.5231905881099970790, 1.165146780099485468 ) ) ;
#121 = STYLED_ITEM ( 'NONE', ( #6 ), #4549 ) ;
#122 = VECTOR ( 'NONE', #1337, 999.9999999999998863 ) ;
#123 = CARTESIAN_POINT ( 'NONE',  ( 0.1125000000000000028, 0.6500000000000001332, 0.6999999999999912959 ) ) ;
#124 = ORIENTED_EDGE ( 'NONE', *, *, #1794, .F. ) ;
#125 =( LENGTH_UNIT ( ) NAMED_UNIT ( * ) SI_UNIT ( .MILLI., .METRE. ) );
#126 = STYLED_ITEM ( 'NONE', ( #2219 ), #63 ) ;
#127 = DIRECTION ( 'NONE',  ( 0.000000000000000000, -0.000000000000000000, 1.000000000000000000 ) ) ;
#128 = PRESENTATION_LAYER_ASSIGNMENT (  '', '', ( #2562 ) ) ;
#129 = CARTESIAN_POINT ( 'NONE',  ( 0.7624999999999999556, -0.8250000000000003997, -9.486769009248163798E-17 ) ) ;
#130 = DIRECTION ( 'NONE',  ( -0.000000000000000000, 1.000000000000000000, 0.000000000000000000 ) ) ;
#131 = ORIENTED_EDGE ( 'NONE', *, *, #4724, .T. ) ;
#132 =( GEOMETRIC_REPRESENTATION_CONTEXT ( 3 ) GLOBAL_UNCERTAINTY_ASSIGNED_CONTEXT ( ( #976 ) ) GLOBAL_UNIT_ASSIGNED_CONTEXT ( ( #1916, #978, #2270 ) ) REPRESENTATION_CONTEXT ( 'NONE', 'WORKASPACE' ) );
#133 = VECTOR ( 'NONE', #1163, 1000.000000000000000 ) ;
#134 = SURFACE_STYLE_FILL_AREA ( #553 ) ;
#135 = CARTESIAN_POINT ( 'NONE',  ( 0.5374999999999999778, 0.8250000000000003997, 0.1499999999999999112 ) ) ;
#136 = DIRECTION ( 'NONE',  ( 0.000000000000000000, 0.000000000000000000, 1.000000000000000000 ) ) ;
#137 = EDGE_CURVE ( 'NONE', #1611, #3715, #3708, .T. ) ;
#138 =( LENGTH_UNIT ( ) NAMED_UNIT ( * ) SI_UNIT ( .MILLI., .METRE. ) );
#139 = SURFACE_STYLE_FILL_AREA ( #1032 ) ;
#140 = DIRECTION ( 'NONE',  ( -1.000000000000000000, 0.000000000000000000, -0.000000000000000000 ) ) ;
#141 = PRESENTATION_LAYER_ASSIGNMENT (  '', '', ( #4763 ) ) ;
#142 = VECTOR ( 'NONE', #3147, 1000.000000000000000 ) ;
#143 = DIRECTION ( 'NONE',  ( 0.000000000000000000, 0.000000000000000000, -1.000000000000000000 ) ) ;
#144 = CARTESIAN_POINT ( 'NONE',  ( -0.1125000000000000028, -0.8250000000000003997, 0.1750000000000001554 ) ) ;
#145 = CARTESIAN_POINT ( 'NONE',  ( 0.1125000000000000028, 0.8250000000000003997, -9.486769009248163798E-17 ) ) ;
#146 = PRESENTATION_LAYER_ASSIGNMENT (  '', '', ( #1651 ) ) ;
#147 = PRESENTATION_LAYER_ASSIGNMENT (  '', '', ( #1647 ) ) ;
#148 = ORIENTED_EDGE ( 'NONE', *, *, #2477, .F. ) ;
#149 = CARTESIAN_POINT ( 'NONE',  ( 0.1124999999999999889, -0.6184383502355526030, 0.7249999999999916511 ) ) ;
#150 = AXIS2_PLACEMENT_3D ( 'NONE', #3036, #5063, #545 ) ;
#151 = EDGE_CURVE ( 'NONE', #2405, #787, #3303, .T. ) ;
#152 =( NAMED_UNIT ( * ) SI_UNIT ( $, .STERADIAN. ) SOLID_ANGLE_UNIT ( ) );
#153 = DIRECTION ( 'NONE',  ( 0.000000000000000000, 0.000000000000000000, 1.000000000000000000 ) ) ;
#154 =( GEOMETRIC_REPRESENTATION_CONTEXT ( 3 ) GLOBAL_UNCERTAINTY_ASSIGNED_CONTEXT ( ( #5301 ) ) GLOBAL_UNIT_ASSIGNED_CONTEXT ( ( #3560, #2726, #1933 ) ) REPRESENTATION_CONTEXT ( 'NONE', 'WORKASPACE' ) );
#155 = MECHANICAL_DESIGN_GEOMETRIC_PRESENTATION_REPRESENTATION (  '', ( #4779 ), #875 ) ;
#156 = ORIENTED_EDGE ( 'NONE', *, *, #518, .T. ) ;
#157 = CARTESIAN_POINT ( 'NONE',  ( 0.7624999999999999556, -0.8250000000000003997, 0.1499999999999999112 ) ) ;
#158 =( GEOMETRIC_REPRESENTATION_CONTEXT ( 3 ) GLOBAL_UNCERTAINTY_ASSIGNED_CONTEXT ( ( #4794 ) ) GLOBAL_UNIT_ASSIGNED_CONTEXT ( ( #4331, #4269, #3866 ) ) REPRESENTATION_CONTEXT ( 'NONE', 'WORKASPACE' ) );
#159 =( NAMED_UNIT ( * ) PLANE_ANGLE_UNIT ( ) SI_UNIT ( $, .RADIAN. ) );
#160 = ADVANCED_FACE ( 'NONE', ( #4997 ), #1785, .F. ) ;
#161 = DIRECTION ( 'NONE',  ( 0.000000000000000000, 1.000000000000000000, 1.204669080539450576E-16 ) ) ;
#162 = DIRECTION ( 'NONE',  ( 0.000000000000000000, 0.000000000000000000, -1.000000000000000000 ) ) ;
#163 = ORIENTED_EDGE ( 'NONE', *, *, #2274, .T. ) ;
#164 = UNCERTAINTY_MEASURE_WITH_UNIT (LENGTH_MEASURE( 1.000000000000000082E-05 ), #3486, 'distance_accuracy_value', 'NONE');
#165 =( LENGTH_UNIT ( ) NAMED_UNIT ( * ) SI_UNIT ( .MILLI., .METRE. ) );
#166 =( NAMED_UNIT ( * ) SI_UNIT ( $, .STERADIAN. ) SOLID_ANGLE_UNIT ( ) );
#167 = LINE ( 'NONE', #4303, #2442 ) ;
#168 = VECTOR ( 'NONE', #3225, 1000.000000000000000 ) ;
#169 =( NAMED_UNIT ( * ) PLANE_ANGLE_UNIT ( ) SI_UNIT ( $, .RADIAN. ) );
#170 =( NAMED_UNIT ( * ) PLANE_ANGLE_UNIT ( ) SI_UNIT ( $, .RADIAN. ) );
#171 = ORIENTED_EDGE ( 'NONE', *, *, #2999, .T. ) ;
#172 = LINE ( 'NONE', #2594, #1673 ) ;
#173 = PRESENTATION_LAYER_ASSIGNMENT (  '', '', ( #3501 ) ) ;
#174 = EDGE_CURVE ( 'NONE', #3013, #2454, #872, .T. ) ;
#175 = FILL_AREA_STYLE ('',( #3911 ) ) ;
#176 = SURFACE_STYLE_USAGE ( .BOTH. , #1952 ) ;
#177 = EDGE_LOOP ( 'NONE', ( #5309, #2374, #4145, #3768 ) ) ;
#178 = FACE_OUTER_BOUND ( 'NONE', #4119, .T. ) ;
#179 = ADVANCED_FACE ( 'NONE', ( #947 ), #1704, .F. ) ;
#180 = ORIENTED_EDGE ( 'NONE', *, *, #3368, .T. ) ;
#181 = DIRECTION ( 'NONE',  ( -1.000000000000000000, -0.000000000000000000, -0.000000000000000000 ) ) ;
#182 = UNCERTAINTY_MEASURE_WITH_UNIT (LENGTH_MEASURE( 1.000000000000000082E-05 ), #2325, 'distance_accuracy_value', 'NONE');
#183 =( NAMED_UNIT ( * ) SI_UNIT ( $, .STERADIAN. ) SOLID_ANGLE_UNIT ( ) );
#184 = VERTEX_POINT ( 'NONE', #5046 ) ;
#185 = DIRECTION ( 'NONE',  ( 0.000000000000000000, 0.000000000000000000, -1.000000000000000000 ) ) ;
#186 = CARTESIAN_POINT ( 'NONE',  ( -0.9504865965629207825, -0.6249999999999998890, 0.7999999999999914957 ) ) ;
#187 = SURFACE_STYLE_FILL_AREA ( #634 ) ;
#188 = CARTESIAN_POINT ( 'NONE',  ( -0.1125000000000000028, 0.6249999999999998890, 0.6999999999999912959 ) ) ;
#189 = CARTESIAN_POINT ( 'NONE',  ( 0.1125000000000000028, 0.6249999999999998890, 0.7249999999999916511 ) ) ;
#190 = EDGE_LOOP ( 'NONE', ( #1935, #4113, #2567, #3552 ) ) ;
#191 = ADVANCED_FACE ( 'NONE', ( #1358 ), #1315, .T. ) ;
#192 = DIRECTION ( 'NONE',  ( -1.000000000000000000, -0.000000000000000000, -0.000000000000000000 ) ) ;
#193 = SURFACE_SIDE_STYLE ('',( #2231 ) ) ;
#194 = DIRECTION ( 'NONE',  ( 0.000000000000000000, -0.000000000000000000, 1.000000000000000000 ) ) ;
#195 = CARTESIAN_POINT ( 'NONE',  ( -0.5374999999999999778, -0.6249999999999998890, 0.8749999999999915623 ) ) ;
#196 = DIRECTION ( 'NONE',  ( -1.000000000000000000, -0.000000000000000000, -0.000000000000000000 ) ) ;
#197 = DIRECTION ( 'NONE',  ( 1.000000000000000000, 0.000000000000000000, 0.000000000000000000 ) ) ;
#198 = CARTESIAN_POINT ( 'NONE',  ( 0.000000000000000000, -0.6144594373973207846, 0.8749999999999915623 ) ) ;
#199 = ORIENTED_EDGE ( 'NONE', *, *, #4037, .F. ) ;
#200 = FILL_AREA_STYLE ('',( #1822 ) ) ;
#201 = FACE_OUTER_BOUND ( 'NONE', #5160, .T. ) ;
#202 = ORIENTED_EDGE ( 'NONE', *, *, #4503, .F. ) ;
#203 = SURFACE_STYLE_USAGE ( .BOTH. , #723 ) ;
#204 = DIRECTION ( 'NONE',  ( 0.000000000000000000, 1.000000000000000000, 5.355436828253419639E-16 ) ) ;
#205 = SURFACE_STYLE_FILL_AREA ( #3947 ) ;
#206 = EDGE_CURVE ( 'NONE', #4470, #3119, #3296, .T. ) ;
#207 = AXIS2_PLACEMENT_3D ( 'NONE', #3721, #4123, #3350 ) ;
#208 = CARTESIAN_POINT ( 'NONE',  ( 0.5374999999999999778, -1.050000000000000044, -1.219727444046192488E-16 ) ) ;
#209 = VECTOR ( 'NONE', #4882, 1000.000000000000000 ) ;
#210 = SURFACE_SIDE_STYLE ('',( #3067 ) ) ;
#211 = CARTESIAN_POINT ( 'NONE',  ( 0.7624999999999999556, 0.8000000000000001554, 0.6999999999999912959 ) ) ;
#212 = VERTEX_POINT ( 'NONE', #1057 ) ;
#213 = UNCERTAINTY_MEASURE_WITH_UNIT (LENGTH_MEASURE( 1.000000000000000082E-05 ), #4932, 'distance_accuracy_value', 'NONE');
#214 = CARTESIAN_POINT ( 'NONE',  ( 0.1125000000000000028, 0.6500000000000001332, 0.6999999999999912959 ) ) ;
#215 = PLANE ( 'NONE',  #3744 ) ;
#216 = DIRECTION ( 'NONE',  ( 1.000000000000000000, 0.000000000000000000, 0.000000000000000000 ) ) ;
#217 = CARTESIAN_POINT ( 'NONE',  ( -0.7895958345333496942, -0.5393734126984707222, 1.050000000000000044 ) ) ;
#218 = EDGE_CURVE ( 'NONE', #2161, #5431, #1027, .T. ) ;
#219 = VECTOR ( 'NONE', #2129, 1000.000000000000000 ) ;
#220 = FACE_OUTER_BOUND ( 'NONE', #3837, .T. ) ;
#221 = LINE ( 'NONE', #1888, #3716 ) ;
#222 = SURFACE_STYLE_FILL_AREA ( #4032 ) ;
#223 = ORIENTED_EDGE ( 'NONE', *, *, #4985, .F. ) ;
#224 = CARTESIAN_POINT ( 'NONE',  ( 0.7624999999999999556, 0.4225511228578717748, 0.8749999999999914513 ) ) ;
#225 =( GEOMETRIC_REPRESENTATION_CONTEXT ( 3 ) GLOBAL_UNCERTAINTY_ASSIGNED_CONTEXT ( ( #5069 ) ) GLOBAL_UNIT_ASSIGNED_CONTEXT ( ( #1345, #5182, #4759 ) ) REPRESENTATION_CONTEXT ( 'NONE', 'WORKASPACE' ) );
#226 = CARTESIAN_POINT ( 'NONE',  ( -0.9638868161355492736, 0.5393734126984710553, 1.056958655048003237 ) ) ;
#227 = PRESENTATION_LAYER_ASSIGNMENT (  '', '', ( #4687 ) ) ;
#228 = CARTESIAN_POINT ( 'NONE',  ( 0.1125000000000000028, -1.050000000000000044, -1.219727444046192488E-16 ) ) ;
#229 = AXIS2_PLACEMENT_3D ( 'NONE', #1983, #5312, #1499 ) ;
#230 = ORIENTED_EDGE ( 'NONE', *, *, #2428, .T. ) ;
#231 = SURFACE_STYLE_USAGE ( .BOTH. , #1988 ) ;
#232 = COLOUR_RGB ( '',0.8509803921568627194, 0.8509803921568627194, 0.8509803921568627194 ) ;
#233 = DIRECTION ( 'NONE',  ( 1.000000000000000000, -0.000000000000000000, -0.000000000000000000 ) ) ;
#234 = LINE ( 'NONE', #4898, #2507 ) ;
#235 = EDGE_CURVE ( 'NONE', #502, #2092, #3554, .T. ) ;
#236 = AXIS2_PLACEMENT_3D ( 'NONE', #747, #3256, #2448 ) ;
#237 = FACE_OUTER_BOUND ( 'NONE', #4703, .T. ) ;
#238 = ORIENTED_EDGE ( 'NONE', *, *, #2447, .F. ) ;
#239 = CARTESIAN_POINT ( 'NONE',  ( -0.9504865965629212265, 0.6250000000000001110, 0.7999999999999914957 ) ) ;
#240 = EDGE_LOOP ( 'NONE', ( #2689, #1051, #1191, #1826, #4960, #4492, #2445, #4903, #342, #4690, #2354, #2444, #4519 ) ) ;
#241 = DIRECTION ( 'NONE',  ( 0.000000000000000000, 1.000000000000000000, 5.355436828253419639E-16 ) ) ;
#242 = MECHANICAL_DESIGN_GEOMETRIC_PRESENTATION_REPRESENTATION (  '', ( #4983 ), #154 ) ;
#243 = STYLED_ITEM ( 'NONE', ( #1891 ), #1882 ) ;
#244 = CARTESIAN_POINT ( 'NONE',  ( 0.5374999999999999778, -0.6184383502355526030, 0.7249999999999916511 ) ) ;
#245 =( NAMED_UNIT ( * ) SI_UNIT ( $, .STERADIAN. ) SOLID_ANGLE_UNIT ( ) );
#246 = FILL_AREA_STYLE ('',( #3482 ) ) ;
#247 = MECHANICAL_DESIGN_GEOMETRIC_PRESENTATION_REPRESENTATION (  '', ( #1905 ), #1143 ) ;
#248 = PRESENTATION_STYLE_ASSIGNMENT (( #1492 ) ) ;
#249 = VECTOR ( 'NONE', #1814, 1000.000000000000000 ) ;
#250 = ADVANCED_FACE ( 'NONE', ( #3535 ), #556, .F. ) ;
#251 = AXIS2_PLACEMENT_3D ( 'NONE', #1481, #1223, #3265 ) ;
#252 = UNCERTAINTY_MEASURE_WITH_UNIT (LENGTH_MEASURE( 1.000000000000000082E-05 ), #5143, 'distance_accuracy_value', 'NONE');
#253 = LINE ( 'NONE', #2852, #1730 ) ;
#254 = DIRECTION ( 'NONE',  ( -1.000000000000000000, -0.000000000000000000, -0.000000000000000000 ) ) ;
#255 = SURFACE_STYLE_USAGE ( .BOTH. , #715 ) ;
#256 = ORIENTED_EDGE ( 'NONE', *, *, #2548, .F. ) ;
#257 = LINE ( 'NONE', #224, #3155 ) ;
#258 = VECTOR ( 'NONE', #4058, 1000.000000000000114 ) ;
#259 = SURFACE_STYLE_USAGE ( .BOTH. , #1071 ) ;
#260 = CIRCLE ( 'NONE', #1058, 0.02500000000000028241 ) ;
#261 = EDGE_CURVE ( 'NONE', #1491, #2092, #4710, .T. ) ;
#262 = SURFACE_STYLE_FILL_AREA ( #1399 ) ;
#263 = ORIENTED_EDGE ( 'NONE', *, *, #4766, .F. ) ;
#264 = DIRECTION ( 'NONE',  ( -1.000000000000000000, 0.000000000000000000, -0.000000000000000000 ) ) ;
#265 = LINE ( 'NONE', #684, #554 ) ;
#266 = COLOUR_RGB ( '',1.000000000000000000, 1.000000000000000000, 1.000000000000000000 ) ;
#267 = CARTESIAN_POINT ( 'NONE',  ( -0.5374999999999999778, -1.050000000000000044, 0.1499999999999998834 ) ) ;
#268 = CARTESIAN_POINT ( 'NONE',  ( -0.9999999999999997780, 0.6250000000000001110, 0.7999999999999914957 ) ) ;
#269 = DIRECTION ( 'NONE',  ( -1.000000000000000000, -0.000000000000000000, -0.000000000000000000 ) ) ;
#270 = MANIFOLD_SOLID_BREP ( '阵列(线性)1', #4304 ) ;
#271 = ORIENTED_EDGE ( 'NONE', *, *, #1997, .T. ) ;
#272 = CARTESIAN_POINT ( 'NONE',  ( -0.9999999999999993339, -0.6249999999999998890, 0.7999999999999914957 ) ) ;
#273 = ORIENTED_EDGE ( 'NONE', *, *, #4731, .T. ) ;
#274 = PRESENTATION_STYLE_ASSIGNMENT (( #302 ) ) ;
#275 = EDGE_CURVE ( 'NONE', #2097, #1172, #4227, .T. ) ;
#276 = FACE_OUTER_BOUND ( 'NONE', #177, .T. ) ;
#277 = CARTESIAN_POINT ( 'NONE',  ( 0.7624999999999999556, -0.6144594373973207846, 0.8749999999999914513 ) ) ;
#278 = FILL_AREA_STYLE ('',( #341 ) ) ;
#279 = DIRECTION ( 'NONE',  ( 0.000000000000000000, 0.000000000000000000, -1.000000000000000000 ) ) ;
#280 =( LENGTH_UNIT ( ) NAMED_UNIT ( * ) SI_UNIT ( .MILLI., .METRE. ) );
#281 = ORIENTED_EDGE ( 'NONE', *, *, #1486, .F. ) ;
#282 = SURFACE_SIDE_STYLE ('',( #5206 ) ) ;
#283 = FILL_AREA_STYLE ('',( #1576 ) ) ;
#284 = FILL_AREA_STYLE ('',( #3163 ) ) ;
#285 = CARTESIAN_POINT ( 'NONE',  ( -0.1124999999999999750, 0.6249999999999968914, 0.7999999999999914957 ) ) ;
#286 = DIRECTION ( 'NONE',  ( 0.000000000000000000, -1.000000000000000000, -1.204669080539450823E-16 ) ) ;
#287 = ORIENTED_EDGE ( 'NONE', *, *, #3111, .F. ) ;
#288 = EDGE_CURVE ( 'NONE', #1452, #2454, #1569, .T. ) ;
#289 = SURFACE_STYLE_FILL_AREA ( #2807 ) ;
#290 = ORIENTED_EDGE ( 'NONE', *, *, #1843, .T. ) ;
#291 = FILL_AREA_STYLE ('',( #2746 ) ) ;
#292 = PRESENTATION_LAYER_ASSIGNMENT (  '', '', ( #3621 ) ) ;
#293 = EDGE_LOOP ( 'NONE', ( #609, #637, #5123, #5233 ) ) ;
#294 = CARTESIAN_POINT ( 'NONE',  ( -0.9143734126984702781, -0.5393734126984708332, 1.050000000000000044 ) ) ;
#295 = FILL_AREA_STYLE ('',( #4829 ) ) ;
#296 = UNCERTAINTY_MEASURE_WITH_UNIT (LENGTH_MEASURE( 1.000000000000000082E-05 ), #5020, 'distance_accuracy_value', 'NONE');
#297 = EDGE_CURVE ( 'NONE', #1638, #1723, #3806, .T. ) ;
#298 = STYLED_ITEM ( 'NONE', ( #4467 ), #4310 ) ;
#299 = CARTESIAN_POINT ( 'NONE',  ( -0.8929413768309810706, -0.5179413768309816257, 0.1000000000000000056 ) ) ;
#300 = ORIENTED_EDGE ( 'NONE', *, *, #4970, .F. ) ;
#301 = ORIENTED_EDGE ( 'NONE', *, *, #1303, .T. ) ;
#302 = SURFACE_STYLE_USAGE ( .BOTH. , #2434 ) ;
#303 = AXIS2_PLACEMENT_3D ( 'NONE', #2521, #4194, #2595 ) ;
#304 = CARTESIAN_POINT ( 'NONE',  ( 0.7624999999999999556, 0.8250000000000003997, 0.1499999999999999112 ) ) ;
#305 = VECTOR ( 'NONE', #4990, 1000.000000000000000 ) ;
#306 = FILL_AREA_STYLE_COLOUR ( '', #1739 ) ;
#307 = CARTESIAN_POINT ( 'NONE',  ( 0.7624999999999999556, -0.8250000000000003997, 0.1750000000000001554 ) ) ;
#308 = ORIENTED_EDGE ( 'NONE', *, *, #5387, .T. ) ;
#309 =( GEOMETRIC_REPRESENTATION_CONTEXT ( 3 ) GLOBAL_UNCERTAINTY_ASSIGNED_CONTEXT ( ( #3927 ) ) GLOBAL_UNIT_ASSIGNED_CONTEXT ( ( #2534, #3356, #2559 ) ) REPRESENTATION_CONTEXT ( 'NONE', 'WORKASPACE' ) );
#310 = VERTEX_POINT ( 'NONE', #3630 ) ;
#311 = DIRECTION ( 'NONE',  ( 0.000000000000000000, -0.08715574274765489071, -0.9961946980917458783 ) ) ;
#312 = AXIS2_PLACEMENT_3D ( 'NONE', #596, #5249, #676 ) ;
#313 = AXIS2_PLACEMENT_3D ( 'NONE', #144, #2298, #3514 ) ;
#314 = DIRECTION ( 'NONE',  ( -0.000000000000000000, -0.08715574274765489071, 0.9961946980917458783 ) ) ;
#315 = ADVANCED_FACE ( 'NONE', ( #1231 ), #701, .T. ) ;
#316 = FILL_AREA_STYLE_COLOUR ( '', #2169 ) ;
#317 = ORIENTED_EDGE ( 'NONE', *, *, #5081, .F. ) ;
#318 = DIRECTION ( 'NONE',  ( 0.000000000000000000, 0.000000000000000000, 1.000000000000000000 ) ) ;
#319 = COLOUR_RGB ( '',0.2235294117647058654, 0.2235294117647058654, 0.2235294117647058654 ) ;
#320 = VECTOR ( 'NONE', #3470, 1000.000000000000000 ) ;
#321 = DIRECTION ( 'NONE',  ( 0.000000000000000000, 0.000000000000000000, -1.000000000000000000 ) ) ;
#322 = VERTEX_POINT ( 'NONE', #4910 ) ;
#323 = PLANE ( 'NONE',  #3392 ) ;
#324 = FACE_OUTER_BOUND ( 'NONE', #2137, .T. ) ;
#325 = PRESENTATION_LAYER_ASSIGNMENT (  '', '', ( #4079 ) ) ;
#326 = CARTESIAN_POINT ( 'NONE',  ( -0.7624999999999999556, 0.6184383502355528250, 0.7249999999999916511 ) ) ;
#327 = CIRCLE ( 'NONE', #4765, 0.02500000000000025466 ) ;
#328 = CARTESIAN_POINT ( 'NONE',  ( 0.000000000000000000, -0.5393734126984707222, 1.050000000000000044 ) ) ;
#329 = MECHANICAL_DESIGN_GEOMETRIC_PRESENTATION_REPRESENTATION (  '', ( #3311 ), #4769 ) ;
#330 = ADVANCED_FACE ( 'NONE', ( #2410 ), #1541, .T. ) ;
#331 = DIRECTION ( 'NONE',  ( 1.000000000000000000, 0.000000000000000000, 0.000000000000000000 ) ) ;
#332 = MECHANICAL_DESIGN_GEOMETRIC_PRESENTATION_REPRESENTATION (  '', ( #5049 ), #5229 ) ;
#333 = VECTOR ( 'NONE', #3389, 1000.000000000000000 ) ;
#334 = ORIENTED_EDGE ( 'NONE', *, *, #1800, .F. ) ;
#335 = SURFACE_STYLE_USAGE ( .BOTH. , #2795 ) ;
#336 = ORIENTED_EDGE ( 'NONE', *, *, #360, .F. ) ;
#337 = CARTESIAN_POINT ( 'NONE',  ( 0.9143734126984711663, 0.5393734126984709443, 1.050000000000000044 ) ) ;
#338 = EDGE_CURVE ( 'NONE', #4980, #4267, #3839, .T. ) ;
#339 = DIRECTION ( 'NONE',  ( -1.000000000000000000, 0.000000000000000000, 0.000000000000000000 ) ) ;
#340 = AXIS2_PLACEMENT_3D ( 'NONE', #3655, #3569, #4907 ) ;
#341 = FILL_AREA_STYLE_COLOUR ( '', #3228 ) ;
#342 = ORIENTED_EDGE ( 'NONE', *, *, #2028, .T. ) ;
#343 = ORIENTED_EDGE ( 'NONE', *, *, #3855, .F. ) ;
#344 = CIRCLE ( 'NONE', #4536, 0.04999999999999999584 ) ;
#345 = CARTESIAN_POINT ( 'NONE',  ( 0.1125000000000000028, -0.6500000000000001332, 0.6999999999999912959 ) ) ;
#346 = CARTESIAN_POINT ( 'NONE',  ( 0.7624999999999999556, 0.8000000000000001554, 0.6999999999999912959 ) ) ;
#347 = PLANE ( 'NONE',  #2845 ) ;
#348 = ORIENTED_EDGE ( 'NONE', *, *, #1281, .T. ) ;
#349 = DIRECTION ( 'NONE',  ( 0.000000000000000000, 0.000000000000000000, -1.000000000000000000 ) ) ;
#350 = PRODUCT_DEFINITION_SHAPE ( 'NONE', 'NONE',  #1731 ) ;
#351 = ORIENTED_EDGE ( 'NONE', *, *, #2215, .F. ) ;
#352 = LINE ( 'NONE', #806, #3984 ) ;
#353 = CIRCLE ( 'NONE', #884, 0.1750000000000002387 ) ;
#354 = EDGE_CURVE ( 'NONE', #1986, #4740, #3436, .T. ) ;
#355 = SURFACE_SIDE_STYLE ('',( #262 ) ) ;
#356 = PRESENTATION_STYLE_ASSIGNMENT (( #5029 ) ) ;
#357 = VECTOR ( 'NONE', #314, 999.9999999999998863 ) ;
#358 = LINE ( 'NONE', #752, #2876 ) ;
#359 = DIRECTION ( 'NONE',  ( 1.000000000000000000, 0.000000000000000000, 0.000000000000000000 ) ) ;
#360 = EDGE_CURVE ( 'NONE', #4989, #46, #5079, .T. ) ;
#361 = FILL_AREA_STYLE_COLOUR ( '', #5318 ) ;
#362 = ORIENTED_EDGE ( 'NONE', *, *, #3912, .F. ) ;
#363 = PRESENTATION_STYLE_ASSIGNMENT (( #5422 ) ) ;
#364 = ORIENTED_EDGE ( 'NONE', *, *, #2997, .F. ) ;
#365 = CARTESIAN_POINT ( 'NONE',  ( 0.9427511117355692472, 0.5179413768309817367, 0.1456422128626172485 ) ) ;
#366 =( NAMED_UNIT ( * ) PLANE_ANGLE_UNIT ( ) SI_UNIT ( $, .RADIAN. ) );
#367 = ADVANCED_FACE ( 'NONE', ( #956 ), #114, .F. ) ;
#368 = ORIENTED_EDGE ( 'NONE', *, *, #487, .F. ) ;
#369 = ORIENTED_EDGE ( 'NONE', *, *, #174, .F. ) ;
#370 = UNCERTAINTY_MEASURE_WITH_UNIT (LENGTH_MEASURE( 1.000000000000000082E-05 ), #3646, 'distance_accuracy_value', 'NONE');
#371 = FILL_AREA_STYLE_COLOUR ( '', #4953 ) ;
#372 = SURFACE_STYLE_FILL_AREA ( #3732 ) ;
#373 = CARTESIAN_POINT ( 'NONE',  ( 0.9795004667354280103, 0.6248941659653557412, 0.8007512538233122479 ) ) ;
#374 = VERTEX_POINT ( 'NONE', #592 ) ;
#375 = CARTESIAN_POINT ( 'NONE',  ( -0.7895958345333496942, 0.5425341088243291754, 1.099900000000000100 ) ) ;
#376 =( NAMED_UNIT ( * ) PLANE_ANGLE_UNIT ( ) SI_UNIT ( $, .RADIAN. ) );
#377 = ORIENTED_EDGE ( 'NONE', *, *, #3060, .T. ) ;
#378 =( NAMED_UNIT ( * ) SI_UNIT ( $, .STERADIAN. ) SOLID_ANGLE_UNIT ( ) );
#379 = ORIENTED_EDGE ( 'NONE', *, *, #3247, .F. ) ;
#380 = ADVANCED_FACE ( 'NONE', ( #5213 ), #2779, .T. ) ;
#381 = LINE ( 'NONE', #1330, #1053 ) ;
#382 = VERTEX_POINT ( 'NONE', #3188 ) ;
#383 = LINE ( 'NONE', #2043, #3288 ) ;
#384 = EDGE_LOOP ( 'NONE', ( #505, #4962, #2364, #5314 ) ) ;
#385 = SURFACE_STYLE_FILL_AREA ( #5351 ) ;
#386 = VECTOR ( 'NONE', #1136, 1000.000000000000000 ) ;
#387 = CARTESIAN_POINT ( 'NONE',  ( 0.7624999999999999556, 1.050000000000000044, -1.219727444046192488E-16 ) ) ;
#388 =( LENGTH_UNIT ( ) NAMED_UNIT ( * ) SI_UNIT ( .MILLI., .METRE. ) );
#389 = PRESENTATION_STYLE_ASSIGNMENT (( #4436 ) ) ;
#390 = ORIENTED_EDGE ( 'NONE', *, *, #3615, .T. ) ;
#391 = EDGE_LOOP ( 'NONE', ( #817, #4190, #755 ) ) ;
#392 = STYLED_ITEM ( 'NONE', ( #4258 ), #3518 ) ;
#393 = DIRECTION ( 'NONE',  ( -1.000000000000000000, 0.000000000000000000, 0.000000000000000000 ) ) ;
#394 = VECTOR ( 'NONE', #4598, 1000.000000000000227 ) ;
#395 = PRESENTATION_STYLE_ASSIGNMENT (( #799 ) ) ;
#396 = EDGE_CURVE ( 'NONE', #14, #2312, #4799, .T. ) ;
#397 = PRESENTATION_LAYER_ASSIGNMENT (  '', '', ( #1705 ) ) ;
#398 = FACE_OUTER_BOUND ( 'NONE', #65, .T. ) ;
#399 =( NAMED_UNIT ( * ) SI_UNIT ( $, .STERADIAN. ) SOLID_ANGLE_UNIT ( ) );
#400 = ORIENTED_EDGE ( 'NONE', *, *, #4915, .F. ) ;
#401 = CARTESIAN_POINT ( 'NONE',  ( -0.1125000000000000028, 1.050000000000000044, -1.219727444046192488E-16 ) ) ;
#402 = DIRECTION ( 'NONE',  ( -1.000000000000000000, -0.000000000000000000, -0.000000000000000000 ) ) ;
#403 = STYLED_ITEM ( 'NONE', ( #2833 ), #2955 ) ;
#404 = EDGE_CURVE ( 'NONE', #2843, #4470, #2652, .T. ) ;
#405 = ORIENTED_EDGE ( 'NONE', *, *, #1627, .T. ) ;
#406 = DIRECTION ( 'NONE',  ( 1.000000000000000000, 0.000000000000000000, 0.000000000000000000 ) ) ;
#407 = CARTESIAN_POINT ( 'NONE',  ( 0.7624999999999999556, -0.6249999999999998890, 0.7249999999999916511 ) ) ;
#408 = COLOUR_RGB ( '',1.000000000000000000, 1.000000000000000000, 1.000000000000000000 ) ;
#409 = DIRECTION ( 'NONE',  ( 0.000000000000000000, 0.000000000000000000, 1.000000000000000000 ) ) ;
#410 = ORIENTED_EDGE ( 'NONE', *, *, #896, .T. ) ;
#411 = CARTESIAN_POINT ( 'NONE',  ( -0.5374999999999999778, 0.8000000000000001554, 0.6999999999999912959 ) ) ;
#412 = MECHANICAL_DESIGN_GEOMETRIC_PRESENTATION_REPRESENTATION (  '', ( #4079 ), #36 ) ;
#413 =( GEOMETRIC_REPRESENTATION_CONTEXT ( 3 ) GLOBAL_UNCERTAINTY_ASSIGNED_CONTEXT ( ( #469 ) ) GLOBAL_UNIT_ASSIGNED_CONTEXT ( ( #280, #2324, #3599 ) ) REPRESENTATION_CONTEXT ( 'NONE', 'WORKASPACE' ) );
#414 = AXIS2_PLACEMENT_3D ( 'NONE', #4649, #4289, #1772 ) ;
#415 = EDGE_CURVE ( 'NONE', #3050, #2344, #4350, .T. ) ;
#416 =( GEOMETRIC_REPRESENTATION_CONTEXT ( 3 ) GLOBAL_UNCERTAINTY_ASSIGNED_CONTEXT ( ( #2649 ) ) GLOBAL_UNIT_ASSIGNED_CONTEXT ( ( #4211, #930, #1271 ) ) REPRESENTATION_CONTEXT ( 'NONE', 'WORKASPACE' ) );
#417 = ORIENTED_EDGE ( 'NONE', *, *, #3413, .T. ) ;
#418 = LINE ( 'NONE', #3769, #4298 ) ;
#419 = UNCERTAINTY_MEASURE_WITH_UNIT (LENGTH_MEASURE( 1.000000000000000082E-05 ), #5357, 'distance_accuracy_value', 'NONE');
#420 = AXIS2_PLACEMENT_3D ( 'NONE', #3450, #4729, #1456 ) ;
#421 = AXIS2_PLACEMENT_3D ( 'NONE', #713, #4758, #2358 ) ;
#422 = CARTESIAN_POINT ( 'NONE',  ( 1.000000000000000222, 0.5754865965629217817, 0.7999999999999914957 ) ) ;
#423 = AXIS2_PLACEMENT_3D ( 'NONE', #2715, #4315, #618 ) ;
#424 = VERTEX_POINT ( 'NONE', #620 ) ;
#425 = SURFACE_STYLE_USAGE ( .BOTH. , #4208 ) ;
#426 = ORIENTED_EDGE ( 'NONE', *, *, #4876, .F. ) ;
#427 = EDGE_CURVE ( 'NONE', #1844, #2077, #674, .T. ) ;
#428 = SURFACE_STYLE_USAGE ( .BOTH. , #1640 ) ;
#429 = VECTOR ( 'NONE', #4624, 1000.000000000000000 ) ;
#430 = LINE ( 'NONE', #2083, #2870 ) ;
#431 = VERTEX_POINT ( 'NONE', #1862 ) ;
#432 = DIRECTION ( 'NONE',  ( 0.000000000000000000, -0.000000000000000000, 1.000000000000000000 ) ) ;
#433 = AXIS2_PLACEMENT_3D ( 'NONE', #5013, #2021, #1729 ) ;
#434 = CARTESIAN_POINT ( 'NONE',  ( -0.7624999999999999556, 0.8000000000000001554, 0.6999999999999912959 ) ) ;
#435 = EDGE_CURVE ( 'NONE', #652, #502, #1068, .T. ) ;
#436 = DIRECTION ( 'NONE',  ( -0.000000000000000000, -1.000000000000000000, -0.000000000000000000 ) ) ;
#437 = CARTESIAN_POINT ( 'NONE',  ( 0.7624999999999999556, -0.8250000000000003997, 0.1499999999999999112 ) ) ;
#438 = DIRECTION ( 'NONE',  ( 0.000000000000000000, 1.000000000000000000, -1.204669080539450823E-16 ) ) ;
#439 = VERTEX_POINT ( 'NONE', #3965 ) ;
#440 = DIRECTION ( 'NONE',  ( 0.000000000000000000, 0.000000000000000000, -1.000000000000000000 ) ) ;
#441 = PLANE ( 'NONE',  #4825 ) ;
#442 = VECTOR ( 'NONE', #5031, 1000.000000000000000 ) ;
#443 = CARTESIAN_POINT ( 'NONE',  ( -1.000375508488680065, 0.5755657735840932210, 0.8042920816657764815 ) ) ;
#444 = ORIENTED_EDGE ( 'NONE', *, *, #4563, .T. ) ;
#445 = FILL_AREA_STYLE_COLOUR ( '', #105 ) ;
#446 = ORIENTED_EDGE ( 'NONE', *, *, #1374, .F. ) ;
#447 = EDGE_CURVE ( 'NONE', #431, #3497, #1497, .T. ) ;
#448 = FILL_AREA_STYLE_COLOUR ( '', #1012 ) ;
#449 =( NAMED_UNIT ( * ) SI_UNIT ( $, .STERADIAN. ) SOLID_ANGLE_UNIT ( ) );
#450 = CARTESIAN_POINT ( 'NONE',  ( -0.9999999999999993339, -0.6184383502355526030, 0.7249999999999916511 ) ) ;
#451 = ORIENTED_EDGE ( 'NONE', *, *, #4807, .T. ) ;
#452 = SURFACE_STYLE_FILL_AREA ( #78 ) ;
#453 = EDGE_CURVE ( 'NONE', #1996, #823, #1063, .T. ) ;
#454 =( NAMED_UNIT ( * ) PLANE_ANGLE_UNIT ( ) SI_UNIT ( $, .RADIAN. ) );
#455 = EDGE_LOOP ( 'NONE', ( #3040, #2360, #3722, #5108 ) ) ;
#456 = DIRECTION ( 'NONE',  ( -1.000000000000000000, -0.000000000000000000, -0.000000000000000000 ) ) ;
#457 = LINE ( 'NONE', #3412, #1462 ) ;
#458 = DIRECTION ( 'NONE',  ( 0.000000000000000000, 0.000000000000000000, -1.000000000000000000 ) ) ;
#459 = CYLINDRICAL_SURFACE ( 'NONE', #4101, 0.05000000000000002359 ) ;
#460 = EDGE_CURVE ( 'NONE', #2639, #2718, #4000, .T. ) ;
#461 = FILL_AREA_STYLE ('',( #1302 ) ) ;
#462 = ORIENTED_EDGE ( 'NONE', *, *, #1073, .F. ) ;
#463 = DIRECTION ( 'NONE',  ( 0.000000000000000000, -0.000000000000000000, 1.000000000000000000 ) ) ;
#464 = FILL_AREA_STYLE_COLOUR ( '', #743 ) ;
#465 = LINE ( 'NONE', #387, #1394 ) ;
#466 = PRESENTATION_STYLE_ASSIGNMENT (( #4202 ) ) ;
#467 = ORIENTED_EDGE ( 'NONE', *, *, #3536, .F. ) ;
#468 = FILL_AREA_STYLE_COLOUR ( '', #4589 ) ;
#469 = UNCERTAINTY_MEASURE_WITH_UNIT (LENGTH_MEASURE( 1.000000000000000082E-05 ), #280, 'distance_accuracy_value', 'NONE');
#470 = PLANE ( 'NONE',  #1222 ) ;
#471 =( LENGTH_UNIT ( ) NAMED_UNIT ( * ) SI_UNIT ( .MILLI., .METRE. ) );
#472 = VERTEX_POINT ( 'NONE', #849 ) ;
#473 = SURFACE_STYLE_FILL_AREA ( #4684 ) ;
#474 = DIRECTION ( 'NONE',  ( 0.000000000000000000, 0.000000000000000000, -1.000000000000000000 ) ) ;
#475 = FACE_OUTER_BOUND ( 'NONE', #3693, .T. ) ;
#476 = ORIENTED_EDGE ( 'NONE', *, *, #5354, .F. ) ;
#477 = CARTESIAN_POINT ( 'NONE',  ( -0.9999999999999993339, -0.6184383502355526030, 0.7249999999999916511 ) ) ;
#478 = AXIS2_PLACEMENT_3D ( 'NONE', #1001, #1438, #4443 ) ;
#479 = EDGE_CURVE ( 'NONE', #1471, #2887, #1547, .T. ) ;
#480 = ORIENTED_EDGE ( 'NONE', *, *, #4478, .F. ) ;
#481 = PRESENTATION_STYLE_ASSIGNMENT (( #2602 ) ) ;
#482 = LINE ( 'NONE', #3059, #2499 ) ;
#483 = AXIS2_PLACEMENT_3D ( 'NONE', #2391, #2910, #1980 ) ;
#484 =( GEOMETRIC_REPRESENTATION_CONTEXT ( 3 ) GLOBAL_UNCERTAINTY_ASSIGNED_CONTEXT ( ( #2830 ) ) GLOBAL_UNIT_ASSIGNED_CONTEXT ( ( #4507, #4423, #4900 ) ) REPRESENTATION_CONTEXT ( 'NONE', 'WORKASPACE' ) );
#485 = CARTESIAN_POINT ( 'NONE',  ( 0.1125000000000000028, 0.8250000000000003997, 0.1499999999999999112 ) ) ;
#486 = VERTEX_POINT ( 'NONE', #3339 ) ;
#487 = EDGE_CURVE ( 'NONE', #4251, #704, #1580, .T. ) ;
#488 = DIRECTION ( 'NONE',  ( 1.000000000000000000, 0.000000000000000000, 0.000000000000000000 ) ) ;
#489 = VECTOR ( 'NONE', #2733, 1000.000000000000000 ) ;
#490 = CARTESIAN_POINT ( 'NONE',  ( 0.5374999999999999778, -0.6249999999999998890, 0.6999999999999912959 ) ) ;
#491 = VECTOR ( 'NONE', #1092, 1000.000000000000000 ) ;
#492 = DIRECTION ( 'NONE',  ( 1.000000000000000000, 0.000000000000000000, 0.000000000000000000 ) ) ;
#493 = FILL_AREA_STYLE_COLOUR ( '', #5368 ) ;
#494 = ORIENTED_EDGE ( 'NONE', *, *, #415, .F. ) ;
#495 = UNCERTAINTY_MEASURE_WITH_UNIT (LENGTH_MEASURE( 1.000000000000000082E-05 ), #2654, 'distance_accuracy_value', 'NONE');
#496 = MECHANICAL_DESIGN_GEOMETRIC_PRESENTATION_REPRESENTATION (  '', ( #2061 ), #4421 ) ;
#497 = EDGE_CURVE ( 'NONE', #2620, #1638, #1150, .T. ) ;
#498 =( GEOMETRIC_REPRESENTATION_CONTEXT ( 3 ) GLOBAL_UNCERTAINTY_ASSIGNED_CONTEXT ( ( #3604 ) ) GLOBAL_UNIT_ASSIGNED_CONTEXT ( ( #2273, #3910, #4795 ) ) REPRESENTATION_CONTEXT ( 'NONE', 'WORKASPACE' ) );
#499 = LINE ( 'NONE', #2642, #4172 ) ;
#500 = PRESENTATION_LAYER_ASSIGNMENT (  '', '', ( #44 ) ) ;
#501 = AXIS2_PLACEMENT_3D ( 'NONE', #346, #2443, #2075 ) ;
#502 = VERTEX_POINT ( 'NONE', #3755 ) ;
#503 = FILL_AREA_STYLE_COLOUR ( '', #266 ) ;
#504 = VECTOR ( 'NONE', #2409, 1000.000000000000000 ) ;
#505 = ORIENTED_EDGE ( 'NONE', *, *, #1997, .F. ) ;
#506 = CIRCLE ( 'NONE', #423, 0.04999999999999999584 ) ;
#507 = CARTESIAN_POINT ( 'NONE',  ( -0.7624999999999999556, 0.8250000000000003997, -9.486769009248163798E-17 ) ) ;
#508 = CARTESIAN_POINT ( 'NONE',  ( 0.7624999999999999556, 0.6249999999999968914, 0.7999999999999914957 ) ) ;
#509 =( GEOMETRIC_REPRESENTATION_CONTEXT ( 3 ) GLOBAL_UNCERTAINTY_ASSIGNED_CONTEXT ( ( #3909 ) ) GLOBAL_UNIT_ASSIGNED_CONTEXT ( ( #4890, #4856, #1586 ) ) REPRESENTATION_CONTEXT ( 'NONE', 'WORKASPACE' ) );
#510 = SURFACE_SIDE_STYLE ('',( #4719 ) ) ;
#511 = SURFACE_SIDE_STYLE ('',( #86 ) ) ;
#512 = EDGE_CURVE ( 'NONE', #4561, #5427, #1607, .T. ) ;
#513 = AXIS2_PLACEMENT_3D ( 'NONE', #1849, #2699, #3591 ) ;
#514 = STYLED_ITEM ( 'NONE', ( #1934 ), #2636 ) ;
#515 = STYLED_ITEM ( 'NONE', ( #3513 ), #4705 ) ;
#516 = ORIENTED_EDGE ( 'NONE', *, *, #4056, .T. ) ;
#517 = FACE_OUTER_BOUND ( 'NONE', #19, .T. ) ;
#518 = EDGE_CURVE ( 'NONE', #5427, #2583, #3558, .T. ) ;
#519 = CARTESIAN_POINT ( 'NONE',  ( 1.000000000000000222, 0.5751902650954094920, 0.7999999999999914957 ) ) ;
#520 = PRESENTATION_LAYER_ASSIGNMENT (  '', '', ( #2165 ) ) ;
#521 = CARTESIAN_POINT ( 'NONE',  ( -0.1125000000000000028, 0.8250000000000003997, -9.486769009248163798E-17 ) ) ;
#522 = ADVANCED_FACE ( 'NONE', ( #398 ), #2388, .T. ) ;
#523 = VECTOR ( 'NONE', #2751, 1000.000000000000000 ) ;
#524 =( LENGTH_UNIT ( ) NAMED_UNIT ( * ) SI_UNIT ( .MILLI., .METRE. ) );
#525 = ORIENTED_EDGE ( 'NONE', *, *, #4894, .T. ) ;
#526 =( NAMED_UNIT ( * ) SI_UNIT ( $, .STERADIAN. ) SOLID_ANGLE_UNIT ( ) );
#527 = SURFACE_STYLE_USAGE ( .BOTH. , #4204 ) ;
#528 = CARTESIAN_POINT ( 'NONE',  ( 0.1125000000000000028, -1.050000000000000044, -1.219727444046192488E-16 ) ) ;
#529 = FILL_AREA_STYLE_COLOUR ( '', #1803 ) ;
#530 = ADVANCED_FACE ( 'NONE', ( #1663 ), #347, .F. ) ;
#531 = SURFACE_STYLE_USAGE ( .BOTH. , #2538 ) ;
#532 = ORIENTED_EDGE ( 'NONE', *, *, #3438, .T. ) ;
#533 = CARTESIAN_POINT ( 'NONE',  ( 0.8929413768309819588, 0.5179413768309818478, 0.1500000000000000222 ) ) ;
#534 = ORIENTED_EDGE ( 'NONE', *, *, #3894, .F. ) ;
#535 = FILL_AREA_STYLE_COLOUR ( '', #232 ) ;
#536 = UNCERTAINTY_MEASURE_WITH_UNIT (LENGTH_MEASURE( 1.000000000000000082E-05 ), #11, 'distance_accuracy_value', 'NONE');
#537 = PLANE ( 'NONE',  #2575 ) ;
#538 = VERTEX_POINT ( 'NONE', #2700 ) ;
#539 = FILL_AREA_STYLE_COLOUR ( '', #4620 ) ;
#540 = SURFACE_STYLE_FILL_AREA ( #4214 ) ;
#541 = FILL_AREA_STYLE_COLOUR ( '', #4513 ) ;
#542 = ORIENTED_EDGE ( 'NONE', *, *, #3264, .F. ) ;
#543 = SURFACE_STYLE_USAGE ( .BOTH. , #2199 ) ;
#544 = LINE ( 'NONE', #2258, #5016 ) ;
#545 = DIRECTION ( 'NONE',  ( 0.000000000000000000, 0.000000000000000000, -1.000000000000000000 ) ) ;
#546 = LINE ( 'NONE', #990, #1661 ) ;
#547 = ADVANCED_FACE ( 'NONE', ( #4810 ), #1450, .T. ) ;
#548 = CYLINDRICAL_SURFACE ( 'NONE', #3204, 0.02500000000000028241 ) ;
#549 = AXIS2_PLACEMENT_3D ( 'NONE', #34, #3823, #3351 ) ;
#550 = ORIENTED_EDGE ( 'NONE', *, *, #4642, .T. ) ;
#551 = CARTESIAN_POINT ( 'NONE',  ( 0.1125000000000000028, 0.8250000000000003997, 0.1499999999999999112 ) ) ;
#552 = ORIENTED_EDGE ( 'NONE', *, *, #2398, .T. ) ;
#553 = FILL_AREA_STYLE ('',( #3567 ) ) ;
#554 = VECTOR ( 'NONE', #5282, 1000.000000000000000 ) ;
#555 = AXIS2_PLACEMENT_3D ( 'NONE', #4274, #2208, #3872 ) ;
#556 = CYLINDRICAL_SURFACE ( 'NONE', #1378, 0.02500000000000028241 ) ;
#557 = DIRECTION ( 'NONE',  ( -1.000000000000000000, -0.000000000000000000, -0.000000000000000000 ) ) ;
#558 = LINE ( 'NONE', #586, #2440 ) ;
#559 = DIRECTION ( 'NONE',  ( 0.000000000000000000, 0.000000000000000000, -1.000000000000000000 ) ) ;
#560 = EDGE_CURVE ( 'NONE', #4203, #3282, #4270, .T. ) ;
#561 = VECTOR ( 'NONE', #3180, 1000.000000000000000 ) ;
#562 = LINE ( 'NONE', #2188, #5399 ) ;
#563 = EDGE_LOOP ( 'NONE', ( #3643, #525, #3833, #2066 ) ) ;
#564 = LINE ( 'NONE', #904, #333 ) ;
#565 = ORIENTED_EDGE ( 'NONE', *, *, #2293, .F. ) ;
#566 =( NAMED_UNIT ( * ) SI_UNIT ( $, .STERADIAN. ) SOLID_ANGLE_UNIT ( ) );
#567 =( LENGTH_UNIT ( ) NAMED_UNIT ( * ) SI_UNIT ( .MILLI., .METRE. ) );
#568 = MECHANICAL_DESIGN_GEOMETRIC_PRESENTATION_REPRESENTATION (  '', ( #1705 ), #3375 ) ;
#569 = FILL_AREA_STYLE_COLOUR ( '', #2930 ) ;
#570 = AXIS2_PLACEMENT_3D ( 'NONE', #4192, #3015, #5204 ) ;
#571 = EDGE_LOOP ( 'NONE', ( #4544, #334, #4697, #1320 ) ) ;
#572 = MECHANICAL_DESIGN_GEOMETRIC_PRESENTATION_REPRESENTATION (  '', ( #30 ), #2407 ) ;
#573 =( LENGTH_UNIT ( ) NAMED_UNIT ( * ) SI_UNIT ( .MILLI., .METRE. ) );
#574 = FILL_AREA_STYLE ('',( #3528 ) ) ;
#575 = EDGE_LOOP ( 'NONE', ( #156, #5043, #4652, #965 ) ) ;
#576 = DIRECTION ( 'NONE',  ( -1.000000000000000000, 0.000000000000000000, 0.000000000000000000 ) ) ;
#577 = ORIENTED_EDGE ( 'NONE', *, *, #2382, .F. ) ;
#578 = LINE ( 'NONE', #993, #3274 ) ;
#579 = EDGE_CURVE ( 'NONE', #4674, #2392, #4363, .T. ) ;
#580 = FILL_AREA_STYLE ('',( #3425 ) ) ;
#581 = AXIS2_PLACEMENT_3D ( 'NONE', #2222, #3079, #3390 ) ;
#582 = DIRECTION ( 'NONE',  ( 3.469446951953614189E-16, -1.000000000000000000, 4.297109882445290617E-33 ) ) ;
#583 = MECHANICAL_DESIGN_GEOMETRIC_PRESENTATION_REPRESENTATION (  '', ( #4763 ), #1458 ) ;
#584 = FILL_AREA_STYLE ('',( #1460 ) ) ;
#585 =( NAMED_UNIT ( * ) SI_UNIT ( $, .STERADIAN. ) SOLID_ANGLE_UNIT ( ) );
#586 = CARTESIAN_POINT ( 'NONE',  ( 0.5374999999999999778, -0.6249999999999998890, 0.8000000000000283551 ) ) ;
#587 = LINE ( 'NONE', #5244, #1369 ) ;
#588 = VECTOR ( 'NONE', #2690, 1000.000000000000114 ) ;
#589 = MECHANICAL_DESIGN_GEOMETRIC_PRESENTATION_REPRESENTATION (  '', ( #4687 ), #2323 ) ;
#590 = DIRECTION ( 'NONE',  ( 0.000000000000000000, 0.000000000000000000, 1.000000000000000000 ) ) ;
#591 = DIRECTION ( 'NONE',  ( 0.000000000000000000, -1.000000000000000000, -1.204669080539450823E-16 ) ) ;
#592 = CARTESIAN_POINT ( 'NONE',  ( -0.5374999999999999778, -0.6249999999999966693, 0.7999999999999914957 ) ) ;
#593 =( GEOMETRIC_REPRESENTATION_CONTEXT ( 3 ) GLOBAL_UNCERTAINTY_ASSIGNED_CONTEXT ( ( #2217 ) ) GLOBAL_UNIT_ASSIGNED_CONTEXT ( ( #4339, #5201, #4226 ) ) REPRESENTATION_CONTEXT ( 'NONE', 'WORKASPACE' ) );
#594 = ORIENTED_EDGE ( 'NONE', *, *, #3419, .F. ) ;
#595 = ADVANCED_FACE ( 'NONE', ( #4334 ), #548, .F. ) ;
#596 = CARTESIAN_POINT ( 'NONE',  ( -0.5374999999999999778, 0.8000000000000001554, 0.6999999999999912959 ) ) ;
#597 = PRESENTATION_STYLE_ASSIGNMENT (( #3549 ) ) ;
#598 = CIRCLE ( 'NONE', #1039, 0.1750000000000002387 ) ;
#599 = ORIENTED_EDGE ( 'NONE', *, *, #1688, .F. ) ;
#600 = EDGE_CURVE ( 'NONE', #1937, #2117, #4044, .T. ) ;
#601 =( NAMED_UNIT ( * ) PLANE_ANGLE_UNIT ( ) SI_UNIT ( $, .RADIAN. ) );
#602 = AXIS2_PLACEMENT_3D ( 'NONE', #2897, #2429, #3322 ) ;
#603 = AXIS2_PLACEMENT_3D ( 'NONE', #4038, #721, #321 ) ;
#604 = ORIENTED_EDGE ( 'NONE', *, *, #5189, .T. ) ;
#605 = DIRECTION ( 'NONE',  ( 0.000000000000000000, -5.355436828253419639E-16, 1.000000000000000000 ) ) ;
#606 = PLANE ( 'NONE',  #3222 ) ;
#607 = CARTESIAN_POINT ( 'NONE',  ( -0.9795004667354271222, -0.6248941659653557412, 0.8007512538233122479 ) ) ;
#608 = ORIENTED_EDGE ( 'NONE', *, *, #1449, .F. ) ;
#609 = ORIENTED_EDGE ( 'NONE', *, *, #3855, .T. ) ;
#610 = UNCERTAINTY_MEASURE_WITH_UNIT (LENGTH_MEASURE( 1.000000000000000082E-05 ), #901, 'distance_accuracy_value', 'NONE');
#611 = COLOUR_RGB ( '',0.8509803921568627194, 0.8509803921568627194, 0.8509803921568627194 ) ;
#612 = FACE_OUTER_BOUND ( 'NONE', #5329, .T. ) ;
#613 = CARTESIAN_POINT ( 'NONE',  ( 0.7624999999999999556, 0.6249999999999998890, 0.8749999999999915623 ) ) ;
#614 = SPHERICAL_SURFACE ( 'NONE', #420, 0.05000000000000000278 ) ;
#615 = ADVANCED_FACE ( 'NONE', ( #4486 ), #836, .T. ) ;
#616 = STYLED_ITEM ( 'NONE', ( #2643 ), #5250 ) ;
#617 =( NAMED_UNIT ( * ) PLANE_ANGLE_UNIT ( ) SI_UNIT ( $, .RADIAN. ) );
#618 = DIRECTION ( 'NONE',  ( 0.000000000000000000, -2.168404344971008868E-15, 1.000000000000000000 ) ) ;
#619 = EDGE_CURVE ( 'NONE', #2031, #4048, #1692, .T. ) ;
#620 = CARTESIAN_POINT ( 'NONE',  ( 0.7624999999999999556, 0.8000000000000001554, 0.6999999999999912959 ) ) ;
#621 = VERTEX_POINT ( 'NONE', #3817 ) ;
#622 =( NAMED_UNIT ( * ) SI_UNIT ( $, .STERADIAN. ) SOLID_ANGLE_UNIT ( ) );
#623 = CARTESIAN_POINT ( 'NONE',  ( -0.7624999999999999556, -0.6500000000000001332, 0.6999999999999912959 ) ) ;
#624 = SURFACE_STYLE_FILL_AREA ( #2686 ) ;
#625 = VERTEX_POINT ( 'NONE', #2976 ) ;
#626 = CARTESIAN_POINT ( 'NONE',  ( 0.5374999999999999778, 0.6500000000000001332, 0.1750000000000001554 ) ) ;
#627 = LINE ( 'NONE', #1869, #1432 ) ;
#628 = UNCERTAINTY_MEASURE_WITH_UNIT (LENGTH_MEASURE( 1.000000000000000082E-05 ), #18, 'distance_accuracy_value', 'NONE');
#629 = LINE ( 'NONE', #3895, #2314 ) ;
#630 = FACE_OUTER_BOUND ( 'NONE', #4614, .T. ) ;
#631 = CARTESIAN_POINT ( 'NONE',  ( -0.5374999999999999778, -0.6500000000000001332, 0.6999999999999912959 ) ) ;
#632 = EDGE_CURVE ( 'NONE', #2454, #3282, #767, .T. ) ;
#633 = PLANE ( 'NONE',  #513 ) ;
#634 = FILL_AREA_STYLE ('',( #2263 ) ) ;
#635 = SURFACE_SIDE_STYLE ('',( #695 ) ) ;
#636 = LINE ( 'NONE', #211, #2038 ) ;
#637 = ORIENTED_EDGE ( 'NONE', *, *, #3097, .F. ) ;
#638 = LINE ( 'NONE', #214, #1277 ) ;
#639 = CARTESIAN_POINT ( 'NONE',  ( -0.5374999999999999778, 0.4225511228578718859, 0.7249999999999915401 ) ) ;
#640 = SURFACE_SIDE_STYLE ('',( #4786 ) ) ;
#641 = SURFACE_SIDE_STYLE ('',( #5169 ) ) ;
#642 = PLANE ( 'NONE',  #1301 ) ;
#643 = DIRECTION ( 'NONE',  ( 1.734723475976807587E-16, 1.000000000000000000, 0.000000000000000000 ) ) ;
#644 = DIRECTION ( 'NONE',  ( -1.000000000000000000, -0.000000000000000000, -0.000000000000000000 ) ) ;
#645 = FILL_AREA_STYLE ('',( #4752 ) ) ;
#646 = MECHANICAL_DESIGN_GEOMETRIC_PRESENTATION_REPRESENTATION (  '', ( #1088 ), #2034 ) ;
#647 = PRESENTATION_LAYER_ASSIGNMENT (  '', '', ( #1351 ) ) ;
#648 = ORIENTED_EDGE ( 'NONE', *, *, #1334, .T. ) ;
#649 = DIRECTION ( 'NONE',  ( -1.000000000000000000, 0.000000000000000000, 0.000000000000000000 ) ) ;
#650 = ADVANCED_FACE ( 'NONE', ( #5037 ), #4217, .T. ) ;
#651 = DIRECTION ( 'NONE',  ( 0.9902680687415708061, 0.000000000000000000, 0.1391731009600618574 ) ) ;
#652 = VERTEX_POINT ( 'NONE', #3842 ) ;
#653 = CARTESIAN_POINT ( 'NONE',  ( 0.5374999999999999778, -0.8000000000000001554, 0.6999999999999912959 ) ) ;
#654 = MECHANICAL_DESIGN_GEOMETRIC_PRESENTATION_REPRESENTATION (  '', ( #5030 ), #2647 ) ;
#655 = FILL_AREA_STYLE ('',( #2289 ) ) ;
#656 = MECHANICAL_DESIGN_GEOMETRIC_PRESENTATION_REPRESENTATION (  '', ( #392 ), #2118 ) ;
#657 = CARTESIAN_POINT ( 'NONE',  ( -0.8929413768309814037, 0.5179413768309818478, 0.1000000000000000056 ) ) ;
#658 = ORIENTED_EDGE ( 'NONE', *, *, #3252, .F. ) ;
#659 = LINE ( 'NONE', #3624, #5097 ) ;
#660 = ORIENTED_EDGE ( 'NONE', *, *, #2209, .F. ) ;
#661 = STYLED_ITEM ( 'NONE', ( #1243 ), #2933 ) ;
#662 = CARTESIAN_POINT ( 'NONE',  ( 0.1125000000000000028, -0.6249999999999998890, 0.8749999999999915623 ) ) ;
#663 = FILL_AREA_STYLE_COLOUR ( '', #3669 ) ;
#664 = PRESENTATION_STYLE_ASSIGNMENT (( #4936 ) ) ;
#665 = CARTESIAN_POINT ( 'NONE',  ( -0.1125000000000000028, 0.8000000000000001554, 0.6999999999999912959 ) ) ;
#666 = PRESENTATION_LAYER_ASSIGNMENT (  '', '', ( #30 ) ) ;
#667 = EDGE_CURVE ( 'NONE', #1723, #3919, #3747, .T. ) ;
#668 = CARTESIAN_POINT ( 'NONE',  ( -0.1125000000000000028, -0.5828377495892823612, 1.100000000000000089 ) ) ;
#669 = DIRECTION ( 'NONE',  ( 0.000000000000000000, -1.000000000000000000, 5.355436828253419639E-16 ) ) ;
#670 = ORIENTED_EDGE ( 'NONE', *, *, #3873, .T. ) ;
#671 = CARTESIAN_POINT ( 'NONE',  ( 0.8929413768309816257, -0.5179413768309816257, 0.1000000000000000056 ) ) ;
#672 = FACE_OUTER_BOUND ( 'NONE', #2551, .T. ) ;
#673 = VECTOR ( 'NONE', #4831, 1000.000000000000114 ) ;
#674 = LINE ( 'NONE', #198, #2497 ) ;
#675 = ORIENTED_EDGE ( 'NONE', *, *, #4784, .F. ) ;
#676 = DIRECTION ( 'NONE',  ( 0.000000000000000000, -0.000000000000000000, 1.000000000000000000 ) ) ;
#677 = PRESENTATION_LAYER_ASSIGNMENT (  '', '', ( #3026 ) ) ;
#678 = DIRECTION ( 'NONE',  ( 0.000000000000000000, 0.000000000000000000, 1.000000000000000000 ) ) ;
#679 = PRESENTATION_LAYER_ASSIGNMENT (  '', '', ( #1029 ) ) ;
#680 = CARTESIAN_POINT ( 'NONE',  ( 0.1125000000000000028, -0.6500000000000001332, 0.1750000000000001554 ) ) ;
#681 = ORIENTED_EDGE ( 'NONE', *, *, #5158, .T. ) ;
#682 = AXIS2_PLACEMENT_3D ( 'NONE', #2251, #181, #3393 ) ;
#683 = SURFACE_STYLE_FILL_AREA ( #1959 ) ;
#684 = CARTESIAN_POINT ( 'NONE',  ( 1.000000000000000000, -0.6249999999999998890, 0.7999999999999914957 ) ) ;
#685 = AXIS2_PLACEMENT_3D ( 'NONE', #1585, #2393, #3312 ) ;
#686 = FILL_AREA_STYLE_COLOUR ( '', #1453 ) ;
#687 = EDGE_CURVE ( 'NONE', #5431, #5411, #5420, .T. ) ;
#688 = MECHANICAL_DESIGN_GEOMETRIC_PRESENTATION_REPRESENTATION (  '', ( #3217 ), #4433 ) ;
#689 = STYLED_ITEM ( 'NONE', ( #4718 ), #1256 ) ;
#690 = LINE ( 'NONE', #1448, #2338 ) ;
#691 =( NAMED_UNIT ( * ) SI_UNIT ( $, .STERADIAN. ) SOLID_ANGLE_UNIT ( ) );
#692 = AXIS2_PLACEMENT_3D ( 'NONE', #639, #3956, #3656 ) ;
#693 = STYLED_ITEM ( 'NONE', ( #775 ), #1604 ) ;
#694 = EDGE_CURVE ( 'NONE', #2607, #4005, #5007, .T. ) ;
#695 = SURFACE_STYLE_FILL_AREA ( #5287 ) ;
#696 = VERTEX_POINT ( 'NONE', #2502 ) ;
#697 = EDGE_LOOP ( 'NONE', ( #4229, #2404, #4077, #3506, #2660, #3032, #1867, #5414, #5388, #5048, #2965, #3041, #1295 ) ) ;
#698 =( NAMED_UNIT ( * ) PLANE_ANGLE_UNIT ( ) SI_UNIT ( $, .RADIAN. ) );
#699 =( LENGTH_UNIT ( ) NAMED_UNIT ( * ) SI_UNIT ( .MILLI., .METRE. ) );
#700 = ADVANCED_FACE ( 'NONE', ( #3031 ), #963, .T. ) ;
#701 = CYLINDRICAL_SURFACE ( 'NONE', #2570, 0.1750000000000002109 ) ;
#702 = VECTOR ( 'NONE', #1429, 999.9999999999998863 ) ;
#703 = CARTESIAN_POINT ( 'NONE',  ( -0.5796202109455335094, 0.5393734126984709443, 1.100000000000000089 ) ) ;
#704 = VERTEX_POINT ( 'NONE', #3122 ) ;
#705 = CARTESIAN_POINT ( 'NONE',  ( -0.1125000000000000028, -0.8250000000000003997, 0.1750000000000001554 ) ) ;
#706 = CIRCLE ( 'NONE', #1745, 0.04999999999999991257 ) ;
#707 = DIRECTION ( 'NONE',  ( 0.000000000000000000, 0.000000000000000000, -1.000000000000000000 ) ) ;
#708 = PRESENTATION_LAYER_ASSIGNMENT (  '', '', ( #3058 ) ) ;
#709 = UNCERTAINTY_MEASURE_WITH_UNIT (LENGTH_MEASURE( 1.000000000000000082E-05 ), #3580, 'distance_accuracy_value', 'NONE');
#710 = PRESENTATION_STYLE_ASSIGNMENT (( #4819 ) ) ;
#711 = EDGE_CURVE ( 'NONE', #1402, #4823, #4773, .T. ) ;
#712 = PRESENTATION_STYLE_ASSIGNMENT (( #4976 ) ) ;
#713 = CARTESIAN_POINT ( 'NONE',  ( -0.5374999999999999778, 0.8250000000000003997, 0.1750000000000001554 ) ) ;
#714 = SURFACE_STYLE_FILL_AREA ( #4449 ) ;
#715 = SURFACE_SIDE_STYLE ('',( #222 ) ) ;
#716 = ORIENTED_EDGE ( 'NONE', *, *, #5236, .F. ) ;
#717 = LINE ( 'NONE', #1070, #4950 ) ;
#718 = EDGE_LOOP ( 'NONE', ( #2111, #1475, #4938 ) ) ;
#719 = CARTESIAN_POINT ( 'NONE',  ( -0.1125000000000000028, -0.6500000000000001332, 0.6999999999999912959 ) ) ;
#720 = CIRCLE ( 'NONE', #4013, 0.02500000000000025466 ) ;
#721 = DIRECTION ( 'NONE',  ( 1.000000000000000000, 0.000000000000000000, 0.000000000000000000 ) ) ;
#722 = ORIENTED_EDGE ( 'NONE', *, *, #110, .T. ) ;
#723 = SURFACE_SIDE_STYLE ('',( #2336 ) ) ;
#724 = CARTESIAN_POINT ( 'NONE',  ( -0.5374999999999999778, 0.4225511228578717748, 0.8749999999999914513 ) ) ;
#725 = AXIS2_PLACEMENT_3D ( 'NONE', #5432, #4981, #349 ) ;
#726 = FILL_AREA_STYLE ('',( #4010 ) ) ;
#727 = LINE ( 'NONE', #3319, #4100 ) ;
#728 = LINE ( 'NONE', #2341, #2072 ) ;
#729 = SPHERICAL_SURFACE ( 'NONE', #2879, 0.05000000000000000278 ) ;
#730 = VERTEX_POINT ( 'NONE', #123 ) ;
#731 = CARTESIAN_POINT ( 'NONE',  ( 0.1125000000000000028, -0.6249999999999998890, 0.8749999999999915623 ) ) ;
#732 = VERTEX_POINT ( 'NONE', #2695 ) ;
#733 = CYLINDRICAL_SURFACE ( 'NONE', #3819, 0.1750000000000002387 ) ;
#734 = EDGE_CURVE ( 'NONE', #4951, #4532, #629, .T. ) ;
#735 =( NAMED_UNIT ( * ) PLANE_ANGLE_UNIT ( ) SI_UNIT ( $, .RADIAN. ) );
#736 = ORIENTED_EDGE ( 'NONE', *, *, #868, .F. ) ;
#737 = VERTEX_POINT ( 'NONE', #1478 ) ;
#738 = EDGE_LOOP ( 'NONE', ( #4738, #3343, #2044, #986 ) ) ;
#739 = LINE ( 'NONE', #4472, #3370 ) ;
#740 = DIRECTION ( 'NONE',  ( -0.000000000000000000, 1.000000000000000000, 0.000000000000000000 ) ) ;
#741 = ORIENTED_EDGE ( 'NONE', *, *, #2838, .F. ) ;
#742 = VERTEX_POINT ( 'NONE', #4808 ) ;
#743 = COLOUR_RGB ( '',0.2235294117647058654, 0.2235294117647058654, 0.2235294117647058654 ) ;
#744 = EDGE_CURVE ( 'NONE', #787, #4231, #5159, .T. ) ;
#745 = LINE ( 'NONE', #4142, #5225 ) ;
#746 = CIRCLE ( 'NONE', #4485, 0.04999999999999991257 ) ;
#747 = CARTESIAN_POINT ( 'NONE',  ( 0.7624999999999999556, 0.8250000000000003997, 0.1750000000000001554 ) ) ;
#748 = ORIENTED_EDGE ( 'NONE', *, *, #846, .F. ) ;
#749 = CARTESIAN_POINT ( 'NONE',  ( -0.8929413768309814037, 0.5179413768309818478, 0.1500000000000000222 ) ) ;
#750 = LINE ( 'NONE', #1960, #2168 ) ;
#751 =( NAMED_UNIT ( * ) PLANE_ANGLE_UNIT ( ) SI_UNIT ( $, .RADIAN. ) );
#752 = CARTESIAN_POINT ( 'NONE',  ( -0.5374999999999999778, -0.6249999999999998890, 0.8000000000000283551 ) ) ;
#753 = EDGE_CURVE ( 'NONE', #212, #4561, #2254, .T. ) ;
#754 = CARTESIAN_POINT ( 'NONE',  ( -0.5374999999999999778, 1.050000000000000044, -1.219727444046192488E-16 ) ) ;
#755 = ORIENTED_EDGE ( 'NONE', *, *, #3873, .F. ) ;
#756 = FACE_OUTER_BOUND ( 'NONE', #4487, .T. ) ;
#757 = VERTEX_POINT ( 'NONE', #4327 ) ;
#758 = PRESENTATION_STYLE_ASSIGNMENT (( #5326 ) ) ;
#759 = VECTOR ( 'NONE', #879, 1000.000000000000000 ) ;
#760 = LINE ( 'NONE', #3688, #2153 ) ;
#761 = DIRECTION ( 'NONE',  ( 1.000000000000000000, 0.000000000000000000, 0.000000000000000000 ) ) ;
#762 = EDGE_LOOP ( 'NONE', ( #39, #1600, #3215, #3766 ) ) ;
#763 = STYLED_ITEM ( 'NONE', ( #3796 ), #3679 ) ;
#764 = ADVANCED_FACE ( 'NONE', ( #2662 ), #5188, .F. ) ;
#765 = ORIENTED_EDGE ( 'NONE', *, *, #1695, .F. ) ;
#766 = MECHANICAL_DESIGN_GEOMETRIC_PRESENTATION_REPRESENTATION (  '', ( #403 ), #934 ) ;
#767 = CIRCLE ( 'NONE', #5036, 0.02500000000000028241 ) ;
#768 = LINE ( 'NONE', #2416, #3995 ) ;
#769 = ORIENTED_EDGE ( 'NONE', *, *, #206, .F. ) ;
#770 = PLANE ( 'NONE',  #3874 ) ;
#771 = ORIENTED_EDGE ( 'NONE', *, *, #1800, .T. ) ;
#772 = FILL_AREA_STYLE_COLOUR ( '', #4238 ) ;
#773 = STYLED_ITEM ( 'NONE', ( #104 ), #179 ) ;
#774 = MECHANICAL_DESIGN_GEOMETRIC_PRESENTATION_REPRESENTATION (  '', ( #3121 ), #3799 ) ;
#775 = PRESENTATION_STYLE_ASSIGNMENT (( #3612 ) ) ;
#776 =( NAMED_UNIT ( * ) SI_UNIT ( $, .STERADIAN. ) SOLID_ANGLE_UNIT ( ) );
#777 = STYLED_ITEM ( 'NONE', ( #481 ), #367 ) ;
#778 = STYLED_ITEM ( 'NONE', ( #1342 ), #924 ) ;
#779 = CARTESIAN_POINT ( 'NONE',  ( -0.9795004667354275663, 0.6248941659653557412, 0.8007512538233123589 ) ) ;
#780 =( LENGTH_UNIT ( ) NAMED_UNIT ( * ) SI_UNIT ( .MILLI., .METRE. ) );
#781 = PRESENTATION_LAYER_ASSIGNMENT (  '', '', ( #3142 ) ) ;
#782 = COLOUR_RGB ( '',0.2235294117647058654, 0.2235294117647058654, 0.2235294117647058654 ) ;
#783 = EDGE_CURVE ( 'NONE', #2973, #2344, #4580, .T. ) ;
#784 = PRESENTATION_LAYER_ASSIGNMENT (  '', '', ( #4974 ) ) ;
#785 = CARTESIAN_POINT ( 'NONE',  ( 0.5374999999999999778, 0.6249999999999968914, 0.7999999999999914957 ) ) ;
#786 =( GEOMETRIC_REPRESENTATION_CONTEXT ( 3 ) GLOBAL_UNCERTAINTY_ASSIGNED_CONTEXT ( ( #2712 ) ) GLOBAL_UNIT_ASSIGNED_CONTEXT ( ( #985, #5055, #3078 ) ) REPRESENTATION_CONTEXT ( 'NONE', 'WORKASPACE' ) );
#787 = VERTEX_POINT ( 'NONE', #267 ) ;
#788 = CARTESIAN_POINT ( 'NONE',  ( -0.9411422018315094284, -0.5661422018315099836, 0.7009379507923066965 ) ) ;
#789 = ORIENTED_EDGE ( 'NONE', *, *, #868, .T. ) ;
#790 = DIRECTION ( 'NONE',  ( 0.000000000000000000, 0.000000000000000000, 1.000000000000000000 ) ) ;
#791 = LINE ( 'NONE', #443, #3138 ) ;
#792 = DIRECTION ( 'NONE',  ( -1.000000000000000000, -0.000000000000000000, -0.000000000000000000 ) ) ;
#793 = FILL_AREA_STYLE ('',( #2000 ) ) ;
#794 = ORIENTED_EDGE ( 'NONE', *, *, #5379, .F. ) ;
#795 = AXIS2_PLACEMENT_3D ( 'NONE', #5255, #3949, #4483 ) ;
#796 = ORIENTED_EDGE ( 'NONE', *, *, #4569, .T. ) ;
#797 = MECHANICAL_DESIGN_GEOMETRIC_PRESENTATION_REPRESENTATION (  '', ( #2774 ), #498 ) ;
#798 = SURFACE_STYLE_USAGE ( .BOTH. , #2850 ) ;
#799 = SURFACE_STYLE_USAGE ( .BOTH. , #1237 ) ;
#800 = PRESENTATION_LAYER_ASSIGNMENT (  '', '', ( #60 ) ) ;
#801 = PRESENTATION_STYLE_ASSIGNMENT (( #2417 ) ) ;
#802 = VERTEX_POINT ( 'NONE', #852 ) ;
#803 = PRESENTATION_STYLE_ASSIGNMENT (( #2517 ) ) ;
#804 = FILL_AREA_STYLE ('',( #4887 ) ) ;
#805 = ORIENTED_EDGE ( 'NONE', *, *, #5189, .F. ) ;
#806 = CARTESIAN_POINT ( 'NONE',  ( 0.8910651694163920222, 0.5655785728534706847, 1.222805423579277351 ) ) ;
#807 = VECTOR ( 'NONE', #4121, 1000.000000000000000 ) ;
#808 = SURFACE_STYLE_USAGE ( .BOTH. , #355 ) ;
#809 = EDGE_CURVE ( 'NONE', #625, #486, #2491, .T. ) ;
#810 = EDGE_LOOP ( 'NONE', ( #171, #4429, #1665 ) ) ;
#811 =( GEOMETRIC_REPRESENTATION_CONTEXT ( 3 ) GLOBAL_UNCERTAINTY_ASSIGNED_CONTEXT ( ( #2366 ) ) GLOBAL_UNIT_ASSIGNED_CONTEXT ( ( #87, #3028, #961 ) ) REPRESENTATION_CONTEXT ( 'NONE', 'WORKASPACE' ) );
#812 = CARTESIAN_POINT ( 'NONE',  ( -0.1125000000000000028, 0.6500000000000001332, 0.1750000000000001554 ) ) ;
#813 = VECTOR ( 'NONE', #2367, 1000.000000000000000 ) ;
#814 = DIRECTION ( 'NONE',  ( -1.000000000000000000, -0.000000000000000000, -0.000000000000000000 ) ) ;
#815 = FILL_AREA_STYLE_COLOUR ( '', #2853 ) ;
#816 = DIRECTION ( 'NONE',  ( -3.469446951953614682E-16, 1.000000000000000000, -1.232305581867101040E-32 ) ) ;
#817 = ORIENTED_EDGE ( 'NONE', *, *, #235, .T. ) ;
#818 = DIRECTION ( 'NONE',  ( 0.000000000000000000, 0.000000000000000000, -1.000000000000000000 ) ) ;
#819 = VERTEX_POINT ( 'NONE', #326 ) ;
#820 = ADVANCED_FACE ( 'NONE', ( #2518 ), #4926, .T. ) ;
#821 = LINE ( 'NONE', #1567, #3357 ) ;
#822 = SURFACE_STYLE_USAGE ( .BOTH. , #4550 ) ;
#823 = VERTEX_POINT ( 'NONE', #5023 ) ;
#824 = ORIENTED_EDGE ( 'NONE', *, *, #453, .T. ) ;
#825 =( NAMED_UNIT ( * ) SI_UNIT ( $, .STERADIAN. ) SOLID_ANGLE_UNIT ( ) );
#826 =( LENGTH_UNIT ( ) NAMED_UNIT ( * ) SI_UNIT ( .MILLI., .METRE. ) );
#827 = CARTESIAN_POINT ( 'NONE',  ( 0.9143734126984710553, -1.586185024817067596E-16, 1.050000000000000044 ) ) ;
#828 = FILL_AREA_STYLE ('',( #2488 ) ) ;
#829 = ORIENTED_EDGE ( 'NONE', *, *, #3161, .T. ) ;
#830 = ORIENTED_EDGE ( 'NONE', *, *, #5003, .T. ) ;
#831 = CARTESIAN_POINT ( 'NONE',  ( -0.1125000000000000028, 0.8000000000000001554, 0.6999999999999912959 ) ) ;
#832 = ORIENTED_EDGE ( 'NONE', *, *, #427, .T. ) ;
#833 =( LENGTH_UNIT ( ) NAMED_UNIT ( * ) SI_UNIT ( .MILLI., .METRE. ) );
#834 = AXIS2_PLACEMENT_3D ( 'NONE', #2406, #1138, #1655 ) ;
#835 = ADVANCED_FACE ( 'NONE', ( #4859 ), #2399, .F. ) ;
#836 = CYLINDRICAL_SURFACE ( 'NONE', #4074, 0.05000000000000002359 ) ;
#837 = ORIENTED_EDGE ( 'NONE', *, *, #479, .F. ) ;
#838 =( NAMED_UNIT ( * ) SI_UNIT ( $, .STERADIAN. ) SOLID_ANGLE_UNIT ( ) );
#839 = VECTOR ( 'NONE', #576, 1000.000000000000000 ) ;
#840 = ADVANCED_FACE ( 'NONE', ( #1989 ), #3676, .F. ) ;
#841 =( NAMED_UNIT ( * ) SI_UNIT ( $, .STERADIAN. ) SOLID_ANGLE_UNIT ( ) );
#842 = ORIENTED_EDGE ( 'NONE', *, *, #1449, .T. ) ;
#843 = COLOUR_RGB ( '',0.8509803921568627194, 0.8509803921568627194, 0.8509803921568627194 ) ;
#844 = CYLINDRICAL_SURFACE ( 'NONE', #2644, 0.1750000000000002109 ) ;
#845 =( GEOMETRIC_REPRESENTATION_CONTEXT ( 3 ) GLOBAL_UNCERTAINTY_ASSIGNED_CONTEXT ( ( #5283 ) ) GLOBAL_UNIT_ASSIGNED_CONTEXT ( ( #4930, #2017, #3682 ) ) REPRESENTATION_CONTEXT ( 'NONE', 'WORKASPACE' ) );
#846 = EDGE_CURVE ( 'NONE', #1658, #5371, #999, .T. ) ;
#847 = PRESENTATION_LAYER_ASSIGNMENT (  '', '', ( #3195 ) ) ;
#848 = CARTESIAN_POINT ( 'NONE',  ( -0.7624999999999999556, 0.6500000000000001332, 0.6999999999999912959 ) ) ;
#849 = CARTESIAN_POINT ( 'NONE',  ( 0.5374999999999999778, 0.8000000000000001554, 0.6999999999999912959 ) ) ;
#850 = COLOUR_RGB ( '',0.4392156862745097978, 0.4392156862745097978, 0.4392156862745097978 ) ;
#851 = ORIENTED_EDGE ( 'NONE', *, *, #396, .T. ) ;
#852 = CARTESIAN_POINT ( 'NONE',  ( 0.5374999999999999778, -0.6500000000000001332, 0.1750000000000001554 ) ) ;
#853 = VERTEX_POINT ( 'NONE', #3485 ) ;
#854 = DIRECTION ( 'NONE',  ( 0.1378445374916252297, 0.1378445374916251742, -0.9808148484639901410 ) ) ;
#855 =( GEOMETRIC_REPRESENTATION_CONTEXT ( 3 ) GLOBAL_UNCERTAINTY_ASSIGNED_CONTEXT ( ( #5356 ) ) GLOBAL_UNIT_ASSIGNED_CONTEXT ( ( #1004, #617, #3935 ) ) REPRESENTATION_CONTEXT ( 'NONE', 'WORKASPACE' ) );
#856 = DIRECTION ( 'NONE',  ( -4.336808689942017736E-15, 0.000000000000000000, -1.000000000000000000 ) ) ;
#857 = ORIENTED_EDGE ( 'NONE', *, *, #2342, .T. ) ;
#858 = PRESENTATION_LAYER_ASSIGNMENT (  '', '', ( #773 ) ) ;
#859 = MECHANICAL_DESIGN_GEOMETRIC_PRESENTATION_REPRESENTATION (  '', ( #1972 ), #4678 ) ;
#860 = CARTESIAN_POINT ( 'NONE',  ( -0.1125000000000000028, -0.8000000000000001554, 0.6999999999999912959 ) ) ;
#861 = MECHANICAL_DESIGN_GEOMETRIC_PRESENTATION_REPRESENTATION (  '', ( #5209 ), #1209 ) ;
#862 = DIRECTION ( 'NONE',  ( 3.469446951953615175E-16, -1.000000000000000000, 0.000000000000000000 ) ) ;
#863 = ORIENTED_EDGE ( 'NONE', *, *, #261, .T. ) ;
#864 = PLANE ( 'NONE',  #1366 ) ;
#865 = MECHANICAL_DESIGN_GEOMETRIC_PRESENTATION_REPRESENTATION (  '', ( #4607 ), #2310 ) ;
#866 = VECTOR ( 'NONE', #2569, 1000.000000000000000 ) ;
#867 = DIRECTION ( 'NONE',  ( -1.000000000000000000, -0.000000000000000000, -0.000000000000000000 ) ) ;
#868 = EDGE_CURVE ( 'NONE', #918, #4378, #2592, .T. ) ;
#869 = ORIENTED_EDGE ( 'NONE', *, *, #5165, .T. ) ;
#870 = DIRECTION ( 'NONE',  ( 0.000000000000000000, 1.000000000000000000, 1.204669080539450576E-16 ) ) ;
#871 = PRESENTATION_LAYER_ASSIGNMENT (  '', '', ( #2424 ) ) ;
#872 = LINE ( 'NONE', #4681, #1641 ) ;
#873 = PRESENTATION_STYLE_ASSIGNMENT (( #2906 ) ) ;
#874 = STYLED_ITEM ( 'NONE', ( #664 ), #2486 ) ;
#875 =( GEOMETRIC_REPRESENTATION_CONTEXT ( 3 ) GLOBAL_UNCERTAINTY_ASSIGNED_CONTEXT ( ( #3856 ) ) GLOBAL_UNIT_ASSIGNED_CONTEXT ( ( #2720, #2281, #3941 ) ) REPRESENTATION_CONTEXT ( 'NONE', 'WORKASPACE' ) );
#876 = ORIENTED_EDGE ( 'NONE', *, *, #2577, .T. ) ;
#877 = DIRECTION ( 'NONE',  ( 0.000000000000000000, 0.000000000000000000, -1.000000000000000000 ) ) ;
#878 = ORIENTED_EDGE ( 'NONE', *, *, #3914, .T. ) ;
#879 = DIRECTION ( 'NONE',  ( 1.000000000000000000, 0.000000000000000000, 0.000000000000000000 ) ) ;
#880 = EDGE_CURVE ( 'NONE', #4911, #2031, #4230, .T. ) ;
#881 = COLOUR_RGB ( '',0.8509803921568627194, 0.8509803921568627194, 0.8509803921568627194 ) ;
#882 = DIRECTION ( 'NONE',  ( -0.08682659386424430858, -0.08682659386424432246, 0.9924325091389677445 ) ) ;
#883 = DIRECTION ( 'NONE',  ( -0.000000000000000000, 1.204669080539450576E-16, 1.000000000000000000 ) ) ;
#884 = AXIS2_PLACEMENT_3D ( 'NONE', #2793, #4045, #3205 ) ;
#885 = CARTESIAN_POINT ( 'NONE',  ( 0.9638868161355497177, 0.5393734126984710553, 1.056958655048003237 ) ) ;
#886 = STYLED_ITEM ( 'NONE', ( #248 ), #4837 ) ;
#887 = FILL_AREA_STYLE ('',( #361 ) ) ;
#888 =( GEOMETRIC_REPRESENTATION_CONTEXT ( 3 ) GLOBAL_UNCERTAINTY_ASSIGNED_CONTEXT ( ( #3417 ) ) GLOBAL_UNIT_ASSIGNED_CONTEXT ( ( #3598, #4340, #2322 ) ) REPRESENTATION_CONTEXT ( 'NONE', 'WORKASPACE' ) );
#889 = EDGE_LOOP ( 'NONE', ( #369, #4585, #3851, #3383 ) ) ;
#890 = DIRECTION ( 'NONE',  ( -0.000000000000000000, 1.000000000000000000, 0.000000000000000000 ) ) ;
#891 = DIRECTION ( 'NONE',  ( -1.000000000000000000, -0.000000000000000000, -0.000000000000000000 ) ) ;
#892 = CIRCLE ( 'NONE', #725, 0.1750000000000002387 ) ;
#893 =( NAMED_UNIT ( * ) PLANE_ANGLE_UNIT ( ) SI_UNIT ( $, .RADIAN. ) );
#894 = ORIENTED_EDGE ( 'NONE', *, *, #288, .F. ) ;
#895 = SURFACE_STYLE_FILL_AREA ( #4706 ) ;
#896 = EDGE_CURVE ( 'NONE', #424, #4669, #3408, .T. ) ;
#897 = SURFACE_SIDE_STYLE ('',( #1386 ) ) ;
#898 = ORIENTED_EDGE ( 'NONE', *, *, #2893, .T. ) ;
#899 = APPLICATION_PROTOCOL_DEFINITION ( 'draft international standard', 'automotive_design', 1998, #5174 ) ;
#900 = ORIENTED_EDGE ( 'NONE', *, *, #4661, .T. ) ;
#901 =( LENGTH_UNIT ( ) NAMED_UNIT ( * ) SI_UNIT ( .MILLI., .METRE. ) );
#902 = FACE_OUTER_BOUND ( 'NONE', #1341, .T. ) ;
#903 = ORIENTED_EDGE ( 'NONE', *, *, #2929, .T. ) ;
#904 = CARTESIAN_POINT ( 'NONE',  ( 0.7624999999999999556, 0.8000000000000001554, 0.1750000000000001554 ) ) ;
#905 = SURFACE_STYLE_USAGE ( .BOTH. , #2524 ) ;
#906 = EDGE_CURVE ( 'NONE', #5112, #5214, #3776, .T. ) ;
#907 = DIRECTION ( 'NONE',  ( 0.000000000000000000, 1.000000000000000000, 0.000000000000000000 ) ) ;
#908 = CARTESIAN_POINT ( 'NONE',  ( 0.000000000000000000, -0.5179413768309816257, 0.1500000000000000222 ) ) ;
#909 =( GEOMETRIC_REPRESENTATION_CONTEXT ( 3 ) GLOBAL_UNCERTAINTY_ASSIGNED_CONTEXT ( ( #213 ) ) GLOBAL_UNIT_ASSIGNED_CONTEXT ( ( #4932, #4906, #2140 ) ) REPRESENTATION_CONTEXT ( 'NONE', 'WORKASPACE' ) );
#910 = FILL_AREA_STYLE ('',( #2949 ) ) ;
#911 = VERTEX_POINT ( 'NONE', #21 ) ;
#912 = LINE ( 'NONE', #2923, #3373 ) ;
#913 = VECTOR ( 'NONE', #1022, 1000.000000000000000 ) ;
#914 = SURFACE_SIDE_STYLE ('',( #5011 ) ) ;
#915 = CYLINDRICAL_SURFACE ( 'NONE', #5330, 0.04999999999999996114 ) ;
#916 = CARTESIAN_POINT ( 'NONE',  ( -0.7624999999999999556, -0.6249999999999998890, 0.6999999999999912959 ) ) ;
#917 = SPHERICAL_SURFACE ( 'NONE', #3093, 0.05000000000000000278 ) ;
#918 = VERTEX_POINT ( 'NONE', #2990 ) ;
#919 = CARTESIAN_POINT ( 'NONE',  ( -0.1125000000000000028, 0.6249999999999998890, 0.7249999999999916511 ) ) ;
#920 = UNCERTAINTY_MEASURE_WITH_UNIT (LENGTH_MEASURE( 1.000000000000000082E-05 ), #1101, 'distance_accuracy_value', 'NONE');
#921 = DIRECTION ( 'NONE',  ( -1.000000000000000000, -0.000000000000000000, -0.000000000000000000 ) ) ;
#922 =( NAMED_UNIT ( * ) PLANE_ANGLE_UNIT ( ) SI_UNIT ( $, .RADIAN. ) );
#923 = DIRECTION ( 'NONE',  ( 0.000000000000000000, 1.000000000000000000, 1.204669080539450576E-16 ) ) ;
#924 = ADVANCED_FACE ( 'NONE', ( #5093 ), #3831, .T. ) ;
#925 = VERTEX_POINT ( 'NONE', #48 ) ;
#926 = FILL_AREA_STYLE_COLOUR ( '', #4862 ) ;
#927 = VERTEX_POINT ( 'NONE', #703 ) ;
#928 = CARTESIAN_POINT ( 'NONE',  ( -0.5374999999999999778, 0.8000000000000001554, 0.1750000000000001554 ) ) ;
#929 = VECTOR ( 'NONE', #3767, 1000.000000000000000 ) ;
#930 =( NAMED_UNIT ( * ) PLANE_ANGLE_UNIT ( ) SI_UNIT ( $, .RADIAN. ) );
#931 = CARTESIAN_POINT ( 'NONE',  ( 0.1125000000000000028, -0.4225511228578717748, 0.8749999999999914513 ) ) ;
#932 = ADVANCED_FACE ( 'NONE', ( #5241 ), #642, .F. ) ;
#933 = LINE ( 'NONE', #1397, #866 ) ;
#934 =( GEOMETRIC_REPRESENTATION_CONTEXT ( 3 ) GLOBAL_UNCERTAINTY_ASSIGNED_CONTEXT ( ( #3133 ) ) GLOBAL_UNIT_ASSIGNED_CONTEXT ( ( #3734, #2467, #4476 ) ) REPRESENTATION_CONTEXT ( 'NONE', 'WORKASPACE' ) );
#935 =( NAMED_UNIT ( * ) PLANE_ANGLE_UNIT ( ) SI_UNIT ( $, .RADIAN. ) );
#936 = ORIENTED_EDGE ( 'NONE', *, *, #2418, .T. ) ;
#937 = DIRECTION ( 'NONE',  ( 0.000000000000000000, 0.000000000000000000, 1.000000000000000000 ) ) ;
#938 = PRESENTATION_LAYER_ASSIGNMENT (  '', '', ( #1542 ) ) ;
#939 = COLOUR_RGB ( '',0.8509803921568627194, 0.8509803921568627194, 0.8509803921568627194 ) ;
#940 = EDGE_CURVE ( 'NONE', #3298, #1844, #4439, .T. ) ;
#941 = SURFACE_SIDE_STYLE ('',( #3446 ) ) ;
#942 = CARTESIAN_POINT ( 'NONE',  ( 0.7624999999999999556, -0.8000000000000001554, 0.6999999999999912959 ) ) ;
#943 = ORIENTED_EDGE ( 'NONE', *, *, #4206, .T. ) ;
#944 = UNCERTAINTY_MEASURE_WITH_UNIT (LENGTH_MEASURE( 1.000000000000000082E-05 ), #1555, 'distance_accuracy_value', 'NONE');
#945 = VECTOR ( 'NONE', #3836, 1000.000000000000000 ) ;
#946 =( GEOMETRIC_REPRESENTATION_CONTEXT ( 3 ) GLOBAL_UNCERTAINTY_ASSIGNED_CONTEXT ( ( #2178 ) ) GLOBAL_UNIT_ASSIGNED_CONTEXT ( ( #3255, #3696, #378 ) ) REPRESENTATION_CONTEXT ( 'NONE', 'WORKASPACE' ) );
#947 = FACE_OUTER_BOUND ( 'NONE', #2493, .T. ) ;
#948 = ORIENTED_EDGE ( 'NONE', *, *, #3609, .T. ) ;
#949 =( NAMED_UNIT ( * ) SI_UNIT ( $, .STERADIAN. ) SOLID_ANGLE_UNIT ( ) );
#950 =( NAMED_UNIT ( * ) PLANE_ANGLE_UNIT ( ) SI_UNIT ( $, .RADIAN. ) );
#951 = VECTOR ( 'NONE', #3578, 1000.000000000000000 ) ;
#952 = ORIENTED_EDGE ( 'NONE', *, *, #2362, .T. ) ;
#953 = FACE_OUTER_BOUND ( 'NONE', #384, .T. ) ;
#954 = FILL_AREA_STYLE_COLOUR ( '', #5220 ) ;
#955 = AXIS2_PLACEMENT_3D ( 'NONE', #2276, #197, #1861 ) ;
#956 = FACE_OUTER_BOUND ( 'NONE', #5350, .T. ) ;
#957 = CIRCLE ( 'NONE', #795, 0.05000000000000003747 ) ;
#958 = ADVANCED_FACE ( 'NONE', ( #1858 ), #2709, .T. ) ;
#959 = PLANE ( 'NONE',  #603 ) ;
#960 =( NAMED_UNIT ( * ) PLANE_ANGLE_UNIT ( ) SI_UNIT ( $, .RADIAN. ) );
#961 =( NAMED_UNIT ( * ) SI_UNIT ( $, .STERADIAN. ) SOLID_ANGLE_UNIT ( ) );
#962 = VECTOR ( 'NONE', #3066, 1000.000000000000000 ) ;
#963 = PLANE ( 'NONE',  #3022 ) ;
#964 = STYLED_ITEM ( 'NONE', ( #4293 ), #4636 ) ;
#965 = ORIENTED_EDGE ( 'NONE', *, *, #4394, .F. ) ;
#966 = FILL_AREA_STYLE ('',( #4670 ) ) ;
#967 = SURFACE_STYLE_USAGE ( .BOTH. , #2201 ) ;
#968 = COLOUR_RGB ( '',0.2235294117647058654, 0.2235294117647058654, 0.2235294117647058654 ) ;
#969 = CARTESIAN_POINT ( 'NONE',  ( -0.5374999999999999778, -0.6500000000000001332, 0.6999999999999912959 ) ) ;
#970 = VECTOR ( 'NONE', #1173, 1000.000000000000000 ) ;
#971 = DIRECTION ( 'NONE',  ( -1.000000000000000000, 0.000000000000000000, 0.000000000000000000 ) ) ;
#972 = EDGE_CURVE ( 'NONE', #1121, #3715, #3632, .T. ) ;
#973 = ORIENTED_EDGE ( 'NONE', *, *, #487, .T. ) ;
#974 = COLOUR_RGB ( '',0.8509803921568627194, 0.8509803921568627194, 0.8509803921568627194 ) ;
#975 = DIRECTION ( 'NONE',  ( 0.000000000000000000, 1.204669080539450576E-16, -1.000000000000000000 ) ) ;
#976 = UNCERTAINTY_MEASURE_WITH_UNIT (LENGTH_MEASURE( 1.000000000000000082E-05 ), #1916, 'distance_accuracy_value', 'NONE');
#977 = DIRECTION ( 'NONE',  ( -1.000000000000000000, -0.000000000000000000, -0.000000000000000000 ) ) ;
#978 =( NAMED_UNIT ( * ) PLANE_ANGLE_UNIT ( ) SI_UNIT ( $, .RADIAN. ) );
#979 = APPLICATION_PROTOCOL_DEFINITION ( 'draft international standard', 'automotive_design', 1998, #1725 ) ;
#980 = CARTESIAN_POINT ( 'NONE',  ( 0.7624999999999999556, -0.8250000000000003997, -9.486769009248163798E-17 ) ) ;
#981 = ORIENTED_EDGE ( 'NONE', *, *, #3352, .T. ) ;
#982 =( NAMED_UNIT ( * ) PLANE_ANGLE_UNIT ( ) SI_UNIT ( $, .RADIAN. ) );
#983 = CARTESIAN_POINT ( 'NONE',  ( 0.8929413768309818478, 0.5179413768309818478, 0.1500000000000000222 ) ) ;
#984 = ORIENTED_EDGE ( 'NONE', *, *, #1503, .F. ) ;
#985 =( LENGTH_UNIT ( ) NAMED_UNIT ( * ) SI_UNIT ( .MILLI., .METRE. ) );
#986 = ORIENTED_EDGE ( 'NONE', *, *, #4136, .T. ) ;
#987 = EDGE_CURVE ( 'NONE', #3013, #3298, #1544, .T. ) ;
#988 = ORIENTED_EDGE ( 'NONE', *, *, #354, .T. ) ;
#989 = PLANE ( 'NONE',  #4184 ) ;
#990 = CARTESIAN_POINT ( 'NONE',  ( -0.5374999999999999778, -0.6500000000000001332, 0.6999999999999912959 ) ) ;
#991 = CIRCLE ( 'NONE', #834, 0.02500000000000028241 ) ;
#992 = DIRECTION ( 'NONE',  ( -1.000000000000000000, -0.000000000000000000, -0.000000000000000000 ) ) ;
#993 = CARTESIAN_POINT ( 'NONE',  ( 0.1125000000000000028, -0.8250000000000003997, 0.1499999999999999112 ) ) ;
#994 = VECTOR ( 'NONE', #204, 1000.000000000000000 ) ;
#995 = CARTESIAN_POINT ( 'NONE',  ( 0.7624999999999999556, 1.050000000000000044, -1.219727444046192488E-16 ) ) ;
#996 =( LENGTH_UNIT ( ) NAMED_UNIT ( * ) SI_UNIT ( .MILLI., .METRE. ) );
#997 = CIRCLE ( 'NONE', #2998, 0.05000000000000003747 ) ;
#998 = SURFACE_STYLE_USAGE ( .BOTH. , #1361 ) ;
#999 = LINE ( 'NONE', #1741, #5394 ) ;
#1000 = DIRECTION ( 'NONE',  ( -1.000000000000000000, 0.000000000000000000, 0.000000000000000000 ) ) ;
#1001 = CARTESIAN_POINT ( 'NONE',  ( 0.7624999999999999556, 0.8250000000000003997, 0.1499999999999999112 ) ) ;
#1002 = CARTESIAN_POINT ( 'NONE',  ( -0.5374999999999999778, 0.6500000000000001332, 0.1750000000000001554 ) ) ;
#1003 = EDGE_CURVE ( 'NONE', #5411, #1165, #2320, .T. ) ;
#1004 =( LENGTH_UNIT ( ) NAMED_UNIT ( * ) SI_UNIT ( .MILLI., .METRE. ) );
#1005 = DIRECTION ( 'NONE',  ( 0.000000000000000000, -5.355436828253419639E-16, 1.000000000000000000 ) ) ;
#1006 =( NAMED_UNIT ( * ) PLANE_ANGLE_UNIT ( ) SI_UNIT ( $, .RADIAN. ) );
#1007 = STYLED_ITEM ( 'NONE', ( #4818 ), #3561 ) ;
#1008 = COLOUR_RGB ( '',0.8509803921568627194, 0.8509803921568627194, 0.8509803921568627194 ) ;
#1009 = VERTEX_POINT ( 'NONE', #4307 ) ;
#1010 = SURFACE_STYLE_USAGE ( .BOTH. , #3816 ) ;
#1011 = UNCERTAINTY_MEASURE_WITH_UNIT (LENGTH_MEASURE( 1.000000000000000082E-05 ), #2624, 'distance_accuracy_value', 'NONE');
#1012 = COLOUR_RGB ( '',0.8509803921568627194, 0.8509803921568627194, 0.8509803921568627194 ) ;
#1013 =( LENGTH_UNIT ( ) NAMED_UNIT ( * ) SI_UNIT ( .MILLI., .METRE. ) );
#1014 = VERTEX_POINT ( 'NONE', #2235 ) ;
#1015 = CARTESIAN_POINT ( 'NONE',  ( 0.1125000000000000028, 0.4225511228578718859, 0.7249999999999915401 ) ) ;
#1016 = COLOUR_RGB ( '',0.2235294117647058654, 0.2235294117647058654, 0.2235294117647058654 ) ;
#1017 = DIRECTION ( 'NONE',  ( -1.000000000000000000, -0.000000000000000000, -0.000000000000000000 ) ) ;
#1018 = PRESENTATION_STYLE_ASSIGNMENT (( #4295 ) ) ;
#1019 = DIRECTION ( 'NONE',  ( 0.000000000000000000, -1.000000000000000000, 5.355436828253419639E-16 ) ) ;
#1020 = AXIS2_PLACEMENT_3D ( 'NONE', #5265, #1412, #3071 ) ;
#1021 = VECTOR ( 'NONE', #5136, 1000.000000000000227 ) ;
#1022 = DIRECTION ( 'NONE',  ( -1.000000000000000000, -0.000000000000000000, -0.000000000000000000 ) ) ;
#1023 = ADVANCED_FACE ( 'NONE', ( #3959 ), #2975, .F. ) ;
#1024 = EDGE_CURVE ( 'NONE', #819, #4489, #4650, .T. ) ;
#1025 = LINE ( 'NONE', #2210, #2580 ) ;
#1026 = VECTOR ( 'NONE', #1177, 1000.000000000000000 ) ;
#1027 = LINE ( 'NONE', #2617, #489 ) ;
#1028 = CARTESIAN_POINT ( 'NONE',  ( -0.7624999999999999556, 0.6500000000000001332, 0.1750000000000001554 ) ) ;
#1029 = STYLED_ITEM ( 'NONE', ( #4454 ), #3272 ) ;
#1030 = DIRECTION ( 'NONE',  ( -1.000000000000000000, -0.000000000000000000, -0.000000000000000000 ) ) ;
#1031 = ORIENTED_EDGE ( 'NONE', *, *, #1823, .F. ) ;
#1032 = FILL_AREA_STYLE ('',( #3075 ) ) ;
#1033 =( LENGTH_UNIT ( ) NAMED_UNIT ( * ) SI_UNIT ( .MILLI., .METRE. ) );
#1034 = UNCERTAINTY_MEASURE_WITH_UNIT (LENGTH_MEASURE( 1.000000000000000082E-05 ), #573, 'distance_accuracy_value', 'NONE');
#1035 = VECTOR ( 'NONE', #318, 1000.000000000000000 ) ;
#1036 = DIRECTION ( 'NONE',  ( 0.1378445374916250910, 0.1378445374916251465, 0.9808148484639900300 ) ) ;
#1037 = DIRECTION ( 'NONE',  ( 0.000000000000000000, 0.000000000000000000, -1.000000000000000000 ) ) ;
#1038 = AXIS2_PLACEMENT_3D ( 'NONE', #528, #2179, #3849 ) ;
#1039 = AXIS2_PLACEMENT_3D ( 'NONE', #3463, #3782, #5128 ) ;
#1040 = ORIENTED_EDGE ( 'NONE', *, *, #1672, .F. ) ;
#1041 = EDGE_CURVE ( 'NONE', #5427, #2843, #2948, .T. ) ;
#1042 = CARTESIAN_POINT ( 'NONE',  ( -0.8929413768309814037, 0.5677511117355691361, 0.1456422128626172485 ) ) ;
#1043 = COLOUR_RGB ( '',0.8509803921568627194, 0.8509803921568627194, 0.8509803921568627194 ) ;
#1044 = ORIENTED_EDGE ( 'NONE', *, *, #404, .F. ) ;
#1045 = CARTESIAN_POINT ( 'NONE',  ( 0.5374999999999999778, -0.6249999999999998890, 0.6999999999999912959 ) ) ;
#1046 = DIRECTION ( 'NONE',  ( 0.000000000000000000, 1.000000000000000000, 1.204669080539450576E-16 ) ) ;
#1047 =( GEOMETRIC_REPRESENTATION_CONTEXT ( 3 ) GLOBAL_UNCERTAINTY_ASSIGNED_CONTEXT ( ( #3488 ) ) GLOBAL_UNIT_ASSIGNED_CONTEXT ( ( #1141, #3990, #5295 ) ) REPRESENTATION_CONTEXT ( 'NONE', 'WORKASPACE' ) );
#1048 = CARTESIAN_POINT ( 'NONE',  ( 0.1125000000000000028, 0.6500000000000001332, 0.6999999999999912959 ) ) ;
#1049 = DIRECTION ( 'NONE',  ( 0.000000000000000000, 0.1391731009600618851, -0.9902680687415708061 ) ) ;
#1050 = DIRECTION ( 'NONE',  ( 0.000000000000000000, 0.1391731009600618851, 0.9902680687415708061 ) ) ;
#1051 = ORIENTED_EDGE ( 'NONE', *, *, #809, .T. ) ;
#1052 = UNCERTAINTY_MEASURE_WITH_UNIT (LENGTH_MEASURE( 1.000000000000000082E-05 ), #1054, 'distance_accuracy_value', 'NONE');
#1053 = VECTOR ( 'NONE', #907, 1000.000000000000000 ) ;
#1054 =( LENGTH_UNIT ( ) NAMED_UNIT ( * ) SI_UNIT ( .MILLI., .METRE. ) );
#1055 = FACE_OUTER_BOUND ( 'NONE', #3227, .T. ) ;
#1056 = CIRCLE ( 'NONE', #1487, 0.1750000000000002387 ) ;
#1057 = CARTESIAN_POINT ( 'NONE',  ( 0.9504865965629214486, -0.6249999999999998890, 0.7999999999999914957 ) ) ;
#1058 = AXIS2_PLACEMENT_3D ( 'NONE', #1459, #4438, #3932 ) ;
#1059 = EDGE_CURVE ( 'NONE', #730, #2081, #5315, .T. ) ;
#1060 = CARTESIAN_POINT ( 'NONE',  ( -0.1125000000000000028, -0.4225511228578717748, 0.8749999999999914513 ) ) ;
#1061 = VERTEX_POINT ( 'NONE', #626 ) ;
#1062 = CARTESIAN_POINT ( 'NONE',  ( -0.9999999999999993339, -0.6184383502355526030, 0.7249999999999916511 ) ) ;
#1063 =( BOUNDED_CURVE ( )  B_SPLINE_CURVE ( 3, ( #1265, #373, #2030, #422 ),
 .UNSPECIFIED., .F., .F. ) 
 B_SPLINE_CURVE_WITH_KNOTS ( ( 4, 4 ),
 ( 2.365888331013462853, 3.917296976166116718 ),
 .UNSPECIFIED. ) 
 CURVE ( )  GEOMETRIC_REPRESENTATION_ITEM ( )  RATIONAL_B_SPLINE_CURVE ( ( 1.000000000000000000, 0.8092853540441825588, 0.8092853540441825588, 1.000000000000000000 ) ) 
 REPRESENTATION_ITEM ( '' )  );
#1064 = CARTESIAN_POINT ( 'NONE',  ( 0.5374999999999999778, -0.4225511228578717748, 0.8749999999999914513 ) ) ;
#1065 = SURFACE_STYLE_USAGE ( .BOTH. , #3112 ) ;
#1066 = CARTESIAN_POINT ( 'NONE',  ( 0.5374999999999999778, -0.6249999999999998890, 0.8749999999999915623 ) ) ;
#1067 = SURFACE_SIDE_STYLE ('',( #714 ) ) ;
#1068 = LINE ( 'NONE', #1550, #4858 ) ;
#1069 = ORIENTED_EDGE ( 'NONE', *, *, #1434, .T. ) ;
#1070 = CARTESIAN_POINT ( 'NONE',  ( -0.1125000000000000028, -0.8250000000000003997, -9.486769009248163798E-17 ) ) ;
#1071 = SURFACE_SIDE_STYLE ('',( #624 ) ) ;
#1072 = ORIENTED_EDGE ( 'NONE', *, *, #4915, .T. ) ;
#1073 = EDGE_CURVE ( 'NONE', #911, #4835, #3120, .T. ) ;
#1074 =( LENGTH_UNIT ( ) NAMED_UNIT ( * ) SI_UNIT ( .MILLI., .METRE. ) );
#1075 = DIRECTION ( 'NONE',  ( -1.000000000000000000, -0.000000000000000000, -0.000000000000000000 ) ) ;
#1076 = UNCERTAINTY_MEASURE_WITH_UNIT (LENGTH_MEASURE( 1.000000000000000082E-05 ), #4392, 'distance_accuracy_value', 'NONE');
#1077 =( NAMED_UNIT ( * ) PLANE_ANGLE_UNIT ( ) SI_UNIT ( $, .RADIAN. ) );
#1078 = ADVANCED_FACE ( 'NONE', ( #3644 ), #4072, .T. ) ;
#1079 = SURFACE_STYLE_FILL_AREA ( #4465 ) ;
#1080 = VERTEX_POINT ( 'NONE', #4770 ) ;
#1081 = DIRECTION ( 'NONE',  ( -0.08682659386424435022, -0.08682659386424433634, -0.9924325091389677445 ) ) ;
#1082 = VERTEX_POINT ( 'NONE', #2812 ) ;
#1083 =( NAMED_UNIT ( * ) SI_UNIT ( $, .STERADIAN. ) SOLID_ANGLE_UNIT ( ) );
#1084 = SURFACE_STYLE_USAGE ( .BOTH. , #2377 ) ;
#1085 = PLANE ( 'NONE',  #2789 ) ;
#1086 = DIRECTION ( 'NONE',  ( -0.000000000000000000, -0.08715574274765489071, 0.9961946980917458783 ) ) ;
#1087 = LINE ( 'NONE', #3575, #2968 ) ;
#1088 = STYLED_ITEM ( 'NONE', ( #1411 ), #3847 ) ;
#1089 = SURFACE_STYLE_FILL_AREA ( #4029 ) ;
#1090 = MECHANICAL_DESIGN_GEOMETRIC_PRESENTATION_REPRESENTATION (  '', ( #1351 ), #4132 ) ;
#1091 = DIRECTION ( 'NONE',  ( 0.000000000000000000, -1.000000000000000000, -1.204669080539450823E-16 ) ) ;
#1092 = DIRECTION ( 'NONE',  ( -1.000000000000000000, -0.000000000000000000, -0.000000000000000000 ) ) ;
#1093 = ORIENTED_EDGE ( 'NONE', *, *, #3069, .F. ) ;
#1094 = LINE ( 'NONE', #1152, #2698 ) ;
#1095 = CARTESIAN_POINT ( 'NONE',  ( -0.5374999999999999778, -0.8250000000000003997, -9.486769009248163798E-17 ) ) ;
#1096 = PRESENTATION_LAYER_ASSIGNMENT (  '', '', ( #298 ) ) ;
#1097 = EDGE_CURVE ( 'NONE', #374, #4218, #2786, .T. ) ;
#1098 = VERTEX_POINT ( 'NONE', #5223 ) ;
#1099 = CARTESIAN_POINT ( 'NONE',  ( 0.000000000000000000, -0.5828377495892823612, 1.100000000000000089 ) ) ;
#1100 = CARTESIAN_POINT ( 'NONE',  ( 1.000000000000000000, -0.6249999999999998890, 0.7999999999999914957 ) ) ;
#1101 =( LENGTH_UNIT ( ) NAMED_UNIT ( * ) SI_UNIT ( .MILLI., .METRE. ) );
#1102 = ADVANCED_FACE ( 'NONE', ( #4006 ), #1158, .T. ) ;
#1103 = SURFACE_STYLE_USAGE ( .BOTH. , #2701 ) ;
#1104 = ORIENTED_EDGE ( 'NONE', *, *, #2418, .F. ) ;
#1105 = LINE ( 'NONE', #5164, #1524 ) ;
#1106 = UNCERTAINTY_MEASURE_WITH_UNIT (LENGTH_MEASURE( 1.000000000000000082E-05 ), #3713, 'distance_accuracy_value', 'NONE');
#1107 = EDGE_CURVE ( 'NONE', #737, #4911, #1219, .T. ) ;
#1108 = COLOUR_RGB ( '',0.8509803921568627194, 0.8509803921568627194, 0.8509803921568627194 ) ;
#1109 = DIRECTION ( 'NONE',  ( 4.379428991841797371E-15, -1.000000000000000000, 0.000000000000000000 ) ) ;
#1110 =( NAMED_UNIT ( * ) PLANE_ANGLE_UNIT ( ) SI_UNIT ( $, .RADIAN. ) );
#1111 = SURFACE_STYLE_USAGE ( .BOTH. , #1510 ) ;
#1112 =( NAMED_UNIT ( * ) PLANE_ANGLE_UNIT ( ) SI_UNIT ( $, .RADIAN. ) );
#1113 = AXIS2_PLACEMENT_3D ( 'NONE', #1505, #3178, #162 ) ;
#1114 = CARTESIAN_POINT ( 'NONE',  ( 0.7624999999999999556, -0.6249999999999998890, 0.6999999999999912959 ) ) ;
#1115 = CARTESIAN_POINT ( 'NONE',  ( -0.7624999999999999556, 0.4225511228578717748, 0.8749999999999914513 ) ) ;
#1116 =( LENGTH_UNIT ( ) NAMED_UNIT ( * ) SI_UNIT ( .MILLI., .METRE. ) );
#1117 = MECHANICAL_DESIGN_GEOMETRIC_PRESENTATION_REPRESENTATION (  '', ( #4755 ), #132 ) ;
#1118 = SURFACE_SIDE_STYLE ('',( #1089 ) ) ;
#1119 = MECHANICAL_DESIGN_GEOMETRIC_PRESENTATION_REPRESENTATION (  '', ( #5119 ), #2765 ) ;
#1120 = FACE_OUTER_BOUND ( 'NONE', #4141, .T. ) ;
#1121 = VERTEX_POINT ( 'NONE', #3698 ) ;
#1122 =( NAMED_UNIT ( * ) PLANE_ANGLE_UNIT ( ) SI_UNIT ( $, .RADIAN. ) );
#1123 = VECTOR ( 'NONE', #5130, 1000.000000000000000 ) ;
#1124 = CARTESIAN_POINT ( 'NONE',  ( 0.9477039915470756304, -0.5231905881099969680, 1.172105435147488439 ) ) ;
#1125 = ORIENTED_EDGE ( 'NONE', *, *, #753, .F. ) ;
#1126 = SURFACE_STYLE_FILL_AREA ( #3285 ) ;
#1127 = COLOUR_RGB ( '',0.8509803921568627194, 0.8509803921568627194, 0.8509803921568627194 ) ;
#1128 = ORIENTED_EDGE ( 'NONE', *, *, #3975, .T. ) ;
#1129 = CYLINDRICAL_SURFACE ( 'NONE', #10, 0.02500000000000025466 ) ;
#1130 = SURFACE_STYLE_FILL_AREA ( #4099 ) ;
#1131 = ADVANCED_FACE ( 'NONE', ( #2916 ), #5389, .F. ) ;
#1132 = VECTOR ( 'NONE', #5149, 1000.000000000000000 ) ;
#1133 = VECTOR ( 'NONE', #1017, 1000.000000000000000 ) ;
#1134 =( GEOMETRIC_REPRESENTATION_CONTEXT ( 3 ) GLOBAL_UNCERTAINTY_ASSIGNED_CONTEXT ( ( #3053 ) ) GLOBAL_UNIT_ASSIGNED_CONTEXT ( ( #3987, #698, #2822 ) ) REPRESENTATION_CONTEXT ( 'NONE', 'WORKASPACE' ) );
#1135 = ORIENTED_EDGE ( 'NONE', *, *, #3499, .F. ) ;
#1136 = DIRECTION ( 'NONE',  ( 0.000000000000000000, -1.000000000000000000, 5.355436828253419639E-16 ) ) ;
#1137 = VERTEX_POINT ( 'NONE', #812 ) ;
#1138 = DIRECTION ( 'NONE',  ( 1.000000000000000000, 0.000000000000000000, 0.000000000000000000 ) ) ;
#1139 = MECHANICAL_DESIGN_GEOMETRIC_PRESENTATION_REPRESENTATION (  '', ( #3484 ), #4878 ) ;
#1140 = SURFACE_STYLE_USAGE ( .BOTH. , #4491 ) ;
#1141 =( LENGTH_UNIT ( ) NAMED_UNIT ( * ) SI_UNIT ( .MILLI., .METRE. ) );
#1142 = ADVANCED_FACE ( 'NONE', ( #5415 ), #1, .F. ) ;
#1143 =( GEOMETRIC_REPRESENTATION_CONTEXT ( 3 ) GLOBAL_UNCERTAINTY_ASSIGNED_CONTEXT ( ( #4347 ) ) GLOBAL_UNIT_ASSIGNED_CONTEXT ( ( #388, #5042, #1698 ) ) REPRESENTATION_CONTEXT ( 'NONE', 'WORKASPACE' ) );
#1144 = ORIENTED_EDGE ( 'NONE', *, *, #1374, .T. ) ;
#1145 = ORIENTED_EDGE ( 'NONE', *, *, #4721, .F. ) ;
#1146 = CARTESIAN_POINT ( 'NONE',  ( 0.1125000000000000028, 0.8250000000000003997, 0.1750000000000001554 ) ) ;
#1147 = STYLED_ITEM ( 'NONE', ( #5120 ), #5210 ) ;
#1148 = FACE_OUTER_BOUND ( 'NONE', #4033, .T. ) ;
#1149 = ADVANCED_FACE ( 'NONE', ( #3287 ), #323, .F. ) ;
#1150 = LINE ( 'NONE', #3305, #3385 ) ;
#1151 = ORIENTED_EDGE ( 'NONE', *, *, #396, .F. ) ;
#1152 = CARTESIAN_POINT ( 'NONE',  ( -0.1124999999999999750, 0.6250000000000001110, 0.8000000000000283551 ) ) ;
#1153 = SURFACE_SIDE_STYLE ('',( #289 ) ) ;
#1154 = ORIENTED_EDGE ( 'NONE', *, *, #2999, .F. ) ;
#1155 = LINE ( 'NONE', #4921, #2860 ) ;
#1156 = MECHANICAL_DESIGN_GEOMETRIC_PRESENTATION_REPRESENTATION (  '', ( #1674 ), #2007 ) ;
#1157 = EDGE_LOOP ( 'NONE', ( #3238, #894, #3748, #3471 ) ) ;
#1158 = SPHERICAL_SURFACE ( 'NONE', #1726, 0.05000000000000000278 ) ;
#1159 = CARTESIAN_POINT ( 'NONE',  ( -0.1125000000000000028, -1.050000000000000044, -1.219727444046192488E-16 ) ) ;
#1160 = SURFACE_STYLE_FILL_AREA ( #4416 ) ;
#1161 = LINE ( 'NONE', #4504, #4891 ) ;
#1162 = EDGE_CURVE ( 'NONE', #4322, #4271, #51, .T. ) ;
#1163 = DIRECTION ( 'NONE',  ( 1.000000000000000000, 0.000000000000000000, 0.000000000000000000 ) ) ;
#1164 = LINE ( 'NONE', #411, #5294 ) ;
#1165 = VERTEX_POINT ( 'NONE', #2163 ) ;
#1166 = DIRECTION ( 'NONE',  ( -1.000000000000000000, -2.168404344971007685E-15, 0.000000000000000000 ) ) ;
#1167 = DIRECTION ( 'NONE',  ( 1.000000000000000000, 4.336808689942015369E-15, 0.000000000000000000 ) ) ;
#1168 = DIRECTION ( 'NONE',  ( -1.000000000000000000, -0.000000000000000000, -0.000000000000000000 ) ) ;
#1169 =( NAMED_UNIT ( * ) SI_UNIT ( $, .STERADIAN. ) SOLID_ANGLE_UNIT ( ) );
#1170 = EDGE_CURVE ( 'NONE', #4271, #918, #3886, .T. ) ;
#1171 = VERTEX_POINT ( 'NONE', #4236 ) ;
#1172 = VERTEX_POINT ( 'NONE', #145 ) ;
#1173 = DIRECTION ( 'NONE',  ( 0.000000000000000000, 1.000000000000000000, 5.355436828253419639E-16 ) ) ;
#1174 = SURFACE_STYLE_FILL_AREA ( #283 ) ;
#1175 =( LENGTH_UNIT ( ) NAMED_UNIT ( * ) SI_UNIT ( .MILLI., .METRE. ) );
#1176 = CARTESIAN_POINT ( 'NONE',  ( -0.7624999999999999556, -0.8250000000000003997, -9.486769009248163798E-17 ) ) ;
#1177 = DIRECTION ( 'NONE',  ( -1.000000000000000000, -0.000000000000000000, -0.000000000000000000 ) ) ;
#1178 =( NAMED_UNIT ( * ) PLANE_ANGLE_UNIT ( ) SI_UNIT ( $, .RADIAN. ) );
#1179 = SURFACE_STYLE_USAGE ( .BOTH. , #5000 ) ;
#1180 = ORIENTED_EDGE ( 'NONE', *, *, #3456, .T. ) ;
#1181 = AXIS2_PLACEMENT_3D ( 'NONE', #8, #2112, #1350 ) ;
#1182 = CARTESIAN_POINT ( 'NONE',  ( 0.1125000000000000028, 0.6249999999999998890, 0.6999999999999912959 ) ) ;
#1183 = EDGE_CURVE ( 'NONE', #4669, #4885, #564, .T. ) ;
#1184 = LINE ( 'NONE', #2363, #2586 ) ;
#1185 = ORIENTED_EDGE ( 'NONE', *, *, #3489, .F. ) ;
#1186 = VECTOR ( 'NONE', #4742, 1000.000000000000000 ) ;
#1187 = SURFACE_SIDE_STYLE ('',( #3260 ) ) ;
#1188 = CARTESIAN_POINT ( 'NONE',  ( 0.1124999999999999750, -0.6249999999999966693, 0.7999999999999914957 ) ) ;
#1189 = ORIENTED_EDGE ( 'NONE', *, *, #435, .F. ) ;
#1190 = LINE ( 'NONE', #3293, #2744 ) ;
#1191 = ORIENTED_EDGE ( 'NONE', *, *, #4832, .T. ) ;
#1192 = CARTESIAN_POINT ( 'NONE',  ( 0.1125000000000000028, 1.050000000000000044, 0.1499999999999998834 ) ) ;
#1193 =( GEOMETRIC_REPRESENTATION_CONTEXT ( 3 ) GLOBAL_UNCERTAINTY_ASSIGNED_CONTEXT ( ( #610 ) ) GLOBAL_UNIT_ASSIGNED_CONTEXT ( ( #901, #3854, #2126 ) ) REPRESENTATION_CONTEXT ( 'NONE', 'WORKASPACE' ) );
#1194 = DIRECTION ( 'NONE',  ( -0.1378445374916251187, 0.1378445374916251187, -0.9808148484639902520 ) ) ;
#1195 = ORIENTED_EDGE ( 'NONE', *, *, #4447, .T. ) ;
#1196 = ORIENTED_EDGE ( 'NONE', *, *, #2771, .F. ) ;
#1197 = ORIENTED_EDGE ( 'NONE', *, *, #2046, .F. ) ;
#1198 = COLOUR_RGB ( '',0.8509803921568627194, 0.8509803921568627194, 0.8509803921568627194 ) ;
#1199 = UNCERTAINTY_MEASURE_WITH_UNIT (LENGTH_MEASURE( 1.000000000000000082E-05 ), #1520, 'distance_accuracy_value', 'NONE');
#1200 = EDGE_CURVE ( 'NONE', #3119, #2161, #1746, .T. ) ;
#1201 = DIRECTION ( 'NONE',  ( -0.08682659386424432246, 0.08682659386424432246, -0.9924325091389677445 ) ) ;
#1202 =( GEOMETRIC_REPRESENTATION_CONTEXT ( 3 ) GLOBAL_UNCERTAINTY_ASSIGNED_CONTEXT ( ( #419 ) ) GLOBAL_UNIT_ASSIGNED_CONTEXT ( ( #5357, #5335, #4524 ) ) REPRESENTATION_CONTEXT ( 'NONE', 'WORKASPACE' ) );
#1203 =( NAMED_UNIT ( * ) PLANE_ANGLE_UNIT ( ) SI_UNIT ( $, .RADIAN. ) );
#1204 = SURFACE_STYLE_USAGE ( .BOTH. , #4945 ) ;
#1205 = LINE ( 'NONE', #4947, #2610 ) ;
#1206 = FACE_OUTER_BOUND ( 'NONE', #1765, .T. ) ;
#1207 = ORIENTED_EDGE ( 'NONE', *, *, #5034, .F. ) ;
#1208 =( GEOMETRIC_REPRESENTATION_CONTEXT ( 3 ) GLOBAL_UNCERTAINTY_ASSIGNED_CONTEXT ( ( #5116 ) ) GLOBAL_UNIT_ASSIGNED_CONTEXT ( ( #471, #922, #2707 ) ) REPRESENTATION_CONTEXT ( 'NONE', 'WORKASPACE' ) );
#1209 =( GEOMETRIC_REPRESENTATION_CONTEXT ( 3 ) GLOBAL_UNCERTAINTY_ASSIGNED_CONTEXT ( ( #920 ) ) GLOBAL_UNIT_ASSIGNED_CONTEXT ( ( #1101, #751, #2752 ) ) REPRESENTATION_CONTEXT ( 'NONE', 'WORKASPACE' ) );
#1210 = SURFACE_SIDE_STYLE ('',( #1126 ) ) ;
#1211 = ORIENTED_EDGE ( 'NONE', *, *, #3468, .F. ) ;
#1212 = FILL_AREA_STYLE ('',( #4952 ) ) ;
#1213 = AXIS2_PLACEMENT_3D ( 'NONE', #1635, #3709, #4137 ) ;
#1214 = AXIS2_PLACEMENT_3D ( 'NONE', #1114, #4024, #1943 ) ;
#1215 = EDGE_CURVE ( 'NONE', #3942, #3982, #3838, .T. ) ;
#1216 = AXIS2_PLACEMENT_3D ( 'NONE', #328, #359, #4505 ) ;
#1217 = PLANE ( 'NONE',  #4253 ) ;
#1218 = CIRCLE ( 'NONE', #4082, 0.1750000000000002387 ) ;
#1219 = CIRCLE ( 'NONE', #2858, 0.02500000000000025466 ) ;
#1220 = PRESENTATION_LAYER_ASSIGNMENT (  '', '', ( #1385 ) ) ;
#1221 = UNCERTAINTY_MEASURE_WITH_UNIT (LENGTH_MEASURE( 1.000000000000000082E-05 ), #2466, 'distance_accuracy_value', 'NONE');
#1222 = AXIS2_PLACEMENT_3D ( 'NONE', #3731, #3797, #42 ) ;
#1223 = DIRECTION ( 'NONE',  ( 0.000000000000000000, -1.000000000000000000, 0.000000000000000000 ) ) ;
#1224 = VERTEX_POINT ( 'NONE', #1793 ) ;
#1225 = CARTESIAN_POINT ( 'NONE',  ( -0.1125000000000000028, -0.8000000000000001554, 0.1750000000000001554 ) ) ;
#1226 = ORIENTED_EDGE ( 'NONE', *, *, #3536, .T. ) ;
#1227 = DIRECTION ( 'NONE',  ( 0.000000000000000000, -1.000000000000000000, 5.355436828253419639E-16 ) ) ;
#1228 = FILL_AREA_STYLE_COLOUR ( '', #1043 ) ;
#1229 = CIRCLE ( 'NONE', #2867, 0.05000000000000002359 ) ;
#1230 = CARTESIAN_POINT ( 'NONE',  ( -0.5374999999999999778, 0.6249999999999968914, 0.7999999999999914957 ) ) ;
#1231 = FACE_OUTER_BOUND ( 'NONE', #190, .T. ) ;
#1232 = ORIENTED_EDGE ( 'NONE', *, *, #940, .T. ) ;
#1233 = VECTOR ( 'NONE', #2920, 1000.000000000000000 ) ;
#1234 = ORIENTED_EDGE ( 'NONE', *, *, #5129, .T. ) ;
#1235 = VECTOR ( 'NONE', #4716, 1000.000000000000000 ) ;
#1236 =( LENGTH_UNIT ( ) NAMED_UNIT ( * ) SI_UNIT ( .MILLI., .METRE. ) );
#1237 = SURFACE_SIDE_STYLE ('',( #1313 ) ) ;
#1238 = STYLED_ITEM ( 'NONE', ( #2768 ), #2527 ) ;
#1239 = EDGE_CURVE ( 'NONE', #1638, #1408, #3057, .T. ) ;
#1240 = DIRECTION ( 'NONE',  ( -3.469446951953614189E-16, 1.000000000000000000, -0.000000000000000000 ) ) ;
#1241 = MECHANICAL_DESIGN_GEOMETRIC_PRESENTATION_REPRESENTATION (  '', ( #964 ), #4455 ) ;
#1242 = ORIENTED_EDGE ( 'NONE', *, *, #687, .F. ) ;
#1243 = PRESENTATION_STYLE_ASSIGNMENT (( #4531 ) ) ;
#1244 = ORIENTED_EDGE ( 'NONE', *, *, #338, .F. ) ;
#1245 = DIRECTION ( 'NONE',  ( 0.000000000000000000, 0.000000000000000000, -1.000000000000000000 ) ) ;
#1246 = DIRECTION ( 'NONE',  ( 1.000000000000000000, -0.000000000000000000, -0.000000000000000000 ) ) ;
#1247 = VERTEX_POINT ( 'NONE', #5100 ) ;
#1248 = PRESENTATION_LAYER_ASSIGNMENT (  '', '', ( #4991 ) ) ;
#1249 = DIRECTION ( 'NONE',  ( -0.000000000000000000, 1.000000000000000000, 0.000000000000000000 ) ) ;
#1250 = AXIS2_PLACEMENT_3D ( 'NONE', #2182, #2152, #45 ) ;
#1251 =( NAMED_UNIT ( * ) PLANE_ANGLE_UNIT ( ) SI_UNIT ( $, .RADIAN. ) );
#1252 = EDGE_CURVE ( 'NONE', #802, #3050, #598, .T. ) ;
#1253 =( GEOMETRIC_REPRESENTATION_CONTEXT ( 3 ) GLOBAL_UNCERTAINTY_ASSIGNED_CONTEXT ( ( #2501 ) ) GLOBAL_UNIT_ASSIGNED_CONTEXT ( ( #3802, #169, #949 ) ) REPRESENTATION_CONTEXT ( 'NONE', 'WORKASPACE' ) );
#1254 = LINE ( 'NONE', #1300, #429 ) ;
#1255 = ORIENTED_EDGE ( 'NONE', *, *, #1003, .T. ) ;
#1256 = ADVANCED_FACE ( 'NONE', ( #1326 ), #3492, .T. ) ;
#1257 = CARTESIAN_POINT ( 'NONE',  ( -0.7624999999999999556, -0.6184383502355526030, 0.7249999999999916511 ) ) ;
#1258 = FILL_AREA_STYLE ('',( #4572 ) ) ;
#1259 = ORIENTED_EDGE ( 'NONE', *, *, #1701, .F. ) ;
#1260 = VERTEX_POINT ( 'NONE', #3811 ) ;
#1261 = DIRECTION ( 'NONE',  ( -1.000000000000000000, -0.000000000000000000, -0.000000000000000000 ) ) ;
#1262 = UNCERTAINTY_MEASURE_WITH_UNIT (LENGTH_MEASURE( 1.000000000000000082E-05 ), #3555, 'distance_accuracy_value', 'NONE');
#1263 = SURFACE_SIDE_STYLE ('',( #4996 ) ) ;
#1264 = DIRECTION ( 'NONE',  ( -1.000000000000000000, 1.734723475976807834E-16, 0.000000000000000000 ) ) ;
#1265 = CARTESIAN_POINT ( 'NONE',  ( 0.9504865965629217817, 0.6250000000000001110, 0.7999999999999914957 ) ) ;
#1266 = ORIENTED_EDGE ( 'NONE', *, *, #3998, .T. ) ;
#1267 = FILL_AREA_STYLE ('',( #3361 ) ) ;
#1268 = DIRECTION ( 'NONE',  ( 0.000000000000000000, 0.000000000000000000, -1.000000000000000000 ) ) ;
#1269 = VERTEX_POINT ( 'NONE', #3415 ) ;
#1270 = EDGE_CURVE ( 'NONE', #2077, #4322, #5078, .T. ) ;
#1271 =( NAMED_UNIT ( * ) SI_UNIT ( $, .STERADIAN. ) SOLID_ANGLE_UNIT ( ) );
#1272 = EDGE_LOOP ( 'NONE', ( #4704, #1636, #3167, #3326, #5172, #4355, #80, #1595, #1259, #5028, #2381, #300, #124 ) ) ;
#1273 = SURFACE_STYLE_FILL_AREA ( #1298 ) ;
#1274 = DIRECTION ( 'NONE',  ( -1.000000000000000000, 0.000000000000000000, -0.000000000000000000 ) ) ;
#1275 = CIRCLE ( 'NONE', #2108, 0.1750000000000002387 ) ;
#1276 = EDGE_CURVE ( 'NONE', #5139, #2511, #2331, .T. ) ;
#1277 = VECTOR ( 'NONE', #1879, 1000.000000000000000 ) ;
#1278 = LINE ( 'NONE', #2868, #1233 ) ;
#1279 = VERTEX_POINT ( 'NONE', #285 ) ;
#1280 =( LENGTH_UNIT ( ) NAMED_UNIT ( * ) SI_UNIT ( .MILLI., .METRE. ) );
#1281 = EDGE_CURVE ( 'NONE', #2177, #4740, #3039, .T. ) ;
#1282 =( NAMED_UNIT ( * ) PLANE_ANGLE_UNIT ( ) SI_UNIT ( $, .RADIAN. ) );
#1283 = VECTOR ( 'NONE', #1483, 1000.000000000000000 ) ;
#1284 = PRESENTATION_STYLE_ASSIGNMENT (( #3354 ) ) ;
#1285 = ADVANCED_FACE ( 'NONE', ( #1120 ), #4448, .T. ) ;
#1286 = ORIENTED_EDGE ( 'NONE', *, *, #5010, .T. ) ;
#1287 = MECHANICAL_DESIGN_GEOMETRIC_PRESENTATION_REPRESENTATION (  '', ( #119 ), #1193 ) ;
#1288 = VECTOR ( 'NONE', #2953, 999.9999999999998863 ) ;
#1289 =( GEOMETRIC_REPRESENTATION_CONTEXT ( 3 ) GLOBAL_UNCERTAINTY_ASSIGNED_CONTEXT ( ( #3401 ) ) GLOBAL_UNIT_ASSIGNED_CONTEXT ( ( #1760, #5088, #3752 ) ) REPRESENTATION_CONTEXT ( 'NONE', 'WORKASPACE' ) );
#1290 = DIRECTION ( 'NONE',  ( 0.000000000000000000, 1.000000000000000000, 0.000000000000000000 ) ) ;
#1291 = ORIENTED_EDGE ( 'NONE', *, *, #4376, .F. ) ;
#1292 = CARTESIAN_POINT ( 'NONE',  ( 0.9143734126984710553, -0.5393734126984708332, 1.050000000000000044 ) ) ;
#1293 = SURFACE_STYLE_USAGE ( .BOTH. , #1961 ) ;
#1294 = DIRECTION ( 'NONE',  ( 0.000000000000000000, 0.000000000000000000, 1.000000000000000000 ) ) ;
#1295 = ORIENTED_EDGE ( 'NONE', *, *, #5058, .F. ) ;
#1296 = DIRECTION ( 'NONE',  ( 0.000000000000000000, 0.000000000000000000, -1.000000000000000000 ) ) ;
#1297 = STYLED_ITEM ( 'NONE', ( #3062 ), #700 ) ;
#1298 = FILL_AREA_STYLE ('',( #2474 ) ) ;
#1299 = AXIS2_PLACEMENT_3D ( 'NONE', #1923, #2742, #5307 ) ;
#1300 = CARTESIAN_POINT ( 'NONE',  ( -0.5374999999999999778, 1.050000000000000044, 0.1499999999999998834 ) ) ;
#1301 = AXIS2_PLACEMENT_3D ( 'NONE', #5171, #2353, #1489 ) ;
#1302 = FILL_AREA_STYLE_COLOUR ( '', #3723 ) ;
#1303 = EDGE_CURVE ( 'NONE', #5290, #538, #4031, .T. ) ;
#1304 = ORIENTED_EDGE ( 'NONE', *, *, #5195, .T. ) ;
#1305 = CARTESIAN_POINT ( 'NONE',  ( 0.5374999999999999778, 1.050000000000000044, -1.219727444046192488E-16 ) ) ;
#1306 = COLOUR_RGB ( '',0.8509803921568627194, 0.8509803921568627194, 0.8509803921568627194 ) ;
#1307 = PRESENTATION_LAYER_ASSIGNMENT (  '', '', ( #4234 ) ) ;
#1308 =( GEOMETRIC_REPRESENTATION_CONTEXT ( 3 ) GLOBAL_UNCERTAINTY_ASSIGNED_CONTEXT ( ( #4282 ) ) GLOBAL_UNIT_ASSIGNED_CONTEXT ( ( #1660, #5018, #3770 ) ) REPRESENTATION_CONTEXT ( 'NONE', 'WORKASPACE' ) );
#1309 = CYLINDRICAL_SURFACE ( 'NONE', #4387, 0.05000000000000003053 ) ;
#1310 = DIRECTION ( 'NONE',  ( 0.000000000000000000, -1.000000000000000000, 0.000000000000000000 ) ) ;
#1311 = UNCERTAINTY_MEASURE_WITH_UNIT (LENGTH_MEASURE( 1.000000000000000082E-05 ), #3887, 'distance_accuracy_value', 'NONE');
#1312 = STYLED_ITEM ( 'NONE', ( #3936 ), #1285 ) ;
#1313 = SURFACE_STYLE_FILL_AREA ( #2026 ) ;
#1314 = EDGE_CURVE ( 'NONE', #382, #3587, #1470, .T. ) ;
#1315 = CYLINDRICAL_SURFACE ( 'NONE', #1020, 0.04999999999999991257 ) ;
#1316 = VECTOR ( 'NONE', #3369, 1000.000000000000000 ) ;
#1317 = PRESENTATION_LAYER_ASSIGNMENT (  '', '', ( #4529 ) ) ;
#1318 = EDGE_LOOP ( 'NONE', ( #281, #3346, #2172, #1145, #534, #4365, #2449, #1242 ) ) ;
#1319 = DIRECTION ( 'NONE',  ( 0.000000000000000000, 0.000000000000000000, -1.000000000000000000 ) ) ;
#1320 = ORIENTED_EDGE ( 'NONE', *, *, #5281, .T. ) ;
#1321 = PLANE ( 'NONE',  #4401 ) ;
#1322 = PRESENTATION_LAYER_ASSIGNMENT (  '', '', ( #514 ) ) ;
#1323 = CARTESIAN_POINT ( 'NONE',  ( 0.1125000000000000028, 1.050000000000000044, -1.219727444046192488E-16 ) ) ;
#1324 = EDGE_CURVE ( 'NONE', #4271, #3587, #1549, .T. ) ;
#1325 = VERTEX_POINT ( 'NONE', #3543 ) ;
#1326 = FACE_OUTER_BOUND ( 'NONE', #1360, .T. ) ;
#1327 = AXIS2_PLACEMENT_3D ( 'NONE', #4425, #4364, #1967 ) ;
#1328 =( GEOMETRIC_REPRESENTATION_CONTEXT ( 3 ) GLOBAL_UNCERTAINTY_ASSIGNED_CONTEXT ( ( #1011 ) ) GLOBAL_UNIT_ASSIGNED_CONTEXT ( ( #2624, #982, #5173 ) ) REPRESENTATION_CONTEXT ( 'NONE', 'WORKASPACE' ) );
#1329 = PRESENTATION_LAYER_ASSIGNMENT (  '', '', ( #1674 ) ) ;
#1330 = CARTESIAN_POINT ( 'NONE',  ( -0.5796202109455335094, -0.8147491644423104917, 1.100000000000000089 ) ) ;
#1331 = ORIENTED_EDGE ( 'NONE', *, *, #2584, .F. ) ;
#1332 = PRESENTATION_STYLE_ASSIGNMENT (( #1776 ) ) ;
#1333 = AXIS2_PLACEMENT_3D ( 'NONE', #1292, #4139, #2078 ) ;
#1334 = EDGE_CURVE ( 'NONE', #1513, #1279, #3113, .T. ) ;
#1335 = DIRECTION ( 'NONE',  ( 0.000000000000000000, 0.000000000000000000, -1.000000000000000000 ) ) ;
#1336 = EDGE_LOOP ( 'NONE', ( #5015, #4328, #4124, #2702, #2533, #4597, #2496, #3953, #658, #2628, #2834, #3316, #2245 ) ) ;
#1337 = DIRECTION ( 'NONE',  ( 0.000000000000000000, -0.08715574274765489071, -0.9961946980917458783 ) ) ;
#1338 = EDGE_CURVE ( 'NONE', #1402, #3942, #506, .T. ) ;
#1339 = FILL_AREA_STYLE_COLOUR ( '', #3136 ) ;
#1340 = DIRECTION ( 'NONE',  ( -0.000000000000000000, 0.000000000000000000, 1.000000000000000000 ) ) ;
#1341 = EDGE_LOOP ( 'NONE', ( #2808, #2420, #3418, #4984 ) ) ;
#1342 = PRESENTATION_STYLE_ASSIGNMENT (( #3073 ) ) ;
#1343 = SURFACE_STYLE_USAGE ( .BOTH. , #5075 ) ;
#1344 = DIRECTION ( 'NONE',  ( 0.08682659386424435022, 0.08682659386424432246, 0.9924325091389677445 ) ) ;
#1345 =( LENGTH_UNIT ( ) NAMED_UNIT ( * ) SI_UNIT ( .MILLI., .METRE. ) );
#1346 = EDGE_CURVE ( 'NONE', #4676, #4980, #4881, .T. ) ;
#1347 = PRESENTATION_LAYER_ASSIGNMENT (  '', '', ( #3269 ) ) ;
#1348 = PRESENTATION_STYLE_ASSIGNMENT (( #3324 ) ) ;
#1349 = ORIENTED_EDGE ( 'NONE', *, *, #2900, .T. ) ;
#1350 = DIRECTION ( 'NONE',  ( -1.000000000000000000, -3.469446951953615668E-16, 0.000000000000000000 ) ) ;
#1351 = STYLED_ITEM ( 'NONE', ( #466 ), #4130 ) ;
#1352 = DIRECTION ( 'NONE',  ( 1.734723475976807094E-16, 1.000000000000000000, 0.000000000000000000 ) ) ;
#1353 = ORIENTED_EDGE ( 'NONE', *, *, #5266, .F. ) ;
#1354 =( NAMED_UNIT ( * ) SI_UNIT ( $, .STERADIAN. ) SOLID_ANGLE_UNIT ( ) );
#1355 = UNCERTAINTY_MEASURE_WITH_UNIT (LENGTH_MEASURE( 1.000000000000000082E-05 ), #1517, 'distance_accuracy_value', 'NONE');
#1356 = FACE_OUTER_BOUND ( 'NONE', #3254, .T. ) ;
#1357 =( NAMED_UNIT ( * ) PLANE_ANGLE_UNIT ( ) SI_UNIT ( $, .RADIAN. ) );
#1358 = FACE_OUTER_BOUND ( 'NONE', #1318, .T. ) ;
#1359 = CARTESIAN_POINT ( 'NONE',  ( -0.9999999999999997780, 0.6184383502355528250, 0.7249999999999916511 ) ) ;
#1360 = EDGE_LOOP ( 'NONE', ( #2593, #2228, #5014, #842 ) ) ;
#1361 = SURFACE_SIDE_STYLE ('',( #473 ) ) ;
#1362 = EDGE_CURVE ( 'NONE', #439, #84, #5211, .T. ) ;
#1363 = PLANE ( 'NONE',  #570 ) ;
#1364 = VERTEX_POINT ( 'NONE', #1066 ) ;
#1365 = CARTESIAN_POINT ( 'NONE',  ( -0.7624999999999999556, -0.6249999999999998890, 0.7249999999999916511 ) ) ;
#1366 = AXIS2_PLACEMENT_3D ( 'NONE', #3372, #890, #463 ) ;
#1367 = UNCERTAINTY_MEASURE_WITH_UNIT (LENGTH_MEASURE( 1.000000000000000082E-05 ), #4672, 'distance_accuracy_value', 'NONE');
#1368 = LINE ( 'NONE', #1064, #2590 ) ;
#1369 = VECTOR ( 'NONE', #1493, 1000.000000000000000 ) ;
#1370 = FACE_OUTER_BOUND ( 'NONE', #1336, .T. ) ;
#1371 = SURFACE_SIDE_STYLE ('',( #1717 ) ) ;
#1372 = CARTESIAN_POINT ( 'NONE',  ( -0.5374999999999999778, 0.8000000000000001554, 0.6999999999999912959 ) ) ;
#1373 = DIRECTION ( 'NONE',  ( -1.000000000000000000, 0.000000000000000000, -0.000000000000000000 ) ) ;
#1374 = EDGE_CURVE ( 'NONE', #4980, #3355, #768, .T. ) ;
#1375 = COLOUR_RGB ( '',0.8509803921568627194, 0.8509803921568627194, 0.8509803921568627194 ) ;
#1376 = MECHANICAL_DESIGN_GEOMETRIC_PRESENTATION_REPRESENTATION (  '', ( #4305 ), #4410 ) ;
#1377 = EDGE_LOOP ( 'NONE', ( #1970, #2157, #5145, #2881, #1682, #50, #3294, #1957, #3422, #271, #1573, #3661, #1232, #832, #3826, #4092, #5257, #1599 ) ) ;
#1378 = AXIS2_PLACEMENT_3D ( 'NONE', #1885, #3103, #3876 ) ;
#1379 = VECTOR ( 'NONE', #557, 1000.000000000000000 ) ;
#1380 = FILL_AREA_STYLE_COLOUR ( '', #2676 ) ;
#1381 = ORIENTED_EDGE ( 'NONE', *, *, #1346, .F. ) ;
#1382 = SURFACE_STYLE_USAGE ( .BOTH. , #1733 ) ;
#1383 = PRESENTATION_LAYER_ASSIGNMENT (  '', '', ( #243 ) ) ;
#1384 = AXIS2_PLACEMENT_3D ( 'NONE', #2059, #1249, #432 ) ;
#1385 = STYLED_ITEM ( 'NONE', ( #3759 ), #3404 ) ;
#1386 = SURFACE_STYLE_FILL_AREA ( #4637 ) ;
#1387 = PRESENTATION_LAYER_ASSIGNMENT (  '', '', ( #4735 ) ) ;
#1388 = SURFACE_SIDE_STYLE ('',( #3049 ) ) ;
#1389 =( LENGTH_UNIT ( ) NAMED_UNIT ( * ) SI_UNIT ( .MILLI., .METRE. ) );
#1390 = ORIENTED_EDGE ( 'NONE', *, *, #2286, .T. ) ;
#1391 = DIRECTION ( 'NONE',  ( 0.000000000000000000, 0.000000000000000000, -1.000000000000000000 ) ) ;
#1392 = LINE ( 'NONE', #3054, #2139 ) ;
#1393 = ADVANCED_FACE ( 'NONE', ( #3182 ), #733, .T. ) ;
#1394 = VECTOR ( 'NONE', #2927, 1000.000000000000000 ) ;
#1395 = VERTEX_POINT ( 'NONE', #3243 ) ;
#1396 =( NAMED_UNIT ( * ) PLANE_ANGLE_UNIT ( ) SI_UNIT ( $, .RADIAN. ) );
#1397 = CARTESIAN_POINT ( 'NONE',  ( 0.7624999999999999556, -0.8250000000000003997, -9.486769009248163798E-17 ) ) ;
#1398 = AXIS2_PLACEMENT_3D ( 'NONE', #5393, #1649, #5035 ) ;
#1399 = FILL_AREA_STYLE ('',( #4264 ) ) ;
#1400 = UNCERTAINTY_MEASURE_WITH_UNIT (LENGTH_MEASURE( 1.000000000000000082E-05 ), #4774, 'distance_accuracy_value', 'NONE');
#1401 = SURFACE_STYLE_USAGE ( .BOTH. , #3863 ) ;
#1402 = VERTEX_POINT ( 'NONE', #1880 ) ;
#1403 = EDGE_CURVE ( 'NONE', #5074, #2031, #4243, .T. ) ;
#1404 = MECHANICAL_DESIGN_GEOMETRIC_PRESENTATION_REPRESENTATION (  '', ( #3058 ), #5200 ) ;
#1405 = CARTESIAN_POINT ( 'NONE',  ( -0.9638868161355488295, -0.5393734126984709443, 1.056958655048003237 ) ) ;
#1406 =( NAMED_UNIT ( * ) PLANE_ANGLE_UNIT ( ) SI_UNIT ( $, .RADIAN. ) );
#1407 = ORIENTED_EDGE ( 'NONE', *, *, #2806, .T. ) ;
#1408 = VERTEX_POINT ( 'NONE', #1913 ) ;
#1409 = AXIS2_PLACEMENT_3D ( 'NONE', #3405, #2987, #923 ) ;
#1410 = EDGE_CURVE ( 'NONE', #2843, #2583, #1229, .T. ) ;
#1411 = PRESENTATION_STYLE_ASSIGNMENT (( #5147 ) ) ;
#1412 = DIRECTION ( 'NONE',  ( -1.000000000000000000, 0.000000000000000000, 0.000000000000000000 ) ) ;
#1413 = DIRECTION ( 'NONE',  ( 0.000000000000000000, 0.000000000000000000, -1.000000000000000000 ) ) ;
#1414 = FILL_AREA_STYLE_COLOUR ( '', #2226 ) ;
#1415 = DIRECTION ( 'NONE',  ( 1.000000000000000000, 0.000000000000000000, 0.000000000000000000 ) ) ;
#1416 = PLANE ( 'NONE',  #5293 ) ;
#1417 = CARTESIAN_POINT ( 'NONE',  ( 1.000000000000000000, -0.6249999999999998890, 0.7999999999999914957 ) ) ;
#1418 = SURFACE_STYLE_USAGE ( .BOTH. , #1495 ) ;
#1419 = VERTEX_POINT ( 'NONE', #244 ) ;
#1420 = PLANE ( 'NONE',  #4895 ) ;
#1421 = DIRECTION ( 'NONE',  ( -0.08682659386424444736, 0.08682659386424426695, -0.9924325091389677445 ) ) ;
#1422 = CYLINDRICAL_SURFACE ( 'NONE', #3030, 0.1750000000000002109 ) ;
#1423 = ORIENTED_EDGE ( 'NONE', *, *, #3489, .T. ) ;
#1424 = DIRECTION ( 'NONE',  ( 0.000000000000000000, 1.204669080539450576E-16, -1.000000000000000000 ) ) ;
#1425 = ORIENTED_EDGE ( 'NONE', *, *, #4076, .F. ) ;
#1426 = DIRECTION ( 'NONE',  ( 0.000000000000000000, 0.000000000000000000, 1.000000000000000000 ) ) ;
#1427 = EDGE_CURVE ( 'NONE', #4322, #382, #2797, .T. ) ;
#1428 = LINE ( 'NONE', #4294, #1133 ) ;
#1429 = DIRECTION ( 'NONE',  ( -0.08682659386424435022, 0.08682659386424433634, 0.9924325091389677445 ) ) ;
#1430 = SURFACE_STYLE_USAGE ( .BOTH. , #3902 ) ;
#1431 = ORIENTED_EDGE ( 'NONE', *, *, #4869, .F. ) ;
#1432 = VECTOR ( 'NONE', #3645, 1000.000000000000000 ) ;
#1433 = DIRECTION ( 'NONE',  ( -0.1378445374916251187, -0.1378445374916251742, -0.9808148484639902520 ) ) ;
#1434 = EDGE_CURVE ( 'NONE', #1928, #1082, #2767, .T. ) ;
#1435 = FILL_AREA_STYLE ('',( #4788 ) ) ;
#1436 = ORIENTED_EDGE ( 'NONE', *, *, #4766, .T. ) ;
#1437 = DIRECTION ( 'NONE',  ( 0.000000000000000000, 0.000000000000000000, -1.000000000000000000 ) ) ;
#1438 = DIRECTION ( 'NONE',  ( -0.000000000000000000, 1.204669080539450576E-16, 1.000000000000000000 ) ) ;
#1439 = CARTESIAN_POINT ( 'NONE',  ( 0.1125000000000000028, -0.8000000000000001554, 0.6999999999999912959 ) ) ;
#1440 = ORIENTED_EDGE ( 'NONE', *, *, #2171, .T. ) ;
#1441 = DIRECTION ( 'NONE',  ( -1.734723475976807094E-16, -1.000000000000000000, 0.000000000000000000 ) ) ;
#1442 = CARTESIAN_POINT ( 'NONE',  ( 0.7624999999999999556, 0.8250000000000003997, 0.1750000000000001554 ) ) ;
#1443 = VERTEX_POINT ( 'NONE', #4814 ) ;
#1444 = DIRECTION ( 'NONE',  ( -2.168404344971012812E-15, 0.000000000000000000, 1.000000000000000000 ) ) ;
#1445 = EDGE_LOOP ( 'NONE', ( #1440, #1976, #2033, #4055 ) ) ;
#1446 = LINE ( 'NONE', #3523, #4630 ) ;
#1447 = AXIS2_PLACEMENT_3D ( 'NONE', #345, #740, #3251 ) ;
#1448 = CARTESIAN_POINT ( 'NONE',  ( 0.1125000000000000028, 0.6500000000000001332, 0.1750000000000001554 ) ) ;
#1449 = EDGE_CURVE ( 'NONE', #5038, #4025, #3134, .T. ) ;
#1450 = PLANE ( 'NONE',  #1113 ) ;
#1451 = CARTESIAN_POINT ( 'NONE',  ( -0.5374999999999999778, -0.4225511228578718859, 0.7249999999999915401 ) ) ;
#1452 = VERTEX_POINT ( 'NONE', #4432 ) ;
#1453 = COLOUR_RGB ( '',0.8509803921568627194, 0.8509803921568627194, 0.8509803921568627194 ) ;
#1454 =( LENGTH_UNIT ( ) NAMED_UNIT ( * ) SI_UNIT ( .MILLI., .METRE. ) );
#1455 = DIRECTION ( 'NONE',  ( -1.000000000000000000, -0.000000000000000000, -0.000000000000000000 ) ) ;
#1456 = DIRECTION ( 'NONE',  ( -1.000000000000000000, 0.000000000000000000, 0.000000000000000000 ) ) ;
#1457 = AXIS2_PLACEMENT_3D ( 'NONE', #1953, #3607, #2717 ) ;
#1458 =( GEOMETRIC_REPRESENTATION_CONTEXT ( 3 ) GLOBAL_UNCERTAINTY_ASSIGNED_CONTEXT ( ( #1630 ) ) GLOBAL_UNIT_ASSIGNED_CONTEXT ( ( #3906, #170, #4341 ) ) REPRESENTATION_CONTEXT ( 'NONE', 'WORKASPACE' ) );
#1459 = CARTESIAN_POINT ( 'NONE',  ( 0.1125000000000000028, -0.6249999999999998890, 0.6999999999999912959 ) ) ;
#1460 = FILL_AREA_STYLE_COLOUR ( '', #3302 ) ;
#1461 = LINE ( 'NONE', #2710, #3791 ) ;
#1462 = VECTOR ( 'NONE', #2544, 1000.000000000000000 ) ;
#1463 = ADVANCED_FACE ( 'NONE', ( #276 ), #1939, .T. ) ;
#1464 = UNCERTAINTY_MEASURE_WITH_UNIT (LENGTH_MEASURE( 1.000000000000000082E-05 ), #699, 'distance_accuracy_value', 'NONE');
#1465 = VECTOR ( 'NONE', #2859, 1000.000000000000000 ) ;
#1466 = DIRECTION ( 'NONE',  ( 4.336808689942015369E-15, 1.000000000000000000, 0.000000000000000000 ) ) ;
#1467 =( NAMED_UNIT ( * ) SI_UNIT ( $, .STERADIAN. ) SOLID_ANGLE_UNIT ( ) );
#1468 =( NAMED_UNIT ( * ) SI_UNIT ( $, .STERADIAN. ) SOLID_ANGLE_UNIT ( ) );
#1469 = AXIS2_PLACEMENT_3D ( 'NONE', #4434, #3158, #3687 ) ;
#1470 = CIRCLE ( 'NONE', #4522, 0.1750000000000002387 ) ;
#1471 = VERTEX_POINT ( 'NONE', #2305 ) ;
#1472 = DIRECTION ( 'NONE',  ( 0.000000000000000000, -0.000000000000000000, -1.000000000000000000 ) ) ;
#1473 = PRESENTATION_LAYER_ASSIGNMENT (  '', '', ( #4332 ) ) ;
#1474 = LINE ( 'NONE', #228, #5331 ) ;
#1475 = ORIENTED_EDGE ( 'NONE', *, *, #1410, .T. ) ;
#1476 = PRESENTATION_STYLE_ASSIGNMENT (( #4479 ) ) ;
#1477 = CARTESIAN_POINT ( 'NONE',  ( 0.1125000000000000028, -0.8250000000000003997, 0.1499999999999999112 ) ) ;
#1478 = CARTESIAN_POINT ( 'NONE',  ( -0.5374999999999999778, 0.8000000000000001554, 0.1750000000000001554 ) ) ;
#1479 = DIRECTION ( 'NONE',  ( -1.000000000000000000, -0.000000000000000000, -0.000000000000000000 ) ) ;
#1480 = VECTOR ( 'NONE', #1049, 1000.000000000000114 ) ;
#1481 = CARTESIAN_POINT ( 'NONE',  ( 0.1125000000000000028, 1.050000000000000044, -1.219727444046192488E-16 ) ) ;
#1482 = VERTEX_POINT ( 'NONE', #1866 ) ;
#1483 = DIRECTION ( 'NONE',  ( 0.000000000000000000, 1.000000000000000000, -1.204669080539450823E-16 ) ) ;
#1484 = VECTOR ( 'NONE', #4737, 1000.000000000000000 ) ;
#1485 = LINE ( 'NONE', #3181, #5297 ) ;
#1486 = EDGE_CURVE ( 'NONE', #927, #5431, #1992, .T. ) ;
#1487 = AXIS2_PLACEMENT_3D ( 'NONE', #705, #5268, #2355 ) ;
#1488 = FACE_OUTER_BOUND ( 'NONE', #455, .T. ) ;
#1489 = DIRECTION ( 'NONE',  ( 0.000000000000000000, -0.000000000000000000, 1.000000000000000000 ) ) ;
#1490 = FACE_OUTER_BOUND ( 'NONE', #3388, .T. ) ;
#1491 = VERTEX_POINT ( 'NONE', #3551 ) ;
#1492 = SURFACE_STYLE_USAGE ( .BOTH. , #282 ) ;
#1493 = DIRECTION ( 'NONE',  ( 0.000000000000000000, 1.000000000000000000, 5.355436828253419639E-16 ) ) ;
#1494 = SURFACE_STYLE_FILL_AREA ( #284 ) ;
#1495 = SURFACE_SIDE_STYLE ('',( #3490 ) ) ;
#1496 = DIRECTION ( 'NONE',  ( -1.000000000000000000, -0.000000000000000000, -0.000000000000000000 ) ) ;
#1497 = LINE ( 'NONE', #4822, #491 ) ;
#1498 = LINE ( 'NONE', #5156, #5419 ) ;
#1499 = DIRECTION ( 'NONE',  ( 0.000000000000000000, 0.9961946980917458783, 0.08715574274765390539 ) ) ;
#1500 = ORIENTED_EDGE ( 'NONE', *, *, #5286, .T. ) ;
#1501 = DIRECTION ( 'NONE',  ( 1.000000000000000000, 3.047493566145103779E-16, -2.168404344971012023E-15 ) ) ;
#1502 = UNCERTAINTY_MEASURE_WITH_UNIT (LENGTH_MEASURE( 1.000000000000000082E-05 ), #1727, 'distance_accuracy_value', 'NONE');
#1503 = EDGE_CURVE ( 'NONE', #4251, #4951, #1474, .T. ) ;
#1504 = FACE_OUTER_BOUND ( 'NONE', #1678, .T. ) ;
#1505 = CARTESIAN_POINT ( 'NONE',  ( -0.5374999999999999778, -0.8250000000000003997, 0.1750000000000001554 ) ) ;
#1506 = ORIENTED_EDGE ( 'NONE', *, *, #3781, .T. ) ;
#1507 = ORIENTED_EDGE ( 'NONE', *, *, #5387, .F. ) ;
#1508 = DIRECTION ( 'NONE',  ( -1.000000000000000000, -0.000000000000000000, -0.000000000000000000 ) ) ;
#1509 = FILL_AREA_STYLE_COLOUR ( '', #3321 ) ;
#1510 = SURFACE_SIDE_STYLE ('',( #4909 ) ) ;
#1511 = DIRECTION ( 'NONE',  ( 1.000000000000000000, 0.000000000000000000, 0.000000000000000000 ) ) ;
#1512 = LINE ( 'NONE', #2238, #4590 ) ;
#1513 = VERTEX_POINT ( 'NONE', #5134 ) ;
#1514 = CARTESIAN_POINT ( 'NONE',  ( 0.5374999999999999778, -0.8250000000000003997, 0.1750000000000001554 ) ) ;
#1515 = SURFACE_SIDE_STYLE ('',( #5175 ) ) ;
#1516 = UNCERTAINTY_MEASURE_WITH_UNIT (LENGTH_MEASURE( 1.000000000000000082E-05 ), #2425, 'distance_accuracy_value', 'NONE');
#1517 =( LENGTH_UNIT ( ) NAMED_UNIT ( * ) SI_UNIT ( .MILLI., .METRE. ) );
#1518 = CARTESIAN_POINT ( 'NONE',  ( -0.7624999999999999556, 0.6249999999999998890, 0.6999999999999912959 ) ) ;
#1519 = ADVANCED_FACE ( 'NONE', ( #3023 ), #959, .T. ) ;
#1520 =( LENGTH_UNIT ( ) NAMED_UNIT ( * ) SI_UNIT ( .MILLI., .METRE. ) );
#1521 = ORIENTED_EDGE ( 'NONE', *, *, #744, .T. ) ;
#1522 = FACE_OUTER_BOUND ( 'NONE', #4641, .T. ) ;
#1523 = CARTESIAN_POINT ( 'NONE',  ( -0.7624999999999999556, 1.050000000000000044, -1.219727444046192488E-16 ) ) ;
#1524 = VECTOR ( 'NONE', #1019, 1000.000000000000000 ) ;
#1525 = EDGE_LOOP ( 'NONE', ( #263, #3208, #417, #273, #869, #3090, #2563, #462, #4351, #4518, #4501, #3107, #3582 ) ) ;
#1526 = CARTESIAN_POINT ( 'NONE',  ( 0.1125000000000000028, 0.6500000000000001332, 0.6999999999999912959 ) ) ;
#1527 = DIRECTION ( 'NONE',  ( 0.000000000000000000, 1.204669080539450576E-16, -1.000000000000000000 ) ) ;
#1528 = CIRCLE ( 'NONE', #3538, 0.02500000000000025466 ) ;
#1529 =( GEOMETRIC_REPRESENTATION_CONTEXT ( 3 ) GLOBAL_UNCERTAINTY_ASSIGNED_CONTEXT ( ( #3469 ) ) GLOBAL_UNIT_ASSIGNED_CONTEXT ( ( #1624, #1969, #838 ) ) REPRESENTATION_CONTEXT ( 'NONE', 'WORKASPACE' ) );
#1530 = EDGE_CURVE ( 'NONE', #1098, #1171, #1184, .T. ) ;
#1531 = VECTOR ( 'NONE', #5300, 1000.000000000000000 ) ;
#1532 =( GEOMETRIC_REPRESENTATION_CONTEXT ( 3 ) GLOBAL_UNCERTAINTY_ASSIGNED_CONTEXT ( ( #1759 ) ) GLOBAL_UNIT_ASSIGNED_CONTEXT ( ( #1389, #454, #2492 ) ) REPRESENTATION_CONTEXT ( 'NONE', 'WORKASPACE' ) );
#1533 = ORIENTED_EDGE ( 'NONE', *, *, #3577, .T. ) ;
#1534 = CARTESIAN_POINT ( 'NONE',  ( -0.9504865965629207825, -0.6249999999999998890, 0.7999999999999914957 ) ) ;
#1535 = ORIENTED_EDGE ( 'NONE', *, *, #2748, .F. ) ;
#1536 = DIRECTION ( 'NONE',  ( -1.000000000000000000, 0.000000000000000000, 0.000000000000000000 ) ) ;
#1537 = VECTOR ( 'NONE', #62, 1000.000000000000000 ) ;
#1538 = SURFACE_STYLE_FILL_AREA ( #5292 ) ;
#1539 = CARTESIAN_POINT ( 'NONE',  ( -0.9427511117355684700, -0.5179413768309816257, 0.1456422128626172485 ) ) ;
#1540 = FILL_AREA_STYLE_COLOUR ( '', #2687 ) ;
#1541 = PLANE ( 'NONE',  #581 ) ;
#1542 = STYLED_ITEM ( 'NONE', ( #3047 ), #250 ) ;
#1543 =( GEOMETRIC_REPRESENTATION_CONTEXT ( 3 ) GLOBAL_UNCERTAINTY_ASSIGNED_CONTEXT ( ( #4086 ) ) GLOBAL_UNIT_ASSIGNED_CONTEXT ( ( #3394, #935, #3765 ) ) REPRESENTATION_CONTEXT ( 'NONE', 'WORKASPACE' ) );
#1544 = LINE ( 'NONE', #3537, #2571 ) ;
#1545 = ORIENTED_EDGE ( 'NONE', *, *, #5379, .T. ) ;
#1546 = LINE ( 'NONE', #4972, #1531 ) ;
#1547 = CIRCLE ( 'NONE', #5216, 0.02500000000000025466 ) ;
#1548 = LINE ( 'NONE', #2008, #2224 ) ;
#1549 = LINE ( 'NONE', #1439, #2863 ) ;
#1550 = CARTESIAN_POINT ( 'NONE',  ( -0.9505657735840925548, -0.6253755084886803983, 0.8042920816657764815 ) ) ;
#1551 = MECHANICAL_DESIGN_GEOMETRIC_PRESENTATION_REPRESENTATION (  '', ( #1884 ), #5320 ) ;
#1552 = SURFACE_STYLE_FILL_AREA ( #2888 ) ;
#1553 = VERTEX_POINT ( 'NONE', #2836 ) ;
#1554 = MECHANICAL_DESIGN_GEOMETRIC_PRESENTATION_REPRESENTATION (  '', ( #778 ), #4420 ) ;
#1555 =( LENGTH_UNIT ( ) NAMED_UNIT ( * ) SI_UNIT ( .MILLI., .METRE. ) );
#1556 = EDGE_CURVE ( 'NONE', #4669, #621, #5138, .T. ) ;
#1557 = VERTEX_POINT ( 'NONE', #680 ) ;
#1558 = CARTESIAN_POINT ( 'NONE',  ( -0.5374999999999999778, 0.8250000000000003997, 0.1750000000000001554 ) ) ;
#1559 = DIRECTION ( 'NONE',  ( 0.000000000000000000, 0.000000000000000000, -1.000000000000000000 ) ) ;
#1560 = LINE ( 'NONE', #3232, #3686 ) ;
#1561 = CARTESIAN_POINT ( 'NONE',  ( -0.9998941659653556302, 0.6045004667354280103, 0.8007512538233123589 ) ) ;
#1562 = CIRCLE ( 'NONE', #4618, 0.1750000000000002387 ) ;
#1563 = SURFACE_SIDE_STYLE ('',( #4361 ) ) ;
#1564 = CIRCLE ( 'NONE', #1398, 0.04999999999999999584 ) ;
#1565 = AXIS2_PLACEMENT_3D ( 'NONE', #120, #5185, #651 ) ;
#1566 = EDGE_LOOP ( 'NONE', ( #3016, #608, #3275, #4468 ) ) ;
#1567 = CARTESIAN_POINT ( 'NONE',  ( -0.9387579355318528274, 0.5677511117355691361, 0.1456422128626172485 ) ) ;
#1568 = AXIS2_PLACEMENT_3D ( 'NONE', #2732, #216, #3245 ) ;
#1569 = LINE ( 'NONE', #5375, #3467 ) ;
#1570 = STYLED_ITEM ( 'NONE', ( #2526 ), #2799 ) ;
#1571 = EDGE_CURVE ( 'NONE', #1172, #1395, #3196, .T. ) ;
#1572 = ORIENTED_EDGE ( 'NONE', *, *, #1107, .T. ) ;
#1573 = ORIENTED_EDGE ( 'NONE', *, *, #1097, .F. ) ;
#1574 = CARTESIAN_POINT ( 'NONE',  ( -0.1124999999999999889, 0.6184383502355528250, 0.7249999999999916511 ) ) ;
#1575 =( GEOMETRIC_REPRESENTATION_CONTEXT ( 3 ) GLOBAL_UNCERTAINTY_ASSIGNED_CONTEXT ( ( #3086 ) ) GLOBAL_UNIT_ASSIGNED_CONTEXT ( ( #4860, #1591, #4927 ) ) REPRESENTATION_CONTEXT ( 'NONE', 'WORKASPACE' ) );
#1576 = FILL_AREA_STYLE_COLOUR ( '', #2747 ) ;
#1577 = VECTOR ( 'NONE', #2711, 1000.000000000000000 ) ;
#1578 = CARTESIAN_POINT ( 'NONE',  ( 0.7624999999999999556, -0.6500000000000001332, 0.6999999999999912959 ) ) ;
#1579 = CARTESIAN_POINT ( 'NONE',  ( 0.7624999999999999556, -0.6249999999999998890, 0.8000000000000283551 ) ) ;
#1580 = LINE ( 'NONE', #5360, #4603 ) ;
#1581 = ORIENTED_EDGE ( 'NONE', *, *, #4526, .T. ) ;
#1582 = FILL_AREA_STYLE ('',( #316 ) ) ;
#1583 = PRESENTATION_STYLE_ASSIGNMENT (( #3309 ) ) ;
#1584 = ORIENTED_EDGE ( 'NONE', *, *, #218, .T. ) ;
#1585 = CARTESIAN_POINT ( 'NONE',  ( 0.7624999999999999556, -0.8250000000000003997, 0.1750000000000001554 ) ) ;
#1586 =( NAMED_UNIT ( * ) SI_UNIT ( $, .STERADIAN. ) SOLID_ANGLE_UNIT ( ) );
#1587 = EDGE_LOOP ( 'NONE', ( #148, #2282, #4912, #2147 ) ) ;
#1588 = SURFACE_STYLE_USAGE ( .BOTH. , #5342 ) ;
#1589 = CARTESIAN_POINT ( 'NONE',  ( 0.1125000000000000028, 0.6249999999999998890, 0.8749999999999915623 ) ) ;
#1590 = CARTESIAN_POINT ( 'NONE',  ( 0.1125000000000000028, 0.5828377495892825833, 1.100000000000000089 ) ) ;
#1591 =( NAMED_UNIT ( * ) PLANE_ANGLE_UNIT ( ) SI_UNIT ( $, .RADIAN. ) );
#1592 = CARTESIAN_POINT ( 'NONE',  ( -0.8929413768309814037, 0.5179413768309818478, 0.1500000000000000222 ) ) ;
#1593 = ORIENTED_EDGE ( 'NONE', *, *, #2679, .T. ) ;
#1594 = LINE ( 'NONE', #5349, #4587 ) ;
#1595 = ORIENTED_EDGE ( 'NONE', *, *, #4478, .T. ) ;
#1596 =( NAMED_UNIT ( * ) SI_UNIT ( $, .STERADIAN. ) SOLID_ANGLE_UNIT ( ) );
#1597 = CARTESIAN_POINT ( 'NONE',  ( 0.7624999999999999556, -0.6249999999999998890, 0.8749999999999915623 ) ) ;
#1598 = CARTESIAN_POINT ( 'NONE',  ( 0.1125000000000000028, 0.8250000000000003997, 0.1750000000000001554 ) ) ;
#1599 = ORIENTED_EDGE ( 'NONE', *, *, #600, .T. ) ;
#1600 = ORIENTED_EDGE ( 'NONE', *, *, #1059, .F. ) ;
#1601 = FACE_OUTER_BOUND ( 'NONE', #2205, .T. ) ;
#1602 = DIRECTION ( 'NONE',  ( 0.9902680687415708061, -1.717841266356217353E-16, 0.1391731009600618851 ) ) ;
#1603 = VECTOR ( 'NONE', #1227, 1000.000000000000000 ) ;
#1604 = ADVANCED_FACE ( 'NONE', ( #2394 ), #3714, .T. ) ;
#1605 = PRESENTATION_STYLE_ASSIGNMENT (( #3666 ) ) ;
#1606 = LINE ( 'NONE', #3280, #1650 ) ;
#1607 = LINE ( 'NONE', #5408, #1026 ) ;
#1608 = ORIENTED_EDGE ( 'NONE', *, *, #744, .F. ) ;
#1609 = CARTESIAN_POINT ( 'NONE',  ( -0.5374999999999999778, -0.8000000000000001554, 0.1750000000000001554 ) ) ;
#1610 =( LENGTH_UNIT ( ) NAMED_UNIT ( * ) SI_UNIT ( .MILLI., .METRE. ) );
#1611 = VERTEX_POINT ( 'NONE', #2810 ) ;
#1612 = PRESENTATION_LAYER_ASSIGNMENT (  '', '', ( #102 ) ) ;
#1613 = LINE ( 'NONE', #831, #1465 ) ;
#1614 = AXIS2_PLACEMENT_3D ( 'NONE', #3848, #1699, #96 ) ;
#1615 = CARTESIAN_POINT ( 'NONE',  ( 0.1125000000000000028, 0.8250000000000003997, -9.486769009248163798E-17 ) ) ;
#1616 = ORIENTED_EDGE ( 'NONE', *, *, #4056, .F. ) ;
#1617 = DIRECTION ( 'NONE',  ( 0.000000000000000000, 0.000000000000000000, -1.000000000000000000 ) ) ;
#1618 =( GEOMETRIC_REPRESENTATION_CONTEXT ( 3 ) GLOBAL_UNCERTAINTY_ASSIGNED_CONTEXT ( ( #4009 ) ) GLOBAL_UNIT_ASSIGNED_CONTEXT ( ( #524, #2002, #4937 ) ) REPRESENTATION_CONTEXT ( 'NONE', 'WORKASPACE' ) );
#1619 = UNCERTAINTY_MEASURE_WITH_UNIT (LENGTH_MEASURE( 1.000000000000000082E-05 ), #1116, 'distance_accuracy_value', 'NONE');
#1620 = DIRECTION ( 'NONE',  ( -0.000000000000000000, -0.08715574274765489071, 0.9961946980917458783 ) ) ;
#1621 = LINE ( 'NONE', #2090, #4337 ) ;
#1622 = DIRECTION ( 'NONE',  ( -1.000000000000000000, -0.000000000000000000, -0.000000000000000000 ) ) ;
#1623 = VERTEX_POINT ( 'NONE', #3673 ) ;
#1624 =( LENGTH_UNIT ( ) NAMED_UNIT ( * ) SI_UNIT ( .MILLI., .METRE. ) );
#1625 = VERTEX_POINT ( 'NONE', #5340 ) ;
#1626 = COLOUR_RGB ( '',0.8509803921568627194, 0.8509803921568627194, 0.8509803921568627194 ) ;
#1627 = EDGE_CURVE ( 'NONE', #4823, #2811, #344, .T. ) ;
#1628 = ORIENTED_EDGE ( 'NONE', *, *, #783, .T. ) ;
#1629 = CARTESIAN_POINT ( 'NONE',  ( -0.9999999999999993339, -0.6249999999999998890, 0.7999999999999914957 ) ) ;
#1630 = UNCERTAINTY_MEASURE_WITH_UNIT (LENGTH_MEASURE( 1.000000000000000082E-05 ), #3906, 'distance_accuracy_value', 'NONE');
#1631 =( NAMED_UNIT ( * ) SI_UNIT ( $, .STERADIAN. ) SOLID_ANGLE_UNIT ( ) );
#1632 = AXIS2_PLACEMENT_3D ( 'NONE', #1578, #3634, #2027 ) ;
#1633 = CARTESIAN_POINT ( 'NONE',  ( -0.7624999999999999556, -0.4225511228578717748, 0.8749999999999914513 ) ) ;
#1634 = CARTESIAN_POINT ( 'NONE',  ( 0.8929413768309817367, -0.5179413768309816257, 0.1500000000000000222 ) ) ;
#1635 = CARTESIAN_POINT ( 'NONE',  ( -0.9143734126984703892, -0.5393734126984709443, 1.050000000000000044 ) ) ;
#1636 = ORIENTED_EDGE ( 'NONE', *, *, #4724, .F. ) ;
#1637 = FILL_AREA_STYLE_COLOUR ( '', #1198 ) ;
#1638 = VERTEX_POINT ( 'NONE', #2565 ) ;
#1639 = EDGE_CURVE ( 'NONE', #1395, #2872, #3760, .T. ) ;
#1640 = SURFACE_SIDE_STYLE ('',( #4562 ) ) ;
#1641 = VECTOR ( 'NONE', #1736, 1000.000000000000000 ) ;
#1642 = VECTOR ( 'NONE', #4291, 1000.000000000000000 ) ;
#1643 = DIRECTION ( 'NONE',  ( -1.000000000000000000, -0.000000000000000000, -0.000000000000000000 ) ) ;
#1644 = ORIENTED_EDGE ( 'NONE', *, *, #2605, .T. ) ;
#1645 = CIRCLE ( 'NONE', #2671, 0.04999999999999996114 ) ;
#1646 = EDGE_CURVE ( 'NONE', #3149, #4018, #457, .T. ) ;
#1647 = STYLED_ITEM ( 'NONE', ( #3553 ), #1078 ) ;
#1648 = STYLED_ITEM ( 'NONE', ( #597 ), #3284 ) ;
#1649 = DIRECTION ( 'NONE',  ( -1.000000000000000000, 0.000000000000000000, 0.000000000000000000 ) ) ;
#1650 = VECTOR ( 'NONE', #1681, 999.9999999999998863 ) ;
#1651 = STYLED_ITEM ( 'NONE', ( #710 ), #1958 ) ;
#1652 = VECTOR ( 'NONE', #2244, 1000.000000000000000 ) ;
#1653 = ORIENTED_EDGE ( 'NONE', *, *, #1767, .F. ) ;
#1654 = DIRECTION ( 'NONE',  ( 0.000000000000000000, 1.000000000000000000, -1.204669080539450823E-16 ) ) ;
#1655 = DIRECTION ( 'NONE',  ( 0.000000000000000000, 0.000000000000000000, -1.000000000000000000 ) ) ;
#1656 = VECTOR ( 'NONE', #3596, 1000.000000000000000 ) ;
#1657 = FACE_OUTER_BOUND ( 'NONE', #3864, .T. ) ;
#1658 = VERTEX_POINT ( 'NONE', #1687 ) ;
#1659 = AXIS2_PLACEMENT_3D ( 'NONE', #4542, #3262, #409 ) ;
#1660 =( LENGTH_UNIT ( ) NAMED_UNIT ( * ) SI_UNIT ( .MILLI., .METRE. ) );
#1661 = VECTOR ( 'NONE', #1850, 1000.000000000000000 ) ;
#1662 = DIRECTION ( 'NONE',  ( 0.000000000000000000, 0.000000000000000000, 1.000000000000000000 ) ) ;
#1663 = FACE_OUTER_BOUND ( 'NONE', #97, .T. ) ;
#1664 = PRESENTATION_LAYER_ASSIGNMENT (  '', '', ( #964 ) ) ;
#1665 = ORIENTED_EDGE ( 'NONE', *, *, #1627, .F. ) ;
#1666 = EDGE_CURVE ( 'NONE', #2564, #3443, #3365, .T. ) ;
#1667 = ORIENTED_EDGE ( 'NONE', *, *, #2609, .T. ) ;
#1668 = CARTESIAN_POINT ( 'NONE',  ( -0.1125000000000000028, -0.6500000000000001332, 0.6999999999999912959 ) ) ;
#1669 = CIRCLE ( 'NONE', #1327, 0.02500000000000025466 ) ;
#1670 = LINE ( 'NONE', #477, #4967 ) ;
#1671 = ORIENTED_EDGE ( 'NONE', *, *, #3177, .T. ) ;
#1672 = EDGE_CURVE ( 'NONE', #5214, #3443, #1218, .T. ) ;
#1673 = VECTOR ( 'NONE', #1837, 1000.000000000000114 ) ;
#1674 = STYLED_ITEM ( 'NONE', ( #1840 ), #5325 ) ;
#1675 = SURFACE_STYLE_USAGE ( .BOTH. , #1766 ) ;
#1676 = EDGE_CURVE ( 'NONE', #3522, #1611, #3780, .T. ) ;
#1677 = CARTESIAN_POINT ( 'NONE',  ( 0.000000000000000000, 0.5425341088243290644, 1.099900000000000100 ) ) ;
#1678 = EDGE_LOOP ( 'NONE', ( #5092, #3623, #2988, #4475 ) ) ;
#1679 = ORIENTED_EDGE ( 'NONE', *, *, #5081, .T. ) ;
#1680 = DIRECTION ( 'NONE',  ( 0.000000000000000000, 0.9961946980917458783, 0.08715574274765489071 ) ) ;
#1681 = DIRECTION ( 'NONE',  ( -0.08682659386424433634, -0.08682659386424433634, -0.9924325091389677445 ) ) ;
#1682 = ORIENTED_EDGE ( 'NONE', *, *, #512, .T. ) ;
#1683 = CARTESIAN_POINT ( 'NONE',  ( -0.5374999999999999778, -0.8250000000000003997, 0.1499999999999999112 ) ) ;
#1684 =( NAMED_UNIT ( * ) PLANE_ANGLE_UNIT ( ) SI_UNIT ( $, .RADIAN. ) );
#1685 = ORIENTED_EDGE ( 'NONE', *, *, #1701, .T. ) ;
#1686 = FILL_AREA_STYLE ('',( #772 ) ) ;
#1687 = CARTESIAN_POINT ( 'NONE',  ( -0.5374999999999999778, -0.8000000000000001554, 0.6999999999999912959 ) ) ;
#1688 = EDGE_CURVE ( 'NONE', #3013, #2899, #1670, .T. ) ;
#1689 = FILL_AREA_STYLE ('',( #5436 ) ) ;
#1690 = COLOUR_RGB ( '',0.8509803921568627194, 0.8509803921568627194, 0.8509803921568627194 ) ;
#1691 = DIRECTION ( 'NONE',  ( 0.000000000000000000, 0.000000000000000000, -1.000000000000000000 ) ) ;
#1692 = LINE ( 'NONE', #4651, #3461 ) ;
#1693 = ORIENTED_EDGE ( 'NONE', *, *, #4418, .T. ) ;
#1694 = DIRECTION ( 'NONE',  ( -1.000000000000000000, -0.000000000000000000, -0.000000000000000000 ) ) ;
#1695 = EDGE_CURVE ( 'NONE', #5434, #2887, #2128, .T. ) ;
#1696 = FILL_AREA_STYLE ('',( #3845 ) ) ;
#1697 = FILL_AREA_STYLE ('',( #1228 ) ) ;
#1698 =( NAMED_UNIT ( * ) SI_UNIT ( $, .STERADIAN. ) SOLID_ANGLE_UNIT ( ) );
#1699 = DIRECTION ( 'NONE',  ( -1.000000000000000000, -0.000000000000000000, -0.000000000000000000 ) ) ;
#1700 = ORIENTED_EDGE ( 'NONE', *, *, #5010, .F. ) ;
#1701 = EDGE_CURVE ( 'NONE', #2183, #5001, #3387, .T. ) ;
#1702 = DIRECTION ( 'NONE',  ( 0.000000000000000000, 1.000000000000000000, 5.355436828253419639E-16 ) ) ;
#1703 = DIRECTION ( 'NONE',  ( 1.000000000000000000, -0.000000000000000000, 0.000000000000000000 ) ) ;
#1704 = PLANE ( 'NONE',  #4506 ) ;
#1705 = STYLED_ITEM ( 'NONE', ( #4085 ), #3672 ) ;
#1706 = LINE ( 'NONE', #3048, #3495 ) ;
#1707 =( LENGTH_UNIT ( ) NAMED_UNIT ( * ) SI_UNIT ( .MILLI., .METRE. ) );
#1708 = AXIS2_PLACEMENT_3D ( 'NONE', #2645, #1415, #2213 ) ;
#1709 = ORIENTED_EDGE ( 'NONE', *, *, #4240, .T. ) ;
#1710 =( LENGTH_UNIT ( ) NAMED_UNIT ( * ) SI_UNIT ( .MILLI., .METRE. ) );
#1711 = PRESENTATION_STYLE_ASSIGNMENT (( #2156 ) ) ;
#1712 = DIRECTION ( 'NONE',  ( -1.000000000000000000, -0.000000000000000000, -0.000000000000000000 ) ) ;
#1713 = ORIENTED_EDGE ( 'NONE', *, *, #5129, .F. ) ;
#1714 = PRESENTATION_STYLE_ASSIGNMENT (( #2186 ) ) ;
#1715 = CARTESIAN_POINT ( 'NONE',  ( -0.5374999999999999778, -0.8250000000000003997, 0.1499999999999999112 ) ) ;
#1716 = COLOUR_RGB ( '',0.8509803921568627194, 0.8509803921568627194, 0.8509803921568627194 ) ;
#1717 = SURFACE_STYLE_FILL_AREA ( #2191 ) ;
#1718 = DIRECTION ( 'NONE',  ( 0.000000000000000000, 0.000000000000000000, 1.000000000000000000 ) ) ;
#1719 = ADVANCED_FACE ( 'NONE', ( #902 ), #2472, .F. ) ;
#1720 = STYLED_ITEM ( 'NONE', ( #389 ), #315 ) ;
#1721 = AXIS2_PLACEMENT_3D ( 'NONE', #533, #2184, #2772 ) ;
#1722 = SURFACE_STYLE_USAGE ( .BOTH. , #2063 ) ;
#1723 = VERTEX_POINT ( 'NONE', #4584 ) ;
#1724 = CARTESIAN_POINT ( 'NONE',  ( -0.1125000000000000028, 0.4225511228578718859, 0.7249999999999915401 ) ) ;
#1725 = APPLICATION_CONTEXT ( 'automotive_design' ) ;
#1726 = AXIS2_PLACEMENT_3D ( 'NONE', #749, #2895, #4586 ) ;
#1727 =( LENGTH_UNIT ( ) NAMED_UNIT ( * ) SI_UNIT ( .MILLI., .METRE. ) );
#1728 = PRESENTATION_LAYER_ASSIGNMENT (  '', '', ( #1648 ) ) ;
#1729 = DIRECTION ( 'NONE',  ( 0.000000000000000000, -1.000000000000000000, 1.204669080539450576E-16 ) ) ;
#1730 = VECTOR ( 'NONE', #1201, 999.9999999999998863 ) ;
#1731 = PRODUCT_DEFINITION ( '未知', '', #2446, #4152 ) ;
#1732 = VERTEX_POINT ( 'NONE', #2495 ) ;
#1733 = SURFACE_SIDE_STYLE ('',( #5115 ) ) ;
#1734 = AXIS2_PLACEMENT_3D ( 'NONE', #4602, #2531, #3353 ) ;
#1735 = CARTESIAN_POINT ( 'NONE',  ( -0.5374999999999999778, 0.8000000000000001554, 0.6999999999999912959 ) ) ;
#1736 = DIRECTION ( 'NONE',  ( 0.000000000000000000, -1.000000000000000000, 5.355436828253419639E-16 ) ) ;
#1737 = EDGE_CURVE ( 'NONE', #4842, #184, #430, .T. ) ;
#1738 = FACE_OUTER_BOUND ( 'NONE', #3458, .T. ) ;
#1739 = COLOUR_RGB ( '',0.2235294117647058654, 0.2235294117647058654, 0.2235294117647058654 ) ;
#1740 = EDGE_LOOP ( 'NONE', ( #2478, #3268, #3801, #2911 ) ) ;
#1741 = CARTESIAN_POINT ( 'NONE',  ( -0.5374999999999999778, -0.8000000000000001554, 0.6999999999999912959 ) ) ;
#1742 = ORIENTED_EDGE ( 'NONE', *, *, #3603, .T. ) ;
#1743 = DIRECTION ( 'NONE',  ( -1.000000000000000000, -0.000000000000000000, -0.000000000000000000 ) ) ;
#1744 = ORIENTED_EDGE ( 'NONE', *, *, #1870, .F. ) ;
#1745 = AXIS2_PLACEMENT_3D ( 'NONE', #3617, #4896, #2815 ) ;
#1746 = LINE ( 'NONE', #56, #2581 ) ;
#1747 = SURFACE_SIDE_STYLE ('',( #540 ) ) ;
#1748 = AXIS2_PLACEMENT_3D ( 'NONE', #188, #269, #3563 ) ;
#1749 = CARTESIAN_POINT ( 'NONE',  ( -0.7624999999999999556, 0.6249999999999968914, 0.7999999999999914957 ) ) ;
#1750 = VECTOR ( 'NONE', #3994, 999.9999999999998863 ) ;
#1751 = DIRECTION ( 'NONE',  ( 0.000000000000000000, 0.000000000000000000, -1.000000000000000000 ) ) ;
#1752 = ORIENTED_EDGE ( 'NONE', *, *, #3978, .F. ) ;
#1753 = FACE_OUTER_BOUND ( 'NONE', #2004, .T. ) ;
#1754 = PRESENTATION_STYLE_ASSIGNMENT (( #66 ) ) ;
#1755 = CARTESIAN_POINT ( 'NONE',  ( 0.1125000000000000028, 0.6249999999999998890, 0.6999999999999912959 ) ) ;
#1756 = FACE_OUTER_BOUND ( 'NONE', #3651, .T. ) ;
#1757 = SURFACE_SIDE_STYLE ('',( #3825 ) ) ;
#1758 = ORIENTED_EDGE ( 'NONE', *, *, #5195, .F. ) ;
#1759 = UNCERTAINTY_MEASURE_WITH_UNIT (LENGTH_MEASURE( 1.000000000000000082E-05 ), #1389, 'distance_accuracy_value', 'NONE');
#1760 =( LENGTH_UNIT ( ) NAMED_UNIT ( * ) SI_UNIT ( .MILLI., .METRE. ) );
#1761 = PLANE ( 'NONE',  #1038 ) ;
#1762 = FACE_OUTER_BOUND ( 'NONE', #575, .T. ) ;
#1763 = ORIENTED_EDGE ( 'NONE', *, *, #1914, .F. ) ;
#1764 =( LENGTH_UNIT ( ) NAMED_UNIT ( * ) SI_UNIT ( .MILLI., .METRE. ) );
#1765 = EDGE_LOOP ( 'NONE', ( #3406, #594, #1572, #3774 ) ) ;
#1766 = SURFACE_SIDE_STYLE ('',( #139 ) ) ;
#1767 = EDGE_CURVE ( 'NONE', #2092, #538, #2942, .T. ) ;
#1768 = FACE_OUTER_BOUND ( 'NONE', #2198, .T. ) ;
#1769 = ORIENTED_EDGE ( 'NONE', *, *, #3111, .T. ) ;
#1770 = FILL_AREA_STYLE_COLOUR ( '', #71 ) ;
#1771 = FILL_AREA_STYLE_COLOUR ( '', #968 ) ;
#1772 = DIRECTION ( 'NONE',  ( 0.000000000000000000, 0.000000000000000000, 1.000000000000000000 ) ) ;
#1773 = EDGE_CURVE ( 'NONE', #2460, #1364, #5153, .T. ) ;
#1774 =( GEOMETRIC_REPRESENTATION_CONTEXT ( 3 ) GLOBAL_UNCERTAINTY_ASSIGNED_CONTEXT ( ( #1502 ) ) GLOBAL_UNIT_ASSIGNED_CONTEXT ( ( #1727, #2925, #4599 ) ) REPRESENTATION_CONTEXT ( 'NONE', 'WORKASPACE' ) );
#1775 = ORIENTED_EDGE ( 'NONE', *, *, #2215, .T. ) ;
#1776 = SURFACE_STYLE_USAGE ( .BOTH. , #1802 ) ;
#1777 = CIRCLE ( 'NONE', #4828, 0.05000000000000002359 ) ;
#1778 = PRESENTATION_LAYER_ASSIGNMENT (  '', '', ( #4830 ) ) ;
#1779 = DIRECTION ( 'NONE',  ( 0.000000000000000000, 1.204669080539450576E-16, -1.000000000000000000 ) ) ;
#1780 = FILL_AREA_STYLE ('',( #493 ) ) ;
#1781 = LINE ( 'NONE', #4679, #122 ) ;
#1782 = UNCERTAINTY_MEASURE_WITH_UNIT (LENGTH_MEASURE( 1.000000000000000082E-05 ), #2560, 'distance_accuracy_value', 'NONE');
#1783 = EDGE_CURVE ( 'NONE', #5290, #2583, #562, .T. ) ;
#1784 = FILL_AREA_STYLE ('',( #103 ) ) ;
#1785 = CYLINDRICAL_SURFACE ( 'NONE', #1878, 0.02500000000000025466 ) ;
#1786 = AXIS2_PLACEMENT_3D ( 'NONE', #81, #3883, #1296 ) ;
#1787 = CARTESIAN_POINT ( 'NONE',  ( 0.1125000000000000028, -0.8250000000000003997, 0.1750000000000001554 ) ) ;
#1788 = ORIENTED_EDGE ( 'NONE', *, *, #5102, .F. ) ;
#1789 = LINE ( 'NONE', #5124, #249 ) ;
#1790 = CARTESIAN_POINT ( 'NONE',  ( 0.7624999999999999556, 0.5828377495892825833, 1.100000000000000089 ) ) ;
#1791 = VECTOR ( 'NONE', #937, 1000.000000000000000 ) ;
#1792 = ORIENTED_EDGE ( 'NONE', *, *, #4250, .F. ) ;
#1793 = CARTESIAN_POINT ( 'NONE',  ( -0.1125000000000000028, -0.8250000000000003997, 0.1499999999999999112 ) ) ;
#1794 = EDGE_CURVE ( 'NONE', #1937, #1364, #1368, .T. ) ;
#1795 = FILL_AREA_STYLE ('',( #1771 ) ) ;
#1796 = CARTESIAN_POINT ( 'NONE',  ( 0.9143734126984710553, -0.5393734126984708332, 1.050000000000000044 ) ) ;
#1797 =( GEOMETRIC_REPRESENTATION_CONTEXT ( 3 ) GLOBAL_UNCERTAINTY_ASSIGNED_CONTEXT ( ( #3983 ) ) GLOBAL_UNIT_ASSIGNED_CONTEXT ( ( #5362, #376, #4662 ) ) REPRESENTATION_CONTEXT ( 'NONE', 'WORKASPACE' ) );
#1798 =( GEOMETRIC_REPRESENTATION_CONTEXT ( 3 ) GLOBAL_UNCERTAINTY_ASSIGNED_CONTEXT ( ( #3042 ) ) GLOBAL_UNIT_ASSIGNED_CONTEXT ( ( #996, #3597, #166 ) ) REPRESENTATION_CONTEXT ( 'NONE', 'WORKASPACE' ) );
#1799 = PRESENTATION_LAYER_ASSIGNMENT (  '', '', ( #4158 ) ) ;
#1800 = EDGE_CURVE ( 'NONE', #2529, #5214, #1816, .T. ) ;
#1801 = ORIENTED_EDGE ( 'NONE', *, *, #1200, .F. ) ;
#1802 = SURFACE_SIDE_STYLE ('',( #90 ) ) ;
#1803 = COLOUR_RGB ( '',0.2235294117647058654, 0.2235294117647058654, 0.2235294117647058654 ) ;
#1804 = PRESENTATION_STYLE_ASSIGNMENT (( #2175 ) ) ;
#1805 =( NAMED_UNIT ( * ) PLANE_ANGLE_UNIT ( ) SI_UNIT ( $, .RADIAN. ) );
#1806 = SURFACE_STYLE_USAGE ( .BOTH. , #210 ) ;
#1807 = PRESENTATION_LAYER_ASSIGNMENT (  '', '', ( #777 ) ) ;
#1808 = FACE_OUTER_BOUND ( 'NONE', #4827, .T. ) ;
#1809 = EDGE_LOOP ( 'NONE', ( #532, #4057, #1955, #4235 ) ) ;
#1810 = PRESENTATION_LAYER_ASSIGNMENT (  '', '', ( #2500 ) ) ;
#1811 =( GEOMETRIC_REPRESENTATION_CONTEXT ( 3 ) GLOBAL_UNCERTAINTY_ASSIGNED_CONTEXT ( ( #2883 ) ) GLOBAL_UNIT_ASSIGNED_CONTEXT ( ( #3027, #960, #152 ) ) REPRESENTATION_CONTEXT ( 'NONE', 'WORKASPACE' ) );
#1812 = DIRECTION ( 'NONE',  ( -3.469446951953614189E-16, 1.000000000000000000, 0.000000000000000000 ) ) ;
#1813 =( LENGTH_UNIT ( ) NAMED_UNIT ( * ) SI_UNIT ( .MILLI., .METRE. ) );
#1814 = DIRECTION ( 'NONE',  ( 1.000000000000000000, -0.000000000000000000, -0.000000000000000000 ) ) ;
#1815 = FACE_OUTER_BOUND ( 'NONE', #4663, .T. ) ;
#1816 = LINE ( 'NONE', #1002, #945 ) ;
#1817 = AXIS2_PLACEMENT_3D ( 'NONE', #490, #5163, #2260 ) ;
#1818 = CARTESIAN_POINT ( 'NONE',  ( 0.1125000000000000028, 0.8250000000000003997, 0.1750000000000001554 ) ) ;
#1819 = EDGE_CURVE ( 'NONE', #1658, #2098, #1392, .T. ) ;
#1820 = CARTESIAN_POINT ( 'NONE',  ( 0.7624999999999999556, -0.6500000000000001332, 0.6999999999999912959 ) ) ;
#1821 = ORIENTED_EDGE ( 'NONE', *, *, #3637, .F. ) ;
#1822 = FILL_AREA_STYLE_COLOUR ( '', #611 ) ;
#1823 = EDGE_CURVE ( 'NONE', #4740, #5074, #3857, .T. ) ;
#1824 = CIRCLE ( 'NONE', #3402, 0.1750000000000002387 ) ;
#1825 = CARTESIAN_POINT ( 'NONE',  ( 0.8929413768309816257, -0.5637579355318529384, 0.1000000000000000056 ) ) ;
#1826 = ORIENTED_EDGE ( 'NONE', *, *, #4934, .T. ) ;
#1827 =( GEOMETRIC_REPRESENTATION_CONTEXT ( 3 ) GLOBAL_UNCERTAINTY_ASSIGNED_CONTEXT ( ( #182 ) ) GLOBAL_UNIT_ASSIGNED_CONTEXT ( ( #2325, #3601, #2803 ) ) REPRESENTATION_CONTEXT ( 'NONE', 'WORKASPACE' ) );
#1828 = EDGE_CURVE ( 'NONE', #2620, #5259, #2713, .T. ) ;
#1829 = AXIS2_PLACEMENT_3D ( 'NONE', #1634, #1290, #3304 ) ;
#1830 = FACE_OUTER_BOUND ( 'NONE', #5083, .T. ) ;
#1831 =( NAMED_UNIT ( * ) SI_UNIT ( $, .STERADIAN. ) SOLID_ANGLE_UNIT ( ) );
#1832 = CARTESIAN_POINT ( 'NONE',  ( -0.5374999999999999778, -0.6144594373973207846, 0.8749999999999914513 ) ) ;
#1833 = CARTESIAN_POINT ( 'NONE',  ( 0.5374999999999999778, 0.4225511228578718859, 0.7249999999999915401 ) ) ;
#1834 = CARTESIAN_POINT ( 'NONE',  ( 0.9504865965629217817, 0.6250000000000001110, 0.7999999999999914957 ) ) ;
#1835 = DIRECTION ( 'NONE',  ( -1.000000000000000000, -0.000000000000000000, -0.000000000000000000 ) ) ;
#1836 = ORIENTED_EDGE ( 'NONE', *, *, #2146, .F. ) ;
#1837 = DIRECTION ( 'NONE',  ( 0.000000000000000000, 0.1391731009600618851, -0.9902680687415708061 ) ) ;
#1838 = DIRECTION ( 'NONE',  ( -1.734723475976807094E-16, -1.000000000000000000, -0.000000000000000000 ) ) ;
#1839 = EDGE_LOOP ( 'NONE', ( #2922, #3193, #343 ) ) ;
#1840 = PRESENTATION_STYLE_ASSIGNMENT (( #4736 ) ) ;
#1841 = PRESENTATION_STYLE_ASSIGNMENT (( #4802 ) ) ;
#1842 = FACE_OUTER_BOUND ( 'NONE', #2669, .T. ) ;
#1843 = EDGE_CURVE ( 'NONE', #1402, #1623, #4692, .T. ) ;
#1844 = VERTEX_POINT ( 'NONE', #5208 ) ;
#1845 = SURFACE_SIDE_STYLE ('',( #5226 ) ) ;
#1846 = ORIENTED_EDGE ( 'NONE', *, *, #3300, .T. ) ;
#1847 = CARTESIAN_POINT ( 'NONE',  ( 0.7624999999999999556, -0.8250000000000003997, 0.1750000000000001554 ) ) ;
#1848 = DIRECTION ( 'NONE',  ( -0.9961946980917457672, 0.000000000000000000, -0.08715574274765498786 ) ) ;
#1849 = CARTESIAN_POINT ( 'NONE',  ( 0.000000000000000000, 0.5828377495892825833, 1.100000000000000089 ) ) ;
#1850 = DIRECTION ( 'NONE',  ( 0.000000000000000000, 0.000000000000000000, -1.000000000000000000 ) ) ;
#1851 = DIRECTION ( 'NONE',  ( -1.000000000000000000, -0.000000000000000000, -0.000000000000000000 ) ) ;
#1852 = COLOUR_RGB ( '',0.8509803921568627194, 0.8509803921568627194, 0.8509803921568627194 ) ;
#1853 = ORIENTED_EDGE ( 'NONE', *, *, #2679, .F. ) ;
#1854 = ADVANCED_FACE ( 'NONE', ( #1768 ), #537, .F. ) ;
#1855 = DIRECTION ( 'NONE',  ( 0.000000000000000000, -4.336808689942025625E-15, -1.000000000000000000 ) ) ;
#1856 = LINE ( 'NONE', #995, #3476 ) ;
#1857 = STYLED_ITEM ( 'NONE', ( #5084 ), #4107 ) ;
#1858 = FACE_OUTER_BOUND ( 'NONE', #4728, .T. ) ;
#1859 = LINE ( 'NONE', #3633, #1750 ) ;
#1860 = CARTESIAN_POINT ( 'NONE',  ( -0.7624999999999999556, 0.8000000000000001554, 0.6999999999999912959 ) ) ;
#1861 = DIRECTION ( 'NONE',  ( 0.000000000000000000, 0.000000000000000000, -1.000000000000000000 ) ) ;
#1862 = CARTESIAN_POINT ( 'NONE',  ( -0.5374999999999999778, -0.6249999999999998890, 0.7249999999999916511 ) ) ;
#1863 = ORIENTED_EDGE ( 'NONE', *, *, #2087, .T. ) ;
#1864 = DIRECTION ( 'NONE',  ( 0.000000000000000000, -1.000000000000000000, 0.000000000000000000 ) ) ;
#1865 = PLANE ( 'NONE',  #685 ) ;
#1866 = CARTESIAN_POINT ( 'NONE',  ( -0.7624999999999999556, 0.6144594373973210066, 0.8749999999999914513 ) ) ;
#1867 = ORIENTED_EDGE ( 'NONE', *, *, #5089, .T. ) ;
#1868 = DIRECTION ( 'NONE',  ( -1.000000000000000000, -0.000000000000000000, -0.000000000000000000 ) ) ;
#1869 = CARTESIAN_POINT ( 'NONE',  ( -0.7624999999999999556, -0.4225511228578718859, 0.7249999999999915401 ) ) ;
#1870 = EDGE_CURVE ( 'NONE', #823, #3982, #3140, .T. ) ;
#1871 = CIRCLE ( 'NONE', #3964, 0.1750000000000002387 ) ;
#1872 = SURFACE_STYLE_USAGE ( .BOTH. , #5140 ) ;
#1873 = PRESENTATION_LAYER_ASSIGNMENT (  '', '', ( #126 ) ) ;
#1874 = FACE_OUTER_BOUND ( 'NONE', #1740, .T. ) ;
#1875 = PRESENTATION_LAYER_ASSIGNMENT (  '', '', ( #4305 ) ) ;
#1876 = EDGE_CURVE ( 'NONE', #46, #925, #3562, .T. ) ;
#1877 = FILL_AREA_STYLE ('',( #445 ) ) ;
#1878 = AXIS2_PLACEMENT_3D ( 'NONE', #3009, #5428, #3358 ) ;
#1879 = DIRECTION ( 'NONE',  ( 0.000000000000000000, 0.000000000000000000, -1.000000000000000000 ) ) ;
#1880 = CARTESIAN_POINT ( 'NONE',  ( 0.8929413768309818478, 0.5179413768309818478, 0.1000000000000000056 ) ) ;
#1881 = SURFACE_STYLE_USAGE ( .BOTH. , #1940 ) ;
#1882 = ADVANCED_FACE ( 'NONE', ( #4756 ), #4845, .T. ) ;
#1883 = DIRECTION ( 'NONE',  ( 0.000000000000000000, 1.000000000000000000, -1.204669080539450823E-16 ) ) ;
#1884 = STYLED_ITEM ( 'NONE', ( #5430 ), #522 ) ;
#1885 = CARTESIAN_POINT ( 'NONE',  ( -0.5374999999999999778, -0.6249999999999998890, 0.6999999999999912959 ) ) ;
#1886 = SURFACE_STYLE_FILL_AREA ( #1435 ) ;
#1887 = CARTESIAN_POINT ( 'NONE',  ( 0.1125000000000000028, -0.5828377495892823612, 1.100000000000000089 ) ) ;
#1888 = CARTESIAN_POINT ( 'NONE',  ( 0.5374999999999999778, -0.8000000000000001554, 0.6999999999999912959 ) ) ;
#1889 = AXIS2_PLACEMENT_3D ( 'NONE', #2805, #1602, #3997 ) ;
#1890 = CIRCLE ( 'NONE', #2579, 0.1750000000000002387 ) ;
#1891 = PRESENTATION_STYLE_ASSIGNMENT (( #1950 ) ) ;
#1892 = EDGE_CURVE ( 'NONE', #4260, #322, #3278, .T. ) ;
#1893 = CARTESIAN_POINT ( 'NONE',  ( -0.1125000000000000028, -0.6249999999999998890, 0.6999999999999912959 ) ) ;
#1894 = COLOUR_RGB ( '',0.2235294117647058654, 0.2235294117647058654, 0.2235294117647058654 ) ;
#1895 = AXIS2_PLACEMENT_3D ( 'NONE', #113, #4286, #4261 ) ;
#1896 = ORIENTED_EDGE ( 'NONE', *, *, #1334, .F. ) ;
#1897 = DIRECTION ( 'NONE',  ( 1.000000000000000000, -0.000000000000000000, -0.000000000000000000 ) ) ;
#1898 = AXIS2_PLACEMENT_3D ( 'NONE', #2203, #3094, #1352 ) ;
#1899 = ORIENTED_EDGE ( 'NONE', *, *, #1346, .T. ) ;
#1900 = DIRECTION ( 'NONE',  ( -0.000000000000000000, -0.9902680687415708061, 0.1391731009600618851 ) ) ;
#1901 =( NAMED_UNIT ( * ) SI_UNIT ( $, .STERADIAN. ) SOLID_ANGLE_UNIT ( ) );
#1902 = SURFACE_SIDE_STYLE ('',( #5319 ) ) ;
#1903 = AXIS2_PLACEMENT_3D ( 'NONE', #983, #2626, #1466 ) ;
#1904 = FILL_AREA_STYLE_COLOUR ( '', #3237 ) ;
#1905 = STYLED_ITEM ( 'NONE', ( #3399 ), #2540 ) ;
#1906 =( NAMED_UNIT ( * ) PLANE_ANGLE_UNIT ( ) SI_UNIT ( $, .RADIAN. ) );
#1907 = COLOUR_RGB ( '',0.4392156862745097978, 0.4392156862745097978, 0.4392156862745097978 ) ;
#1908 = ORIENTED_EDGE ( 'NONE', *, *, #4447, .F. ) ;
#1909 = CARTESIAN_POINT ( 'NONE',  ( 0.9427511117355692472, 0.5637579355318531604, 0.1456422128626172485 ) ) ;
#1910 = VERTEX_POINT ( 'NONE', #4405 ) ;
#1911 =( GEOMETRIC_REPRESENTATION_CONTEXT ( 3 ) GLOBAL_UNCERTAINTY_ASSIGNED_CONTEXT ( ( #2159 ) ) GLOBAL_UNIT_ASSIGNED_CONTEXT ( ( #4902, #3530, #3950 ) ) REPRESENTATION_CONTEXT ( 'NONE', 'WORKASPACE' ) );
#1912 = DIRECTION ( 'NONE',  ( 0.000000000000000000, -0.9902680687415708061, 0.1391731009600618574 ) ) ;
#1913 = CARTESIAN_POINT ( 'NONE',  ( -0.1125000000000000028, 0.8000000000000001554, 0.1750000000000001554 ) ) ;
#1914 = EDGE_CURVE ( 'NONE', #1269, #2024, #253, .T. ) ;
#1915 = CARTESIAN_POINT ( 'NONE',  ( 0.9638868161355494957, -0.5393734126984709443, 1.056958655048003237 ) ) ;
#1916 =( LENGTH_UNIT ( ) NAMED_UNIT ( * ) SI_UNIT ( .MILLI., .METRE. ) );
#1917 = CARTESIAN_POINT ( 'NONE',  ( -0.1125000000000000028, -0.8250000000000003997, -9.486769009248163798E-17 ) ) ;
#1918 = STYLED_ITEM ( 'NONE', ( #3547 ), #5370 ) ;
#1919 = FILL_AREA_STYLE_COLOUR ( '', #4502 ) ;
#1920 = CARTESIAN_POINT ( 'NONE',  ( -0.7624999999999999556, -0.6249999999999998890, 0.7999999999999914957 ) ) ;
#1921 = CARTESIAN_POINT ( 'NONE',  ( 0.5374999999999999778, -0.6144594373973207846, 0.8749999999999914513 ) ) ;
#1922 = CYLINDRICAL_SURFACE ( 'NONE', #3117, 0.05000000000000002359 ) ;
#1923 = CARTESIAN_POINT ( 'NONE',  ( -0.5374999999999999778, -1.050000000000000044, -1.219727444046192488E-16 ) ) ;
#1924 =( LENGTH_UNIT ( ) NAMED_UNIT ( * ) SI_UNIT ( .MILLI., .METRE. ) );
#1925 = CARTESIAN_POINT ( 'NONE',  ( -0.9143734126984703892, -0.5393734126984707222, 1.100000000000000089 ) ) ;
#1926 = EDGE_CURVE ( 'NONE', #696, #4676, #2297, .T. ) ;
#1927 =( NAMED_UNIT ( * ) PLANE_ANGLE_UNIT ( ) SI_UNIT ( $, .RADIAN. ) );
#1928 = VERTEX_POINT ( 'NONE', #2386 ) ;
#1929 = SURFACE_SIDE_STYLE ('',( #683 ) ) ;
#1930 = PRESENTATION_STYLE_ASSIGNMENT (( #231 ) ) ;
#1931 = CARTESIAN_POINT ( 'NONE',  ( -0.9999999999999993339, -0.5754865965629215596, 0.7999999999999914957 ) ) ;
#1932 =( NAMED_UNIT ( * ) SI_UNIT ( $, .STERADIAN. ) SOLID_ANGLE_UNIT ( ) );
#1933 =( NAMED_UNIT ( * ) SI_UNIT ( $, .STERADIAN. ) SOLID_ANGLE_UNIT ( ) );
#1934 = PRESENTATION_STYLE_ASSIGNMENT (( #1966 ) ) ;
#1935 = ORIENTED_EDGE ( 'NONE', *, *, #1252, .F. ) ;
#1936 = CARTESIAN_POINT ( 'NONE',  ( -0.7624999999999999556, 0.8250000000000003997, -9.486769009248163798E-17 ) ) ;
#1937 = VERTEX_POINT ( 'NONE', #1921 ) ;
#1938 = PLANE ( 'NONE',  #2106 ) ;
#1939 = CYLINDRICAL_SURFACE ( 'NONE', #1565, 0.04999999999999996114 ) ;
#1940 = SURFACE_SIDE_STYLE ('',( #3988 ) ) ;
#1941 = DIRECTION ( 'NONE',  ( 0.000000000000000000, 0.000000000000000000, 1.000000000000000000 ) ) ;
#1942 = DIRECTION ( 'NONE',  ( -1.000000000000000000, -0.000000000000000000, -0.000000000000000000 ) ) ;
#1943 = DIRECTION ( 'NONE',  ( 0.000000000000000000, 0.000000000000000000, 1.000000000000000000 ) ) ;
#1944 = EDGE_CURVE ( 'NONE', #823, #2782, #5270, .T. ) ;
#1945 = ORIENTED_EDGE ( 'NONE', *, *, #5089, .F. ) ;
#1946 = FILL_AREA_STYLE ('',( #4403 ) ) ;
#1947 = DIRECTION ( 'NONE',  ( 0.000000000000000000, -0.9961946980917458783, 0.08715574274765489071 ) ) ;
#1948 = VECTOR ( 'NONE', #3479, 1000.000000000000000 ) ;
#1949 = UNCERTAINTY_MEASURE_WITH_UNIT (LENGTH_MEASURE( 1.000000000000000082E-05 ), #2262, 'distance_accuracy_value', 'NONE');
#1950 = SURFACE_STYLE_USAGE ( .BOTH. , #1118 ) ;
#1951 =( GEOMETRIC_REPRESENTATION_CONTEXT ( 3 ) GLOBAL_UNCERTAINTY_ASSIGNED_CONTEXT ( ( #1076 ) ) GLOBAL_UNIT_ASSIGNED_CONTEXT ( ( #4392, #4428, #4017 ) ) REPRESENTATION_CONTEXT ( 'NONE', 'WORKASPACE' ) );
#1952 = SURFACE_SIDE_STYLE ('',( #3636 ) ) ;
#1953 = CARTESIAN_POINT ( 'NONE',  ( -0.7624999999999999556, -0.8250000000000003997, 0.1750000000000001554 ) ) ;
#1954 = ORIENTED_EDGE ( 'NONE', *, *, #5281, .F. ) ;
#1955 = ORIENTED_EDGE ( 'NONE', *, *, #1876, .F. ) ;
#1956 =( LENGTH_UNIT ( ) NAMED_UNIT ( * ) SI_UNIT ( .MILLI., .METRE. ) );
#1957 = ORIENTED_EDGE ( 'NONE', *, *, #4199, .F. ) ;
#1958 = ADVANCED_FACE ( 'NONE', ( #3605 ), #3186, .F. ) ;
#1959 = FILL_AREA_STYLE ('',( #4412 ) ) ;
#1960 = CARTESIAN_POINT ( 'NONE',  ( 0.1125000000000000028, -0.6500000000000001332, 0.1750000000000001554 ) ) ;
#1961 = SURFACE_SIDE_STYLE ('',( #1160 ) ) ;
#1962 = CARTESIAN_POINT ( 'NONE',  ( -0.7624999999999999556, -0.6500000000000001332, 0.1750000000000001554 ) ) ;
#1963 = VECTOR ( 'NONE', #2216, 1000.000000000000114 ) ;
#1964 =( NAMED_UNIT ( * ) SI_UNIT ( $, .STERADIAN. ) SOLID_ANGLE_UNIT ( ) );
#1965 = ADVANCED_FACE ( 'NONE', ( #2441 ), #470, .F. ) ;
#1966 = SURFACE_STYLE_USAGE ( .BOTH. , #3620 ) ;
#1967 = DIRECTION ( 'NONE',  ( 0.000000000000000000, 0.000000000000000000, -1.000000000000000000 ) ) ;
#1968 = EDGE_LOOP ( 'NONE', ( #4559, #736, #2125, #4344 ) ) ;
#1969 =( NAMED_UNIT ( * ) PLANE_ANGLE_UNIT ( ) SI_UNIT ( $, .RADIAN. ) );
#1970 = ORIENTED_EDGE ( 'NONE', *, *, #110, .F. ) ;
#1971 = MECHANICAL_DESIGN_GEOMETRIC_PRESENTATION_REPRESENTATION (  '', ( #2755 ), #4224 ) ;
#1972 = STYLED_ITEM ( 'NONE', ( #1348 ), #615 ) ;
#1973 = LINE ( 'NONE', #304, #504 ) ;
#1974 = SURFACE_SIDE_STYLE ('',( #4874 ) ) ;
#1975 = ORIENTED_EDGE ( 'NONE', *, *, #3637, .T. ) ;
#1976 = ORIENTED_EDGE ( 'NONE', *, *, #1892, .F. ) ;
#1977 = LINE ( 'NONE', #1887, #258 ) ;
#1978 = VECTOR ( 'NONE', #4647, 1000.000000000000000 ) ;
#1979 = ORIENTED_EDGE ( 'NONE', *, *, #1486, .T. ) ;
#1980 = DIRECTION ( 'NONE',  ( 0.000000000000000000, 0.000000000000000000, -1.000000000000000000 ) ) ;
#1981 = ORIENTED_EDGE ( 'NONE', *, *, #5429, .F. ) ;
#1982 = PRESENTATION_LAYER_ASSIGNMENT (  '', '', ( #3311 ) ) ;
#1983 = CARTESIAN_POINT ( 'NONE',  ( 0.9411422018315100946, -0.5661422018315099836, 0.7009379507923066965 ) ) ;
#1984 = ADVANCED_FACE ( 'NONE', ( #3301 ), #614, .T. ) ;
#1985 = VECTOR ( 'NONE', #101, 1000.000000000000000 ) ;
#1986 = VERTEX_POINT ( 'NONE', #1735 ) ;
#1987 = FILL_AREA_STYLE ('',( #2864 ) ) ;
#1988 = SURFACE_SIDE_STYLE ('',( #2722 ) ) ;
#1989 = FACE_OUTER_BOUND ( 'NONE', #4645, .T. ) ;
#1990 = CARTESIAN_POINT ( 'NONE',  ( 0.7624999999999999556, -0.8250000000000003997, -9.486769009248163798E-17 ) ) ;
#1991 = COLOUR_RGB ( '',0.2235294117647058654, 0.2235294117647058654, 0.2235294117647058654 ) ;
#1992 = CIRCLE ( 'NONE', #2243, 0.04999999999999991257 ) ;
#1993 = CARTESIAN_POINT ( 'NONE',  ( 0.7624999999999999556, -0.6249999999999966693, 0.7999999999999914957 ) ) ;
#1994 = COLOUR_RGB ( '',0.2235294117647058654, 0.2235294117647058654, 0.2235294117647058654 ) ;
#1995 = ORIENTED_EDGE ( 'NONE', *, *, #3814, .F. ) ;
#1996 = VERTEX_POINT ( 'NONE', #1834 ) ;
#1997 = EDGE_CURVE ( 'NONE', #1611, #4218, #1025, .T. ) ;
#1998 = FILL_AREA_STYLE_COLOUR ( '', #3618 ) ;
#1999 = FILL_AREA_STYLE_COLOUR ( '', #2144 ) ;
#2000 = FILL_AREA_STYLE_COLOUR ( '', #2851 ) ;
#2001 = COLOUR_RGB ( '',0.8509803921568627194, 0.8509803921568627194, 0.8509803921568627194 ) ;
#2002 =( NAMED_UNIT ( * ) PLANE_ANGLE_UNIT ( ) SI_UNIT ( $, .RADIAN. ) );
#2003 = ORIENTED_EDGE ( 'NONE', *, *, #2605, .F. ) ;
#2004 = EDGE_LOOP ( 'NONE', ( #2743, #1616, #5361, #1775 ) ) ;
#2005 = SURFACE_STYLE_USAGE ( .BOTH. , #3299 ) ;
#2006 = AXIS2_PLACEMENT_3D ( 'NONE', #1514, #644, #4843 ) ;
#2007 =( GEOMETRIC_REPRESENTATION_CONTEXT ( 3 ) GLOBAL_UNCERTAINTY_ASSIGNED_CONTEXT ( ( #3029 ) ) GLOBAL_UNIT_ASSIGNED_CONTEXT ( ( #1924, #4886, #2390 ) ) REPRESENTATION_CONTEXT ( 'NONE', 'WORKASPACE' ) );
#2008 = CARTESIAN_POINT ( 'NONE',  ( 0.7624999999999999556, -0.8000000000000001554, 0.6999999999999912959 ) ) ;
#2009 = FILL_AREA_STYLE_COLOUR ( '', #1306 ) ;
#2010 = EDGE_LOOP ( 'NONE', ( #5099, #2939, #410, #2827 ) ) ;
#2011 = DIRECTION ( 'NONE',  ( -1.000000000000000000, -0.000000000000000000, -0.000000000000000000 ) ) ;
#2012 = ORIENTED_EDGE ( 'NONE', *, *, #4320, .T. ) ;
#2013 = CARTESIAN_POINT ( 'NONE',  ( -0.7895958345333496942, -0.5425341088243288423, 1.099900000000000100 ) ) ;
#2014 = EDGE_CURVE ( 'NONE', #1171, #4835, #1856, .T. ) ;
#2015 = SURFACE_STYLE_FILL_AREA ( #887 ) ;
#2016 = ORIENTED_EDGE ( 'NONE', *, *, #1639, .F. ) ;
#2017 =( NAMED_UNIT ( * ) PLANE_ANGLE_UNIT ( ) SI_UNIT ( $, .RADIAN. ) );
#2018 = ORIENTED_EDGE ( 'NONE', *, *, #5313, .F. ) ;
#2019 = DIRECTION ( 'NONE',  ( 1.000000000000000000, -0.000000000000000000, 0.000000000000000000 ) ) ;
#2020 = SURFACE_STYLE_FILL_AREA ( #2481 ) ;
#2021 = DIRECTION ( 'NONE',  ( -0.000000000000000000, 1.204669080539450576E-16, 1.000000000000000000 ) ) ;
#2022 = EDGE_CURVE ( 'NONE', #2405, #2511, #499, .T. ) ;
#2023 = ORIENTED_EDGE ( 'NONE', *, *, #4894, .F. ) ;
#2024 = VERTEX_POINT ( 'NONE', #3875 ) ;
#2025 = CARTESIAN_POINT ( 'NONE',  ( -0.7624999999999999556, -1.050000000000000044, -1.219727444046192488E-16 ) ) ;
#2026 = FILL_AREA_STYLE ('',( #1339 ) ) ;
#2027 = DIRECTION ( 'NONE',  ( 0.000000000000000000, -0.000000000000000000, 1.000000000000000000 ) ) ;
#2028 = EDGE_CURVE ( 'NONE', #1395, #3919, #2674, .T. ) ;
#2029 = SURFACE_SIDE_STYLE ('',( #372 ) ) ;
#2030 = CARTESIAN_POINT ( 'NONE',  ( 0.9998941659653557412, 0.6045004667354280103, 0.8007512538233124699 ) ) ;
#2031 = VERTEX_POINT ( 'NONE', #3828 ) ;
#2032 = CARTESIAN_POINT ( 'NONE',  ( -0.9143734126984702781, -0.5888868161355493847, 1.056958655048003237 ) ) ;
#2033 = ORIENTED_EDGE ( 'NONE', *, *, #4661, .F. ) ;
#2034 =( GEOMETRIC_REPRESENTATION_CONTEXT ( 3 ) GLOBAL_UNCERTAINTY_ASSIGNED_CONTEXT ( ( #4955 ) ) GLOBAL_UNIT_ASSIGNED_CONTEXT ( ( #1454, #2672, #4783 ) ) REPRESENTATION_CONTEXT ( 'NONE', 'WORKASPACE' ) );
#2035 = FACE_OUTER_BOUND ( 'NONE', #1566, .T. ) ;
#2036 =( NAMED_UNIT ( * ) SI_UNIT ( $, .STERADIAN. ) SOLID_ANGLE_UNIT ( ) );
#2037 = ORIENTED_EDGE ( 'NONE', *, *, #3198, .F. ) ;
#2038 = VECTOR ( 'NONE', #3099, 1000.000000000000000 ) ;
#2039 = SURFACE_SIDE_STYLE ('',( #1130 ) ) ;
#2040 = EDGE_CURVE ( 'NONE', #2894, #4048, #4708, .T. ) ;
#2041 = PRESENTATION_LAYER_ASSIGNMENT (  '', '', ( #1007 ) ) ;
#2042 = ORIENTED_EDGE ( 'NONE', *, *, #5170, .T. ) ;
#2043 = CARTESIAN_POINT ( 'NONE',  ( -0.5374999999999999778, 0.8250000000000003997, -9.486769009248163798E-17 ) ) ;
#2044 = ORIENTED_EDGE ( 'NONE', *, *, #297, .T. ) ;
#2045 =( LENGTH_UNIT ( ) NAMED_UNIT ( * ) SI_UNIT ( .MILLI., .METRE. ) );
#2046 = EDGE_CURVE ( 'NONE', #2292, #3804, #3929, .T. ) ;
#2047 = ORIENTED_EDGE ( 'NONE', *, *, #783, .F. ) ;
#2048 = ORIENTED_EDGE ( 'NONE', *, *, #4437, .F. ) ;
#2049 = MECHANICAL_DESIGN_GEOMETRIC_PRESENTATION_REPRESENTATION (  '', ( #3197 ), #1797 ) ;
#2050 = DIRECTION ( 'NONE',  ( 0.000000000000000000, 0.000000000000000000, 1.000000000000000000 ) ) ;
#2051 = STYLED_ITEM ( 'NONE', ( #5271 ), #29 ) ;
#2052 = VECTOR ( 'NONE', #971, 1000.000000000000000 ) ;
#2053 = SURFACE_SIDE_STYLE ('',( #4169 ) ) ;
#2054 = DIRECTION ( 'NONE',  ( 0.000000000000000000, -5.355436828253419639E-16, 1.000000000000000000 ) ) ;
#2055 = ORIENTED_EDGE ( 'NONE', *, *, #1737, .T. ) ;
#2056 = ADVANCED_FACE ( 'NONE', ( #1356 ), #1761, .T. ) ;
#2057 = SURFACE_STYLE_FILL_AREA ( #3809 ) ;
#2058 = ORIENTED_EDGE ( 'NONE', *, *, #2376, .T. ) ;
#2059 = CARTESIAN_POINT ( 'NONE',  ( -0.5374999999999999778, 0.6500000000000001332, 0.6999999999999912959 ) ) ;
#2060 = PRESENTATION_LAYER_ASSIGNMENT (  '', '', ( #3209 ) ) ;
#2061 = STYLED_ITEM ( 'NONE', ( #5056 ), #3135 ) ;
#2062 = LINE ( 'NONE', #4958, #4622 ) ;
#2063 = SURFACE_SIDE_STYLE ('',( #4626 ) ) ;
#2064 = MECHANICAL_DESIGN_GEOMETRIC_PRESENTATION_REPRESENTATION (  '', ( #4974 ), #1308 ) ;
#2065 = PRESENTATION_LAYER_ASSIGNMENT (  '', '', ( #1312 ) ) ;
#2066 = ORIENTED_EDGE ( 'NONE', *, *, #447, .T. ) ;
#2067 = LINE ( 'NONE', #2842, #305 ) ;
#2068 = CIRCLE ( 'NONE', #3993, 0.1750000000000002387 ) ;
#2069 = PRESENTATION_LAYER_ASSIGNMENT (  '', '', ( #4779 ) ) ;
#2070 = SURFACE_SIDE_STYLE ('',( #4631 ) ) ;
#2071 = ORIENTED_EDGE ( 'NONE', *, *, #1823, .T. ) ;
#2072 = VECTOR ( 'NONE', #4388, 1000.000000000000000 ) ;
#2073 = PLANE ( 'NONE',  #2926 ) ;
#2074 = FILL_AREA_STYLE ('',( #3798 ) ) ;
#2075 = DIRECTION ( 'NONE',  ( 0.000000000000000000, -0.000000000000000000, 1.000000000000000000 ) ) ;
#2076 = STYLED_ITEM ( 'NONE', ( #3498 ), #4596 ) ;
#2077 = VERTEX_POINT ( 'NONE', #4839 ) ;
#2078 = DIRECTION ( 'NONE',  ( 0.000000000000000000, -1.000000000000000000, 4.336808689942016158E-15 ) ) ;
#2079 = DIRECTION ( 'NONE',  ( -1.000000000000000000, -0.000000000000000000, -0.000000000000000000 ) ) ;
#2080 = FILL_AREA_STYLE ('',( #79 ) ) ;
#2081 = VERTEX_POINT ( 'NONE', #3244 ) ;
#2082 = PLANE ( 'NONE',  #3566 ) ;
#2083 = CARTESIAN_POINT ( 'NONE',  ( -0.9999999999999997780, 0.6184383502355528250, 0.7249999999999916511 ) ) ;
#2084 = EDGE_LOOP ( 'NONE', ( #943, #3055, #2256, #3907 ) ) ;
#2085 =( NAMED_UNIT ( * ) SI_UNIT ( $, .STERADIAN. ) SOLID_ANGLE_UNIT ( ) );
#2087 = EDGE_CURVE ( 'NONE', #853, #2832, #3664, .T. ) ;
#2086 = DIRECTION ( 'NONE',  ( 0.000000000000000000, 1.000000000000000000, -1.204669080539450823E-16 ) ) ;
#2088 = VECTOR ( 'NONE', #3850, 1000.000000000000000 ) ;
#2089 =( GEOMETRIC_REPRESENTATION_CONTEXT ( 3 ) GLOBAL_UNCERTAINTY_ASSIGNED_CONTEXT ( ( #1221 ) ) GLOBAL_UNIT_ASSIGNED_CONTEXT ( ( #2466, #20, #4171 ) ) REPRESENTATION_CONTEXT ( 'NONE', 'WORKASPACE' ) );
#2090 = CARTESIAN_POINT ( 'NONE',  ( -0.9638868161355490516, -3.344154176269754512E-16, 1.056958655048003237 ) ) ;
#2091 = PRESENTATION_STYLE_ASSIGNMENT (( #1722 ) ) ;
#2092 = VERTEX_POINT ( 'NONE', #1539 ) ;
#2093 = CYLINDRICAL_SURFACE ( 'NONE', #5104, 0.02500000000000025466 ) ;
#2094 = DIRECTION ( 'NONE',  ( 0.000000000000000000, -5.355436828253419639E-16, -1.000000000000000000 ) ) ;
#2095 = FACE_OUTER_BOUND ( 'NONE', #1525, .T. ) ;
#2096 = SURFACE_SIDE_STYLE ('',( #2482 ) ) ;
#2097 = VERTEX_POINT ( 'NONE', #4370 ) ;
#2098 = VERTEX_POINT ( 'NONE', #4908 ) ;
#2099 = EDGE_CURVE ( 'NONE', #621, #5155, #1973, .T. ) ;
#2100 = ORIENTED_EDGE ( 'NONE', *, *, #1434, .F. ) ;
#2101 = ORIENTED_EDGE ( 'NONE', *, *, #2105, .F. ) ;
#2102 = DIRECTION ( 'NONE',  ( 0.000000000000000000, -0.000000000000000000, 1.000000000000000000 ) ) ;
#2103 = DIRECTION ( 'NONE',  ( 1.000000000000000000, -0.000000000000000000, -0.000000000000000000 ) ) ;
#2104 = CARTESIAN_POINT ( 'NONE',  ( 1.000375508488680509, 0.5755657735840931100, 0.8042920816657764815 ) ) ;
#2105 = EDGE_CURVE ( 'NONE', #1172, #2599, #4815, .T. ) ;
#2106 = AXIS2_PLACEMENT_3D ( 'NONE', #4108, #2375, #2821 ) ;
#2107 = SURFACE_STYLE_USAGE ( .BOTH. , #511 ) ;
#2108 = AXIS2_PLACEMENT_3D ( 'NONE', #5316, #1075, #1559 ) ;
#2109 = EDGE_CURVE ( 'NONE', #2519, #2653, #4052, .T. ) ;
#2110 = DIRECTION ( 'NONE',  ( 1.000000000000000000, 0.000000000000000000, 0.000000000000000000 ) ) ;
#2111 = ORIENTED_EDGE ( 'NONE', *, *, #1041, .T. ) ;
#2112 = DIRECTION ( 'NONE',  ( -3.469446951953614189E-16, 1.000000000000000000, -0.000000000000000000 ) ) ;
#2113 = ADVANCED_FACE ( 'NONE', ( #1055 ), #3183, .F. ) ;
#2114 = FILL_AREA_STYLE_COLOUR ( '', #1991 ) ;
#2115 = PLANE ( 'NONE',  #433 ) ;
#2116 =( LENGTH_UNIT ( ) NAMED_UNIT ( * ) SI_UNIT ( .MILLI., .METRE. ) );
#2117 = VERTEX_POINT ( 'NONE', #277 ) ;
#2118 =( GEOMETRIC_REPRESENTATION_CONTEXT ( 3 ) GLOBAL_UNCERTAINTY_ASSIGNED_CONTEXT ( ( #1619 ) ) GLOBAL_UNIT_ASSIGNED_CONTEXT ( ( #1116, #3602, #3185 ) ) REPRESENTATION_CONTEXT ( 'NONE', 'WORKASPACE' ) );
#2119 = FILL_AREA_STYLE ('',( #468 ) ) ;
#2120 = SURFACE_STYLE_FILL_AREA ( #4610 ) ;
#2121 = PLANE ( 'NONE',  #1409 ) ;
#2122 = VECTOR ( 'NONE', #5184, 1000.000000000000000 ) ;
#2123 = ORIENTED_EDGE ( 'NONE', *, *, #1870, .T. ) ;
#2124 = SURFACE_SIDE_STYLE ('',( #452 ) ) ;
#2125 = ORIENTED_EDGE ( 'NONE', *, *, #1170, .F. ) ;
#2126 =( NAMED_UNIT ( * ) SI_UNIT ( $, .STERADIAN. ) SOLID_ANGLE_UNIT ( ) );
#2127 = ADVANCED_FACE ( 'NONE', ( #3628 ), #215, .T. ) ;
#2128 = LINE ( 'NONE', #1715, #2154 ) ;
#2129 = DIRECTION ( 'NONE',  ( 1.000000000000000000, 0.000000000000000000, 0.000000000000000000 ) ) ;
#2130 = CARTESIAN_POINT ( 'NONE',  ( 0.1125000000000000028, 0.4225511228578717748, 0.8749999999999914513 ) ) ;
#2131 = AXIS2_PLACEMENT_3D ( 'NONE', #4459, #3362, #3202 ) ;
#2132 = DIRECTION ( 'NONE',  ( 0.000000000000000000, -0.08715574274765489071, -0.9961946980917458783 ) ) ;
#2133 = EDGE_CURVE ( 'NONE', #1732, #1491, #791, .T. ) ;
#2134 = VECTOR ( 'NONE', #286, 1000.000000000000000 ) ;
#2135 = VECTOR ( 'NONE', #5157, 1000.000000000000000 ) ;
#2136 = SURFACE_SIDE_STYLE ('',( #88 ) ) ;
#2137 = EDGE_LOOP ( 'NONE', ( #4391, #765, #467, #5186 ) ) ;
#2138 = LINE ( 'NONE', #2608, #394 ) ;
#2139 = VECTOR ( 'NONE', #196, 1000.000000000000000 ) ;
#2140 =( NAMED_UNIT ( * ) SI_UNIT ( $, .STERADIAN. ) SOLID_ANGLE_UNIT ( ) );
#2141 = VECTOR ( 'NONE', #1245, 1000.000000000000000 ) ;
#2142 = FILL_AREA_STYLE ('',( #1380 ) ) ;
#2143 = FILL_AREA_STYLE ('',( #4222 ) ) ;
#2144 = COLOUR_RGB ( '',0.8509803921568627194, 0.8509803921568627194, 0.8509803921568627194 ) ;
#2145 = VECTOR ( 'NONE', #458, 1000.000000000000000 ) ;
#2146 = EDGE_CURVE ( 'NONE', #1171, #1247, #465, .T. ) ;
#2147 = ORIENTED_EDGE ( 'NONE', *, *, #4437, .T. ) ;
#2148 = CARTESIAN_POINT ( 'NONE',  ( 0.1125000000000000028, -0.8250000000000003997, 0.1499999999999999112 ) ) ;
#2149 = UNCERTAINTY_MEASURE_WITH_UNIT (LENGTH_MEASURE( 1.000000000000000082E-05 ), #4314, 'distance_accuracy_value', 'NONE');
#2150 = STYLED_ITEM ( 'NONE', ( #67 ), #2236 ) ;
#2151 = MECHANICAL_DESIGN_GEOMETRIC_PRESENTATION_REPRESENTATION (  '', ( #4529 ), #509 ) ;
#2152 = DIRECTION ( 'NONE',  ( 0.000000000000000000, -5.355436828253419639E-16, 1.000000000000000000 ) ) ;
#2153 = VECTOR ( 'NONE', #1883, 1000.000000000000000 ) ;
#2154 = VECTOR ( 'NONE', #1743, 1000.000000000000000 ) ;
#2155 = ORIENTED_EDGE ( 'NONE', *, *, #3542, .T. ) ;
#2156 = SURFACE_STYLE_USAGE ( .BOTH. , #1388 ) ;
#2157 = ORIENTED_EDGE ( 'NONE', *, *, #2109, .F. ) ;
#2158 = CARTESIAN_POINT ( 'NONE',  ( 1.000000000000000222, 0.6250000000000001110, 0.7999999999999914957 ) ) ;
#2159 = UNCERTAINTY_MEASURE_WITH_UNIT (LENGTH_MEASURE( 1.000000000000000082E-05 ), #4902, 'distance_accuracy_value', 'NONE');
#2160 = DIRECTION ( 'NONE',  ( 1.000000000000000000, 0.000000000000000000, 0.000000000000000000 ) ) ;
#2161 = VERTEX_POINT ( 'NONE', #5041 ) ;
#2162 =( GEOMETRIC_REPRESENTATION_CONTEXT ( 3 ) GLOBAL_UNCERTAINTY_ASSIGNED_CONTEXT ( ( #5105 ) ) GLOBAL_UNIT_ASSIGNED_CONTEXT ( ( #4345, #4588, #2239 ) ) REPRESENTATION_CONTEXT ( 'NONE', 'WORKASPACE' ) );
#2163 = CARTESIAN_POINT ( 'NONE',  ( -0.7895958345333496942, 0.5393734126984709443, 1.100000000000000089 ) ) ;
#2164 = SURFACE_STYLE_FILL_AREA ( #793 ) ;
#2165 = STYLED_ITEM ( 'NONE', ( #4390 ), #2725 ) ;
#2166 = SURFACE_STYLE_USAGE ( .BOTH. , #510 ) ;
#2167 = FACE_OUTER_BOUND ( 'NONE', #3720, .T. ) ;
#2168 = VECTOR ( 'NONE', #2397, 1000.000000000000000 ) ;
#2169 = COLOUR_RGB ( '',0.8509803921568627194, 0.8509803921568627194, 0.8509803921568627194 ) ;
#2170 = DIRECTION ( 'NONE',  ( 0.000000000000000000, 0.000000000000000000, -1.000000000000000000 ) ) ;
#2171 = EDGE_CURVE ( 'NONE', #2832, #322, #3043, .T. ) ;
#2172 = ORIENTED_EDGE ( 'NONE', *, *, #5017, .F. ) ;
#2173 =( NAMED_UNIT ( * ) SI_UNIT ( $, .STERADIAN. ) SOLID_ANGLE_UNIT ( ) );
#2174 = SURFACE_STYLE_FILL_AREA ( #4628 ) ;
#2175 = SURFACE_STYLE_USAGE ( .BOTH. , #941 ) ;
#2176 = SURFACE_STYLE_FILL_AREA ( #574 ) ;
#2177 = VERTEX_POINT ( 'NONE', #4965 ) ;
#2178 = UNCERTAINTY_MEASURE_WITH_UNIT (LENGTH_MEASURE( 1.000000000000000082E-05 ), #3255, 'distance_accuracy_value', 'NONE');
#2179 = DIRECTION ( 'NONE',  ( 0.000000000000000000, -1.000000000000000000, 0.000000000000000000 ) ) ;
#2180 = ADVANCED_FACE ( 'NONE', ( #2095 ), #2875, .F. ) ;
#2181 = FILL_AREA_STYLE_COLOUR ( '', #319 ) ;
#2182 = CARTESIAN_POINT ( 'NONE',  ( 0.7624999999999999556, 0.4225511228578717748, 0.8749999999999914513 ) ) ;
#2183 = VERTEX_POINT ( 'NONE', #3725 ) ;
#2184 = DIRECTION ( 'NONE',  ( 0.000000000000000000, 1.000000000000000000, 0.000000000000000000 ) ) ;
#2185 = ORIENTED_EDGE ( 'NONE', *, *, #1403, .T. ) ;
#2186 = SURFACE_STYLE_USAGE ( .BOTH. , #3834 ) ;
#2187 =( BOUNDED_CURVE ( )  B_SPLINE_CURVE ( 3, ( #2787, #4007, #4040, #5224 ),
 .UNSPECIFIED., .F., .F. ) 
 B_SPLINE_CURVE_WITH_KNOTS ( ( 4, 4 ),
 ( 2.365888331013465073, 3.917296976166123379 ),
 .UNSPECIFIED. ) 
 CURVE ( )  GEOMETRIC_REPRESENTATION_ITEM ( )  RATIONAL_B_SPLINE_CURVE ( ( 1.000000000000000000, 0.8092853540441815596, 0.8092853540441815596, 1.000000000000000000 ) ) 
 REPRESENTATION_ITEM ( '' )  );
#2188 = CARTESIAN_POINT ( 'NONE',  ( -0.9477039915470749643, -0.5231905881099969680, 1.172105435147488217 ) ) ;
#2189 = EDGE_CURVE ( 'NONE', #4025, #5259, #2068, .T. ) ;
#2190 = VERTEX_POINT ( 'NONE', #1257 ) ;
#2191 = FILL_AREA_STYLE ('',( #539 ) ) ;
#2192 = SURFACE_STYLE_FILL_AREA ( #2629 ) ;
#2193 = DIRECTION ( 'NONE',  ( 0.000000000000000000, 0.000000000000000000, -1.000000000000000000 ) ) ;
#2194 = FILL_AREA_STYLE ('',( #541 ) ) ;
#2195 = AXIS2_PLACEMENT_3D ( 'NONE', #4431, #2019, #790 ) ;
#2196 = CARTESIAN_POINT ( 'NONE',  ( 0.7624999999999999556, 0.4225511228578718859, 0.7249999999999915401 ) ) ;
#2197 = UNCERTAINTY_MEASURE_WITH_UNIT (LENGTH_MEASURE( 1.000000000000000082E-05 ), #5391, 'distance_accuracy_value', 'NONE');
#2198 = EDGE_LOOP ( 'NONE', ( #1896, #2155, #5054, #180, #3785, #2663, #3758, #3409, #1507, #379, #3240, #202, #95 ) ) ;
#2199 = SURFACE_SIDE_STYLE ('',( #4268 ) ) ;
#2200 =( GEOMETRIC_REPRESENTATION_CONTEXT ( 3 ) GLOBAL_UNCERTAINTY_ASSIGNED_CONTEXT ( ( #1052 ) ) GLOBAL_UNIT_ASSIGNED_CONTEXT ( ( #1054, #5199, #1083 ) ) REPRESENTATION_CONTEXT ( 'NONE', 'WORKASPACE' ) );
#2201 = SURFACE_SIDE_STYLE ('',( #4700 ) ) ;
#2202 = ADVANCED_FACE ( 'NONE', ( #4571 ), #4935, .F. ) ;
#2203 = CARTESIAN_POINT ( 'NONE',  ( 1.000000000000000222, 0.6250000000000001110, 0.8000000000000283551 ) ) ;
#2204 = DIRECTION ( 'NONE',  ( -0.000000000000000000, -1.000000000000000000, -0.000000000000000000 ) ) ;
#2205 = EDGE_LOOP ( 'NONE', ( #308, #2101, #2300, #857 ) ) ;
#2206 = ORIENTED_EDGE ( 'NONE', *, *, #2762, .F. ) ;
#2207 = VECTOR ( 'NONE', #5289, 1000.000000000000000 ) ;
#2208 = DIRECTION ( 'NONE',  ( 1.000000000000000000, 0.000000000000000000, 0.000000000000000000 ) ) ;
#2209 = EDGE_CURVE ( 'NONE', #1080, #3355, #4778, .T. ) ;
#2210 = CARTESIAN_POINT ( 'NONE',  ( 0.000000000000000000, -0.6144594373973207846, 0.8749999999999915623 ) ) ;
#2211 = SURFACE_STYLE_USAGE ( .BOTH. , #2295 ) ;
#2212 = CARTESIAN_POINT ( 'NONE',  ( 0.1125000000000000028, -0.8000000000000001554, 0.1750000000000001554 ) ) ;
#2213 = DIRECTION ( 'NONE',  ( 0.000000000000000000, 0.000000000000000000, -1.000000000000000000 ) ) ;
#2214 = CARTESIAN_POINT ( 'NONE',  ( -0.9143734126984703892, -0.5393734126984708332, 1.050000000000000044 ) ) ;
#2215 = EDGE_CURVE ( 'NONE', #4005, #4133, #1428, .T. ) ;
#2216 = DIRECTION ( 'NONE',  ( 0.000000000000000000, 0.1391731009600618851, -0.9902680687415708061 ) ) ;
#2217 = UNCERTAINTY_MEASURE_WITH_UNIT (LENGTH_MEASURE( 1.000000000000000082E-05 ), #4339, 'distance_accuracy_value', 'NONE');
#2218 = VECTOR ( 'NONE', #241, 1000.000000000000000 ) ;
#2219 = PRESENTATION_STYLE_ASSIGNMENT (( #1418 ) ) ;
#2220 = CIRCLE ( 'NONE', #1708, 0.02500000000000025466 ) ;
#2221 = DIRECTION ( 'NONE',  ( 1.000000000000000000, 0.000000000000000000, 0.000000000000000000 ) ) ;
#2222 = CARTESIAN_POINT ( 'NONE',  ( -0.5374999999999999778, 0.8250000000000003997, 0.1499999999999999112 ) ) ;
#2223 = EDGE_CURVE ( 'NONE', #4018, #4561, #3320, .T. ) ;
#2224 = VECTOR ( 'NONE', #3336, 1000.000000000000000 ) ;
#2225 = STYLED_ITEM ( 'NONE', ( #75 ), #160 ) ;
#2226 = COLOUR_RGB ( '',0.8509803921568627194, 0.8509803921568627194, 0.8509803921568627194 ) ;
#2227 = EDGE_LOOP ( 'NONE', ( #3333, #4285, #4833, #4441 ) ) ;
#2228 = ORIENTED_EDGE ( 'NONE', *, *, #2648, .T. ) ;
#2229 = UNCERTAINTY_MEASURE_WITH_UNIT (LENGTH_MEASURE( 1.000000000000000082E-05 ), #2247, 'distance_accuracy_value', 'NONE');
#2230 = SURFACE_SIDE_STYLE ('',( #134 ) ) ;
#2231 = SURFACE_STYLE_FILL_AREA ( #580 ) ;
#2232 = PRESENTATION_LAYER_ASSIGNMENT (  '', '', ( #4615 ) ) ;
#2233 = SURFACE_STYLE_FILL_AREA ( #1784 ) ;
#2234 = FILL_AREA_STYLE_COLOUR ( '', #408 ) ;
#2235 = CARTESIAN_POINT ( 'NONE',  ( 0.7624999999999999556, -1.050000000000000044, 0.1499999999999998834 ) ) ;
#2236 = ADVANCED_FACE ( 'NONE', ( #1830 ), #606, .T. ) ;
#2237 =( GEOMETRIC_REPRESENTATION_CONTEXT ( 3 ) GLOBAL_UNCERTAINTY_ASSIGNED_CONTEXT ( ( #536 ) ) GLOBAL_UNIT_ASSIGNED_CONTEXT ( ( #11, #893, #2902 ) ) REPRESENTATION_CONTEXT ( 'NONE', 'WORKASPACE' ) );
#2238 = CARTESIAN_POINT ( 'NONE',  ( -0.9999999999999993339, -0.6249999999999998890, 0.7999999999999914957 ) ) ;
#2239 =( NAMED_UNIT ( * ) SI_UNIT ( $, .STERADIAN. ) SOLID_ANGLE_UNIT ( ) );
#2240 = MECHANICAL_DESIGN_GEOMETRIC_PRESENTATION_REPRESENTATION (  '', ( #689 ), #786 ) ;
#2241 = FILL_AREA_STYLE_COLOUR ( '', #5192 ) ;
#2242 = PRESENTATION_LAYER_ASSIGNMENT (  '', '', ( #3484 ) ) ;
#2243 = AXIS2_PLACEMENT_3D ( 'NONE', #3466, #3969, #2631 ) ;
#2244 = DIRECTION ( 'NONE',  ( 0.000000000000000000, -1.000000000000000000, 5.355436828253419639E-16 ) ) ;
#2245 = ORIENTED_EDGE ( 'NONE', *, *, #3060, .F. ) ;
#2246 = CARTESIAN_POINT ( 'NONE',  ( 0.7624999999999999556, -0.8250000000000003997, 0.1499999999999999112 ) ) ;
#2247 =( LENGTH_UNIT ( ) NAMED_UNIT ( * ) SI_UNIT ( .MILLI., .METRE. ) );
#2248 =( GEOMETRIC_REPRESENTATION_CONTEXT ( 3 ) GLOBAL_UNCERTAINTY_ASSIGNED_CONTEXT ( ( #2597 ) ) GLOBAL_UNIT_ASSIGNED_CONTEXT ( ( #3331, #366, #2877 ) ) REPRESENTATION_CONTEXT ( 'NONE', 'WORKASPACE' ) );
#2249 = ORIENTED_EDGE ( 'NONE', *, *, #3894, .T. ) ;
#2250 = EDGE_CURVE ( 'NONE', #5038, #2620, #1562, .T. ) ;
#2251 = CARTESIAN_POINT ( 'NONE',  ( 0.7624999999999999556, 0.6249999999999998890, 0.6999999999999912959 ) ) ;
#2252 = CIRCLE ( 'NONE', #2692, 0.1750000000000002387 ) ;
#2253 = UNCERTAINTY_MEASURE_WITH_UNIT (LENGTH_MEASURE( 1.000000000000000082E-05 ), #2116, 'distance_accuracy_value', 'NONE');
#2254 = LINE ( 'NONE', #2284, #1021 ) ;
#2255 = AXIS2_PLACEMENT_3D ( 'NONE', #4481, #4460, #4566 ) ;
#2256 = ORIENTED_EDGE ( 'NONE', *, *, #4382, .F. ) ;
#2257 = DIRECTION ( 'NONE',  ( -3.469446951953614189E-16, 1.000000000000000000, 0.000000000000000000 ) ) ;
#2258 = CARTESIAN_POINT ( 'NONE',  ( 0.5374999999999999778, 0.4225511228578717748, 0.8749999999999914513 ) ) ;
#2259 = COLOUR_RGB ( '',0.8509803921568627194, 0.8509803921568627194, 0.8509803921568627194 ) ;
#2260 = DIRECTION ( 'NONE',  ( 0.000000000000000000, 0.000000000000000000, -1.000000000000000000 ) ) ;
#2261 = ADVANCED_FACE ( 'NONE', ( #2980 ), #915, .T. ) ;
#2262 =( LENGTH_UNIT ( ) NAMED_UNIT ( * ) SI_UNIT ( .MILLI., .METRE. ) );
#2263 = FILL_AREA_STYLE_COLOUR ( '', #3380 ) ;
#2264 =( NAMED_UNIT ( * ) PLANE_ANGLE_UNIT ( ) SI_UNIT ( $, .RADIAN. ) );
#2265 = LINE ( 'NONE', #1936, #1283 ) ;
#2266 = EDGE_LOOP ( 'NONE', ( #1713, #1758, #131, #3592, #3189, #599, #4451, #1533, #3966, #2023, #12, #4103, #3360, #3594, #3735, #5377 ) ) ;
#2267 = SURFACE_STYLE_USAGE ( .BOTH. , #2731 ) ;
#2268 = DIRECTION ( 'NONE',  ( 1.000000000000000000, 0.000000000000000000, 0.000000000000000000 ) ) ;
#2269 = CYLINDRICAL_SURFACE ( 'NONE', #2430, 0.05000000000000001665 ) ;
#2270 =( NAMED_UNIT ( * ) SI_UNIT ( $, .STERADIAN. ) SOLID_ANGLE_UNIT ( ) );
#2271 = DIRECTION ( 'NONE',  ( -1.000000000000000000, -0.000000000000000000, -0.000000000000000000 ) ) ;
#2272 =( NAMED_UNIT ( * ) PLANE_ANGLE_UNIT ( ) SI_UNIT ( $, .RADIAN. ) );
#2273 =( LENGTH_UNIT ( ) NAMED_UNIT ( * ) SI_UNIT ( .MILLI., .METRE. ) );
#2274 = EDGE_CURVE ( 'NONE', #1623, #3942, #957, .T. ) ;
#2275 = SURFACE_STYLE_USAGE ( .BOTH. , #4349 ) ;
#2276 = CARTESIAN_POINT ( 'NONE',  ( 0.7624999999999999556, -0.6249999999999998890, 0.6999999999999912959 ) ) ;
#2277 = ORIENTED_EDGE ( 'NONE', *, *, #1276, .F. ) ;
#2278 = LINE ( 'NONE', #5215, #168 ) ;
#2279 =( NAMED_UNIT ( * ) PLANE_ANGLE_UNIT ( ) SI_UNIT ( $, .RADIAN. ) );
#2280 = CARTESIAN_POINT ( 'NONE',  ( 0.1125000000000000028, -0.8250000000000003997, 0.1750000000000001554 ) ) ;
#2281 =( NAMED_UNIT ( * ) PLANE_ANGLE_UNIT ( ) SI_UNIT ( $, .RADIAN. ) );
#2282 = ORIENTED_EDGE ( 'NONE', *, *, #4136, .F. ) ;
#2283 =( NAMED_UNIT ( * ) SI_UNIT ( $, .STERADIAN. ) SOLID_ANGLE_UNIT ( ) );
#2284 = CARTESIAN_POINT ( 'NONE',  ( 0.8910651694163919112, -0.5655785728534704626, 1.222805423579277351 ) ) ;
#2285 = FILL_AREA_STYLE_COLOUR ( '', #2791 ) ;
#2286 = EDGE_CURVE ( 'NONE', #621, #1247, #728, .T. ) ;
#2287 = CARTESIAN_POINT ( 'NONE',  ( 0.9143734126984710553, -0.5393734126984707222, 1.100000000000000089 ) ) ;
#2288 = STYLED_ITEM ( 'NONE', ( #4570 ), #3989 ) ;
#2289 = FILL_AREA_STYLE_COLOUR ( '', #5413 ) ;
#2290 =( LENGTH_UNIT ( ) NAMED_UNIT ( * ) SI_UNIT ( .MILLI., .METRE. ) );
#2291 = SURFACE_STYLE_FILL_AREA ( #1877 ) ;
#2292 = VERTEX_POINT ( 'NONE', #754 ) ;
#2293 = EDGE_CURVE ( 'NONE', #1014, #5001, #234, .T. ) ;
#2294 = FILL_AREA_STYLE ('',( #4748 ) ) ;
#2295 = SURFACE_SIDE_STYLE ('',( #4276 ) ) ;
#2296 = CARTESIAN_POINT ( 'NONE',  ( 0.7624999999999999556, 0.6500000000000001332, 0.1750000000000001554 ) ) ;
#2297 = LINE ( 'NONE', #4523, #951 ) ;
#2298 = DIRECTION ( 'NONE',  ( 1.000000000000000000, 0.000000000000000000, 0.000000000000000000 ) ) ;
#2299 = DIRECTION ( 'NONE',  ( 0.08682659386424430858, 0.08682659386424433634, -0.9924325091389677445 ) ) ;
#2300 = ORIENTED_EDGE ( 'NONE', *, *, #275, .F. ) ;
#2301 =( LENGTH_UNIT ( ) NAMED_UNIT ( * ) SI_UNIT ( .MILLI., .METRE. ) );
#2302 =( GEOMETRIC_REPRESENTATION_CONTEXT ( 3 ) GLOBAL_UNCERTAINTY_ASSIGNED_CONTEXT ( ( #4265 ) ) GLOBAL_UNIT_ASSIGNED_CONTEXT ( ( #125, #3556, #5228 ) ) REPRESENTATION_CONTEXT ( 'NONE', 'WORKASPACE' ) );
#2303 = DIRECTION ( 'NONE',  ( -0.9961946980917457672, 0.000000000000000000, 0.08715574274765498786 ) ) ;
#2304 = LINE ( 'NONE', #3116, #3893 ) ;
#2305 = CARTESIAN_POINT ( 'NONE',  ( -0.7624999999999999556, -0.8000000000000001554, 0.1750000000000001554 ) ) ;
#2306 = ORIENTED_EDGE ( 'NONE', *, *, #4629, .F. ) ;
#2307 =( LENGTH_UNIT ( ) NAMED_UNIT ( * ) SI_UNIT ( .MILLI., .METRE. ) );
#2308 = CARTESIAN_POINT ( 'NONE',  ( -0.5374999999999999778, 0.6144594373973210066, 0.8749999999999914513 ) ) ;
#2309 = PRESENTATION_LAYER_ASSIGNMENT (  '', '', ( #403 ) ) ;
#2310 =( GEOMETRIC_REPRESENTATION_CONTEXT ( 3 ) GLOBAL_UNCERTAINTY_ASSIGNED_CONTEXT ( ( #4520 ) ) GLOBAL_UNIT_ASSIGNED_CONTEXT ( ( #1707, #4469, #841 ) ) REPRESENTATION_CONTEXT ( 'NONE', 'WORKASPACE' ) );
#2311 =( NAMED_UNIT ( * ) PLANE_ANGLE_UNIT ( ) SI_UNIT ( $, .RADIAN. ) );
#2312 = VERTEX_POINT ( 'NONE', #5321 ) ;
#2313 = CARTESIAN_POINT ( 'NONE',  ( 0.1125000000000000028, -1.050000000000000044, -1.219727444046192488E-16 ) ) ;
#2314 = VECTOR ( 'NONE', #153, 1000.000000000000000 ) ;
#2315 = CYLINDRICAL_SURFACE ( 'NONE', #5280, 0.04999999999999996114 ) ;
#2316 = DIRECTION ( 'NONE',  ( -1.000000000000000000, -0.000000000000000000, -0.000000000000000000 ) ) ;
#2317 = FILL_AREA_STYLE ('',( #663 ) ) ;
#2318 = CARTESIAN_POINT ( 'NONE',  ( 0.9501902650954094920, -0.6249999999999998890, 0.7999999999999914957 ) ) ;
#2319 = CARTESIAN_POINT ( 'NONE',  ( 0.1125000000000000028, 0.8250000000000003997, 0.1750000000000001554 ) ) ;
#2320 = CIRCLE ( 'NONE', #5396, 0.04999999999999991257 ) ;
#2321 = ADVANCED_FACE ( 'NONE', ( #3922 ), #633, .T. ) ;
#2322 =( NAMED_UNIT ( * ) SI_UNIT ( $, .STERADIAN. ) SOLID_ANGLE_UNIT ( ) );
#2323 =( GEOMETRIC_REPRESENTATION_CONTEXT ( 3 ) GLOBAL_UNCERTAINTY_ASSIGNED_CONTEXT ( ( #3507 ) ) GLOBAL_UNIT_ASSIGNED_CONTEXT ( ( #3440, #3083, #5251 ) ) REPRESENTATION_CONTEXT ( 'NONE', 'WORKASPACE' ) );
#2324 =( NAMED_UNIT ( * ) PLANE_ANGLE_UNIT ( ) SI_UNIT ( $, .RADIAN. ) );
#2325 =( LENGTH_UNIT ( ) NAMED_UNIT ( * ) SI_UNIT ( .MILLI., .METRE. ) );
#2326 = SURFACE_STYLE_USAGE ( .BOTH. , #1515 ) ;
#2327 = PRESENTATION_LAYER_ASSIGNMENT (  '', '', ( #2774 ) ) ;
#2328 = UNCERTAINTY_MEASURE_WITH_UNIT (LENGTH_MEASURE( 1.000000000000000082E-05 ), #2348, 'distance_accuracy_value', 'NONE');
#2329 =( GEOMETRIC_REPRESENTATION_CONTEXT ( 3 ) GLOBAL_UNCERTAINTY_ASSIGNED_CONTEXT ( ( #1106 ) ) GLOBAL_UNIT_ASSIGNED_CONTEXT ( ( #3713, #5386, #3738 ) ) REPRESENTATION_CONTEXT ( 'NONE', 'WORKASPACE' ) );
#2330 = CARTESIAN_POINT ( 'NONE',  ( 0.7624999999999999556, 0.6249999999999998890, 0.7249999999999916511 ) ) ;
#2331 = LINE ( 'NONE', #3913, #5135 ) ;
#2332 = ORIENTED_EDGE ( 'NONE', *, *, #427, .F. ) ;
#2333 = LINE ( 'NONE', #4803, #2415 ) ;
#2334 = AXIS2_PLACEMENT_3D ( 'NONE', #3271, #1194, #4514 ) ;
#2335 = EDGE_LOOP ( 'NONE', ( #5190, #5221, #55, #4306 ) ) ;
#2336 = SURFACE_STYLE_FILL_AREA ( #3944 ) ;
#2337 = CARTESIAN_POINT ( 'NONE',  ( -0.5374999999999999778, 0.8250000000000003997, 0.1499999999999999112 ) ) ;
#2338 = VECTOR ( 'NONE', #5285, 1000.000000000000000 ) ;
#2339 = LINE ( 'NONE', #2696, #3330 ) ;
#2340 =( GEOMETRIC_REPRESENTATION_CONTEXT ( 3 ) GLOBAL_UNCERTAINTY_ASSIGNED_CONTEXT ( ( #1949 ) ) GLOBAL_UNIT_ASSIGNED_CONTEXT ( ( #2262, #1805, #3846 ) ) REPRESENTATION_CONTEXT ( 'NONE', 'WORKASPACE' ) );
#2341 = CARTESIAN_POINT ( 'NONE',  ( 0.7624999999999999556, 0.8250000000000003997, 0.1499999999999999112 ) ) ;
#2342 = EDGE_CURVE ( 'NONE', #2097, #1137, #690, .T. ) ;
#2343 = MECHANICAL_DESIGN_GEOMETRIC_PRESENTATION_REPRESENTATION (  '', ( #2076 ), #3586 ) ;
#2344 = VERTEX_POINT ( 'NONE', #208 ) ;
#2345 = ORIENTED_EDGE ( 'NONE', *, *, #2014, .T. ) ;
#2346 = VECTOR ( 'NONE', #3548, 1000.000000000000000 ) ;
#2347 = LINE ( 'NONE', #4126, #1603 ) ;
#2348 =( LENGTH_UNIT ( ) NAMED_UNIT ( * ) SI_UNIT ( .MILLI., .METRE. ) );
#2349 = COLOUR_RGB ( '',0.8509803921568627194, 0.8509803921568627194, 0.8509803921568627194 ) ;
#2350 = DIRECTION ( 'NONE',  ( -1.000000000000000000, -0.000000000000000000, -0.000000000000000000 ) ) ;
#2351 = FILL_AREA_STYLE_COLOUR ( '', #2259 ) ;
#2352 = MECHANICAL_DESIGN_GEOMETRIC_PRESENTATION_REPRESENTATION (  '', ( #1147 ), #2971 ) ;
#2353 = DIRECTION ( 'NONE',  ( -0.000000000000000000, 1.000000000000000000, 0.000000000000000000 ) ) ;
#2354 = ORIENTED_EDGE ( 'NONE', *, *, #297, .F. ) ;
#2355 = DIRECTION ( 'NONE',  ( 0.000000000000000000, 0.000000000000000000, -1.000000000000000000 ) ) ;
#2356 = PLANE ( 'NONE',  #478 ) ;
#2357 = ADVANCED_FACE ( 'NONE', ( #1874 ), #3527, .T. ) ;
#2358 = DIRECTION ( 'NONE',  ( 0.000000000000000000, 0.000000000000000000, 1.000000000000000000 ) ) ;
#2359 = ORIENTED_EDGE ( 'NONE', *, *, #1926, .T. ) ;
#2360 = ORIENTED_EDGE ( 'NONE', *, *, #1183, .F. ) ;
#2361 = DIRECTION ( 'NONE',  ( 0.9961946980917458783, 0.000000000000000000, 0.08715574274765390539 ) ) ;
#2362 = EDGE_CURVE ( 'NONE', #1121, #1658, #4534, .T. ) ;
#2363 = CARTESIAN_POINT ( 'NONE',  ( 0.7624999999999999556, 0.8250000000000003997, -9.486769009248163798E-17 ) ) ;
#2364 = ORIENTED_EDGE ( 'NONE', *, *, #972, .F. ) ;
#2365 = CARTESIAN_POINT ( 'NONE',  ( 0.1125000000000000028, 0.4225511228578718859, 0.7249999999999915401 ) ) ;
#2366 = UNCERTAINTY_MEASURE_WITH_UNIT (LENGTH_MEASURE( 1.000000000000000082E-05 ), #87, 'distance_accuracy_value', 'NONE');
#2367 = DIRECTION ( 'NONE',  ( 0.000000000000000000, 0.000000000000000000, 1.000000000000000000 ) ) ;
#2368 = CARTESIAN_POINT ( 'NONE',  ( 0.7624999999999999556, 0.8000000000000001554, 0.1750000000000001554 ) ) ;
#2369 = DIRECTION ( 'NONE',  ( -0.9902680687415708061, 0.000000000000000000, 0.1391731009600618574 ) ) ;
#2370 = DIRECTION ( 'NONE',  ( 0.000000000000000000, 0.000000000000000000, 1.000000000000000000 ) ) ;
#2371 = FILL_AREA_STYLE_COLOUR ( '', #4787 ) ;
#2372 = ORIENTED_EDGE ( 'NONE', *, *, #3743, .T. ) ;
#2373 = CYLINDRICAL_SURFACE ( 'NONE', #207, 0.02500000000000028241 ) ;
#2374 = ORIENTED_EDGE ( 'NONE', *, *, #1944, .F. ) ;
#2375 = DIRECTION ( 'NONE',  ( 0.9961946980917458783, 3.456244658846758701E-16, 0.08715574274765489071 ) ) ;
#2376 = EDGE_CURVE ( 'NONE', #1165, #4470, #2062, .T. ) ;
#2377 = SURFACE_SIDE_STYLE ('',( #4020 ) ) ;
#2378 = DIRECTION ( 'NONE',  ( -0.000000000000000000, 1.204669080539450576E-16, 1.000000000000000000 ) ) ;
#2379 = PRESENTATION_STYLE_ASSIGNMENT (( #3657 ) ) ;
#2380 = AXIS2_PLACEMENT_3D ( 'NONE', #3685, #1536, #4547 ) ;
#2381 = ORIENTED_EDGE ( 'NONE', *, *, #3525, .F. ) ;
#2382 = EDGE_CURVE ( 'NONE', #2557, #2177, #1278, .T. ) ;
#2383 = LINE ( 'NONE', #2025, #4149 ) ;
#2384 = EDGE_CURVE ( 'NONE', #3587, #4378, #4591, .T. ) ;
#2385 = UNCERTAINTY_MEASURE_WITH_UNIT (LENGTH_MEASURE( 1.000000000000000082E-05 ), #2758, 'distance_accuracy_value', 'NONE');
#2386 = CARTESIAN_POINT ( 'NONE',  ( 0.7624999999999999556, 0.6249999999999998890, 0.8749999999999915623 ) ) ;
#2387 =( GEOMETRIC_REPRESENTATION_CONTEXT ( 3 ) GLOBAL_UNCERTAINTY_ASSIGNED_CONTEXT ( ( #3589 ) ) GLOBAL_UNIT_ASSIGNED_CONTEXT ( ( #3098, #1406, #1831 ) ) REPRESENTATION_CONTEXT ( 'NONE', 'WORKASPACE' ) );
#2388 = PLANE ( 'NONE',  #3211 ) ;
#2389 = VERTEX_POINT ( 'NONE', #4987 ) ;
#2390 =( NAMED_UNIT ( * ) SI_UNIT ( $, .STERADIAN. ) SOLID_ANGLE_UNIT ( ) );
#2391 = CARTESIAN_POINT ( 'NONE',  ( -0.8929413768309810706, -0.5179413768309816257, 0.1500000000000000222 ) ) ;
#2392 = VERTEX_POINT ( 'NONE', #1188 ) ;
#2393 = DIRECTION ( 'NONE',  ( 1.000000000000000000, 0.000000000000000000, 0.000000000000000000 ) ) ;
#2394 = FACE_OUTER_BOUND ( 'NONE', #4170, .T. ) ;
#2395 = ORIENTED_EDGE ( 'NONE', *, *, #1767, .T. ) ;
#2396 = DIRECTION ( 'NONE',  ( 0.000000000000000000, 1.000000000000000000, 5.355436828253419639E-16 ) ) ;
#2397 = DIRECTION ( 'NONE',  ( -1.000000000000000000, -0.000000000000000000, -0.000000000000000000 ) ) ;
#2398 = EDGE_CURVE ( 'NONE', #853, #2843, #4181, .T. ) ;
#2399 = PLANE ( 'NONE',  #4604 ) ;
#2400 = PRESENTATION_LAYER_ASSIGNMENT (  '', '', ( #119 ) ) ;
#2401 = CARTESIAN_POINT ( 'NONE',  ( -0.1125000000000000028, -0.6249999999999998890, 0.7249999999999916511 ) ) ;
#2402 = AXIS2_PLACEMENT_3D ( 'NONE', #5044, #1310, #2961 ) ;
#2403 = CIRCLE ( 'NONE', #28, 0.02500000000000028241 ) ;
#2404 = ORIENTED_EDGE ( 'NONE', *, *, #3468, .T. ) ;
#2405 = VERTEX_POINT ( 'NONE', #2452 ) ;
#2406 = CARTESIAN_POINT ( 'NONE',  ( -0.7624999999999999556, -0.6249999999999998890, 0.6999999999999912959 ) ) ;
#2407 =( GEOMETRIC_REPRESENTATION_CONTEXT ( 3 ) GLOBAL_UNCERTAINTY_ASSIGNED_CONTEXT ( ( #1355 ) ) GLOBAL_UNIT_ASSIGNED_CONTEXT ( ( #1517, #4796, #4377 ) ) REPRESENTATION_CONTEXT ( 'NONE', 'WORKASPACE' ) );
#2408 = COLOUR_RGB ( '',0.8509803921568627194, 0.8509803921568627194, 0.8509803921568627194 ) ;
#2409 = DIRECTION ( 'NONE',  ( -1.000000000000000000, -0.000000000000000000, -0.000000000000000000 ) ) ;
#2410 = FACE_OUTER_BOUND ( 'NONE', #3896, .T. ) ;
#2411 =( GEOMETRIC_REPRESENTATION_CONTEXT ( 3 ) GLOBAL_UNCERTAINTY_ASSIGNED_CONTEXT ( ( #1782 ) ) GLOBAL_UNIT_ASSIGNED_CONTEXT ( ( #2560, #4167, #5070 ) ) REPRESENTATION_CONTEXT ( 'NONE', 'WORKASPACE' ) );
#2412 = VERTEX_POINT ( 'NONE', #437 ) ;
#2413 = ORIENTED_EDGE ( 'NONE', *, *, #2823, .F. ) ;
#2414 = LINE ( 'NONE', #4059, #5027 ) ;
#2415 = VECTOR ( 'NONE', #4003, 1000.000000000000000 ) ;
#2416 = CARTESIAN_POINT ( 'NONE',  ( 0.7624999999999999556, -0.6500000000000001332, 0.6999999999999912959 ) ) ;
#2417 = SURFACE_STYLE_USAGE ( .BOTH. , #1067 ) ;
#2418 = EDGE_CURVE ( 'NONE', #2583, #2832, #1621, .T. ) ;
#2419 =( NAMED_UNIT ( * ) SI_UNIT ( $, .STERADIAN. ) SOLID_ANGLE_UNIT ( ) );
#2420 = ORIENTED_EDGE ( 'NONE', *, *, #2014, .F. ) ;
#2421 = VECTOR ( 'NONE', #402, 1000.000000000000000 ) ;
#2422 = DIRECTION ( 'NONE',  ( -1.000000000000000000, 0.000000000000000000, -0.000000000000000000 ) ) ;
#2423 = MECHANICAL_DESIGN_GEOMETRIC_PRESENTATION_REPRESENTATION (  '', ( #1648 ), #3812 ) ;
#2424 = STYLED_ITEM ( 'NONE', ( #3258 ), #1149 ) ;
#2425 =( LENGTH_UNIT ( ) NAMED_UNIT ( * ) SI_UNIT ( .MILLI., .METRE. ) );
#2426 = FILL_AREA_STYLE_COLOUR ( '', #1907 ) ;
#2427 = MECHANICAL_DESIGN_GEOMETRIC_PRESENTATION_REPRESENTATION (  '', ( #4332 ), #4179 ) ;
#2428 = EDGE_CURVE ( 'NONE', #3266, #2718, #1564, .T. ) ;
#2429 = DIRECTION ( 'NONE',  ( 1.000000000000000000, 0.000000000000000000, 0.000000000000000000 ) ) ;
#2430 = AXIS2_PLACEMENT_3D ( 'NONE', #5168, #1433, #3184 ) ;
#2431 = VECTOR ( 'NONE', #82, 1000.000000000000000 ) ;
#2432 = ORIENTED_EDGE ( 'NONE', *, *, #694, .T. ) ;
#2433 = ORIENTED_EDGE ( 'NONE', *, *, #5158, .F. ) ;
#2434 = SURFACE_SIDE_STYLE ('',( #385 ) ) ;
#2435 = AXIS2_PLACEMENT_3D ( 'NONE', #4463, #4043, #4484 ) ;
#2436 = PRESENTATION_LAYER_ASSIGNMENT (  '', '', ( #515 ) ) ;
#2437 = ORIENTED_EDGE ( 'NONE', *, *, #3787, .F. ) ;
#2438 = ORIENTED_EDGE ( 'NONE', *, *, #460, .F. ) ;
#2439 = UNCERTAINTY_MEASURE_WITH_UNIT (LENGTH_MEASURE( 1.000000000000000082E-05 ), #1013, 'distance_accuracy_value', 'NONE');
#2440 = VECTOR ( 'NONE', #3459, 999.9999999999998863 ) ;
#2441 = FACE_OUTER_BOUND ( 'NONE', #1272, .T. ) ;
#2442 = VECTOR ( 'NONE', #3992, 1000.000000000000000 ) ;
#2443 = DIRECTION ( 'NONE',  ( -0.000000000000000000, 1.000000000000000000, 0.000000000000000000 ) ) ;
#2444 = ORIENTED_EDGE ( 'NONE', *, *, #497, .F. ) ;
#2445 = ORIENTED_EDGE ( 'NONE', *, *, #275, .T. ) ;
#2446 = PRODUCT_DEFINITION_FORMATION_WITH_SPECIFIED_SOURCE ( '任何', '', #4054, .NOT_KNOWN. ) ;
#2447 = EDGE_CURVE ( 'NONE', #3804, #4048, #1254, .T. ) ;
#2448 = DIRECTION ( 'NONE',  ( 0.000000000000000000, 0.000000000000000000, -1.000000000000000000 ) ) ;
#2449 = ORIENTED_EDGE ( 'NONE', *, *, #1003, .F. ) ;
#2450 = SURFACE_STYLE_USAGE ( .BOTH. , #2039 ) ;
#2451 = PRESENTATION_STYLE_ASSIGNMENT (( #4150 ) ) ;
#2452 = CARTESIAN_POINT ( 'NONE',  ( -0.5374999999999999778, -1.050000000000000044, -1.219727444046192488E-16 ) ) ;
#2453 = CARTESIAN_POINT ( 'NONE',  ( -0.5374999999999999778, 0.8250000000000003997, 0.1499999999999999112 ) ) ;
#2454 = VERTEX_POINT ( 'NONE', #2401 ) ;
#2455 = EDGE_LOOP ( 'NONE', ( #936, #2982, #2433, #2306, #2542, #5008 ) ) ;
#2456 = DIRECTION ( 'NONE',  ( -1.000000000000000000, -0.000000000000000000, -0.000000000000000000 ) ) ;
#2457 = PRESENTATION_STYLE_ASSIGNMENT (( #822 ) ) ;
#2458 = ADVANCED_FACE ( 'NONE', ( #1762 ), #2269, .T. ) ;
#2459 = ORIENTED_EDGE ( 'NONE', *, *, #846, .T. ) ;
#2460 = VERTEX_POINT ( 'NONE', #1597 ) ;
#2461 = DIRECTION ( 'NONE',  ( -0.000000000000000000, -0.08715574274765489071, 0.9961946980917458783 ) ) ;
#2462 = CIRCLE ( 'NONE', #94, 0.1750000000000002387 ) ;
#2463 = CARTESIAN_POINT ( 'NONE',  ( -0.7624999999999999556, -0.8000000000000001554, 0.6999999999999912959 ) ) ;
#2464 = DIRECTION ( 'NONE',  ( -0.000000000000000000, 0.000000000000000000, 1.000000000000000000 ) ) ;
#2465 = ORIENTED_EDGE ( 'NONE', *, *, #4985, .T. ) ;
#2466 =( LENGTH_UNIT ( ) NAMED_UNIT ( * ) SI_UNIT ( .MILLI., .METRE. ) );
#2467 =( NAMED_UNIT ( * ) PLANE_ANGLE_UNIT ( ) SI_UNIT ( $, .RADIAN. ) );
#2468 = ORIENTED_EDGE ( 'NONE', *, *, #2040, .F. ) ;
#2469 = MECHANICAL_DESIGN_GEOMETRIC_PRESENTATION_REPRESENTATION (  '', ( #102 ), #2200 ) ;
#2470 = CARTESIAN_POINT ( 'NONE',  ( -0.1124999999999999750, -0.6249999999999998890, 0.7999999999999914957 ) ) ;
#2471 = VECTOR ( 'NONE', #992, 1000.000000000000000 ) ;
#2472 = PLANE ( 'NONE',  #4515 ) ;
#2473 = VERTEX_POINT ( 'NONE', #1915 ) ;
#2474 = FILL_AREA_STYLE_COLOUR ( '', #4968 ) ;
#2475 = CARTESIAN_POINT ( 'NONE',  ( -0.9504865965629212265, 0.6250000000000001110, 0.7999999999999914957 ) ) ;
#2476 = PRESENTATION_LAYER_ASSIGNMENT (  '', '', ( #392 ) ) ;
#2477 = EDGE_CURVE ( 'NONE', #4084, #3704, #760, .T. ) ;
#2478 = ORIENTED_EDGE ( 'NONE', *, *, #2548, .T. ) ;
#2479 = FILL_AREA_STYLE ('',( #4904 ) ) ;
#2480 = AXIS2_PLACEMENT_3D ( 'NONE', #788, #5323, #4155 ) ;
#2481 = FILL_AREA_STYLE ('',( #2114 ) ) ;
#2482 = SURFACE_STYLE_FILL_AREA ( #1258 ) ;
#2483 = ORIENTED_EDGE ( 'NONE', *, *, #1843, .F. ) ;
#2484 = VECTOR ( 'NONE', #5406, 1000.000000000000000 ) ;
#2485 =( NAMED_UNIT ( * ) SI_UNIT ( $, .STERADIAN. ) SOLID_ANGLE_UNIT ( ) );
#2486 = ADVANCED_FACE ( 'NONE', ( #1488 ), #5328, .F. ) ;
#2487 = LINE ( 'NONE', #4168, #5424 ) ;
#2488 = FILL_AREA_STYLE_COLOUR ( '', #4233 ) ;
#2489 = ORIENTED_EDGE ( 'NONE', *, *, #3161, .F. ) ;
#2490 = SPHERICAL_SURFACE ( 'NONE', #1333, 0.05000000000000000278 ) ;
#2491 = LINE ( 'NONE', #1590, #673 ) ;
#2492 =( NAMED_UNIT ( * ) SI_UNIT ( $, .STERADIAN. ) SOLID_ANGLE_UNIT ( ) );
#2493 = EDGE_LOOP ( 'NONE', ( #5095, #3695, #2794, #5234 ) ) ;
#2494 = PRESENTATION_STYLE_ASSIGNMENT (( #428 ) ) ;
#2495 = CARTESIAN_POINT ( 'NONE',  ( -0.9999999999999997780, 0.5751902650954096030, 0.7999999999999914957 ) ) ;
#2496 = ORIENTED_EDGE ( 'NONE', *, *, #2919, .T. ) ;
#2497 = VECTOR ( 'NONE', #3144, 1000.000000000000000 ) ;
#2498 = VECTOR ( 'NONE', #3880, 1000.000000000000000 ) ;
#2499 = VECTOR ( 'NONE', #2132, 999.9999999999998863 ) ;
#2500 = STYLED_ITEM ( 'NONE', ( #5167 ), #2056 ) ;
#2501 = UNCERTAINTY_MEASURE_WITH_UNIT (LENGTH_MEASURE( 1.000000000000000082E-05 ), #3802, 'distance_accuracy_value', 'NONE');
#2502 = CARTESIAN_POINT ( 'NONE',  ( 0.7624999999999999556, -0.6184383502355526030, 0.7249999999999916511 ) ) ;
#2503 =( GEOMETRIC_REPRESENTATION_CONTEXT ( 3 ) GLOBAL_UNCERTAINTY_ASSIGNED_CONTEXT ( ( #4473 ) ) GLOBAL_UNIT_ASSIGNED_CONTEXT ( ( #4178, #2944, #2085 ) ) REPRESENTATION_CONTEXT ( 'NONE', 'WORKASPACE' ) );
#2504 = ORIENTED_EDGE ( 'NONE', *, *, #2376, .F. ) ;
#2505 = LINE ( 'NONE', #4219, #929 ) ;
#2506 = ADVANCED_FACE ( 'NONE', ( #4053 ), #3629, .T. ) ;
#2507 = VECTOR ( 'NONE', #2790, 1000.000000000000000 ) ;
#2508 = SURFACE_SIDE_STYLE ('',( #2020 ) ) ;
#2509 = VECTOR ( 'NONE', #4797, 1000.000000000000000 ) ;
#2510 = DIRECTION ( 'NONE',  ( -3.469446951953614189E-16, 1.000000000000000000, 0.000000000000000000 ) ) ;
#2511 = VERTEX_POINT ( 'NONE', #3572 ) ;
#2512 = CARTESIAN_POINT ( 'NONE',  ( -0.9999999999999993339, -0.6249999999999998890, 0.8000000000000283551 ) ) ;
#2513 = MECHANICAL_DESIGN_GEOMETRIC_PRESENTATION_REPRESENTATION (  '', ( #4889 ), #158 ) ;
#2514 = DIRECTION ( 'NONE',  ( 1.000000000000000000, 0.000000000000000000, 0.000000000000000000 ) ) ;
#2515 = PRESENTATION_LAYER_ASSIGNMENT (  '', '', ( #2076 ) ) ;
#2516 = ORIENTED_EDGE ( 'NONE', *, *, #3781, .F. ) ;
#2517 = SURFACE_STYLE_USAGE ( .BOTH. , #4530 ) ;
#2518 = FACE_OUTER_BOUND ( 'NONE', #4335, .T. ) ;
#2519 = VERTEX_POINT ( 'NONE', #2318 ) ;
#2520 = MECHANICAL_DESIGN_GEOMETRIC_PRESENTATION_REPRESENTATION (  '', ( #886 ), #1827 ) ;
#2521 = CARTESIAN_POINT ( 'NONE',  ( 0.9143734126984711663, 0.5393734126984710553, 1.050000000000000044 ) ) ;
#2522 = DIRECTION ( 'NONE',  ( -0.000000000000000000, 1.204669080539450576E-16, 1.000000000000000000 ) ) ;
#2523 = DIRECTION ( 'NONE',  ( 0.000000000000000000, -1.000000000000000000, 1.204669080539450576E-16 ) ) ;
#2524 = SURFACE_SIDE_STYLE ('',( #2164 ) ) ;
#2525 = AXIS2_PLACEMENT_3D ( 'NONE', #3879, #136, #4278 ) ;
#2526 = PRESENTATION_STYLE_ASSIGNMENT (( #2166 ) ) ;
#2527 = ADVANCED_FACE ( 'NONE', ( #5238 ), #1085, .T. ) ;
#2528 = CARTESIAN_POINT ( 'NONE',  ( -0.1125000000000000028, -0.6249999999999998890, 0.6999999999999912959 ) ) ;
#2529 = VERTEX_POINT ( 'NONE', #4966 ) ;
#2530 = DIRECTION ( 'NONE',  ( 0.000000000000000000, 1.000000000000000000, 5.355436828253419639E-16 ) ) ;
#2531 = DIRECTION ( 'NONE',  ( 1.000000000000000000, 0.000000000000000000, 0.000000000000000000 ) ) ;
#2532 = FACE_OUTER_BOUND ( 'NONE', #2730, .T. ) ;
#2533 = ORIENTED_EDGE ( 'NONE', *, *, #3378, .T. ) ;
#2534 =( LENGTH_UNIT ( ) NAMED_UNIT ( * ) SI_UNIT ( .MILLI., .METRE. ) );
#2535 = UNCERTAINTY_MEASURE_WITH_UNIT (LENGTH_MEASURE( 1.000000000000000082E-05 ), #1813, 'distance_accuracy_value', 'NONE');
#2536 = SURFACE_STYLE_USAGE ( .BOTH. , #1263 ) ;
#2537 = SURFACE_STYLE_USAGE ( .BOTH. , #897 ) ;
#2538 = SURFACE_SIDE_STYLE ('',( #4189 ) ) ;
#2539 = VERTEX_POINT ( 'NONE', #1230 ) ;
#2540 = ADVANCED_FACE ( 'NONE', ( #2532 ), #2115, .F. ) ;
#2541 = CARTESIAN_POINT ( 'NONE',  ( -0.9477039915470752973, 0.5231905881099969680, 1.172105435147488439 ) ) ;
#2542 = ORIENTED_EDGE ( 'NONE', *, *, #1303, .F. ) ;
#2543 = CARTESIAN_POINT ( 'NONE',  ( 0.000000000000000000, 0.5393734126984709443, 1.100000000000000089 ) ) ;
#2544 = DIRECTION ( 'NONE',  ( 1.000000000000000000, 0.000000000000000000, 0.000000000000000000 ) ) ;
#2545 = CARTESIAN_POINT ( 'NONE',  ( 1.000000000000000222, 0.6250000000000001110, 0.7999999999999914957 ) ) ;
#2546 = FILL_AREA_STYLE_COLOUR ( '', #3025 ) ;
#2547 = CARTESIAN_POINT ( 'NONE',  ( -0.5796202109455335094, -0.5393734126984707222, 1.100000000000000089 ) ) ;
#2548 = EDGE_CURVE ( 'NONE', #3715, #2098, #1824, .T. ) ;
#2549 = MECHANICAL_DESIGN_GEOMETRIC_PRESENTATION_REPRESENTATION (  '', ( #1857 ), #1618 ) ;
#2550 = FILL_AREA_STYLE ('',( #4442 ) ) ;
#2551 = EDGE_LOOP ( 'NONE', ( #1353, #3310, #1390, #550 ) ) ;
#2552 = CARTESIAN_POINT ( 'NONE',  ( -0.1125000000000000028, -0.8250000000000003997, 0.1750000000000001554 ) ) ;
#2553 = CARTESIAN_POINT ( 'NONE',  ( 0.7624999999999999556, -0.6249999999999998890, 0.6999999999999912959 ) ) ;
#2554 = FILL_AREA_STYLE_COLOUR ( '', #54 ) ;
#2555 = CARTESIAN_POINT ( 'NONE',  ( -0.5374999999999999778, 0.6500000000000001332, 0.6999999999999912959 ) ) ;
#2556 = SURFACE_STYLE_USAGE ( .BOTH. , #37 ) ;
#2557 = VERTEX_POINT ( 'NONE', #5398 ) ;
#2558 =( GEOMETRIC_REPRESENTATION_CONTEXT ( 3 ) GLOBAL_UNCERTAINTY_ASSIGNED_CONTEXT ( ( #98 ) ) GLOBAL_UNIT_ASSIGNED_CONTEXT ( ( #1033, #2272, #2738 ) ) REPRESENTATION_CONTEXT ( 'NONE', 'WORKASPACE' ) );
#2559 =( NAMED_UNIT ( * ) SI_UNIT ( $, .STERADIAN. ) SOLID_ANGLE_UNIT ( ) );
#2560 =( LENGTH_UNIT ( ) NAMED_UNIT ( * ) SI_UNIT ( .MILLI., .METRE. ) );
#2561 = DIRECTION ( 'NONE',  ( 1.000000000000000000, -0.000000000000000000, -0.000000000000000000 ) ) ;
#2562 = STYLED_ITEM ( 'NONE', ( #2938 ), #3011 ) ;
#2563 = ORIENTED_EDGE ( 'NONE', *, *, #4386, .F. ) ;
#2564 = VERTEX_POINT ( 'NONE', #3703 ) ;
#2565 = CARTESIAN_POINT ( 'NONE',  ( 0.1125000000000000028, 0.8000000000000001554, 0.1750000000000001554 ) ) ;
#2566 = ADVANCED_FACE ( 'NONE', ( #1657 ), #4993, .T. ) ;
#2567 = ORIENTED_EDGE ( 'NONE', *, *, #2792, .T. ) ;
#2568 = DIRECTION ( 'NONE',  ( 0.000000000000000000, 1.000000000000000000, -5.355436828253419639E-16 ) ) ;
#2569 = DIRECTION ( 'NONE',  ( 0.000000000000000000, -1.000000000000000000, -1.204669080539450823E-16 ) ) ;
#2570 = AXIS2_PLACEMENT_3D ( 'NONE', #307, #2350, #4023 ) ;
#2571 = VECTOR ( 'NONE', #1086, 999.9999999999998863 ) ;
#2572 = AXIS2_PLACEMENT_3D ( 'NONE', #908, #1373, #1718 ) ;
#2573 = VERTEX_POINT ( 'NONE', #129 ) ;
#2574 = CARTESIAN_POINT ( 'NONE',  ( -0.7624999999999999556, 0.6250000000000001110, 0.8000000000000283551 ) ) ;
#2575 = AXIS2_PLACEMENT_3D ( 'NONE', #4688, #2598, #143 ) ;
#2576 = MECHANICAL_DESIGN_GEOMETRIC_PRESENTATION_REPRESENTATION (  '', ( #1647 ), #2667 ) ;
#2577 = EDGE_CURVE ( 'NONE', #4163, #5290, #4741, .T. ) ;
#2578 = FACE_OUTER_BOUND ( 'NONE', #4994, .T. ) ;
#2579 = AXIS2_PLACEMENT_3D ( 'NONE', #4714, #3384, #2625 ) ;
#2580 = VECTOR ( 'NONE', #2268, 1000.000000000000000 ) ;
#2581 = VECTOR ( 'NONE', #2221, 1000.000000000000000 ) ;
#2582 = CARTESIAN_POINT ( 'NONE',  ( 0.9143734126984711663, 0.5393734126984710553, 1.050000000000000044 ) ) ;
#2583 = VERTEX_POINT ( 'NONE', #1405 ) ;
#2584 = EDGE_CURVE ( 'NONE', #46, #2909, #3038, .T. ) ;
#2585 = UNCERTAINTY_MEASURE_WITH_UNIT (LENGTH_MEASURE( 1.000000000000000082E-05 ), #4060, 'distance_accuracy_value', 'NONE');
#2586 = VECTOR ( 'NONE', #3229, 1000.000000000000000 ) ;
#2587 = SURFACE_STYLE_USAGE ( .BOTH. , #2986 ) ;
#2588 = FILL_AREA_STYLE_COLOUR ( '', #4354 ) ;
#2589 = PRESENTATION_LAYER_ASSIGNMENT (  '', '', ( #4983 ) ) ;
#2590 = VECTOR ( 'NONE', #3934, 1000.000000000000000 ) ;
#2591 = ORIENTED_EDGE ( 'NONE', *, *, #2428, .F. ) ;
#2592 = LINE ( 'NONE', #2212, #3727 ) ;
#2593 = ORIENTED_EDGE ( 'NONE', *, *, #3542, .F. ) ;
#2594 = CARTESIAN_POINT ( 'NONE',  ( 0.5374999999999999778, 0.5828377495892825833, 1.100000000000000089 ) ) ;
#2595 = DIRECTION ( 'NONE',  ( 0.000000000000000000, -0.9902680687415708061, -0.1391731009600618574 ) ) ;
#2596 = MECHANICAL_DESIGN_GEOMETRIC_PRESENTATION_REPRESENTATION (  '', ( #4785 ), #3584 ) ;
#2597 = UNCERTAINTY_MEASURE_WITH_UNIT (LENGTH_MEASURE( 1.000000000000000082E-05 ), #3331, 'distance_accuracy_value', 'NONE');
#2598 = DIRECTION ( 'NONE',  ( 1.000000000000000000, 0.000000000000000000, 0.000000000000000000 ) ) ;
#2599 = VERTEX_POINT ( 'NONE', #521 ) ;
#2600 = STYLED_ITEM ( 'NONE', ( #4956 ), #4648 ) ;
#2601 = SURFACE_STYLE_USAGE ( .BOTH. , #1371 ) ;
#2602 = SURFACE_STYLE_USAGE ( .BOTH. , #1747 ) ;
#2603 =( GEOMETRIC_REPRESENTATION_CONTEXT ( 3 ) GLOBAL_UNCERTAINTY_ASSIGNED_CONTEXT ( ( #5198 ) ) GLOBAL_UNIT_ASSIGNED_CONTEXT ( ( #27, #2630, #566 ) ) REPRESENTATION_CONTEXT ( 'NONE', 'WORKASPACE' ) );
#2604 = LINE ( 'NONE', #4695, #5045 ) ;
#2605 = EDGE_CURVE ( 'NONE', #3266, #1625, #5111, .T. ) ;
#2606 = DIRECTION ( 'NONE',  ( 0.000000000000000000, -5.355436828253419639E-16, -1.000000000000000000 ) ) ;
#2607 = VERTEX_POINT ( 'NONE', #942 ) ;
#2608 = CARTESIAN_POINT ( 'NONE',  ( -0.8910651694163912451, -0.5655785728534704626, 1.222805423579277129 ) ) ;
#2609 = EDGE_CURVE ( 'NONE', #757, #2389, #546, .T. ) ;
#2610 = VECTOR ( 'NONE', #2936, 1000.000000000000000 ) ;
#2611 = FILL_AREA_STYLE ('',( #2554 ) ) ;
#2612 = CARTESIAN_POINT ( 'NONE',  ( -0.9999999999999993339, -0.5754865965629215596, 0.7999999999999914957 ) ) ;
#2613 = EDGE_CURVE ( 'NONE', #5411, #3119, #3128, .T. ) ;
#2614 = PLANE ( 'NONE',  #4384 ) ;
#2615 = UNCERTAINTY_MEASURE_WITH_UNIT (LENGTH_MEASURE( 1.000000000000000082E-05 ), #4939, 'distance_accuracy_value', 'NONE');
#2616 = LINE ( 'NONE', #3534, #913 ) ;
#2617 = CARTESIAN_POINT ( 'NONE',  ( -0.5796202109455335094, -0.8147491644423104917, 1.099900000000000100 ) ) ;
#2618 = ADVANCED_FACE ( 'NONE', ( #1756 ), #3899, .T. ) ;
#2619 = SURFACE_SIDE_STYLE ('',( #4732 ) ) ;
#2620 = VERTEX_POINT ( 'NONE', #3095 ) ;
#2621 = DIRECTION ( 'NONE',  ( 0.000000000000000000, 0.000000000000000000, -1.000000000000000000 ) ) ;
#2622 = PRESENTATION_STYLE_ASSIGNMENT (( #4711 ) ) ;
#2623 = VERTEX_POINT ( 'NONE', #2555 ) ;
#2624 =( LENGTH_UNIT ( ) NAMED_UNIT ( * ) SI_UNIT ( .MILLI., .METRE. ) );
#2625 = DIRECTION ( 'NONE',  ( 0.000000000000000000, 0.000000000000000000, -1.000000000000000000 ) ) ;
#2626 = DIRECTION ( 'NONE',  ( 1.000000000000000000, -4.353374594594169657E-15, 0.000000000000000000 ) ) ;
#2627 = LINE ( 'NONE', #2545, #219 ) ;
#2628 = ORIENTED_EDGE ( 'NONE', *, *, #4526, .F. ) ;
#2629 = FILL_AREA_STYLE ('',( #1770 ) ) ;
#2630 =( NAMED_UNIT ( * ) PLANE_ANGLE_UNIT ( ) SI_UNIT ( $, .RADIAN. ) );
#2631 = DIRECTION ( 'NONE',  ( 0.000000000000000000, 0.000000000000000000, -1.000000000000000000 ) ) ;
#2632 = STYLED_ITEM ( 'NONE', ( #1754 ), #3958 ) ;
#2633 = CARTESIAN_POINT ( 'NONE',  ( -0.5374999999999999778, -0.4225511228578718859, 0.7249999999999915401 ) ) ;
#2634 = ORIENTED_EDGE ( 'NONE', *, *, #5313, .T. ) ;
#2635 = DIRECTION ( 'NONE',  ( 0.000000000000000000, -1.000000000000000000, -5.355436828253419639E-16 ) ) ;
#2636 = ADVANCED_FACE ( 'NONE', ( #3502 ), #4744, .F. ) ;
#2637 = FILL_AREA_STYLE_COLOUR ( '', #2408 ) ;
#2638 = DIRECTION ( 'NONE',  ( 0.000000000000000000, -0.000000000000000000, -1.000000000000000000 ) ) ;
#2639 = VERTEX_POINT ( 'NONE', #299 ) ;
#2640 = AXIS2_PLACEMENT_3D ( 'NONE', #3156, #4366, #2729 ) ;
#2641 = DIRECTION ( 'NONE',  ( -0.1378445374916251465, 0.1378445374916251742, 0.9808148484639902520 ) ) ;
#2642 = CARTESIAN_POINT ( 'NONE',  ( -0.5374999999999999778, -1.050000000000000044, -1.219727444046192488E-16 ) ) ;
#2643 = PRESENTATION_STYLE_ASSIGNMENT (( #3957 ) ) ;
#2644 = AXIS2_PLACEMENT_3D ( 'NONE', #1146, #3663, #2050 ) ;
#2645 = CARTESIAN_POINT ( 'NONE',  ( -0.1125000000000000028, 0.8250000000000003997, 0.1750000000000001554 ) ) ;
#2646 = SURFACE_STYLE_USAGE ( .BOTH. , #3996 ) ;
#2647 =( GEOMETRIC_REPRESENTATION_CONTEXT ( 3 ) GLOBAL_UNCERTAINTY_ASSIGNED_CONTEXT ( ( #3152 ) ) GLOBAL_UNIT_ASSIGNED_CONTEXT ( ( #1280, #3821, #2173 ) ) REPRESENTATION_CONTEXT ( 'NONE', 'WORKASPACE' ) );
#2648 = EDGE_CURVE ( 'NONE', #1513, #625, #4899, .T. ) ;
#2649 = UNCERTAINTY_MEASURE_WITH_UNIT (LENGTH_MEASURE( 1.000000000000000082E-05 ), #4211, 'distance_accuracy_value', 'NONE');
#2650 = COLOUR_RGB ( '',0.2235294117647058654, 0.2235294117647058654, 0.2235294117647058654 ) ;
#2651 = FILL_AREA_STYLE_COLOUR ( '', #3203 ) ;
#2652 = LINE ( 'NONE', #2684, #4510 ) ;
#2653 = VERTEX_POINT ( 'NONE', #1993 ) ;
#2654 =( LENGTH_UNIT ( ) NAMED_UNIT ( * ) SI_UNIT ( .MILLI., .METRE. ) );
#2655 = SURFACE_SIDE_STYLE ('',( #5310 ) ) ;
#2656 = STYLED_ITEM ( 'NONE', ( #1605 ), #117 ) ;
#2657 = MECHANICAL_DESIGN_GEOMETRIC_PRESENTATION_REPRESENTATION (  '', ( #4954 ), #484 ) ;
#2658 = EDGE_CURVE ( 'NONE', #1482, #3179, #5347, .T. ) ;
#2659 = SURFACE_SIDE_STYLE ('',( #1538 ) ) ;
#2660 = ORIENTED_EDGE ( 'NONE', *, *, #1876, .T. ) ;
#2661 = VECTOR ( 'NONE', #2079, 1000.000000000000000 ) ;
#2662 = FACE_OUTER_BOUND ( 'NONE', #2935, .T. ) ;
#2663 = ORIENTED_EDGE ( 'NONE', *, *, #2477, .T. ) ;
#2664 = LINE ( 'NONE', #4329, #3056 ) ;
#2665 = VECTOR ( 'NONE', #4450, 1000.000000000000000 ) ;
#2666 = CARTESIAN_POINT ( 'NONE',  ( 0.1125000000000000028, -0.6500000000000001332, 0.6999999999999912959 ) ) ;
#2667 =( GEOMETRIC_REPRESENTATION_CONTEXT ( 3 ) GLOBAL_UNCERTAINTY_ASSIGNED_CONTEXT ( ( #4576 ) ) GLOBAL_UNIT_ASSIGNED_CONTEXT ( ( #1074, #5187, #2283 ) ) REPRESENTATION_CONTEXT ( 'NONE', 'WORKASPACE' ) );
#2668 = LINE ( 'NONE', #1909, #2207 ) ;
#2669 = EDGE_LOOP ( 'NONE', ( #3371, #2003, #3001, #5401, #681, #900 ) ) ;
#2670 = UNCERTAINTY_MEASURE_WITH_UNIT (LENGTH_MEASURE( 1.000000000000000082E-05 ), #1610, 'distance_accuracy_value', 'NONE');
#2671 = AXIS2_PLACEMENT_3D ( 'NONE', #1796, #3813, #4667 ) ;
#2672 =( NAMED_UNIT ( * ) PLANE_ANGLE_UNIT ( ) SI_UNIT ( $, .RADIAN. ) );
#2673 = ADVANCED_FACE ( 'NONE', ( #4811 ), #729, .T. ) ;
#2674 = LINE ( 'NONE', #3045, #1985 ) ;
#2675 = MECHANICAL_DESIGN_GEOMETRIC_PRESENTATION_REPRESENTATION (  '', ( #2424 ), #3571 ) ;
#2676 = COLOUR_RGB ( '',0.8509803921568627194, 0.8509803921568627194, 0.8509803921568627194 ) ;
#2677 = CARTESIAN_POINT ( 'NONE',  ( 0.5374999999999999778, -0.8250000000000003997, -9.486769009248163798E-17 ) ) ;
#2678 = ORIENTED_EDGE ( 'NONE', *, *, #1819, .T. ) ;
#2679 = EDGE_CURVE ( 'NONE', #2557, #1986, #353, .T. ) ;
#2680 = MECHANICAL_DESIGN_GEOMETRIC_PRESENTATION_REPRESENTATION (  '', ( #874 ), #1047 ) ;
#2681 = DIRECTION ( 'NONE',  ( -1.000000000000000000, -0.000000000000000000, -0.000000000000000000 ) ) ;
#2682 =( GEOMETRIC_REPRESENTATION_CONTEXT ( 3 ) GLOBAL_UNCERTAINTY_ASSIGNED_CONTEXT ( ( #5246 ) ) GLOBAL_UNIT_ASSIGNED_CONTEXT ( ( #1175, #2739, #3665 ) ) REPRESENTATION_CONTEXT ( 'NONE', 'WORKASPACE' ) );
#2683 = DIRECTION ( 'NONE',  ( 0.000000000000000000, 0.1391731009600618851, -0.9902680687415708061 ) ) ;
#2684 = CARTESIAN_POINT ( 'NONE',  ( 0.000000000000000000, -0.5393734126984707222, 1.100000000000000089 ) ) ;
#2685 = SURFACE_STYLE_FILL_AREA ( #200 ) ;
#2686 = FILL_AREA_STYLE ('',( #5277 ) ) ;
#2687 = COLOUR_RGB ( '',0.2235294117647058654, 0.2235294117647058654, 0.2235294117647058654 ) ;
#2688 = SURFACE_STYLE_USAGE ( .BOTH. , #2659 ) ;
#2689 = ORIENTED_EDGE ( 'NONE', *, *, #3689, .F. ) ;
#2690 = DIRECTION ( 'NONE',  ( 0.000000000000000000, 0.1391731009600618851, 0.9902680687415708061 ) ) ;
#2691 = CARTESIAN_POINT ( 'NONE',  ( 0.5374999999999999778, -1.050000000000000044, 0.1499999999999998834 ) ) ;
#2692 = AXIS2_PLACEMENT_3D ( 'NONE', #4198, #4666, #2193 ) ;
#2693 = UNCERTAINTY_MEASURE_WITH_UNIT (LENGTH_MEASURE( 1.000000000000000082E-05 ), #3452, 'distance_accuracy_value', 'NONE');
#2694 = EDGE_CURVE ( 'NONE', #4005, #2412, #1669, .T. ) ;
#2695 = CARTESIAN_POINT ( 'NONE',  ( 0.1125000000000000028, -0.8250000000000003997, -9.486769009248163798E-17 ) ) ;
#2696 = CARTESIAN_POINT ( 'NONE',  ( 0.000000000000000000, 0.6144594373973210066, 0.8749999999999915623 ) ) ;
#2697 = CARTESIAN_POINT ( 'NONE',  ( -0.7624999999999999556, 1.050000000000000044, 0.1499999999999998834 ) ) ;
#2698 = VECTOR ( 'NONE', #4379, 999.9999999999998863 ) ;
#2699 = DIRECTION ( 'NONE',  ( -0.000000000000000000, 0.9902680687415708061, 0.1391731009600618851 ) ) ;
#2700 = CARTESIAN_POINT ( 'NONE',  ( -0.9999999999999993339, -0.5751902650954093810, 0.7999999999999914957 ) ) ;
#2701 = SURFACE_SIDE_STYLE ('',( #1079 ) ) ;
#2702 = ORIENTED_EDGE ( 'NONE', *, *, #632, .T. ) ;
#2703 = CARTESIAN_POINT ( 'NONE',  ( 0.1125000000000000028, -0.8000000000000001554, 0.6999999999999912959 ) ) ;
#2704 = EDGE_LOOP ( 'NONE', ( #1863, #1104, #3858, #4173 ) ) ;
#2705 = PRESENTATION_STYLE_ASSIGNMENT (( #2267 ) ) ;
#2706 = CARTESIAN_POINT ( 'NONE',  ( 0.1125000000000000028, 0.6249999999999998890, 0.8749999999999915623 ) ) ;
#2707 =( NAMED_UNIT ( * ) SI_UNIT ( $, .STERADIAN. ) SOLID_ANGLE_UNIT ( ) );
#2708 = FACE_OUTER_BOUND ( 'NONE', #2801, .T. ) ;
#2709 = CYLINDRICAL_SURFACE ( 'NONE', #1214, 0.1750000000000002387 ) ;
#2710 = CARTESIAN_POINT ( 'NONE',  ( 0.9143734126984710553, -1.586185024817067843E-16, 1.100000000000000089 ) ) ;
#2711 = DIRECTION ( 'NONE',  ( 0.000000000000000000, 0.000000000000000000, -1.000000000000000000 ) ) ;
#2712 = UNCERTAINTY_MEASURE_WITH_UNIT (LENGTH_MEASURE( 1.000000000000000082E-05 ), #985, 'distance_accuracy_value', 'NONE');
#2713 = LINE ( 'NONE', #5098, #2431 ) ;
#2714 = FACE_OUTER_BOUND ( 'NONE', #738, .T. ) ;
#2715 = CARTESIAN_POINT ( 'NONE',  ( 0.8929413768309819588, 0.5179413768309817367, 0.1500000000000000222 ) ) ;
#2716 = EDGE_CURVE ( 'NONE', #3729, #2081, #3151, .T. ) ;
#2717 = DIRECTION ( 'NONE',  ( 0.000000000000000000, 0.000000000000000000, -1.000000000000000000 ) ) ;
#2718 = VERTEX_POINT ( 'NONE', #657 ) ;
#2719 = CARTESIAN_POINT ( 'NONE',  ( 0.7624999999999999556, 1.050000000000000044, -1.219727444046192488E-16 ) ) ;
#2720 =( LENGTH_UNIT ( ) NAMED_UNIT ( * ) SI_UNIT ( .MILLI., .METRE. ) );
#2721 = ORIENTED_EDGE ( 'NONE', *, *, #2609, .F. ) ;
#2722 = SURFACE_STYLE_FILL_AREA ( #295 ) ;
#2723 = PRESENTATION_STYLE_ASSIGNMENT (( #1401 ) ) ;
#2724 = PLANE ( 'NONE',  #4540 ) ;
#2725 = ADVANCED_FACE ( 'NONE', ( #237 ), #3924, .F. ) ;
#2726 =( NAMED_UNIT ( * ) PLANE_ANGLE_UNIT ( ) SI_UNIT ( $, .RADIAN. ) );
#2727 = DIRECTION ( 'NONE',  ( 1.000000000000000000, 0.000000000000000000, 0.000000000000000000 ) ) ;
#2728 = VERTEX_POINT ( 'NONE', #785 ) ;
#2729 = DIRECTION ( 'NONE',  ( 0.000000000000000000, 0.000000000000000000, -1.000000000000000000 ) ) ;
#2730 = EDGE_LOOP ( 'NONE', ( #4611, #2016, #2991, #5421 ) ) ;
#2731 = SURFACE_SIDE_STYLE ('',( #4395 ) ) ;
#2732 = CARTESIAN_POINT ( 'NONE',  ( 0.000000000000000000, 0.5179413768309818478, 0.1500000000000000222 ) ) ;
#2733 = DIRECTION ( 'NONE',  ( 0.000000000000000000, 1.000000000000000000, 0.000000000000000000 ) ) ;
#2734 = PLANE ( 'NONE',  #4548 ) ;
#2735 = SURFACE_STYLE_FILL_AREA ( #584 ) ;
#2736 = LINE ( 'NONE', #1060, #4749 ) ;
#2737 = CARTESIAN_POINT ( 'NONE',  ( 0.7624999999999999556, 0.6249999999999998890, 0.6999999999999912959 ) ) ;
#2738 =( NAMED_UNIT ( * ) SI_UNIT ( $, .STERADIAN. ) SOLID_ANGLE_UNIT ( ) );
#2739 =( NAMED_UNIT ( * ) PLANE_ANGLE_UNIT ( ) SI_UNIT ( $, .RADIAN. ) );
#2740 = CIRCLE ( 'NONE', #1786, 0.02500000000000028241 ) ;
#2741 = FILL_AREA_STYLE_COLOUR ( '', #4087 ) ;
#2742 = DIRECTION ( 'NONE',  ( 0.000000000000000000, -1.000000000000000000, 0.000000000000000000 ) ) ;
#2743 = ORIENTED_EDGE ( 'NONE', *, *, #4855, .T. ) ;
#2744 = VECTOR ( 'NONE', #4961, 1000.000000000000000 ) ;
#2745 =( NAMED_UNIT ( * ) SI_UNIT ( $, .STERADIAN. ) SOLID_ANGLE_UNIT ( ) );
#2746 = FILL_AREA_STYLE_COLOUR ( '', #3126 ) ;
#2747 = COLOUR_RGB ( '',0.8509803921568627194, 0.8509803921568627194, 0.8509803921568627194 ) ;
#2748 = EDGE_CURVE ( 'NONE', #431, #757, #3332, .T. ) ;
#2749 = ORIENTED_EDGE ( 'NONE', *, *, #4876, .T. ) ;
#2750 = CARTESIAN_POINT ( 'NONE',  ( -0.5374999999999999778, -0.5828377495892823612, 1.100000000000000089 ) ) ;
#2751 = DIRECTION ( 'NONE',  ( 0.000000000000000000, 1.000000000000000000, 5.355436828253419639E-16 ) ) ;
#2752 =( NAMED_UNIT ( * ) SI_UNIT ( $, .STERADIAN. ) SOLID_ANGLE_UNIT ( ) );
#2753 = MECHANICAL_DESIGN_GEOMETRIC_PRESENTATION_REPRESENTATION (  '', ( #661 ), #4300 ) ;
#2754 = DIRECTION ( 'NONE',  ( 0.000000000000000000, 0.000000000000000000, -1.000000000000000000 ) ) ;
#2755 = STYLED_ITEM ( 'NONE', ( #712 ), #83 ) ;
#2756 = PRESENTATION_STYLE_ASSIGNMENT (( #4777 ) ) ;
#2757 = PRESENTATION_LAYER_ASSIGNMENT (  '', '', ( #1972 ) ) ;
#2758 =( LENGTH_UNIT ( ) NAMED_UNIT ( * ) SI_UNIT ( .MILLI., .METRE. ) );
#2759 = PRESENTATION_STYLE_ASSIGNMENT (( #1103 ) ) ;
#2760 = ORIENTED_EDGE ( 'NONE', *, *, #560, .F. ) ;
#2761 = DIRECTION ( 'NONE',  ( -0.9961946980917458783, 0.000000000000000000, 0.08715574274765390539 ) ) ;
#2762 = EDGE_CURVE ( 'NONE', #4911, #3804, #4543, .T. ) ;
#2763 = ORIENTED_EDGE ( 'NONE', *, *, #3264, .T. ) ;
#2764 = PRESENTATION_LAYER_ASSIGNMENT (  '', '', ( #4755 ) ) ;
#2765 =( GEOMETRIC_REPRESENTATION_CONTEXT ( 3 ) GLOBAL_UNCERTAINTY_ASSIGNED_CONTEXT ( ( #370 ) ) GLOBAL_UNIT_ASSIGNED_CONTEXT ( ( #3646, #1684, #3757 ) ) REPRESENTATION_CONTEXT ( 'NONE', 'WORKASPACE' ) );
#2766 = DIRECTION ( 'NONE',  ( 2.189714495920898685E-15, -1.000000000000000000, -0.000000000000000000 ) ) ;
#2767 = LINE ( 'NONE', #613, #3395 ) ;
#2768 = PRESENTATION_STYLE_ASSIGNMENT (( #1111 ) ) ;
#2769 = PRESENTATION_LAYER_ASSIGNMENT (  '', '', ( #4165 ) ) ;
#2770 = MECHANICAL_DESIGN_GEOMETRIC_PRESENTATION_REPRESENTATION (  '', ( #1029 ), #4609 ) ;
#2771 = EDGE_CURVE ( 'NONE', #3149, #927, #381, .T. ) ;
#2772 = DIRECTION ( 'NONE',  ( -1.000000000000000000, 0.000000000000000000, 2.168404344971008079E-15 ) ) ;
#2773 = CARTESIAN_POINT ( 'NONE',  ( 0.5374999999999999778, 0.8000000000000001554, 0.1750000000000001554 ) ) ;
#2774 = STYLED_ITEM ( 'NONE', ( #111 ), #1854 ) ;
#2775 =( GEOMETRIC_REPRESENTATION_CONTEXT ( 3 ) GLOBAL_UNCERTAINTY_ASSIGNED_CONTEXT ( ( #3219 ) ) GLOBAL_UNIT_ASSIGNED_CONTEXT ( ( #2307, #3971, #3588 ) ) REPRESENTATION_CONTEXT ( 'NONE', 'WORKASPACE' ) );
#2776 = UNCERTAINTY_MEASURE_WITH_UNIT (LENGTH_MEASURE( 1.000000000000000082E-05 ), #1956, 'distance_accuracy_value', 'NONE');
#2777 = VECTOR ( 'NONE', #456, 1000.000000000000000 ) ;
#2778 =( GEOMETRIC_REPRESENTATION_CONTEXT ( 3 ) GLOBAL_UNCERTAINTY_ASSIGNED_CONTEXT ( ( #296 ) ) GLOBAL_UNIT_ASSIGNED_CONTEXT ( ( #5020, #4525, #4977 ) ) REPRESENTATION_CONTEXT ( 'NONE', 'WORKASPACE' ) );
#2779 = PLANE ( 'NONE',  #1299 ) ;
#2780 = EDGE_LOOP ( 'NONE', ( #5059, #577, #1593, #988 ) ) ;
#2781 = CARTESIAN_POINT ( 'NONE',  ( 0.5374999999999999778, 0.6249999999999998890, 0.7249999999999916511 ) ) ;
#2782 = VERTEX_POINT ( 'NONE', #885 ) ;
#2783 = DIRECTION ( 'NONE',  ( 0.000000000000000000, 0.000000000000000000, -1.000000000000000000 ) ) ;
#2784 =( GEOMETRIC_REPRESENTATION_CONTEXT ( 3 ) GLOBAL_UNCERTAINTY_ASSIGNED_CONTEXT ( ( #2776 ) ) GLOBAL_UNIT_ASSIGNED_CONTEXT ( ( #1956, #4535, #2036 ) ) REPRESENTATION_CONTEXT ( 'NONE', 'WORKASPACE' ) );
#2785 = EDGE_LOOP ( 'NONE', ( #1742, #451, #4105, #4659, #4554, #2958, #830, #368, #4920, #364, #4039, #716, #362 ) ) ;
#2786 = LINE ( 'NONE', #2750, #588 ) ;
#2787 = CARTESIAN_POINT ( 'NONE',  ( 1.000000000000000000, -0.5754865965629215596, 0.7999999999999914957 ) ) ;
#2788 = PLANE ( 'NONE',  #2255 ) ;
#2789 = AXIS2_PLACEMENT_3D ( 'NONE', #5426, #4160, #2510 ) ;
#2790 = DIRECTION ( 'NONE',  ( -1.000000000000000000, -0.000000000000000000, -0.000000000000000000 ) ) ;
#2791 = COLOUR_RGB ( '',0.8509803921568627194, 0.8509803921568627194, 0.8509803921568627194 ) ;
#2792 = EDGE_CURVE ( 'NONE', #4267, #2573, #2252, .T. ) ;
#2793 = CARTESIAN_POINT ( 'NONE',  ( -0.5374999999999999778, 0.6249999999999998890, 0.6999999999999912959 ) ) ;
#2794 = ORIENTED_EDGE ( 'NONE', *, *, #460, .T. ) ;
#2795 = SURFACE_SIDE_STYLE ('',( #2819 ) ) ;
#2796 = EDGE_LOOP ( 'NONE', ( #4545, #1608, #2489, #2857 ) ) ;
#2797 = LINE ( 'NONE', #662, #1656 ) ;
#2798 = PRESENTATION_STYLE_ASSIGNMENT (( #1140 ) ) ;
#2799 = ADVANCED_FACE ( 'NONE', ( #116 ), #459, .T. ) ;
#2800 = SURFACE_SIDE_STYLE ('',( #2825 ) ) ;
#2801 = EDGE_LOOP ( 'NONE', ( #3381, #351, #3701, #2915 ) ) ;
#2802 = EDGE_LOOP ( 'NONE', ( #3820, #1792, #4308, #3670 ) ) ;
#2803 =( NAMED_UNIT ( * ) SI_UNIT ( $, .STERADIAN. ) SOLID_ANGLE_UNIT ( ) );
#2804 = FILL_AREA_STYLE_COLOUR ( '', #4061 ) ;
#2805 = CARTESIAN_POINT ( 'NONE',  ( 0.9578377495892825833, -1.661583630389322884E-16, 1.100000000000000089 ) ) ;
#2806 = EDGE_CURVE ( 'NONE', #2782, #2473, #3082, .T. ) ;
#2807 = FILL_AREA_STYLE ('',( #4035 ) ) ;
#2808 = ORIENTED_EDGE ( 'NONE', *, *, #1073, .T. ) ;
#2809 = DIRECTION ( 'NONE',  ( -1.000000000000000000, -0.000000000000000000, -0.000000000000000000 ) ) ;
#2810 = CARTESIAN_POINT ( 'NONE',  ( -0.7624999999999999556, -0.6144594373973207846, 0.8749999999999914513 ) ) ;
#2811 = VERTEX_POINT ( 'NONE', #4409 ) ;
#2812 = CARTESIAN_POINT ( 'NONE',  ( 0.5374999999999999778, 0.6249999999999998890, 0.8749999999999915623 ) ) ;
#2813 = CARTESIAN_POINT ( 'NONE',  ( 0.7624999999999999556, 0.6184383502355528250, 0.7249999999999916511 ) ) ;
#2814 = CARTESIAN_POINT ( 'NONE',  ( 0.7624999999999999556, -1.050000000000000044, -1.219727444046192488E-16 ) ) ;
#2815 = DIRECTION ( 'NONE',  ( 0.000000000000000000, 0.000000000000000000, -1.000000000000000000 ) ) ;
#2816 =( NAMED_UNIT ( * ) SI_UNIT ( $, .STERADIAN. ) SOLID_ANGLE_UNIT ( ) );
#2817 = CARTESIAN_POINT ( 'NONE',  ( 0.000000000000000000, 0.6144594373973210066, 0.8749999999999915623 ) ) ;
#2818 = ORIENTED_EDGE ( 'NONE', *, *, #5358, .T. ) ;
#2819 = SURFACE_STYLE_FILL_AREA ( #2479 ) ;
#2820 = ORIENTED_EDGE ( 'NONE', *, *, #3795, .T. ) ;
#2821 = DIRECTION ( 'NONE',  ( 3.469446951953614189E-16, -1.000000000000000000, 0.000000000000000000 ) ) ;
#2822 =( NAMED_UNIT ( * ) SI_UNIT ( $, .STERADIAN. ) SOLID_ANGLE_UNIT ( ) );
#2823 = EDGE_CURVE ( 'NONE', #2024, #2811, #4709, .T. ) ;
#2824 = SURFACE_STYLE_FILL_AREA ( #3570 ) ;
#2825 = SURFACE_STYLE_FILL_AREA ( #278 ) ;
#2826 = ORIENTED_EDGE ( 'NONE', *, *, #3236, .F. ) ;
#2827 = ORIENTED_EDGE ( 'NONE', *, *, #1183, .T. ) ;
#2828 = LINE ( 'NONE', #1062, #4012 ) ;
#2829 = SURFACE_STYLE_FILL_AREA ( #4114 ) ;
#2830 = UNCERTAINTY_MEASURE_WITH_UNIT (LENGTH_MEASURE( 1.000000000000000082E-05 ), #4507, 'distance_accuracy_value', 'NONE');
#2831 = FACE_OUTER_BOUND ( 'NONE', #4888, .T. ) ;
#2832 = VERTEX_POINT ( 'NONE', #226 ) ;
#2833 = PRESENTATION_STYLE_ASSIGNMENT (( #1179 ) ) ;
#2834 = ORIENTED_EDGE ( 'NONE', *, *, #2384, .F. ) ;
#2835 = EDGE_CURVE ( 'NONE', #1325, #4989, #5275, .T. ) ;
#2836 = CARTESIAN_POINT ( 'NONE',  ( 0.5374999999999999778, 0.6500000000000001332, 0.6999999999999912959 ) ) ;
#2837 = SURFACE_STYLE_USAGE ( .BOTH. , #1187 ) ;
#2838 = EDGE_CURVE ( 'NONE', #4853, #4683, #4452, .T. ) ;
#2839 = SURFACE_STYLE_FILL_AREA ( #2866 ) ;
#2840 = COLOUR_RGB ( '',0.8509803921568627194, 0.8509803921568627194, 0.8509803921568627194 ) ;
#2841 = VERTEX_POINT ( 'NONE', #1095 ) ;
#2842 = CARTESIAN_POINT ( 'NONE',  ( 0.000000000000000000, 0.6144594373973210066, 0.8749999999999915623 ) ) ;
#2843 = VERTEX_POINT ( 'NONE', #1925 ) ;
#2844 = DIRECTION ( 'NONE',  ( 0.000000000000000000, 1.000000000000000000, -5.355436828253419639E-16 ) ) ;
#2845 = AXIS2_PLACEMENT_3D ( 'NONE', #1048, #130, #4780 ) ;
#2846 = PRESENTATION_LAYER_ASSIGNMENT (  '', '', ( #2225 ) ) ;
#2847 = PRESENTATION_LAYER_ASSIGNMENT (  '', '', ( #5209 ) ) ;
#2848 = ORIENTED_EDGE ( 'NONE', *, *, #5121, .F. ) ;
#2849 = EDGE_CURVE ( 'NONE', #2190, #3522, #1498, .T. ) ;
#2850 = SURFACE_SIDE_STYLE ('',( #2829 ) ) ;
#2851 = COLOUR_RGB ( '',0.8509803921568627194, 0.8509803921568627194, 0.8509803921568627194 ) ;
#2852 = CARTESIAN_POINT ( 'NONE',  ( 0.9909519367360974940, -0.5661422018315099836, 0.6965801636549239229 ) ) ;
#2853 = COLOUR_RGB ( '',0.8509803921568627194, 0.8509803921568627194, 0.8509803921568627194 ) ;
#2854 = DIRECTION ( 'NONE',  ( 0.000000000000000000, 0.000000000000000000, -1.000000000000000000 ) ) ;
#2855 = SURFACE_STYLE_FILL_AREA ( #1267 ) ;
#2856 = ADVANCED_FACE ( 'NONE', ( #178 ), #4318, .T. ) ;
#2857 = ORIENTED_EDGE ( 'NONE', *, *, #1695, .T. ) ;
#2858 = AXIS2_PLACEMENT_3D ( 'NONE', #1558, #406, #1617 ) ;
#2859 = DIRECTION ( 'NONE',  ( 0.000000000000000000, 0.000000000000000000, -1.000000000000000000 ) ) ;
#2860 = VECTOR ( 'NONE', #2422, 1000.000000000000000 ) ;
#2861 =( GEOMETRIC_REPRESENTATION_CONTEXT ( 3 ) GLOBAL_UNCERTAINTY_ASSIGNED_CONTEXT ( ( #3540 ) ) GLOBAL_UNIT_ASSIGNED_CONTEXT ( ( #5333, #5380, #2485 ) ) REPRESENTATION_CONTEXT ( 'NONE', 'WORKASPACE' ) );
#2862 = ORIENTED_EDGE ( 'NONE', *, *, #1362, .F. ) ;
#2863 = VECTOR ( 'NONE', #1496, 1000.000000000000000 ) ;
#2864 = FILL_AREA_STYLE_COLOUR ( '', #4975 ) ;
#2865 = CARTESIAN_POINT ( 'NONE',  ( -0.9999999999999997780, 0.5754865965629216706, 0.7999999999999914957 ) ) ;
#2866 = FILL_AREA_STYLE ('',( #815 ) ) ;
#2867 = AXIS2_PLACEMENT_3D ( 'NONE', #5235, #1109, #1167 ) ;
#2868 = CARTESIAN_POINT ( 'NONE',  ( -0.5374999999999999778, 0.6249999999999998890, 0.8749999999999915623 ) ) ;
#2869 = PRESENTATION_LAYER_ASSIGNMENT (  '', '', ( #5142 ) ) ;
#2870 = VECTOR ( 'NONE', #2103, 1000.000000000000000 ) ;
#2871 = ORIENTED_EDGE ( 'NONE', *, *, #4608, .F. ) ;
#2872 = VERTEX_POINT ( 'NONE', #3168 ) ;
#2873 = CARTESIAN_POINT ( 'NONE',  ( 0.7624999999999999556, -0.4225511228578718859, 0.7249999999999915401 ) ) ;
#2874 = AXIS2_PLACEMENT_3D ( 'NONE', #93, #1779, #161 ) ;
#2875 = PLANE ( 'NONE',  #1734 ) ;
#2876 = VECTOR ( 'NONE', #1620, 999.9999999999998863 ) ;
#2877 =( NAMED_UNIT ( * ) SI_UNIT ( $, .STERADIAN. ) SOLID_ANGLE_UNIT ( ) );
#2878 = SURFACE_SIDE_STYLE ('',( #4516 ) ) ;
#2879 = AXIS2_PLACEMENT_3D ( 'NONE', #4015, #2727, #3622 ) ;
#2880 = EDGE_LOOP ( 'NONE', ( #2123, #3869, #4193, #1788, #4200, #824 ) ) ;
#2881 = ORIENTED_EDGE ( 'NONE', *, *, #753, .T. ) ;
#2882 = LINE ( 'NONE', #1629, #209 ) ;
#2883 = UNCERTAINTY_MEASURE_WITH_UNIT (LENGTH_MEASURE( 1.000000000000000082E-05 ), #3027, 'distance_accuracy_value', 'NONE');
#2884 = AXIS2_PLACEMENT_3D ( 'NONE', #2737, #3933, #4880 ) ;
#2885 = CARTESIAN_POINT ( 'NONE',  ( -0.5374999999999999778, 0.6249999999999998890, 0.7249999999999916511 ) ) ;
#2886 = DIRECTION ( 'NONE',  ( -1.000000000000000000, -0.000000000000000000, -0.000000000000000000 ) ) ;
#2887 = VERTEX_POINT ( 'NONE', #4852 ) ;
#2888 = FILL_AREA_STYLE ('',( #1637 ) ) ;
#2889 = ORIENTED_EDGE ( 'NONE', *, *, #261, .F. ) ;
#2890 = FILL_AREA_STYLE ('',( #4118 ) ) ;
#2891 =( GEOMETRIC_REPRESENTATION_CONTEXT ( 3 ) GLOBAL_UNCERTAINTY_ASSIGNED_CONTEXT ( ( #4592 ) ) GLOBAL_UNIT_ASSIGNED_CONTEXT ( ( #1710, #1178, #4093 ) ) REPRESENTATION_CONTEXT ( 'NONE', 'WORKASPACE' ) );
#2892 = SURFACE_STYLE_USAGE ( .BOTH. , #4644 ) ;
#2893 = EDGE_CURVE ( 'NONE', #2473, #3683, #5217, .T. ) ;
#2894 = VERTEX_POINT ( 'NONE', #1523 ) ;
#2895 = DIRECTION ( 'NONE',  ( 0.000000000000000000, 1.000000000000000000, 0.000000000000000000 ) ) ;
#2896 = FACE_OUTER_BOUND ( 'NONE', #4466, .T. ) ;
#2897 = CARTESIAN_POINT ( 'NONE',  ( -0.5374999999999999778, -0.6249999999999998890, 0.6999999999999912959 ) ) ;
#2898 =( LENGTH_UNIT ( ) NAMED_UNIT ( * ) SI_UNIT ( .MILLI., .METRE. ) );
#2899 = VERTEX_POINT ( 'NONE', #149 ) ;
#2900 = EDGE_CURVE ( 'NONE', #2412, #1014, #3192, .T. ) ;
#2901 = CYLINDRICAL_SURFACE ( 'NONE', #1181, 0.05000000000000002359 ) ;
#2902 =( NAMED_UNIT ( * ) SI_UNIT ( $, .STERADIAN. ) SOLID_ANGLE_UNIT ( ) );
#2903 = ORIENTED_EDGE ( 'NONE', *, *, #100, .F. ) ;
#2904 = CIRCLE ( 'NONE', #2195, 0.04999999999999999584 ) ;
#2905 = SURFACE_SIDE_STYLE ('',( #3279 ) ) ;
#2906 = SURFACE_STYLE_USAGE ( .BOTH. , #2029 ) ;
#2907 = DIRECTION ( 'NONE',  ( 0.000000000000000000, 0.000000000000000000, 1.000000000000000000 ) ) ;
#2908 = MECHANICAL_DESIGN_GEOMETRIC_PRESENTATION_REPRESENTATION (  '', ( #3621 ), #4284 ) ;
#2909 = VERTEX_POINT ( 'NONE', #2781 ) ;
#2910 = DIRECTION ( 'NONE',  ( 0.000000000000000000, -1.000000000000000000, -0.000000000000000000 ) ) ;
#2911 = ORIENTED_EDGE ( 'NONE', *, *, #972, .T. ) ;
#2912 = CIRCLE ( 'NONE', #555, 0.1750000000000002387 ) ;
#2913 = MECHANICAL_DESIGN_GEOMETRIC_PRESENTATION_REPRESENTATION (  '', ( #3861 ), #1951 ) ;
#2914 = DIRECTION ( 'NONE',  ( -1.000000000000000000, -3.794215962506264728E-16, 4.336808689942016947E-15 ) ) ;
#2915 = ORIENTED_EDGE ( 'NONE', *, *, #100, .T. ) ;
#2916 = FACE_OUTER_BOUND ( 'NONE', #571, .T. ) ;
#2917 = VECTOR ( 'NONE', #4868, 1000.000000000000000 ) ;
#2918 = FACE_OUTER_BOUND ( 'NONE', #3257, .T. ) ;
#2919 = EDGE_CURVE ( 'NONE', #5274, #4951, #717, .T. ) ;
#2920 = DIRECTION ( 'NONE',  ( -1.000000000000000000, -0.000000000000000000, -0.000000000000000000 ) ) ;
#2921 = CARTESIAN_POINT ( 'NONE',  ( 0.7624999999999999556, -0.8000000000000001554, 0.6999999999999912959 ) ) ;
#2922 = ORIENTED_EDGE ( 'NONE', *, *, #3508, .F. ) ;
#2923 = CARTESIAN_POINT ( 'NONE',  ( 0.5374999999999999778, -1.050000000000000044, -1.219727444046192488E-16 ) ) ;
#2924 = STYLED_ITEM ( 'NONE', ( #363 ), #4356 ) ;
#2925 =( NAMED_UNIT ( * ) PLANE_ANGLE_UNIT ( ) SI_UNIT ( $, .RADIAN. ) );
#2926 = AXIS2_PLACEMENT_3D ( 'NONE', #99, #3008, #3449 ) ;
#2927 = DIRECTION ( 'NONE',  ( 0.000000000000000000, 0.000000000000000000, 1.000000000000000000 ) ) ;
#2928 = PRESENTATION_LAYER_ASSIGNMENT (  '', '', ( #3197 ) ) ;
#2929 = EDGE_CURVE ( 'NONE', #212, #2519, #3939, .T. ) ;
#2930 = COLOUR_RGB ( '',0.8509803921568627194, 0.8509803921568627194, 0.8509803921568627194 ) ;
#2931 =( NAMED_UNIT ( * ) PLANE_ANGLE_UNIT ( ) SI_UNIT ( $, .RADIAN. ) );
#2932 = PRESENTATION_LAYER_ASSIGNMENT (  '', '', ( #5311 ) ) ;
#2933 = ADVANCED_FACE ( 'NONE', ( #3694 ), #5384, .T. ) ;
#2934 = DIRECTION ( 'NONE',  ( 0.000000000000000000, -1.000000000000000000, -1.204669080539450823E-16 ) ) ;
#2935 = EDGE_LOOP ( 'NONE', ( #1685, #565, #5298, #516 ) ) ;
#2936 = DIRECTION ( 'NONE',  ( -1.000000000000000000, -0.000000000000000000, -0.000000000000000000 ) ) ;
#2937 = CARTESIAN_POINT ( 'NONE',  ( 0.1125000000000000028, -0.8000000000000001554, 0.6999999999999912959 ) ) ;
#2938 = PRESENTATION_STYLE_ASSIGNMENT (( #425 ) ) ;
#2939 = ORIENTED_EDGE ( 'NONE', *, *, #4175, .F. ) ;
#2940 = LINE ( 'NONE', #2158, #759 ) ;
#2941 = COLOUR_RGB ( '',0.8509803921568627194, 0.8509803921568627194, 0.8509803921568627194 ) ;
#2942 = LINE ( 'NONE', #4617, #3733 ) ;
#2943 = ORIENTED_EDGE ( 'NONE', *, *, #5345, .T. ) ;
#2944 =( NAMED_UNIT ( * ) PLANE_ANGLE_UNIT ( ) SI_UNIT ( $, .RADIAN. ) );
#2945 = PRESENTATION_LAYER_ASSIGNMENT (  '', '', ( #4607 ) ) ;
#2946 = PRESENTATION_LAYER_ASSIGNMENT (  '', '', ( #2061 ) ) ;
#2947 = PRESENTATION_LAYER_ASSIGNMENT (  '', '', ( #3217 ) ) ;
#2948 = CIRCLE ( 'NONE', #3736, 0.04999999999999991257 ) ;
#2949 = FILL_AREA_STYLE_COLOUR ( '', #1716 ) ;
#2950 = PRESENTATION_LAYER_ASSIGNMENT (  '', '', ( #4440 ) ) ;
#2951 = PRESENTATION_LAYER_ASSIGNMENT (  '', '', ( #689 ) ) ;
#2952 = ORIENTED_EDGE ( 'NONE', *, *, #2022, .T. ) ;
#2953 = DIRECTION ( 'NONE',  ( 0.000000000000000000, -0.08715574274765489071, -0.9961946980917458783 ) ) ;
#2954 =( GEOMETRIC_REPRESENTATION_CONTEXT ( 3 ) GLOBAL_UNCERTAINTY_ASSIGNED_CONTEXT ( ( #5177 ) ) GLOBAL_UNIT_ASSIGNED_CONTEXT ( ( #4042, #1906, #2816 ) ) REPRESENTATION_CONTEXT ( 'NONE', 'WORKASPACE' ) );
#2955 = ADVANCED_FACE ( 'NONE', ( #4581 ), #770, .T. ) ;
#2956 = FILL_AREA_STYLE ('',( #4551 ) ) ;
#2957 = EDGE_CURVE ( 'NONE', #2092, #2639, #4406, .T. ) ;
#2958 = ORIENTED_EDGE ( 'NONE', *, *, #3236, .T. ) ;
#2959 = ORIENTED_EDGE ( 'NONE', *, *, #809, .F. ) ;
#2960 = MECHANICAL_DESIGN_GEOMETRIC_PRESENTATION_REPRESENTATION (  '', ( #3749 ), #2340 ) ;
#2961 = DIRECTION ( 'NONE',  ( 0.000000000000000000, -0.000000000000000000, -1.000000000000000000 ) ) ;
#2962 =( NAMED_UNIT ( * ) PLANE_ANGLE_UNIT ( ) SI_UNIT ( $, .RADIAN. ) );
#2963 = VECTOR ( 'NONE', #1897, 1000.000000000000000 ) ;
#2964 =( NAMED_UNIT ( * ) SI_UNIT ( $, .STERADIAN. ) SOLID_ANGLE_UNIT ( ) );
#2965 = ORIENTED_EDGE ( 'NONE', *, *, #1556, .F. ) ;
#2966 = CARTESIAN_POINT ( 'NONE',  ( -0.7624999999999999556, 0.6500000000000001332, 0.6999999999999912959 ) ) ;
#2967 = ORIENTED_EDGE ( 'NONE', *, *, #5286, .F. ) ;
#2968 = VECTOR ( 'NONE', #311, 999.9999999999998863 ) ;
#2969 = DIRECTION ( 'NONE',  ( -1.000000000000000000, 0.000000000000000000, -0.000000000000000000 ) ) ;
#2970 = ADVANCED_FACE ( 'NONE', ( #1206 ), #3226, .F. ) ;
#2971 =( GEOMETRIC_REPRESENTATION_CONTEXT ( 3 ) GLOBAL_UNCERTAINTY_ASSIGNED_CONTEXT ( ( #628 ) ) GLOBAL_UNIT_ASSIGNED_CONTEXT ( ( #18, #5071, #2964 ) ) REPRESENTATION_CONTEXT ( 'NONE', 'WORKASPACE' ) );
#2972 = DIRECTION ( 'NONE',  ( 0.000000000000000000, -1.000000000000000000, -1.204669080539450823E-16 ) ) ;
#2973 = VERTEX_POINT ( 'NONE', #3430 ) ;
#2974 = MECHANICAL_DESIGN_GEOMETRIC_PRESENTATION_REPRESENTATION (  '', ( #3501 ), #1253 ) ;
#2975 = CYLINDRICAL_SURFACE ( 'NONE', #682, 0.02500000000000028241 ) ;
#2976 = CARTESIAN_POINT ( 'NONE',  ( 0.1125000000000000028, 0.6144594373973210066, 0.8749999999999914513 ) ) ;
#2977 = ORIENTED_EDGE ( 'NONE', *, *, #1773, .F. ) ;
#2978 = FILL_AREA_STYLE_COLOUR ( '', #4940 ) ;
#2979 = DIRECTION ( 'NONE',  ( 0.000000000000000000, 1.000000000000000000, -5.355436828253419639E-16 ) ) ;
#2980 = FACE_OUTER_BOUND ( 'NONE', #1445, .T. ) ;
#2981 = DIRECTION ( 'NONE',  ( 1.000000000000000000, 0.000000000000000000, 0.000000000000000000 ) ) ;
#2982 = ORIENTED_EDGE ( 'NONE', *, *, #2985, .T. ) ;
#2983 = FACE_OUTER_BOUND ( 'NONE', #3778, .T. ) ;
#2984 = UNCERTAINTY_MEASURE_WITH_UNIT (LENGTH_MEASURE( 1.000000000000000082E-05 ), #2898, 'distance_accuracy_value', 'NONE');
#2985 = EDGE_CURVE ( 'NONE', #2832, #310, #3832, .T. ) ;
#2986 = SURFACE_SIDE_STYLE ('',( #3754 ) ) ;
#2987 = DIRECTION ( 'NONE',  ( 0.000000000000000000, 1.204669080539450576E-16, -1.000000000000000000 ) ) ;
#2988 = ORIENTED_EDGE ( 'NONE', *, *, #4275, .F. ) ;
#2989 = SHAPE_DEFINITION_REPRESENTATION ( #350, #4754 ) ;
#2990 = CARTESIAN_POINT ( 'NONE',  ( 0.1125000000000000028, -0.8000000000000001554, 0.1750000000000001554 ) ) ;
#2991 = ORIENTED_EDGE ( 'NONE', *, *, #1571, .F. ) ;
#2992 = MECHANICAL_DESIGN_GEOMETRIC_PRESENTATION_REPRESENTATION (  '', ( #2288 ), #1774 ) ;
#2993 = UNCERTAINTY_MEASURE_WITH_UNIT (LENGTH_MEASURE( 1.000000000000000082E-05 ), #3130, 'distance_accuracy_value', 'NONE');
#2994 = DIRECTION ( 'NONE',  ( 0.000000000000000000, 0.1391731009600618851, 0.9902680687415708061 ) ) ;
#2995 =( NAMED_UNIT ( * ) SI_UNIT ( $, .STERADIAN. ) SOLID_ANGLE_UNIT ( ) );
#2996 = PRESENTATION_LAYER_ASSIGNMENT (  '', '', ( #1088 ) ) ;
#2997 = EDGE_CURVE ( 'NONE', #1557, #732, #1871, .T. ) ;
#2998 = AXIS2_PLACEMENT_3D ( 'NONE', #4776, #3920, #1848 ) ;
#2999 = EDGE_CURVE ( 'NONE', #4823, #2024, #3012, .T. ) ;
#3000 =( NAMED_UNIT ( * ) PLANE_ANGLE_UNIT ( ) SI_UNIT ( $, .RADIAN. ) );
#3001 = ORIENTED_EDGE ( 'NONE', *, *, #4021, .F. ) ;
#3002 = CARTESIAN_POINT ( 'NONE',  ( -0.7895958345333496942, -0.5393734126984707222, 1.100000000000000089 ) ) ;
#3003 = DIRECTION ( 'NONE',  ( -1.000000000000000000, -0.000000000000000000, -0.000000000000000000 ) ) ;
#3004 = CARTESIAN_POINT ( 'NONE',  ( 0.7624999999999999556, 0.6249999999999998890, 0.7249999999999916511 ) ) ;
#3005 = CIRCLE ( 'NONE', #3491, 0.1750000000000002387 ) ;
#3006 = UNCERTAINTY_MEASURE_WITH_UNIT (LENGTH_MEASURE( 1.000000000000000082E-05 ), #567, 'distance_accuracy_value', 'NONE');
#3007 =( GEOMETRIC_REPRESENTATION_CONTEXT ( 3 ) GLOBAL_UNCERTAINTY_ASSIGNED_CONTEXT ( ( #164 ) ) GLOBAL_UNIT_ASSIGNED_CONTEXT ( ( #3486, #4844, #5207 ) ) REPRESENTATION_CONTEXT ( 'NONE', 'WORKASPACE' ) );
#3008 = DIRECTION ( 'NONE',  ( 0.000000000000000000, -5.355436828253419639E-16, -1.000000000000000000 ) ) ;
#3009 = CARTESIAN_POINT ( 'NONE',  ( 0.1125000000000000028, -0.8250000000000003997, 0.1750000000000001554 ) ) ;
#3010 = CARTESIAN_POINT ( 'NONE',  ( 1.000000000000000222, 0.6250000000000001110, 0.7999999999999914957 ) ) ;
#3011 = ADVANCED_FACE ( 'NONE', ( #475 ), #1363, .F. ) ;
#3012 = CIRCLE ( 'NONE', #4848, 0.04999999999999999584 ) ;
#3013 = VERTEX_POINT ( 'NONE', #4789 ) ;
#3014 = DIRECTION ( 'NONE',  ( -1.000000000000000000, -0.000000000000000000, -0.000000000000000000 ) ) ;
#3015 = DIRECTION ( 'NONE',  ( -1.000000000000000000, 0.000000000000000000, 0.000000000000000000 ) ) ;
#3016 = ORIENTED_EDGE ( 'NONE', *, *, #2189, .F. ) ;
#3017 = DIRECTION ( 'NONE',  ( -0.000000000000000000, 1.000000000000000000, 0.000000000000000000 ) ) ;
#3018 = VECTOR ( 'NONE', #4135, 1000.000000000000114 ) ;
#3019 = SURFACE_SIDE_STYLE ('',( #5178 ) ) ;
#3020 = PLANE ( 'NONE',  #313 ) ;
#3021 = AXIS2_PLACEMENT_3D ( 'NONE', #4730, #3931, #4750 ) ;
#3022 = AXIS2_PLACEMENT_3D ( 'NONE', #2633, #2606, #3153 ) ;
#3023 = FACE_OUTER_BOUND ( 'NONE', #697, .T. ) ;
#3024 = EDGE_CURVE ( 'NONE', #652, #4163, #1512, .T. ) ;
#3025 = COLOUR_RGB ( '',0.8509803921568627194, 0.8509803921568627194, 0.8509803921568627194 ) ;
#3026 = STYLED_ITEM ( 'NONE', ( #5006 ), #1023 ) ;
#3027 =( LENGTH_UNIT ( ) NAMED_UNIT ( * ) SI_UNIT ( .MILLI., .METRE. ) );
#3028 =( NAMED_UNIT ( * ) PLANE_ANGLE_UNIT ( ) SI_UNIT ( $, .RADIAN. ) );
#3029 = UNCERTAINTY_MEASURE_WITH_UNIT (LENGTH_MEASURE( 1.000000000000000082E-05 ), #1924, 'distance_accuracy_value', 'NONE');
#3030 = AXIS2_PLACEMENT_3D ( 'NONE', #1442, #3517, #678 ) ;
#3031 = FACE_OUTER_BOUND ( 'NONE', #563, .T. ) ;
#3032 = ORIENTED_EDGE ( 'NONE', *, *, #4376, .T. ) ;
#3033 = CARTESIAN_POINT ( 'NONE',  ( -0.1125000000000000028, -1.050000000000000044, 0.1499999999999998834 ) ) ;
#3034 = FACE_OUTER_BOUND ( 'NONE', #1839, .T. ) ;
#3035 = EDGE_CURVE ( 'NONE', #1408, #4084, #2220, .T. ) ;
#3036 = CARTESIAN_POINT ( 'NONE',  ( 0.9143734126984710553, -0.5393734126984707222, 1.050000000000000044 ) ) ;
#3037 = MECHANICAL_DESIGN_GEOMETRIC_PRESENTATION_REPRESENTATION (  '', ( #4735 ), #2778 ) ;
#3038 = LINE ( 'NONE', #3004, #962 ) ;
#3039 = CIRCLE ( 'NONE', #4435, 0.1750000000000002387 ) ;
#3040 = ORIENTED_EDGE ( 'NONE', *, *, #5165, .F. ) ;
#3041 = ORIENTED_EDGE ( 'NONE', *, *, #896, .F. ) ;
#3042 = UNCERTAINTY_MEASURE_WITH_UNIT (LENGTH_MEASURE( 1.000000000000000082E-05 ), #996, 'distance_accuracy_value', 'NONE');
#3043 = CIRCLE ( 'NONE', #2334, 0.04999999999999996114 ) ;
#3044 = COLOUR_RGB ( '',0.8509803921568627194, 0.8509803921568627194, 0.8509803921568627194 ) ;
#3045 = CARTESIAN_POINT ( 'NONE',  ( 0.1125000000000000028, 1.050000000000000044, -1.219727444046192488E-16 ) ) ;
#3046 =( NAMED_UNIT ( * ) SI_UNIT ( $, .STERADIAN. ) SOLID_ANGLE_UNIT ( ) );
#3047 = PRESENTATION_STYLE_ASSIGNMENT (( #2211 ) ) ;
#3048 = CARTESIAN_POINT ( 'NONE',  ( -0.9999999999999997780, 0.6250000000000001110, 0.7999999999999914957 ) ) ;
#3049 = SURFACE_STYLE_FILL_AREA ( #3382 ) ;
#3050 = VERTEX_POINT ( 'NONE', #2677 ) ;
#3051 = LINE ( 'NONE', #3108, #3684 ) ;
#3052 = DIRECTION ( 'NONE',  ( 0.000000000000000000, 0.000000000000000000, -1.000000000000000000 ) ) ;
#3053 = UNCERTAINTY_MEASURE_WITH_UNIT (LENGTH_MEASURE( 1.000000000000000082E-05 ), #3987, 'distance_accuracy_value', 'NONE');
#3054 = CARTESIAN_POINT ( 'NONE',  ( -0.5374999999999999778, -0.8000000000000001554, 0.6999999999999912959 ) ) ;
#3055 = ORIENTED_EDGE ( 'NONE', *, *, #3975, .F. ) ;
#3056 = VECTOR ( 'NONE', #2754, 1000.000000000000000 ) ;
#3057 = LINE ( 'NONE', #85, #3317 ) ;
#3058 = STYLED_ITEM ( 'NONE', ( #1841 ), #2856 ) ;
#3059 = CARTESIAN_POINT ( 'NONE',  ( 0.7624999999999999556, 0.6250000000000001110, 0.8000000000000283551 ) ) ;
#3060 = EDGE_CURVE ( 'NONE', #1844, #382, #2736, .T. ) ;
#3061 = VECTOR ( 'NONE', #2561, 1000.000000000000000 ) ;
#3062 = PRESENTATION_STYLE_ASSIGNMENT (( #4722 ) ) ;
#3063 = ORIENTED_EDGE ( 'NONE', *, *, #4362, .T. ) ;
#3064 = CARTESIAN_POINT ( 'NONE',  ( 0.7624999999999999556, -0.8000000000000001554, 0.1750000000000001554 ) ) ;
#3065 = COLOUR_RGB ( '',0.2235294117647058654, 0.2235294117647058654, 0.2235294117647058654 ) ;
#3066 = DIRECTION ( 'NONE',  ( -1.000000000000000000, -0.000000000000000000, -0.000000000000000000 ) ) ;
#3067 = SURFACE_STYLE_FILL_AREA ( #4389 ) ;
#3068 = DIRECTION ( 'NONE',  ( 0.000000000000000000, -1.000000000000000000, 0.000000000000000000 ) ) ;
#3069 = EDGE_CURVE ( 'NONE', #2573, #3050, #4343, .T. ) ;
#3070 = DIRECTION ( 'NONE',  ( 0.000000000000000000, 0.000000000000000000, 1.000000000000000000 ) ) ;
#3071 = DIRECTION ( 'NONE',  ( 0.000000000000000000, 0.000000000000000000, 1.000000000000000000 ) ) ;
#3072 = FILL_AREA_STYLE ('',( #2588 ) ) ;
#3073 = SURFACE_STYLE_USAGE ( .BOTH. , #2124 ) ;
#3074 =( NAMED_UNIT ( * ) PLANE_ANGLE_UNIT ( ) SI_UNIT ( $, .RADIAN. ) );
#3075 = FILL_AREA_STYLE_COLOUR ( '', #4106 ) ;
#3076 = FILL_AREA_STYLE ('',( #2241 ) ) ;
#3077 = CARTESIAN_POINT ( 'NONE',  ( 0.7624999999999999556, 0.6249999999999998890, 0.6999999999999912959 ) ) ;
#3078 =( NAMED_UNIT ( * ) SI_UNIT ( $, .STERADIAN. ) SOLID_ANGLE_UNIT ( ) );
#3079 = DIRECTION ( 'NONE',  ( -0.000000000000000000, 1.204669080539450576E-16, 1.000000000000000000 ) ) ;
#3080 = ORIENTED_EDGE ( 'NONE', *, *, #235, .F. ) ;
#3081 = SURFACE_SIDE_STYLE ('',( #2192 ) ) ;
#3082 = LINE ( 'NONE', #3583, #1484 ) ;
#3083 =( NAMED_UNIT ( * ) PLANE_ANGLE_UNIT ( ) SI_UNIT ( $, .RADIAN. ) );
#3084 = ORIENTED_EDGE ( 'NONE', *, *, #2648, .F. ) ;
#3085 = DIRECTION ( 'NONE',  ( 0.000000000000000000, -5.355436828253419639E-16, 1.000000000000000000 ) ) ;
#3086 = UNCERTAINTY_MEASURE_WITH_UNIT (LENGTH_MEASURE( 1.000000000000000082E-05 ), #4860, 'distance_accuracy_value', 'NONE');
#3087 =( NAMED_UNIT ( * ) SI_UNIT ( $, .STERADIAN. ) SOLID_ANGLE_UNIT ( ) );
#3088 = EDGE_CURVE ( 'NONE', #1443, #730, #2403, .T. ) ;
#3089 = VECTOR ( 'NONE', #5343, 1000.000000000000000 ) ;
#3090 = ORIENTED_EDGE ( 'NONE', *, *, #5266, .T. ) ;
#3091 = CARTESIAN_POINT ( 'NONE',  ( -0.5374999999999999778, -0.8250000000000003997, 0.1750000000000001554 ) ) ;
#3092 = DIRECTION ( 'NONE',  ( 0.000000000000000000, 0.000000000000000000, -1.000000000000000000 ) ) ;
#3093 = AXIS2_PLACEMENT_3D ( 'NONE', #2582, #492, #3504 ) ;
#3094 = DIRECTION ( 'NONE',  ( -0.9961946980917458783, 1.728122329423379350E-16, 0.08715574274765489071 ) ) ;
#3095 = CARTESIAN_POINT ( 'NONE',  ( 0.1125000000000000028, 0.8000000000000001554, 0.6999999999999912959 ) ) ;
#3096 = SURFACE_SIDE_STYLE ('',( #187 ) ) ;
#3097 = EDGE_CURVE ( 'NONE', #4018, #3938, #1461, .T. ) ;
#3098 =( LENGTH_UNIT ( ) NAMED_UNIT ( * ) SI_UNIT ( .MILLI., .METRE. ) );
#3099 = DIRECTION ( 'NONE',  ( -1.000000000000000000, -0.000000000000000000, -0.000000000000000000 ) ) ;
#3100 = ORIENTED_EDGE ( 'NONE', *, *, #4988, .T. ) ;
#3101 = DIRECTION ( 'NONE',  ( -6.094987132290209530E-16, -1.000000000000000000, 4.336808689942025625E-15 ) ) ;
#3102 = ADVANCED_FACE ( 'NONE', ( #1490 ), #4402, .T. ) ;
#3103 = DIRECTION ( 'NONE',  ( -1.000000000000000000, -0.000000000000000000, -0.000000000000000000 ) ) ;
#3104 = CARTESIAN_POINT ( 'NONE',  ( -0.5374999999999999778, 0.6500000000000001332, 0.6999999999999912959 ) ) ;
#3105 = PRESENTATION_STYLE_ASSIGNMENT (( #4877 ) ) ;
#3106 = SURFACE_SIDE_STYLE ('',( #3600 ) ) ;
#3107 = ORIENTED_EDGE ( 'NONE', *, *, #3737, .F. ) ;
#3108 = CARTESIAN_POINT ( 'NONE',  ( 0.000000000000000000, 0.5393734126984709443, 1.100000000000000089 ) ) ;
#3109 = UNCERTAINTY_MEASURE_WITH_UNIT (LENGTH_MEASURE( 1.000000000000000082E-05 ), #5353, 'distance_accuracy_value', 'NONE');
#3110 = DIRECTION ( 'NONE',  ( 0.000000000000000000, 0.000000000000000000, -1.000000000000000000 ) ) ;
#3111 = EDGE_CURVE ( 'NONE', #1491, #2718, #3659, .T. ) ;
#3112 = SURFACE_SIDE_STYLE ('',( #3366 ) ) ;
#3113 = LINE ( 'NONE', #3221, #5230 ) ;
#3114 = ORIENTED_EDGE ( 'NONE', *, *, #5047, .F. ) ;
#3115 = SURFACE_SIDE_STYLE ('',( #2685 ) ) ;
#3116 = CARTESIAN_POINT ( 'NONE',  ( -0.1125000000000000028, -0.8250000000000003997, 0.1499999999999999112 ) ) ;
#3117 = AXIS2_PLACEMENT_3D ( 'NONE', #827, #5304, #1264 ) ;
#3118 = MECHANICAL_DESIGN_GEOMETRIC_PRESENTATION_REPRESENTATION (  '', ( #4158 ), #1543 ) ;
#3119 = VERTEX_POINT ( 'NONE', #2013 ) ;
#3120 = LINE ( 'NONE', #4357, #3218 ) ;
#3121 = STYLED_ITEM ( 'NONE', ( #2723 ), #764 ) ;
#3122 = CARTESIAN_POINT ( 'NONE',  ( 0.1125000000000000028, -1.050000000000000044, 0.1499999999999998834 ) ) ;
#3123 = SURFACE_STYLE_USAGE ( .BOTH. , #3174 ) ;
#3124 = LINE ( 'NONE', #157, #4050 ) ;
#3125 = ADVANCED_FACE ( 'NONE', ( #2918 ), #3261, .F. ) ;
#3126 = COLOUR_RGB ( '',0.8509803921568627194, 0.8509803921568627194, 0.8509803921568627194 ) ;
#3127 = SURFACE_SIDE_STYLE ('',( #3619 ) ) ;
#3128 = LINE ( 'NONE', #4702, #3234 ) ;
#3129 = VECTOR ( 'NONE', #2972, 1000.000000000000000 ) ;
#3130 =( LENGTH_UNIT ( ) NAMED_UNIT ( * ) SI_UNIT ( .MILLI., .METRE. ) );
#3131 = DIRECTION ( 'NONE',  ( -1.000000000000000000, -0.000000000000000000, -0.000000000000000000 ) ) ;
#3132 = EDGE_LOOP ( 'NONE', ( #1744, #4800, #1407, #898, #223, #3114 ) ) ;
#3133 = UNCERTAINTY_MEASURE_WITH_UNIT (LENGTH_MEASURE( 1.000000000000000082E-05 ), #3734, 'distance_accuracy_value', 'NONE');
#3134 = LINE ( 'NONE', #2706, #4091 ) ;
#3135 = ADVANCED_FACE ( 'NONE', ( #2167 ), #4720, .T. ) ;
#3136 = COLOUR_RGB ( '',0.2235294117647058654, 0.2235294117647058654, 0.2235294117647058654 ) ;
#3137 = SURFACE_SIDE_STYLE ('',( #2735 ) ) ;
#3138 = VECTOR ( 'NONE', #5425, 999.9999999999998863 ) ;
#3139 = PRESENTATION_STYLE_ASSIGNMENT (( #2326 ) ) ;
#3140 = LINE ( 'NONE', #1417, #3979 ) ;
#3141 = CARTESIAN_POINT ( 'NONE',  ( 0.1125000000000000028, -0.8250000000000003997, -9.486769009248163798E-17 ) ) ;
#3142 = STYLED_ITEM ( 'NONE', ( #3739 ), #1719 ) ;
#3143 = CARTESIAN_POINT ( 'NONE',  ( -0.5374999999999999778, 0.4225511228578718859, 0.7249999999999915401 ) ) ;
#3144 = DIRECTION ( 'NONE',  ( 1.000000000000000000, 0.000000000000000000, 0.000000000000000000 ) ) ;
#3145 = EDGE_LOOP ( 'NONE', ( #1709, #1954, #1185, #2634 ) ) ;
#3146 = EDGE_CURVE ( 'NONE', #2573, #2973, #933, .T. ) ;
#3147 = DIRECTION ( 'NONE',  ( 0.000000000000000000, 0.000000000000000000, -1.000000000000000000 ) ) ;
#3148 = VECTOR ( 'NONE', #331, 1000.000000000000000 ) ;
#3149 = VERTEX_POINT ( 'NONE', #2547 ) ;
#3150 = LINE ( 'NONE', #1477, #3773 ) ;
#3151 = CIRCLE ( 'NONE', #1748, 0.02500000000000028241 ) ;
#3152 = UNCERTAINTY_MEASURE_WITH_UNIT (LENGTH_MEASURE( 1.000000000000000082E-05 ), #1280, 'distance_accuracy_value', 'NONE');
#3153 = DIRECTION ( 'NONE',  ( 0.000000000000000000, 1.000000000000000000, -5.355436828253419639E-16 ) ) ;
#3154 = FILL_AREA_STYLE ('',( #1904 ) ) ;
#3155 = VECTOR ( 'NONE', #4064, 1000.000000000000000 ) ;
#3156 = CARTESIAN_POINT ( 'NONE',  ( -0.7624999999999999556, 0.6249999999999998890, 0.6999999999999912959 ) ) ;
#3157 = DIRECTION ( 'NONE',  ( -1.000000000000000000, -0.000000000000000000, -0.000000000000000000 ) ) ;
#3158 = DIRECTION ( 'NONE',  ( -3.047493566145104765E-16, -1.000000000000000000, -2.168404344971012812E-15 ) ) ;
#3159 = FILL_AREA_STYLE ('',( #306 ) ) ;
#3160 = SURFACE_SIDE_STYLE ('',( #1886 ) ) ;
#3161 = EDGE_CURVE ( 'NONE', #5434, #787, #2604, .T. ) ;
#3162 = SURFACE_STYLE_FILL_AREA ( #3076 ) ;
#3163 = FILL_AREA_STYLE_COLOUR ( '', #1894 ) ;
#3164 = CYLINDRICAL_SURFACE ( 'NONE', #3379, 0.02500000000000025466 ) ;
#3165 = DIRECTION ( 'NONE',  ( 1.000000000000000000, 0.000000000000000000, 0.000000000000000000 ) ) ;
#3166 = FILL_AREA_STYLE_COLOUR ( '', #4419 ) ;
#3167 = ORIENTED_EDGE ( 'NONE', *, *, #4220, .T. ) ;
#3168 = CARTESIAN_POINT ( 'NONE',  ( -0.1125000000000000028, 1.050000000000000044, -1.219727444046192488E-16 ) ) ;
#3169 = FILL_AREA_STYLE_COLOUR ( '', #4696 ) ;
#3170 = ORIENTED_EDGE ( 'NONE', *, *, #2658, .T. ) ;
#3171 = EDGE_CURVE ( 'NONE', #14, #4989, #482, .T. ) ;
#3172 = FILL_AREA_STYLE_COLOUR ( '', #782 ) ;
#3173 = CARTESIAN_POINT ( 'NONE',  ( 0.7624999999999999556, -0.6500000000000001332, 0.6999999999999912959 ) ) ;
#3174 = SURFACE_SIDE_STYLE ('',( #4809 ) ) ;
#3175 = CIRCLE ( 'NONE', #2380, 0.04999999999999991257 ) ;
#3176 = CARTESIAN_POINT ( 'NONE',  ( -0.8981905881099967459, 0.5231905881099970790, 1.165146780099485468 ) ) ;
#3177 = EDGE_CURVE ( 'NONE', #2473, #4561, #1645, .T. ) ;
#3178 = DIRECTION ( 'NONE',  ( 1.000000000000000000, 0.000000000000000000, 0.000000000000000000 ) ) ;
#3179 = VERTEX_POINT ( 'NONE', #1749 ) ;
#3180 = DIRECTION ( 'NONE',  ( 0.000000000000000000, -1.000000000000000000, 5.355436828253419639E-16 ) ) ;
#3181 = CARTESIAN_POINT ( 'NONE',  ( -0.5374999999999999778, 0.6250000000000001110, 0.8000000000000283551 ) ) ;
#3182 = FACE_OUTER_BOUND ( 'NONE', #2335, .T. ) ;
#3183 = PLANE ( 'NONE',  #692 ) ;
#3184 = DIRECTION ( 'NONE',  ( 0.000000000000000000, 0.9902680687415708061, -0.1391731009600616908 ) ) ;
#3185 =( NAMED_UNIT ( * ) SI_UNIT ( $, .STERADIAN. ) SOLID_ANGLE_UNIT ( ) );
#3186 = PLANE ( 'NONE',  #49 ) ;
#3187 = STYLED_ITEM ( 'NONE', ( #3139 ), #3524 ) ;
#3188 = CARTESIAN_POINT ( 'NONE',  ( -0.1125000000000000028, -0.6249999999999998890, 0.8749999999999915623 ) ) ;
#3189 = ORIENTED_EDGE ( 'NONE', *, *, #3603, .F. ) ;
#3190 = PLANE ( 'NONE',  #3335 ) ;
#3191 = MECHANICAL_DESIGN_GEOMETRIC_PRESENTATION_REPRESENTATION (  '', ( #2924 ), #845 ) ;
#3192 = LINE ( 'NONE', #2246, #2122 ) ;
#3193 = ORIENTED_EDGE ( 'NONE', *, *, #5017, .T. ) ;
#3194 = CARTESIAN_POINT ( 'NONE',  ( -0.9505657735840928879, 0.5755657735840932210, 0.8086498688031592552 ) ) ;
#3195 = STYLED_ITEM ( 'NONE', ( #72 ), #3724 ) ;
#3196 = LINE ( 'NONE', #1615, #3674 ) ;
#3197 = STYLED_ITEM ( 'NONE', ( #1583 ), #2970 ) ;
#3198 = EDGE_CURVE ( 'NONE', #2389, #4683, #3465, .T. ) ;
#3199 = ORIENTED_EDGE ( 'NONE', *, *, #4021, .T. ) ;
#3200 = CARTESIAN_POINT ( 'NONE',  ( -0.7624999999999999556, 0.4225511228578718859, 0.7249999999999915401 ) ) ;
#3201 =( NAMED_UNIT ( * ) PLANE_ANGLE_UNIT ( ) SI_UNIT ( $, .RADIAN. ) );
#3202 = DIRECTION ( 'NONE',  ( 0.000000000000000000, 0.000000000000000000, 1.000000000000000000 ) ) ;
#3203 = COLOUR_RGB ( '',0.8509803921568627194, 0.8509803921568627194, 0.8509803921568627194 ) ;
#3204 = AXIS2_PLACEMENT_3D ( 'NONE', #4464, #1622, #2370 ) ;
#3205 = DIRECTION ( 'NONE',  ( 0.000000000000000000, 0.000000000000000000, -1.000000000000000000 ) ) ;
#3206 = ORIENTED_EDGE ( 'NONE', *, *, #4342, .F. ) ;
#3207 = CARTESIAN_POINT ( 'NONE',  ( -0.5374999999999999778, -0.4225511228578717748, 0.8749999999999914513 ) ) ;
#3208 = ORIENTED_EDGE ( 'NONE', *, *, #4037, .T. ) ;
#3209 = STYLED_ITEM ( 'NONE', ( #3545 ), #380 ) ;
#3210 = ADVANCED_FACE ( 'NONE', ( #3416 ), #1422, .T. ) ;
#3211 = AXIS2_PLACEMENT_3D ( 'NONE', #4578, #2464, #4063 ) ;
#3212 = DIRECTION ( 'NONE',  ( -0.000000000000000000, 1.000000000000000000, 0.000000000000000000 ) ) ;
#3213 =( GEOMETRIC_REPRESENTATION_CONTEXT ( 3 ) GLOBAL_UNCERTAINTY_ASSIGNED_CONTEXT ( ( #5087 ) ) GLOBAL_UNIT_ASSIGNED_CONTEXT ( ( #138, #3074, #585 ) ) REPRESENTATION_CONTEXT ( 'NONE', 'WORKASPACE' ) );
#3214 = CARTESIAN_POINT ( 'NONE',  ( -0.7895958345333496942, 0.5393734126984709443, 1.050000000000000044 ) ) ;
#3215 = ORIENTED_EDGE ( 'NONE', *, *, #3088, .F. ) ;
#3216 = CARTESIAN_POINT ( 'NONE',  ( 0.5374999999999999778, 1.050000000000000044, -1.219727444046192488E-16 ) ) ;
#3217 = STYLED_ITEM ( 'NONE', ( #17 ), #1965 ) ;
#3218 = VECTOR ( 'NONE', #4457, 1000.000000000000000 ) ;
#3219 = UNCERTAINTY_MEASURE_WITH_UNIT (LENGTH_MEASURE( 1.000000000000000082E-05 ), #2307, 'distance_accuracy_value', 'NONE');
#3220 = DIRECTION ( 'NONE',  ( 0.1378445374916252575, -0.1378445374916251742, 0.9808148484639901410 ) ) ;
#3221 = CARTESIAN_POINT ( 'NONE',  ( -0.1125000000000000028, 0.5828377495892825833, 1.100000000000000089 ) ) ;
#3222 = AXIS2_PLACEMENT_3D ( 'NONE', #969, #92, #127 ) ;
#3223 = VECTOR ( 'NONE', #1344, 999.9999999999998863 ) ;
#3224 = EDGE_LOOP ( 'NONE', ( #3926, #1821, #1291, #1846 ) ) ;
#3225 = DIRECTION ( 'NONE',  ( 0.000000000000000000, 0.000000000000000000, -1.000000000000000000 ) ) ;
#3226 = CYLINDRICAL_SURFACE ( 'NONE', #3454, 0.02500000000000025466 ) ;
#3227 = EDGE_LOOP ( 'NONE', ( #4316, #4946, #2018, #2862 ) ) ;
#3228 = COLOUR_RGB ( '',0.8509803921568627194, 0.8509803921568627194, 0.8509803921568627194 ) ;
#3229 = DIRECTION ( 'NONE',  ( 0.000000000000000000, 1.000000000000000000, -1.204669080539450823E-16 ) ) ;
#3230 = ORIENTED_EDGE ( 'NONE', *, *, #4120, .F. ) ;
#3231 = CARTESIAN_POINT ( 'NONE',  ( -0.5374999999999999778, -0.8250000000000003997, 0.1750000000000001554 ) ) ;
#3232 = CARTESIAN_POINT ( 'NONE',  ( -0.1125000000000000028, 0.8250000000000003997, -9.486769009248163798E-17 ) ) ;
#3233 = DIRECTION ( 'NONE',  ( -0.000000000000000000, 1.000000000000000000, 0.000000000000000000 ) ) ;
#3234 = VECTOR ( 'NONE', #2204, 1000.000000000000000 ) ;
#3235 = DIRECTION ( 'NONE',  ( 1.000000000000000000, -0.000000000000000000, -0.000000000000000000 ) ) ;
#3236 = EDGE_CURVE ( 'NONE', #918, #4751, #327, .T. ) ;
#3237 = COLOUR_RGB ( '',0.8509803921568627194, 0.8509803921568627194, 0.8509803921568627194 ) ;
#3238 = ORIENTED_EDGE ( 'NONE', *, *, #632, .F. ) ;
#3239 = DIRECTION ( 'NONE',  ( 0.000000000000000000, 0.000000000000000000, -1.000000000000000000 ) ) ;
#3240 = ORIENTED_EDGE ( 'NONE', *, *, #2716, .F. ) ;
#3241 =( NAMED_UNIT ( * ) PLANE_ANGLE_UNIT ( ) SI_UNIT ( $, .RADIAN. ) );
#3242 = MECHANICAL_DESIGN_GEOMETRIC_PRESENTATION_REPRESENTATION (  '', ( #1918 ), #3918 ) ;
#3243 = CARTESIAN_POINT ( 'NONE',  ( 0.1125000000000000028, 1.050000000000000044, -1.219727444046192488E-16 ) ) ;
#3244 = CARTESIAN_POINT ( 'NONE',  ( -0.1125000000000000028, 0.6500000000000001332, 0.6999999999999912959 ) ) ;
#3245 = DIRECTION ( 'NONE',  ( 0.000000000000000000, 0.000000000000000000, -1.000000000000000000 ) ) ;
#3246 = FILL_AREA_STYLE_COLOUR ( '', #2941 ) ;
#3247 = EDGE_CURVE ( 'NONE', #2081, #1137, #3611, .T. ) ;
#3248 = PRESENTATION_LAYER_ASSIGNMENT (  '', '', ( #4552 ) ) ;
#3249 = ORIENTED_EDGE ( 'NONE', *, *, #4301, .T. ) ;
#3250 = CARTESIAN_POINT ( 'NONE',  ( -0.7624999999999999556, -0.6500000000000001332, 0.6999999999999912959 ) ) ;
#3251 = DIRECTION ( 'NONE',  ( 0.000000000000000000, -0.000000000000000000, 1.000000000000000000 ) ) ;
#3252 = EDGE_CURVE ( 'NONE', #1224, #4532, #2304, .T. ) ;
#3253 = SURFACE_STYLE_USAGE ( .BOTH. , #2053 ) ;
#3254 = EDGE_LOOP ( 'NONE', ( #4138, #984, #973, #5385 ) ) ;
#3255 =( LENGTH_UNIT ( ) NAMED_UNIT ( * ) SI_UNIT ( .MILLI., .METRE. ) );
#3256 = DIRECTION ( 'NONE',  ( 1.000000000000000000, 0.000000000000000000, 0.000000000000000000 ) ) ;
#3257 = EDGE_LOOP ( 'NONE', ( #660, #1995, #1899, #1144 ) ) ;
#3258 = PRESENTATION_STYLE_ASSIGNMENT (( #1588 ) ) ;
#3259 = PRESENTATION_STYLE_ASSIGNMENT (( #1293 ) ) ;
#3260 = SURFACE_STYLE_FILL_AREA ( #3678 ) ;
#3261 = CYLINDRICAL_SURFACE ( 'NONE', #414, 0.02500000000000028241 ) ;
#3262 = DIRECTION ( 'NONE',  ( -1.000000000000000000, -0.000000000000000000, -0.000000000000000000 ) ) ;
#3263 = CARTESIAN_POINT ( 'NONE',  ( -0.7624999999999999556, 0.5828377495892825833, 1.100000000000000089 ) ) ;
#3264 = EDGE_CURVE ( 'NONE', #486, #2728, #2333, .T. ) ;
#3265 = DIRECTION ( 'NONE',  ( 0.000000000000000000, -0.000000000000000000, -1.000000000000000000 ) ) ;
#3266 = VERTEX_POINT ( 'NONE', #1042 ) ;
#3267 = DIRECTION ( 'NONE',  ( 0.000000000000000000, 0.000000000000000000, -1.000000000000000000 ) ) ;
#3268 = ORIENTED_EDGE ( 'NONE', *, *, #1819, .F. ) ;
#3269 = STYLED_ITEM ( 'NONE', ( #758 ), #3952 ) ;
#3270 = FILL_AREA_STYLE_COLOUR ( '', #7 ) ;
#3271 = CARTESIAN_POINT ( 'NONE',  ( -0.9143734126984708332, 0.5393734126984710553, 1.050000000000000044 ) ) ;
#3272 = ADVANCED_FACE ( 'NONE', ( #1842 ), #3968, .T. ) ;
#3273 = DIRECTION ( 'NONE',  ( 0.000000000000000000, 0.000000000000000000, -1.000000000000000000 ) ) ;
#3274 = VECTOR ( 'NONE', #1508, 1000.000000000000000 ) ;
#3275 = ORIENTED_EDGE ( 'NONE', *, *, #2250, .T. ) ;
#3276 = EDGE_LOOP ( 'NONE', ( #5348, #22, #3519, #1584 ) ) ;
#3277 = UNCERTAINTY_MEASURE_WITH_UNIT (LENGTH_MEASURE( 1.000000000000000082E-05 ), #3726, 'distance_accuracy_value', 'NONE');
#3278 = LINE ( 'NONE', #4941, #3315 ) ;
#3279 = SURFACE_STYLE_FILL_AREA ( #4089 ) ;
#3280 = CARTESIAN_POINT ( 'NONE',  ( 0.9354880587799608849, 0.6102977936845476181, 0.6319530128484123210 ) ) ;
#3281 = DIRECTION ( 'NONE',  ( 1.000000000000000000, 0.000000000000000000, 0.000000000000000000 ) ) ;
#3282 = VERTEX_POINT ( 'NONE', #719 ) ;
#3283 = SURFACE_STYLE_USAGE ( .BOTH. , #4583 ) ;
#3284 = ADVANCED_FACE ( 'NONE', ( #201 ), #1865, .T. ) ;
#3285 = FILL_AREA_STYLE ('',( #3169 ) ) ;
#3286 = ORIENTED_EDGE ( 'NONE', *, *, #218, .F. ) ;
#3287 = FACE_OUTER_BOUND ( 'NONE', #5113, .T. ) ;
#3288 = VECTOR ( 'NONE', #1654, 1000.000000000000000 ) ;
#3289 = FILL_AREA_STYLE_COLOUR ( '', #4791 ) ;
#3290 = STYLED_ITEM ( 'NONE', ( #4555 ), #3585 ) ;
#3291 = VECTOR ( 'NONE', #5050, 999.9999999999998863 ) ;
#3292 = ORIENTED_EDGE ( 'NONE', *, *, #1676, .F. ) ;
#3293 = CARTESIAN_POINT ( 'NONE',  ( 0.7624999999999999556, 0.6500000000000001332, 0.6999999999999912959 ) ) ;
#3294 = ORIENTED_EDGE ( 'NONE', *, *, #3024, .F. ) ;
#3295 = PRESENTATION_LAYER_ASSIGNMENT (  '', '', ( #4954 ) ) ;
#3296 = CIRCLE ( 'NONE', #5117, 0.04999999999999991257 ) ;
#3297 = ORIENTED_EDGE ( 'NONE', *, *, #1828, .F. ) ;
#3298 = VERTEX_POINT ( 'NONE', #2470 ) ;
#3299 = SURFACE_SIDE_STYLE ('',( #1174 ) ) ;
#3300 = EDGE_CURVE ( 'NONE', #925, #1553, #745, .T. ) ;
#3301 = FACE_OUTER_BOUND ( 'NONE', #391, .T. ) ;
#3302 = COLOUR_RGB ( '',0.8509803921568627194, 0.8509803921568627194, 0.8509803921568627194 ) ;
#3303 = LINE ( 'NONE', #4556, #4677 ) ;
#3304 = DIRECTION ( 'NONE',  ( -1.000000000000000000, 0.000000000000000000, 2.168404344971008079E-15 ) ) ;
#3305 = CARTESIAN_POINT ( 'NONE',  ( 0.1125000000000000028, 0.8000000000000001554, 0.6999999999999912959 ) ) ;
#3306 = ORIENTED_EDGE ( 'NONE', *, *, #4642, .F. ) ;
#3307 = LINE ( 'NONE', #5022, #5346 ) ;
#3308 = MECHANICAL_DESIGN_GEOMETRIC_PRESENTATION_REPRESENTATION (  '', ( #3142 ), #416 ) ;
#3309 = SURFACE_STYLE_USAGE ( .BOTH. , #1153 ) ;
#3310 = ORIENTED_EDGE ( 'NONE', *, *, #2099, .F. ) ;
#3311 = STYLED_ITEM ( 'NONE', ( #356 ), #1131 ) ;
#3312 = DIRECTION ( 'NONE',  ( 0.000000000000000000, 0.000000000000000000, -1.000000000000000000 ) ) ;
#3313 = CARTESIAN_POINT ( 'NONE',  ( 0.7624999999999999556, 0.8250000000000003997, -9.486769009248163798E-17 ) ) ;
#3314 = MECHANICAL_DESIGN_GEOMETRIC_PRESENTATION_REPRESENTATION (  '', ( #3568 ), #3986 ) ;
#3315 = VECTOR ( 'NONE', #3220, 999.9999999999998863 ) ;
#3316 = ORIENTED_EDGE ( 'NONE', *, *, #1314, .F. ) ;
#3317 = VECTOR ( 'NONE', #3435, 1000.000000000000000 ) ;
#3318 = EDGE_CURVE ( 'NONE', #4823, #2639, #1155, .T. ) ;
#3319 = CARTESIAN_POINT ( 'NONE',  ( 0.9387579355318530494, -0.5677511117355689141, 0.1456422128626172485 ) ) ;
#3320 = CIRCLE ( 'NONE', #150, 0.04999999999999991257 ) ;
#3321 = COLOUR_RGB ( '',0.8509803921568627194, 0.8509803921568627194, 0.8509803921568627194 ) ;
#3322 = DIRECTION ( 'NONE',  ( 0.000000000000000000, 0.000000000000000000, -1.000000000000000000 ) ) ;
#3323 = MECHANICAL_DESIGN_GEOMETRIC_PRESENTATION_REPRESENTATION (  '', ( #243 ), #2682 ) ;
#3324 = SURFACE_STYLE_USAGE ( .BOTH. , #2136 ) ;
#3325 = DIRECTION ( 'NONE',  ( 0.000000000000000000, 0.000000000000000000, -1.000000000000000000 ) ) ;
#3326 = ORIENTED_EDGE ( 'NONE', *, *, #2209, .T. ) ;
#3327 = FILL_AREA_STYLE ('',( #3652 ) ) ;
#3328 = FILL_AREA_STYLE ('',( #3270 ) ) ;
#3329 = CARTESIAN_POINT ( 'NONE',  ( -0.1125000000000000028, 0.6249999999999998890, 0.6999999999999912959 ) ) ;
#3330 = VECTOR ( 'NONE', #4359, 1000.000000000000000 ) ;
#3331 =( LENGTH_UNIT ( ) NAMED_UNIT ( * ) SI_UNIT ( .MILLI., .METRE. ) );
#3332 = CIRCLE ( 'NONE', #5062, 0.02500000000000028241 ) ;
#3333 = ORIENTED_EDGE ( 'NONE', *, *, #3914, .F. ) ;
#3334 = COLOUR_RGB ( '',0.8509803921568627194, 0.8509803921568627194, 0.8509803921568627194 ) ;
#3335 = AXIS2_PLACEMENT_3D ( 'NONE', #3341, #2054, #3775 ) ;
#3336 = DIRECTION ( 'NONE',  ( -1.000000000000000000, -0.000000000000000000, -0.000000000000000000 ) ) ;
#3337 = SPHERICAL_SURFACE ( 'NONE', #1829, 0.05000000000000000278 ) ;
#3338 = EDGE_CURVE ( 'NONE', #2872, #3704, #4068, .T. ) ;
#3339 = CARTESIAN_POINT ( 'NONE',  ( 0.1124999999999999750, 0.6249999999999968914, 0.7999999999999914957 ) ) ;
#3340 = ORIENTED_EDGE ( 'NONE', *, *, #1338, .T. ) ;
#3341 = CARTESIAN_POINT ( 'NONE',  ( -0.5374999999999999778, 0.4225511228578717748, 0.8749999999999914513 ) ) ;
#3342 = CARTESIAN_POINT ( 'NONE',  ( -0.5374999999999999778, 0.8250000000000003997, 0.1750000000000001554 ) ) ;
#3343 = ORIENTED_EDGE ( 'NONE', *, *, #1239, .F. ) ;
#3344 = SURFACE_STYLE_FILL_AREA ( #1686 ) ;
#3345 = FILL_AREA_STYLE_COLOUR ( '', #3579 ) ;
#3346 = ORIENTED_EDGE ( 'NONE', *, *, #3456, .F. ) ;
#3347 = ADVANCED_FACE ( 'NONE', ( #2035 ), #4533, .T. ) ;
#3348 = DIRECTION ( 'NONE',  ( -1.000000000000000000, 0.000000000000000000, 0.000000000000000000 ) ) ;
#3349 = ORIENTED_EDGE ( 'NONE', *, *, #354, .F. ) ;
#3350 = DIRECTION ( 'NONE',  ( 0.000000000000000000, 0.000000000000000000, 1.000000000000000000 ) ) ;
#3351 = DIRECTION ( 'NONE',  ( 1.000000000000000000, 0.000000000000000000, 0.000000000000000000 ) ) ;
#3352 = EDGE_CURVE ( 'NONE', #1260, #1996, #352, .T. ) ;
#3353 = DIRECTION ( 'NONE',  ( 0.000000000000000000, 0.000000000000000000, -1.000000000000000000 ) ) ;
#3354 = SURFACE_STYLE_USAGE ( .BOTH. , #2096 ) ;
#3355 = VERTEX_POINT ( 'NONE', #5412 ) ;
#3356 =( NAMED_UNIT ( * ) PLANE_ANGLE_UNIT ( ) SI_UNIT ( $, .RADIAN. ) );
#3357 = VECTOR ( 'NONE', #2456, 1000.000000000000000 ) ;
#3358 = DIRECTION ( 'NONE',  ( 0.000000000000000000, 0.000000000000000000, 1.000000000000000000 ) ) ;
#3359 = AXIS2_PLACEMENT_3D ( 'NONE', #1045, #4893, #3972 ) ;
#3360 = ORIENTED_EDGE ( 'NONE', *, *, #435, .T. ) ;
#3361 = FILL_AREA_STYLE_COLOUR ( '', #3065 ) ;
#3362 = DIRECTION ( 'NONE',  ( -1.000000000000000000, -0.000000000000000000, -0.000000000000000000 ) ) ;
#3363 = ORIENTED_EDGE ( 'NONE', *, *, #2613, .F. ) ;
#3364 = LINE ( 'NONE', #2543, #4943 ) ;
#3365 = LINE ( 'NONE', #4143, #4767 ) ;
#3366 = SURFACE_STYLE_FILL_AREA ( #1689 ) ;
#3367 = SURFACE_SIDE_STYLE ('',( #4565 ) ) ;
#3368 = EDGE_CURVE ( 'NONE', #5259, #1408, #1613, .T. ) ;
#3369 = DIRECTION ( 'NONE',  ( 3.469446951953615175E-16, -1.000000000000000000, 0.000000000000000000 ) ) ;
#3370 = VECTOR ( 'NONE', #1261, 1000.000000000000000 ) ;
#3371 = ORIENTED_EDGE ( 'NONE', *, *, #3499, .T. ) ;
#3372 = CARTESIAN_POINT ( 'NONE',  ( 0.1125000000000000028, 0.8000000000000001554, 0.6999999999999912959 ) ) ;
#3373 = VECTOR ( 'NONE', #3786, 1000.000000000000000 ) ;
#3374 = CARTESIAN_POINT ( 'NONE',  ( 0.7624999999999999556, 0.8250000000000003997, -9.486769009248163798E-17 ) ) ;
#3375 =( GEOMETRIC_REPRESENTATION_CONTEXT ( 3 ) GLOBAL_UNCERTAINTY_ASSIGNED_CONTEXT ( ( #4368 ) ) GLOBAL_UNIT_ASSIGNED_CONTEXT ( ( #1236, #4995, #1354 ) ) REPRESENTATION_CONTEXT ( 'NONE', 'WORKASPACE' ) );
#3376 = PRESENTATION_LAYER_ASSIGNMENT (  '', '', ( #661 ) ) ;
#3377 = LINE ( 'NONE', #4925, #813 ) ;
#3378 = EDGE_CURVE ( 'NONE', #3282, #4471, #4174, .T. ) ;
#3379 = AXIS2_PLACEMENT_3D ( 'NONE', #1818, #2681, #590 ) ;
#3380 = COLOUR_RGB ( '',0.8509803921568627194, 0.8509803921568627194, 0.8509803921568627194 ) ;
#3381 = ORIENTED_EDGE ( 'NONE', *, *, #3525, .T. ) ;
#3382 = FILL_AREA_STYLE ('',( #1414 ) ) ;
#3383 = ORIENTED_EDGE ( 'NONE', *, *, #288, .T. ) ;
#3384 = DIRECTION ( 'NONE',  ( -1.000000000000000000, -0.000000000000000000, -0.000000000000000000 ) ) ;
#3385 = VECTOR ( 'NONE', #3668, 1000.000000000000000 ) ;
#3386 = COLOUR_RGB ( '',0.2235294117647058654, 0.2235294117647058654, 0.2235294117647058654 ) ;
#3387 = LINE ( 'NONE', #5052, #3129 ) ;
#3388 = EDGE_LOOP ( 'NONE', ( #4207, #1801, #769, #1044, #5196, #3751, #4712, #5324 ) ) ;
#3389 = DIRECTION ( 'NONE',  ( -1.000000000000000000, -0.000000000000000000, -0.000000000000000000 ) ) ;
#3390 = DIRECTION ( 'NONE',  ( 0.000000000000000000, -1.000000000000000000, 1.204669080539450576E-16 ) ) ;
#3391 = DIRECTION ( 'NONE',  ( 0.000000000000000000, -1.000000000000000000, -1.204669080539450823E-16 ) ) ;
#3392 = AXIS2_PLACEMENT_3D ( 'NONE', #4196, #3859, #2568 ) ;
#3393 = DIRECTION ( 'NONE',  ( 0.000000000000000000, 0.000000000000000000, 1.000000000000000000 ) ) ;
#3394 =( LENGTH_UNIT ( ) NAMED_UNIT ( * ) SI_UNIT ( .MILLI., .METRE. ) );
#3395 = VECTOR ( 'NONE', #3157, 1000.000000000000000 ) ;
#3396 = ORIENTED_EDGE ( 'NONE', *, *, #5416, .F. ) ;
#3397 = CARTESIAN_POINT ( 'NONE',  ( 0.1125000000000000028, -0.4225511228578718859, 0.7249999999999915401 ) ) ;
#3398 =( NAMED_UNIT ( * ) PLANE_ANGLE_UNIT ( ) SI_UNIT ( $, .RADIAN. ) );
#3399 = PRESENTATION_STYLE_ASSIGNMENT (( #4185 ) ) ;
#3400 = ORIENTED_EDGE ( 'NONE', *, *, #2022, .F. ) ;
#3401 = UNCERTAINTY_MEASURE_WITH_UNIT (LENGTH_MEASURE( 1.000000000000000082E-05 ), #1760, 'distance_accuracy_value', 'NONE');
#3402 = AXIS2_PLACEMENT_3D ( 'NONE', #916, #2981, #4110 ) ;
#3403 = FILL_AREA_STYLE ('',( #3706 ) ) ;
#3404 = ADVANCED_FACE ( 'NONE', ( #5339 ), #2082, .F. ) ;
#3405 = CARTESIAN_POINT ( 'NONE',  ( -0.5374999999999999778, -0.8250000000000003997, 0.1499999999999999112 ) ) ;
#3406 = ORIENTED_EDGE ( 'NONE', *, *, #1403, .F. ) ;
#3407 = PRODUCT_CONTEXT ( 'NONE', #5174, 'mechanical' ) ;
#3408 = LINE ( 'NONE', #5073, #3976 ) ;
#3409 = ORIENTED_EDGE ( 'NONE', *, *, #5302, .F. ) ;
#3410 = SURFACE_STYLE_FILL_AREA ( #52 ) ;
#3411 =( GEOMETRIC_REPRESENTATION_CONTEXT ( 3 ) GLOBAL_UNCERTAINTY_ASSIGNED_CONTEXT ( ( #2693 ) ) GLOBAL_UNIT_ASSIGNED_CONTEXT ( ( #3452, #4228, #4254 ) ) REPRESENTATION_CONTEXT ( 'NONE', 'WORKASPACE' ) );
#3412 = CARTESIAN_POINT ( 'NONE',  ( 0.000000000000000000, -0.5393734126984707222, 1.100000000000000089 ) ) ;
#3413 = EDGE_CURVE ( 'NONE', #1082, #472, #1890, .T. ) ;
#3414 = ORIENTED_EDGE ( 'NONE', *, *, #3737, .T. ) ;
#3415 = CARTESIAN_POINT ( 'NONE',  ( 1.000000000000000000, -0.5751902650954094920, 0.7999999999999914957 ) ) ;
#3416 = FACE_OUTER_BOUND ( 'NONE', #4493, .T. ) ;
#3417 = UNCERTAINTY_MEASURE_WITH_UNIT (LENGTH_MEASURE( 1.000000000000000082E-05 ), #3598, 'distance_accuracy_value', 'NONE');
#3418 = ORIENTED_EDGE ( 'NONE', *, *, #1530, .F. ) ;
#3419 = EDGE_CURVE ( 'NONE', #737, #5074, #4616, .T. ) ;
#3420 =( NAMED_UNIT ( * ) SI_UNIT ( $, .STERADIAN. ) SOLID_ANGLE_UNIT ( ) );
#3421 = DIRECTION ( 'NONE',  ( 0.000000000000000000, 1.204669080539450576E-16, -1.000000000000000000 ) ) ;
#3422 = ORIENTED_EDGE ( 'NONE', *, *, #1676, .T. ) ;
#3423 = CARTESIAN_POINT ( 'NONE',  ( -0.7624999999999999556, -0.6249999999999998890, 0.8749999999999915623 ) ) ;
#3424 = ADVANCED_FACE ( 'NONE', ( #5125 ), #1321, .F. ) ;
#3425 = FILL_AREA_STYLE_COLOUR ( '', #1127 ) ;
#3426 = SURFACE_STYLE_USAGE ( .BOTH. , #3481 ) ;
#3427 = SURFACE_SIDE_STYLE ('',( #2120 ) ) ;
#3428 = DIRECTION ( 'NONE',  ( 1.000000000000000000, 0.000000000000000000, 0.000000000000000000 ) ) ;
#3429 = ORIENTED_EDGE ( 'NONE', *, *, #1427, .F. ) ;
#3430 = CARTESIAN_POINT ( 'NONE',  ( 0.7624999999999999556, -1.050000000000000044, -1.219727444046192488E-16 ) ) ;
#3431 = ORIENTED_EDGE ( 'NONE', *, *, #38, .T. ) ;
#3432 = PRODUCT_RELATED_PRODUCT_CATEGORY ( 'part', '', ( #4054 ) ) ;
#3433 = UNCERTAINTY_MEASURE_WITH_UNIT (LENGTH_MEASURE( 1.000000000000000082E-05 ), #833, 'distance_accuracy_value', 'NONE');
#3434 = FILL_AREA_STYLE ('',( #954 ) ) ;
#3435 = DIRECTION ( 'NONE',  ( -1.000000000000000000, -0.000000000000000000, -0.000000000000000000 ) ) ;
#3436 = LINE ( 'NONE', #1372, #5317 ) ;
#3437 = CIRCLE ( 'NONE', #5367, 0.04999999999999991257 ) ;
#3438 = EDGE_CURVE ( 'NONE', #2909, #1553, #4497, .T. ) ;
#3439 = VECTOR ( 'NONE', #5085, 1000.000000000000114 ) ;
#3440 =( LENGTH_UNIT ( ) NAMED_UNIT ( * ) SI_UNIT ( .MILLI., .METRE. ) );
#3441 = AXIS2_PLACEMENT_3D ( 'NONE', #4781, #4297, #3239 ) ;
#3442 = CARTESIAN_POINT ( 'NONE',  ( 0.7624999999999999556, -0.8250000000000003997, 0.1499999999999999112 ) ) ;
#3443 = VERTEX_POINT ( 'NONE', #507 ) ;
#3444 = DIRECTION ( 'NONE',  ( -1.000000000000000000, -0.000000000000000000, -0.000000000000000000 ) ) ;
#3445 = FILL_AREA_STYLE ('',( #5231 ) ) ;
#3446 = SURFACE_STYLE_FILL_AREA ( #2611 ) ;
#3447 = AXIS2_PLACEMENT_3D ( 'NONE', #4232, #5096, #559 ) ;
#3448 = CARTESIAN_POINT ( 'NONE',  ( 0.1125000000000000028, -0.8250000000000003997, -9.486769009248163798E-17 ) ) ;
#3449 = DIRECTION ( 'NONE',  ( 0.000000000000000000, 1.000000000000000000, -5.355436828253419639E-16 ) ) ;
#3450 = CARTESIAN_POINT ( 'NONE',  ( -0.8929413768309810706, -0.5179413768309816257, 0.1500000000000000222 ) ) ;
#3451 = DIRECTION ( 'NONE',  ( 1.000000000000000000, 0.000000000000000000, 0.000000000000000000 ) ) ;
#3452 =( LENGTH_UNIT ( ) NAMED_UNIT ( * ) SI_UNIT ( .MILLI., .METRE. ) );
#3453 = PRESENTATION_LAYER_ASSIGNMENT (  '', '', ( #2656 ) ) ;
#3454 = AXIS2_PLACEMENT_3D ( 'NONE', #5433, #1712, #1294 ) ;
#3455 = DIRECTION ( 'NONE',  ( 1.000000000000000000, 0.000000000000000000, 0.000000000000000000 ) ) ;
#3456 = EDGE_CURVE ( 'NONE', #3938, #927, #3364, .T. ) ;
#3457 = DIRECTION ( 'NONE',  ( -1.000000000000000000, -0.000000000000000000, -0.000000000000000000 ) ) ;
#3458 = EDGE_LOOP ( 'NONE', ( #199, #3853, #2818, #1069 ) ) ;
#3459 = DIRECTION ( 'NONE',  ( -0.000000000000000000, -0.08715574274765489071, 0.9961946980917458783 ) ) ;
#3460 = MECHANICAL_DESIGN_GEOMETRIC_PRESENTATION_REPRESENTATION (  '', ( #126 ), #4846 ) ;
#3461 = VECTOR ( 'NONE', #438, 1000.000000000000000 ) ;
#3462 = ORIENTED_EDGE ( 'NONE', *, *, #4573, .F. ) ;
#3463 = CARTESIAN_POINT ( 'NONE',  ( 0.5374999999999999778, -0.8250000000000003997, 0.1750000000000001554 ) ) ;
#3464 = AXIS2_PLACEMENT_3D ( 'NONE', #3442, #1424, #1046 ) ;
#3465 = LINE ( 'NONE', #3494, #2135 ) ;
#3466 = CARTESIAN_POINT ( 'NONE',  ( -0.5796202109455335094, 0.5393734126984709443, 1.050000000000000044 ) ) ;
#3467 = VECTOR ( 'NONE', #1942, 1000.000000000000000 ) ;
#3468 = EDGE_CURVE ( 'NONE', #1009, #14, #5025, .T. ) ;
#3469 = UNCERTAINTY_MEASURE_WITH_UNIT (LENGTH_MEASURE( 1.000000000000000082E-05 ), #1624, 'distance_accuracy_value', 'NONE');
#3470 = DIRECTION ( 'NONE',  ( -1.000000000000000000, -0.000000000000000000, -0.000000000000000000 ) ) ;
#3471 = ORIENTED_EDGE ( 'NONE', *, *, #560, .T. ) ;
#3472 = LINE ( 'NONE', #5109, #4840 ) ;
#3473 = VECTOR ( 'NONE', #3070, 1000.000000000000000 ) ;
#3474 = VECTOR ( 'NONE', #1868, 1000.000000000000000 ) ;
#3475 =( NAMED_UNIT ( * ) PLANE_ANGLE_UNIT ( ) SI_UNIT ( $, .RADIAN. ) );
#3476 = VECTOR ( 'NONE', #921, 1000.000000000000000 ) ;
#3477 = VECTOR ( 'NONE', #5181, 1000.000000000000000 ) ;
#3478 = CARTESIAN_POINT ( 'NONE',  ( -0.5374999999999999778, 0.5828377495892825833, 1.100000000000000089 ) ) ;
#3479 = DIRECTION ( 'NONE',  ( -1.000000000000000000, -0.000000000000000000, -0.000000000000000000 ) ) ;
#3480 = STYLED_ITEM ( 'NONE', ( #4369 ), #1393 ) ;
#3481 = SURFACE_SIDE_STYLE ('',( #2233 ) ) ;
#3482 = FILL_AREA_STYLE_COLOUR ( '', #3884 ) ;
#3483 = LINE ( 'NONE', #450, #3061 ) ;
#3484 = STYLED_ITEM ( 'NONE', ( #3930 ), #2458 ) ;
#3485 = CARTESIAN_POINT ( 'NONE',  ( -0.9143734126984708332, 0.5393734126984709443, 1.100000000000000089 ) ) ;
#3486 =( LENGTH_UNIT ( ) NAMED_UNIT ( * ) SI_UNIT ( .MILLI., .METRE. ) );
#3487 = PRESENTATION_LAYER_ASSIGNMENT (  '', '', ( #1905 ) ) ;
#3488 = UNCERTAINTY_MEASURE_WITH_UNIT (LENGTH_MEASURE( 1.000000000000000082E-05 ), #1141, 'distance_accuracy_value', 'NONE');
#3489 = EDGE_CURVE ( 'NONE', #84, #2623, #2740, .T. ) ;
#3490 = SURFACE_STYLE_FILL_AREA ( #4847 ) ;
#3491 = AXIS2_PLACEMENT_3D ( 'NONE', #3091, #4385, #185 ) ;
#3492 = PLANE ( 'NONE',  #4177 ) ;
#3493 = DIRECTION ( 'NONE',  ( -0.000000000000000000, -0.08715574274765489071, 0.9961946980917458783 ) ) ;
#3494 = CARTESIAN_POINT ( 'NONE',  ( -0.5374999999999999778, -0.6500000000000001332, 0.1750000000000001554 ) ) ;
#3495 = VECTOR ( 'NONE', #1812, 1000.000000000000000 ) ;
#3496 =( NAMED_UNIT ( * ) PLANE_ANGLE_UNIT ( ) SI_UNIT ( $, .RADIAN. ) );
#3497 = VERTEX_POINT ( 'NONE', #1365 ) ;
#3498 = PRESENTATION_STYLE_ASSIGNMENT (( #3123 ) ) ;
#3499 = EDGE_CURVE ( 'NONE', #4260, #1625, #2940, .T. ) ;
#3500 = CARTESIAN_POINT ( 'NONE',  ( -0.1125000000000000028, 0.6249999999999998890, 0.8749999999999915623 ) ) ;
#3501 = STYLED_ITEM ( 'NONE', ( #47 ), #4754 ) ;
#3502 = FACE_OUTER_BOUND ( 'NONE', #3145, .T. ) ;
#3503 = CARTESIAN_POINT ( 'NONE',  ( -0.9999999999999993339, -0.6249999999999998890, 0.7999999999999914957 ) ) ;
#3504 = DIRECTION ( 'NONE',  ( 0.000000000000000000, -1.000000000000000000, -4.336808689942016158E-15 ) ) ;
#3505 = CARTESIAN_POINT ( 'NONE',  ( 0.5374999999999999778, -0.5828377495892823612, 1.100000000000000089 ) ) ;
#3506 = ORIENTED_EDGE ( 'NONE', *, *, #360, .T. ) ;
#3507 = UNCERTAINTY_MEASURE_WITH_UNIT (LENGTH_MEASURE( 1.000000000000000082E-05 ), #3440, 'distance_accuracy_value', 'NONE');
#3508 = EDGE_CURVE ( 'NONE', #1260, #2782, #4144, .T. ) ;
#3509 = CARTESIAN_POINT ( 'NONE',  ( -0.7624999999999999556, 1.050000000000000044, -1.219727444046192488E-16 ) ) ;
#3510 = PRESENTATION_STYLE_ASSIGNMENT (( #3991 ) ) ;
#3511 = LINE ( 'NONE', #3104, #4109 ) ;
#3512 = PRESENTATION_STYLE_ASSIGNMENT (( #4816 ) ) ;
#3513 = PRESENTATION_STYLE_ASSIGNMENT (( #2837 ) ) ;
#3514 = DIRECTION ( 'NONE',  ( 0.000000000000000000, 0.000000000000000000, -1.000000000000000000 ) ) ;
#3515 = CARTESIAN_POINT ( 'NONE',  ( -0.9999999999999997780, 0.6250000000000001110, 0.7999999999999914957 ) ) ;
#3516 = EDGE_LOOP ( 'NONE', ( #2820, #4212, #4619 ) ) ;
#3517 = DIRECTION ( 'NONE',  ( -1.000000000000000000, -0.000000000000000000, -0.000000000000000000 ) ) ;
#3518 = ADVANCED_FACE ( 'NONE', ( #953 ), #4643, .F. ) ;
#3519 = ORIENTED_EDGE ( 'NONE', *, *, #1200, .T. ) ;
#3520 = DIRECTION ( 'NONE',  ( -1.000000000000000000, -3.047493566145103779E-16, -2.168404344971012023E-15 ) ) ;
#3521 = FILL_AREA_STYLE_COLOUR ( '', #4415 ) ;
#3522 = VERTEX_POINT ( 'NONE', #1920 ) ;
#3523 = CARTESIAN_POINT ( 'NONE',  ( 0.9387579355318532714, 0.5179413768309818478, 0.1000000000000000056 ) ) ;
#3524 = ADVANCED_FACE ( 'NONE', ( #672 ), #2356, .T. ) ;
#3525 = EDGE_CURVE ( 'NONE', #4627, #4133, #221, .T. ) ;
#3526 = DIRECTION ( 'NONE',  ( 0.000000000000000000, 1.000000000000000000, 5.355436828253419639E-16 ) ) ;
#3527 = CYLINDRICAL_SURFACE ( 'NONE', #1659, 0.1750000000000002387 ) ;
#3528 = FILL_AREA_STYLE_COLOUR ( '', #881 ) ;
#3529 = SURFACE_STYLE_USAGE ( .BOTH. , #3096 ) ;
#3530 =( NAMED_UNIT ( * ) PLANE_ANGLE_UNIT ( ) SI_UNIT ( $, .RADIAN. ) );
#3531 = EDGE_LOOP ( 'NONE', ( #3756, #2249, #4255 ) ) ;
#3532 = LINE ( 'NONE', #3505, #4665 ) ;
#3533 = ORIENTED_EDGE ( 'NONE', *, *, #9, .T. ) ;
#3534 = CARTESIAN_POINT ( 'NONE',  ( -0.5374999999999999778, -0.8000000000000001554, 0.1750000000000001554 ) ) ;
#3535 = FACE_OUTER_BOUND ( 'NONE', #2227, .T. ) ;
#3536 = EDGE_CURVE ( 'NONE', #5371, #5434, #1528, .T. ) ;
#3537 = CARTESIAN_POINT ( 'NONE',  ( -0.1124999999999999750, -0.6249999999999998890, 0.8000000000000283551 ) ) ;
#3538 = AXIS2_PLACEMENT_3D ( 'NONE', #4027, #3963, #3576 ) ;
#3539 = CYLINDRICAL_SURFACE ( 'NONE', #2884, 0.1750000000000002387 ) ;
#3540 = UNCERTAINTY_MEASURE_WITH_UNIT (LENGTH_MEASURE( 1.000000000000000082E-05 ), #5333, 'distance_accuracy_value', 'NONE');
#3541 = COLOUR_RGB ( '',0.8509803921568627194, 0.8509803921568627194, 0.8509803921568627194 ) ;
#3542 = EDGE_CURVE ( 'NONE', #1513, #4025, #587, .T. ) ;
#3543 = CARTESIAN_POINT ( 'NONE',  ( 0.5374999999999999778, 0.6184383502355528250, 0.7249999999999916511 ) ) ;
#3544 = DIRECTION ( 'NONE',  ( 0.000000000000000000, 0.000000000000000000, 1.000000000000000000 ) ) ;
#3545 = PRESENTATION_STYLE_ASSIGNMENT (( #255 ) ) ;
#3546 = ORIENTED_EDGE ( 'NONE', *, *, #3743, .F. ) ;
#3547 = PRESENTATION_STYLE_ASSIGNMENT (( #3638 ) ) ;
#3548 = DIRECTION ( 'NONE',  ( 0.000000000000000000, 0.000000000000000000, -1.000000000000000000 ) ) ;
#3549 = SURFACE_STYLE_USAGE ( .BOTH. , #2655 ) ;
#3550 = PRESENTATION_LAYER_ASSIGNMENT (  '', '', ( #1297 ) ) ;
#3551 = CARTESIAN_POINT ( 'NONE',  ( -0.9427511117355686920, 0.5179413768309818478, 0.1456422128626172485 ) ) ;
#3552 = ORIENTED_EDGE ( 'NONE', *, *, #3069, .T. ) ;
#3553 = PRESENTATION_STYLE_ASSIGNMENT (( #203 ) ) ;
#3554 = CIRCLE ( 'NONE', #3021, 0.05000000000000003747 ) ;
#3555 =( LENGTH_UNIT ( ) NAMED_UNIT ( * ) SI_UNIT ( .MILLI., .METRE. ) );
#3556 =( NAMED_UNIT ( * ) PLANE_ANGLE_UNIT ( ) SI_UNIT ( $, .RADIAN. ) );
#3557 = CARTESIAN_POINT ( 'NONE',  ( -0.1125000000000000028, 0.8250000000000003997, 0.1499999999999999112 ) ) ;
#3558 = CIRCLE ( 'NONE', #1213, 0.04999999999999996114 ) ;
#3559 = AXIS2_PLACEMENT_3D ( 'NONE', #1592, #436, #3762 ) ;
#3560 =( LENGTH_UNIT ( ) NAMED_UNIT ( * ) SI_UNIT ( .MILLI., .METRE. ) );
#3561 = ADVANCED_FACE ( 'NONE', ( #1815 ), #1416, .F. ) ;
#3562 = CIRCLE ( 'NONE', #4096, 0.02500000000000028241 ) ;
#3563 = DIRECTION ( 'NONE',  ( 0.000000000000000000, 0.000000000000000000, -1.000000000000000000 ) ) ;
#3564 = CARTESIAN_POINT ( 'NONE',  ( 0.9354880587799606628, 0.5604880587799603298, 0.6363107999857949837 ) ) ;
#3565 = ORIENTED_EDGE ( 'NONE', *, *, #1639, .T. ) ;
#3566 = AXIS2_PLACEMENT_3D ( 'NONE', #3779, #3052, #140 ) ;
#3567 = FILL_AREA_STYLE_COLOUR ( '', #3943 ) ;
#3568 = STYLED_ITEM ( 'NONE', ( #873 ), #5106 ) ;
#3569 = DIRECTION ( 'NONE',  ( 1.000000000000000000, 0.000000000000000000, 0.000000000000000000 ) ) ;
#3570 = FILL_AREA_STYLE ('',( #1999 ) ) ;
#3571 =( GEOMETRIC_REPRESENTATION_CONTEXT ( 3 ) GLOBAL_UNCERTAINTY_ASSIGNED_CONTEXT ( ( #1516 ) ) GLOBAL_UNIT_ASSIGNED_CONTEXT ( ( #2425, #1396, #2995 ) ) REPRESENTATION_CONTEXT ( 'NONE', 'WORKASPACE' ) );
#3572 = CARTESIAN_POINT ( 'NONE',  ( -0.7624999999999999556, -1.050000000000000044, -1.219727444046192488E-16 ) ) ;
#3573 = DIRECTION ( 'NONE',  ( 0.000000000000000000, 0.000000000000000000, 1.000000000000000000 ) ) ;
#3574 = STYLED_ITEM ( 'NONE', ( #2457 ), #2180 ) ;
#3575 = CARTESIAN_POINT ( 'NONE',  ( 0.1124999999999999750, 0.6250000000000001110, 0.8000000000000283551 ) ) ;
#3576 = DIRECTION ( 'NONE',  ( 0.000000000000000000, 0.000000000000000000, -1.000000000000000000 ) ) ;
#3577 = EDGE_CURVE ( 'NONE', #3298, #374, #2882, .T. ) ;
#3578 = DIRECTION ( 'NONE',  ( 0.000000000000000000, -1.000000000000000000, 5.355436828253419639E-16 ) ) ;
#3579 = COLOUR_RGB ( '',0.8509803921568627194, 0.8509803921568627194, 0.8509803921568627194 ) ;
#3580 =( LENGTH_UNIT ( ) NAMED_UNIT ( * ) SI_UNIT ( .MILLI., .METRE. ) );
#3581 =( NAMED_UNIT ( * ) PLANE_ANGLE_UNIT ( ) SI_UNIT ( $, .RADIAN. ) );
#3582 = ORIENTED_EDGE ( 'NONE', *, *, #3707, .F. ) ;
#3583 = CARTESIAN_POINT ( 'NONE',  ( 0.9638868161355496067, -1.672077088134878242E-16, 1.056958655048003237 ) ) ;
#3584 =( GEOMETRIC_REPRESENTATION_CONTEXT ( 3 ) GLOBAL_UNCERTAINTY_ASSIGNED_CONTEXT ( ( #3109 ) ) GLOBAL_UNIT_ASSIGNED_CONTEXT ( ( #5353, #4081, #1169 ) ) REPRESENTATION_CONTEXT ( 'NONE', 'WORKASPACE' ) );
#3585 = ADVANCED_FACE ( 'NONE', ( #1601 ), #844, .T. ) ;
#3586 =( GEOMETRIC_REPRESENTATION_CONTEXT ( 3 ) GLOBAL_UNCERTAINTY_ASSIGNED_CONTEXT ( ( #1400 ) ) GLOBAL_UNIT_ASSIGNED_CONTEXT ( ( #4774, #1077, #1932 ) ) REPRESENTATION_CONTEXT ( 'NONE', 'WORKASPACE' ) );
#3587 = VERTEX_POINT ( 'NONE', #3730 ) ;
#3588 =( NAMED_UNIT ( * ) SI_UNIT ( $, .STERADIAN. ) SOLID_ANGLE_UNIT ( ) );
#3589 = UNCERTAINTY_MEASURE_WITH_UNIT (LENGTH_MEASURE( 1.000000000000000082E-05 ), #3098, 'distance_accuracy_value', 'NONE');
#3590 = PRESENTATION_LAYER_ASSIGNMENT (  '', '', ( #4715 ) ) ;
#3591 = DIRECTION ( 'NONE',  ( 1.000000000000000000, 0.000000000000000000, 0.000000000000000000 ) ) ;
#3592 = ORIENTED_EDGE ( 'NONE', *, *, #579, .T. ) ;
#3593 = CARTESIAN_POINT ( 'NONE',  ( 0.1125000000000000028, -0.6500000000000001332, 0.6999999999999912959 ) ) ;
#3594 = ORIENTED_EDGE ( 'NONE', *, *, #4668, .T. ) ;
#3595 = CARTESIAN_POINT ( 'NONE',  ( 0.9143734126984710553, -0.5393734126984709443, 1.050000000000000044 ) ) ;
#3596 = DIRECTION ( 'NONE',  ( -1.000000000000000000, -0.000000000000000000, -0.000000000000000000 ) ) ;
#3597 =( NAMED_UNIT ( * ) PLANE_ANGLE_UNIT ( ) SI_UNIT ( $, .RADIAN. ) );
#3598 =( LENGTH_UNIT ( ) NAMED_UNIT ( * ) SI_UNIT ( .MILLI., .METRE. ) );
#3599 =( NAMED_UNIT ( * ) SI_UNIT ( $, .STERADIAN. ) SOLID_ANGLE_UNIT ( ) );
#3600 = SURFACE_STYLE_FILL_AREA ( #5267 ) ;
#3601 =( NAMED_UNIT ( * ) PLANE_ANGLE_UNIT ( ) SI_UNIT ( $, .RADIAN. ) );
#3602 =( NAMED_UNIT ( * ) PLANE_ANGLE_UNIT ( ) SI_UNIT ( $, .RADIAN. ) );
#3603 = EDGE_CURVE ( 'NONE', #2899, #2392, #2414, .T. ) ;
#3604 = UNCERTAINTY_MEASURE_WITH_UNIT (LENGTH_MEASURE( 1.000000000000000082E-05 ), #2273, 'distance_accuracy_value', 'NONE');
#3605 = FACE_OUTER_BOUND ( 'NONE', #2266, .T. ) ;
#3606 = PRESENTATION_STYLE_ASSIGNMENT (( #2275 ) ) ;
#3607 = DIRECTION ( 'NONE',  ( 1.000000000000000000, 0.000000000000000000, 0.000000000000000000 ) ) ;
#3608 = ORIENTED_EDGE ( 'NONE', *, *, #4699, .T. ) ;
#3609 = EDGE_CURVE ( 'NONE', #4267, #802, #739, .T. ) ;
#3610 = DIRECTION ( 'NONE',  ( 0.1378445374916251187, -0.1378445374916251465, -0.9808148484639900300 ) ) ;
#3611 = LINE ( 'NONE', #4353, #142 ) ;
#3612 = SURFACE_STYLE_USAGE ( .BOTH. , #1210 ) ;
#3613 = ORIENTED_EDGE ( 'NONE', *, *, #5047, .T. ) ;
#3614 =( LENGTH_UNIT ( ) NAMED_UNIT ( * ) SI_UNIT ( .MILLI., .METRE. ) );
#3615 = EDGE_CURVE ( 'NONE', #2511, #4231, #2383, .T. ) ;
#3616 = SURFACE_STYLE_USAGE ( .BOTH. , #1902 ) ;
#3617 = CARTESIAN_POINT ( 'NONE',  ( -0.5796202109455335094, -0.5393734126984707222, 1.050000000000000044 ) ) ;
#3618 = COLOUR_RGB ( '',0.2235294117647058654, 0.2235294117647058654, 0.2235294117647058654 ) ;
#3619 = SURFACE_STYLE_FILL_AREA ( #655 ) ;
#3620 = SURFACE_SIDE_STYLE ('',( #68 ) ) ;
#3621 = STYLED_ITEM ( 'NONE', ( #1930 ), #5064 ) ;
#3622 = DIRECTION ( 'NONE',  ( 0.000000000000000000, -1.000000000000000000, -4.336808689942016158E-15 ) ) ;
#3623 = ORIENTED_EDGE ( 'NONE', *, *, #4503, .T. ) ;
#3624 = CARTESIAN_POINT ( 'NONE',  ( 0.1125000000000000028, -1.050000000000000044, 0.1499999999999998834 ) ) ;
#3625 = ORIENTED_EDGE ( 'NONE', *, *, #4240, .F. ) ;
#3626 = FACE_OUTER_BOUND ( 'NONE', #108, .T. ) ;
#3627 = FILL_AREA_STYLE_COLOUR ( '', #4180 ) ;
#3628 = FACE_OUTER_BOUND ( 'NONE', #1587, .T. ) ;
#3629 = CYLINDRICAL_SURFACE ( 'NONE', #1568, 0.04999999999999999584 ) ;
#3630 = CARTESIAN_POINT ( 'NONE',  ( -0.9999999999999997780, 0.5754865965629216706, 0.7999999999999914957 ) ) ;
#3631 = CIRCLE ( 'NONE', #3441, 0.1750000000000002387 ) ;
#3632 = LINE ( 'NONE', #195, #4964 ) ;
#3633 = CARTESIAN_POINT ( 'NONE',  ( 0.9354880587799604408, -0.6102977936845473961, 0.6319530128484124321 ) ) ;
#3634 = DIRECTION ( 'NONE',  ( -0.000000000000000000, 1.000000000000000000, 0.000000000000000000 ) ) ;
#3635 = PRESENTATION_LAYER_ASSIGNMENT (  '', '', ( #3290 ) ) ;
#3636 = SURFACE_STYLE_FILL_AREA ( #4820 ) ;
#3637 = EDGE_CURVE ( 'NONE', #4805, #1061, #1546, .T. ) ;
#3638 = SURFACE_STYLE_USAGE ( .BOTH. , #4851 ) ;
#3639 = VECTOR ( 'NONE', #2530, 1000.000000000000000 ) ;
#3640 = ORIENTED_EDGE ( 'NONE', *, *, #2835, .F. ) ;
#3641 =( NAMED_UNIT ( * ) SI_UNIT ( $, .STERADIAN. ) SOLID_ANGLE_UNIT ( ) );
#3642 = VECTOR ( 'NONE', #1835, 1000.000000000000000 ) ;
#3643 = ORIENTED_EDGE ( 'NONE', *, *, #4988, .F. ) ;
#3644 = FACE_OUTER_BOUND ( 'NONE', #1377, .T. ) ;
#3645 = DIRECTION ( 'NONE',  ( 0.000000000000000000, -1.000000000000000000, 5.355436828253419639E-16 ) ) ;
#3646 =( LENGTH_UNIT ( ) NAMED_UNIT ( * ) SI_UNIT ( .MILLI., .METRE. ) );
#3647 = COLOUR_RGB ( '',0.8509803921568627194, 0.8509803921568627194, 0.8509803921568627194 ) ;
#3648 = FILL_AREA_STYLE_COLOUR ( '', #3904 ) ;
#3649 = PRESENTATION_LAYER_ASSIGNMENT (  '', '', ( #5119 ) ) ;
#3650 = SURFACE_STYLE_USAGE ( .BOTH. , #635 ) ;
#3651 = EDGE_LOOP ( 'NONE', ( #2277, #794, #1195, #2952 ) ) ;
#3652 = FILL_AREA_STYLE_COLOUR ( '', #1626 ) ;
#3653 = ORIENTED_EDGE ( 'NONE', *, *, #2835, .T. ) ;
#3654 = MECHANICAL_DESIGN_GEOMETRIC_PRESENTATION_REPRESENTATION (  '', ( #3209 ), #4861 ) ;
#3655 = CARTESIAN_POINT ( 'NONE',  ( -0.7624999999999999556, 0.8250000000000003997, 0.1750000000000001554 ) ) ;
#3656 = DIRECTION ( 'NONE',  ( 0.000000000000000000, -1.000000000000000000, -5.355436828253419639E-16 ) ) ;
#3657 = SURFACE_STYLE_USAGE ( .BOTH. , #1974 ) ;
#3658 = DIRECTION ( 'NONE',  ( -1.000000000000000000, -0.000000000000000000, -0.000000000000000000 ) ) ;
#3659 = CIRCLE ( 'NONE', #3559, 0.04999999999999999584 ) ;
#3660 = ORIENTED_EDGE ( 'NONE', *, *, #4970, .T. ) ;
#3661 = ORIENTED_EDGE ( 'NONE', *, *, #3577, .F. ) ;
#3662 = FACE_OUTER_BOUND ( 'NONE', #3830, .T. ) ;
#3663 = DIRECTION ( 'NONE',  ( -1.000000000000000000, -0.000000000000000000, -0.000000000000000000 ) ) ;
#3664 = CIRCLE ( 'NONE', #1469, 0.04999999999999991257 ) ;
#3665 =( NAMED_UNIT ( * ) SI_UNIT ( $, .STERADIAN. ) SOLID_ANGLE_UNIT ( ) );
#3666 = SURFACE_STYLE_USAGE ( .BOTH. , #4916 ) ;
#3667 = DIRECTION ( 'NONE',  ( 0.000000000000000000, 0.000000000000000000, -1.000000000000000000 ) ) ;
#3668 = DIRECTION ( 'NONE',  ( 0.000000000000000000, 0.000000000000000000, -1.000000000000000000 ) ) ;
#3669 = COLOUR_RGB ( '',0.8509803921568627194, 0.8509803921568627194, 0.8509803921568627194 ) ;
#3670 = ORIENTED_EDGE ( 'NONE', *, *, #3822, .T. ) ;
#3671 = EDGE_LOOP ( 'NONE', ( #290, #163, #5086 ) ) ;
#3672 = ADVANCED_FACE ( 'NONE', ( #5378 ), #5332, .F. ) ;
#3673 = CARTESIAN_POINT ( 'NONE',  ( 0.8929413768309820698, 0.5677511117355691361, 0.1456422128626172485 ) ) ;
#3674 = VECTOR ( 'NONE', #5278, 1000.000000000000000 ) ;
#3675 = SURFACE_STYLE_USAGE ( .BOTH. , #4538 ) ;
#3676 = PLANE ( 'NONE',  #3973 ) ;
#3677 = COLOUR_RGB ( '',0.8509803921568627194, 0.8509803921568627194, 0.8509803921568627194 ) ;
#3678 = FILL_AREA_STYLE ('',( #3289 ) ) ;
#3679 = ADVANCED_FACE ( 'NONE', ( #4606 ), #2073, .F. ) ;
#3680 = CARTESIAN_POINT ( 'NONE',  ( 0.000000000000000000, -0.6144594373973207846, 0.8749999999999915623 ) ) ;
#3681 = ORIENTED_EDGE ( 'NONE', *, *, #1503, .T. ) ;
#3682 =( NAMED_UNIT ( * ) SI_UNIT ( $, .STERADIAN. ) SOLID_ANGLE_UNIT ( ) );
#3683 = VERTEX_POINT ( 'NONE', #41 ) ;
#3684 = VECTOR ( 'NONE', #1274, 1000.000000000000000 ) ;
#3685 = CARTESIAN_POINT ( 'NONE',  ( -0.9143734126984708332, 0.5393734126984709443, 1.050000000000000044 ) ) ;
#3686 = VECTOR ( 'NONE', #2086, 1000.000000000000000 ) ;
#3687 = DIRECTION ( 'NONE',  ( 0.000000000000000000, -2.168404344971012812E-15, 1.000000000000000000 ) ) ;
#3688 = CARTESIAN_POINT ( 'NONE',  ( -0.1125000000000000028, 0.8250000000000003997, 0.1499999999999999112 ) ) ;
#3689 = EDGE_CURVE ( 'NONE', #625, #5038, #418, .T. ) ;
#3690 = ORIENTED_EDGE ( 'NONE', *, *, #9, .F. ) ;
#3691 = SURFACE_STYLE_FILL_AREA ( #4030 ) ;
#3692 = FILL_AREA_STYLE ('',( #2009 ) ) ;
#3693 = EDGE_LOOP ( 'NONE', ( #1255, #2058, #3980, #3363 ) ) ;
#3694 = FACE_OUTER_BOUND ( 'NONE', #5004, .T. ) ;
#3695 = ORIENTED_EDGE ( 'NONE', *, *, #3318, .T. ) ;
#3696 =( NAMED_UNIT ( * ) PLANE_ANGLE_UNIT ( ) SI_UNIT ( $, .RADIAN. ) );
#3697 = ORIENTED_EDGE ( 'NONE', *, *, #3814, .T. ) ;
#3698 = CARTESIAN_POINT ( 'NONE',  ( -0.5374999999999999778, -0.6249999999999998890, 0.8749999999999915623 ) ) ;
#3699 =( NAMED_UNIT ( * ) SI_UNIT ( $, .STERADIAN. ) SOLID_ANGLE_UNIT ( ) );
#3700 = DIRECTION ( 'NONE',  ( 1.000000000000000000, 0.000000000000000000, 0.000000000000000000 ) ) ;
#3701 = ORIENTED_EDGE ( 'NONE', *, *, #694, .F. ) ;
#3702 = SURFACE_STYLE_USAGE ( .BOTH. , #2508 ) ;
#3703 = CARTESIAN_POINT ( 'NONE',  ( -0.5374999999999999778, 0.8250000000000003997, -9.486769009248163798E-17 ) ) ;
#3704 = VERTEX_POINT ( 'NONE', #5068 ) ;
#3705 = DIRECTION ( 'NONE',  ( 0.000000000000000000, 0.000000000000000000, 1.000000000000000000 ) ) ;
#3706 = FILL_AREA_STYLE_COLOUR ( '', #5133 ) ;
#3707 = EDGE_CURVE ( 'NONE', #2728, #1325, #1781, .T. ) ;
#3708 = LINE ( 'NONE', #1633, #2484 ) ;
#3709 = DIRECTION ( 'NONE',  ( -0.1378445374916250910, -0.1378445374916257293, -0.9808148484639900300 ) ) ;
#3710 = ORIENTED_EDGE ( 'NONE', *, *, #137, .F. ) ;
#3711 = DIRECTION ( 'NONE',  ( 0.000000000000000000, -1.000000000000000000, 5.355436828253419639E-16 ) ) ;
#3712 = ORIENTED_EDGE ( 'NONE', *, *, #4175, .T. ) ;
#3713 =( LENGTH_UNIT ( ) NAMED_UNIT ( * ) SI_UNIT ( .MILLI., .METRE. ) );
#3714 = CYLINDRICAL_SURFACE ( 'NONE', #229, 0.05000000000000003053 ) ;
#3715 = VERTEX_POINT ( 'NONE', #3423 ) ;
#3716 = VECTOR ( 'NONE', #707, 1000.000000000000000 ) ;
#3717 = DIRECTION ( 'NONE',  ( -0.000000000000000000, -1.000000000000000000, -0.000000000000000000 ) ) ;
#3718 = UNCERTAINTY_MEASURE_WITH_UNIT (LENGTH_MEASURE( 1.000000000000000082E-05 ), #2301, 'distance_accuracy_value', 'NONE');
#3719 = VECTOR ( 'NONE', #3610, 1000.000000000000227 ) ;
#3720 = EDGE_LOOP ( 'NONE', ( #405, #4929, #670, #5372 ) ) ;
#3721 = CARTESIAN_POINT ( 'NONE',  ( 0.1125000000000000028, 0.6249999999999998890, 0.6999999999999912959 ) ) ;
#3722 = ORIENTED_EDGE ( 'NONE', *, *, #1556, .T. ) ;
#3723 = COLOUR_RGB ( '',0.2235294117647058654, 0.2235294117647058654, 0.2235294117647058654 ) ;
#3724 = ADVANCED_FACE ( 'NONE', ( #2983 ), #15, .F. ) ;
#3725 = CARTESIAN_POINT ( 'NONE',  ( 0.5374999999999999778, -0.8250000000000003997, 0.1499999999999999112 ) ) ;
#3726 =( LENGTH_UNIT ( ) NAMED_UNIT ( * ) SI_UNIT ( .MILLI., .METRE. ) );
#3727 = VECTOR ( 'NONE', #3014, 1000.000000000000000 ) ;
#3728 = ORIENTED_EDGE ( 'NONE', *, *, #3097, .T. ) ;
#3729 = VERTEX_POINT ( 'NONE', #919 ) ;
#3730 = CARTESIAN_POINT ( 'NONE',  ( -0.1125000000000000028, -0.8000000000000001554, 0.6999999999999912959 ) ) ;
#3731 = CARTESIAN_POINT ( 'NONE',  ( 0.5374999999999999778, -0.8250000000000003997, 0.1750000000000001554 ) ) ;
#3732 = FILL_AREA_STYLE ('',( #4090 ) ) ;
#3733 = VECTOR ( 'NONE', #882, 999.9999999999998863 ) ;
#3734 =( LENGTH_UNIT ( ) NAMED_UNIT ( * ) SI_UNIT ( .MILLI., .METRE. ) );
#3735 = ORIENTED_EDGE ( 'NONE', *, *, #4821, .T. ) ;
#3736 = AXIS2_PLACEMENT_3D ( 'NONE', #294, #3520, #1444 ) ;
#3737 = EDGE_CURVE ( 'NONE', #1325, #2909, #4635, .T. ) ;
#3738 =( NAMED_UNIT ( * ) SI_UNIT ( $, .STERADIAN. ) SOLID_ANGLE_UNIT ( ) );
#3739 = PRESENTATION_STYLE_ASSIGNMENT (( #2892 ) ) ;
#3740 = VECTOR ( 'NONE', #4498, 1000.000000000000000 ) ;
#3741 = ORIENTED_EDGE ( 'NONE', *, *, #3378, .F. ) ;
#3742 = PRESENTATION_STYLE_ASSIGNMENT (( #3675 ) ) ;
#3743 = EDGE_CURVE ( 'NONE', #2539, #439, #1485, .T. ) ;
#3744 = AXIS2_PLACEMENT_3D ( 'NONE', #4873, #2378, #5263 ) ;
#3745 = PRESENTATION_LAYER_ASSIGNMENT (  '', '', ( #693 ) ) ;
#3746 = VECTOR ( 'NONE', #1691, 1000.000000000000000 ) ;
#3747 = LINE ( 'NONE', #485, #1537 ) ;
#3748 = ORIENTED_EDGE ( 'NONE', *, *, #5236, .T. ) ;
#3749 = STYLED_ITEM ( 'NONE', ( #1018 ), #2618 ) ;
#3750 = MECHANICAL_DESIGN_GEOMETRIC_PRESENTATION_REPRESENTATION (  '', ( #1570 ), #2603 ) ;
#3751 = ORIENTED_EDGE ( 'NONE', *, *, #512, .F. ) ;
#3752 =( NAMED_UNIT ( * ) SI_UNIT ( $, .STERADIAN. ) SOLID_ANGLE_UNIT ( ) );
#3753 = UNCERTAINTY_MEASURE_WITH_UNIT (LENGTH_MEASURE( 1.000000000000000082E-05 ), #2290, 'distance_accuracy_value', 'NONE');
#3754 = SURFACE_STYLE_FILL_AREA ( #2074 ) ;
#3755 = CARTESIAN_POINT ( 'NONE',  ( -0.8929413768309810706, -0.5677511117355689141, 0.1456422128626172485 ) ) ;
#3756 = ORIENTED_EDGE ( 'NONE', *, *, #2087, .F. ) ;
#3757 =( NAMED_UNIT ( * ) SI_UNIT ( $, .STERADIAN. ) SOLID_ANGLE_UNIT ( ) );
#3758 = ORIENTED_EDGE ( 'NONE', *, *, #3338, .F. ) ;
#3759 = PRESENTATION_STYLE_ASSIGNMENT (( #3283 ) ) ;
#3760 = LINE ( 'NONE', #1323, #2421 ) ;
#3761 = LINE ( 'NONE', #2, #442 ) ;
#3762 = DIRECTION ( 'NONE',  ( 0.000000000000000000, 0.000000000000000000, 1.000000000000000000 ) ) ;
#3763 = CARTESIAN_POINT ( 'NONE',  ( -0.9143734126984706112, -3.172370049634133713E-16, 1.100000000000000089 ) ) ;
#3764 = ADVANCED_FACE ( 'NONE', ( #612 ), #2315, .T. ) ;
#3765 =( NAMED_UNIT ( * ) SI_UNIT ( $, .STERADIAN. ) SOLID_ANGLE_UNIT ( ) );
#3766 = ORIENTED_EDGE ( 'NONE', *, *, #4275, .T. ) ;
#3767 = DIRECTION ( 'NONE',  ( 0.000000000000000000, -1.000000000000000000, -1.204669080539450823E-16 ) ) ;
#3768 = ORIENTED_EDGE ( 'NONE', *, *, #3352, .F. ) ;
#3769 = CARTESIAN_POINT ( 'NONE',  ( 0.1125000000000000028, 0.4225511228578717748, 0.8749999999999914513 ) ) ;
#3770 =( NAMED_UNIT ( * ) SI_UNIT ( $, .STERADIAN. ) SOLID_ANGLE_UNIT ( ) );
#3771 =( GEOMETRIC_REPRESENTATION_CONTEXT ( 3 ) GLOBAL_UNCERTAINTY_ASSIGNED_CONTEXT ( ( #40 ) ) GLOBAL_UNIT_ASSIGNED_CONTEXT ( ( #2045, #3241, #1596 ) ) REPRESENTATION_CONTEXT ( 'NONE', 'WORKASPACE' ) );
#3772 = PLANE ( 'NONE',  #1250 ) ;
#3773 = VECTOR ( 'NONE', #4413, 1000.000000000000000 ) ;
#3774 = ORIENTED_EDGE ( 'NONE', *, *, #880, .T. ) ;
#3775 = DIRECTION ( 'NONE',  ( 0.000000000000000000, -1.000000000000000000, -5.355436828253419639E-16 ) ) ;
#3776 = LINE ( 'NONE', #2966, #2498 ) ;
#3777 = DIRECTION ( 'NONE',  ( 0.000000000000000000, 0.000000000000000000, -1.000000000000000000 ) ) ;
#3778 = EDGE_LOOP ( 'NONE', ( #5395, #238, #1197, #1128 ) ) ;
#3779 = CARTESIAN_POINT ( 'NONE',  ( 0.000000000000000000, 0.000000000000000000, 1.099900000000000100 ) ) ;
#3780 = LINE ( 'NONE', #24, #4424 ) ;
#3781 = EDGE_CURVE ( 'NONE', #2529, #2564, #2912, .T. ) ;
#3782 = DIRECTION ( 'NONE',  ( -1.000000000000000000, -0.000000000000000000, -0.000000000000000000 ) ) ;
#3783 = FILL_AREA_STYLE ('',( #118 ) ) ;
#3784 = PRESENTATION_LAYER_ASSIGNMENT (  '', '', ( #3187 ) ) ;
#3785 = ORIENTED_EDGE ( 'NONE', *, *, #3035, .T. ) ;
#3786 = DIRECTION ( 'NONE',  ( 0.000000000000000000, 0.000000000000000000, 1.000000000000000000 ) ) ;
#3787 = EDGE_CURVE ( 'NONE', #730, #2097, #638, .T. ) ;
#3788 =( NAMED_UNIT ( * ) SI_UNIT ( $, .STERADIAN. ) SOLID_ANGLE_UNIT ( ) );
#3789 = MECHANICAL_DESIGN_GEOMETRIC_PRESENTATION_REPRESENTATION (  '', ( #763 ), #309 ) ;
#3790 = DIRECTION ( 'NONE',  ( 0.000000000000000000, 0.000000000000000000, -1.000000000000000000 ) ) ;
#3791 = VECTOR ( 'NONE', #643, 1000.000000000000000 ) ;
#3792 = SURFACE_STYLE_FILL_AREA ( #4746 ) ;
#3793 = ORIENTED_EDGE ( 'NONE', *, *, #5034, .T. ) ;
#3794 = MECHANICAL_DESIGN_GEOMETRIC_PRESENTATION_REPRESENTATION (  '', ( #1297 ), #4225 ) ;
#3795 = EDGE_CURVE ( 'NONE', #2473, #4018, #3437, .T. ) ;
#3796 = PRESENTATION_STYLE_ASSIGNMENT (( #527 ) ) ;
#3797 = DIRECTION ( 'NONE',  ( 1.000000000000000000, 0.000000000000000000, 0.000000000000000000 ) ) ;
#3798 = FILL_AREA_STYLE_COLOUR ( '', #3647 ) ;
#3799 =( GEOMETRIC_REPRESENTATION_CONTEXT ( 3 ) GLOBAL_UNCERTAINTY_ASSIGNED_CONTEXT ( ( #2439 ) ) GLOBAL_UNIT_ASSIGNED_CONTEXT ( ( #1013, #601, #183 ) ) REPRESENTATION_CONTEXT ( 'NONE', 'WORKASPACE' ) );
#3800 = FILL_AREA_STYLE ('',( #3877 ) ) ;
#3801 = ORIENTED_EDGE ( 'NONE', *, *, #2362, .F. ) ;
#3802 =( LENGTH_UNIT ( ) NAMED_UNIT ( * ) SI_UNIT ( .MILLI., .METRE. ) );
#3803 = SURFACE_STYLE_FILL_AREA ( #2080 ) ;
#3804 = VERTEX_POINT ( 'NONE', #5261 ) ;
#3805 = FILL_AREA_STYLE_COLOUR ( '', #843 ) ;
#3806 = CIRCLE ( 'NONE', #4963, 0.02500000000000025466 ) ;
#3807 = PRESENTATION_LAYER_ASSIGNMENT (  '', '', ( #778 ) ) ;
#3808 = PRESENTATION_LAYER_ASSIGNMENT (  '', '', ( #5397 ) ) ;
#3809 = FILL_AREA_STYLE ('',( #3345 ) ) ;
#3810 = ORIENTED_EDGE ( 'NONE', *, *, #4629, .T. ) ;
#3811 = CARTESIAN_POINT ( 'NONE',  ( 0.9143734126984710553, 0.5888868161355496067, 1.056958655048003237 ) ) ;
#3812 =( GEOMETRIC_REPRESENTATION_CONTEXT ( 3 ) GLOBAL_UNCERTAINTY_ASSIGNED_CONTEXT ( ( #944 ) ) GLOBAL_UNIT_ASSIGNED_CONTEXT ( ( #1555, #1006, #3917 ) ) REPRESENTATION_CONTEXT ( 'NONE', 'WORKASPACE' ) );
#3813 = DIRECTION ( 'NONE',  ( 0.1378445374916248134, -0.1378445374916251187, -0.9808148484639901410 ) ) ;
#3814 = EDGE_CURVE ( 'NONE', #4676, #1080, #4299, .T. ) ;
#3815 = MECHANICAL_DESIGN_GEOMETRIC_PRESENTATION_REPRESENTATION (  '', ( #1312 ), #4333 ) ;
#3816 = SURFACE_SIDE_STYLE ('',( #3841 ) ) ;
#3817 = CARTESIAN_POINT ( 'NONE',  ( 0.7624999999999999556, 0.8250000000000003997, 0.1499999999999999112 ) ) ;
#3818 = MECHANICAL_DESIGN_GEOMETRIC_PRESENTATION_REPRESENTATION (  '', ( #2150 ), #3900 ) ;
#3819 = AXIS2_PLACEMENT_3D ( 'NONE', #5262, #1455, #4051 ) ;
#3820 = ORIENTED_EDGE ( 'NONE', *, *, #3252, .T. ) ;
#3821 =( NAMED_UNIT ( * ) PLANE_ANGLE_UNIT ( ) SI_UNIT ( $, .RADIAN. ) );
#3822 = EDGE_CURVE ( 'NONE', #4751, #1224, #578, .T. ) ;
#3823 = DIRECTION ( 'NONE',  ( -0.000000000000000000, 0.000000000000000000, 1.000000000000000000 ) ) ;
#3824 = SURFACE_STYLE_USAGE ( .BOTH. , #3898 ) ;
#3825 = SURFACE_STYLE_FILL_AREA ( #1780 ) ;
#3826 = ORIENTED_EDGE ( 'NONE', *, *, #4807, .F. ) ;
#3827 = PRESENTATION_LAYER_ASSIGNMENT (  '', '', ( #4889 ) ) ;
#3828 = CARTESIAN_POINT ( 'NONE',  ( -0.7624999999999999556, 0.8250000000000003997, 0.1499999999999999112 ) ) ;
#3829 = EDGE_CURVE ( 'NONE', #5371, #1471, #2616, .T. ) ;
#3830 = EDGE_LOOP ( 'NONE', ( #5341, #2100, #4782, #3712 ) ) ;
#3831 = SPHERICAL_SURFACE ( 'NONE', #1721, 0.05000000000000000278 ) ;
#3832 = LINE ( 'NONE', #2541, #3291 ) ;
#3833 = ORIENTED_EDGE ( 'NONE', *, *, #4283, .T. ) ;
#3834 = SURFACE_SIDE_STYLE ('',( #23 ) ) ;
#3835 = PRESENTATION_LAYER_ASSIGNMENT (  '', '', ( #1918 ) ) ;
#3836 = DIRECTION ( 'NONE',  ( -1.000000000000000000, -0.000000000000000000, -0.000000000000000000 ) ) ;
#3837 = EDGE_LOOP ( 'NONE', ( #3640, #3414, #1331, #336 ) ) ;
#3838 = LINE ( 'NONE', #2104, #3223 ) ;
#3839 = LINE ( 'NONE', #1820, #1123 ) ;
#3840 = PRESENTATION_STYLE_ASSIGNMENT (( #3862 ) ) ;
#3841 = SURFACE_STYLE_FILL_AREA ( #2550 ) ;
#3842 = CARTESIAN_POINT ( 'NONE',  ( -0.9501902650954089369, -0.6249999999999998890, 0.7999999999999914957 ) ) ;
#3843 = ORIENTED_EDGE ( 'NONE', *, *, #3921, .T. ) ;
#3844 = LINE ( 'NONE', #1305, #1791 ) ;
#3845 = FILL_AREA_STYLE_COLOUR ( '', #1852 ) ;
#3846 =( NAMED_UNIT ( * ) SI_UNIT ( $, .STERADIAN. ) SOLID_ANGLE_UNIT ( ) );
#3847 = ADVANCED_FACE ( 'NONE', ( #4336 ), #3928, .T. ) ;
#3848 = CARTESIAN_POINT ( 'NONE',  ( -0.5374999999999999778, 0.6249999999999998890, 0.6999999999999912959 ) ) ;
#3849 = DIRECTION ( 'NONE',  ( 0.000000000000000000, -0.000000000000000000, -1.000000000000000000 ) ) ;
#3850 = DIRECTION ( 'NONE',  ( 1.000000000000000000, -0.000000000000000000, -0.000000000000000000 ) ) ;
#3851 = ORIENTED_EDGE ( 'NONE', *, *, #3912, .T. ) ;
#3852 =( NAMED_UNIT ( * ) PLANE_ANGLE_UNIT ( ) SI_UNIT ( $, .RADIAN. ) );
#3853 = ORIENTED_EDGE ( 'NONE', *, *, #4342, .T. ) ;
#3854 =( NAMED_UNIT ( * ) PLANE_ANGLE_UNIT ( ) SI_UNIT ( $, .RADIAN. ) );
#3855 = EDGE_CURVE ( 'NONE', #2782, #3938, #1777, .T. ) ;
#3856 = UNCERTAINTY_MEASURE_WITH_UNIT (LENGTH_MEASURE( 1.000000000000000082E-05 ), #2720, 'distance_accuracy_value', 'NONE');
#3857 = LINE ( 'NONE', #1860, #1235 ) ;
#3858 = ORIENTED_EDGE ( 'NONE', *, *, #1410, .F. ) ;
#3859 = DIRECTION ( 'NONE',  ( 0.000000000000000000, -5.355436828253419639E-16, -1.000000000000000000 ) ) ;
#3860 =( NAMED_UNIT ( * ) SI_UNIT ( $, .STERADIAN. ) SOLID_ANGLE_UNIT ( ) );
#3861 = STYLED_ITEM ( 'NONE', ( #4812 ), #4161 ) ;
#3862 = SURFACE_STYLE_USAGE ( .BOTH. , #4263 ) ;
#3863 = SURFACE_SIDE_STYLE ('',( #3974 ) ) ;
#3864 = EDGE_LOOP ( 'NONE', ( #4292, #1431, #3431, #3681 ) ) ;
#3865 = SURFACE_STYLE_FILL_AREA ( #2142 ) ;
#3866 =( NAMED_UNIT ( * ) SI_UNIT ( $, .STERADIAN. ) SOLID_ANGLE_UNIT ( ) );
#3867 = PRESENTATION_LAYER_ASSIGNMENT (  '', '', ( #5030 ) ) ;
#3868 = PRESENTATION_STYLE_ASSIGNMENT (( #967 ) ) ;
#3869 = ORIENTED_EDGE ( 'NONE', *, *, #1215, .F. ) ;
#3870 = CYLINDRICAL_SURFACE ( 'NONE', #1614, 0.1750000000000002387 ) ;
#3871 = ORIENTED_EDGE ( 'NONE', *, *, #1239, .T. ) ;
#3872 = DIRECTION ( 'NONE',  ( 0.000000000000000000, 0.000000000000000000, -1.000000000000000000 ) ) ;
#3873 = EDGE_CURVE ( 'NONE', #502, #2639, #2904, .T. ) ;
#3874 = AXIS2_PLACEMENT_3D ( 'NONE', #3342, #5337, #1268 ) ;
#3875 = CARTESIAN_POINT ( 'NONE',  ( 0.9427511117355690251, -0.5179413768309816257, 0.1456422128626172485 ) ) ;
#3876 = DIRECTION ( 'NONE',  ( 0.000000000000000000, 0.000000000000000000, 1.000000000000000000 ) ) ;
#3877 = FILL_AREA_STYLE_COLOUR ( '', #974 ) ;
#3878 = AXIS2_PLACEMENT_3D ( 'NONE', #4153, #2110, #2170 ) ;
#3879 = CARTESIAN_POINT ( 'NONE',  ( 0.000000000000000000, 0.000000000000000000, 0.000000000000000000 ) ) ;
#3880 = DIRECTION ( 'NONE',  ( 0.000000000000000000, 0.000000000000000000, -1.000000000000000000 ) ) ;
#3881 = CARTESIAN_POINT ( 'NONE',  ( 0.1125000000000000028, 0.6249999999999998890, 0.6999999999999912959 ) ) ;
#3882 = PRESENTATION_STYLE_ASSIGNMENT (( #1675 ) ) ;
#3883 = DIRECTION ( 'NONE',  ( -1.000000000000000000, -0.000000000000000000, -0.000000000000000000 ) ) ;
#3884 = COLOUR_RGB ( '',0.8509803921568627194, 0.8509803921568627194, 0.8509803921568627194 ) ;
#3885 = SURFACE_STYLE_FILL_AREA ( #175 ) ;
#3886 = LINE ( 'NONE', #4213, #2145 ) ;
#3887 =( LENGTH_UNIT ( ) NAMED_UNIT ( * ) SI_UNIT ( .MILLI., .METRE. ) );
#3888 = ORIENTED_EDGE ( 'NONE', *, *, #4821, .F. ) ;
#3889 = VECTOR ( 'NONE', #1240, 1000.000000000000000 ) ;
#3890 = DIRECTION ( 'NONE',  ( 0.000000000000000000, -1.000000000000000000, -1.204669080539450823E-16 ) ) ;
#3891 =( NAMED_UNIT ( * ) SI_UNIT ( $, .STERADIAN. ) SOLID_ANGLE_UNIT ( ) );
#3892 = PRESENTATION_LAYER_ASSIGNMENT (  '', '', ( #1884 ) ) ;
#3893 = VECTOR ( 'NONE', #4764, 1000.000000000000000 ) ;
#3894 = EDGE_CURVE ( 'NONE', #853, #322, #3175, .T. ) ;
#3895 = CARTESIAN_POINT ( 'NONE',  ( -0.1125000000000000028, -1.050000000000000044, -1.219727444046192488E-16 ) ) ;
#3896 = EDGE_LOOP ( 'NONE', ( #5336, #5183, #3903, #77 ) ) ;
#3897 = AXIS2_PLACEMENT_3D ( 'NONE', #1099, #1900, #264 ) ;
#3898 = SURFACE_SIDE_STYLE ('',( #3865 ) ) ;
#3899 = PLANE ( 'NONE',  #2874 ) ;
#3900 =( GEOMETRIC_REPRESENTATION_CONTEXT ( 3 ) GLOBAL_UNCERTAINTY_ASSIGNED_CONTEXT ( ( #1367 ) ) GLOBAL_UNIT_ASSIGNED_CONTEXT ( ( #4672, #3398, #4221 ) ) REPRESENTATION_CONTEXT ( 'NONE', 'WORKASPACE' ) );
#3901 =( NAMED_UNIT ( * ) SI_UNIT ( $, .STERADIAN. ) SOLID_ANGLE_UNIT ( ) );
#3902 = SURFACE_SIDE_STYLE ('',( #2291 ) ) ;
#3903 = ORIENTED_EDGE ( 'NONE', *, *, #2762, .T. ) ;
#3904 = COLOUR_RGB ( '',0.2235294117647058654, 0.2235294117647058654, 0.2235294117647058654 ) ;
#3905 = SURFACE_STYLE_USAGE ( .BOTH. , #193 ) ;
#3906 =( LENGTH_UNIT ( ) NAMED_UNIT ( * ) SI_UNIT ( .MILLI., .METRE. ) );
#3907 = ORIENTED_EDGE ( 'NONE', *, *, #1666, .T. ) ;
#3908 = LINE ( 'NONE', #4713, #69 ) ;
#3909 = UNCERTAINTY_MEASURE_WITH_UNIT (LENGTH_MEASURE( 1.000000000000000082E-05 ), #4890, 'distance_accuracy_value', 'NONE');
#3910 =( NAMED_UNIT ( * ) PLANE_ANGLE_UNIT ( ) SI_UNIT ( $, .RADIAN. ) );
#3911 = FILL_AREA_STYLE_COLOUR ( '', #1016 ) ;
#3912 = EDGE_CURVE ( 'NONE', #2899, #1452, #2347, .T. ) ;
#3913 = CARTESIAN_POINT ( 'NONE',  ( -0.7624999999999999556, -0.8250000000000003997, -9.486769009248163798E-17 ) ) ;
#3914 = EDGE_CURVE ( 'NONE', #3497, #4853, #991, .T. ) ;
#3915 = EDGE_LOOP ( 'NONE', ( #5288, #1304, #2359, #3697 ) ) ;
#3916 = CIRCLE ( 'NONE', #2006, 0.02500000000000025466 ) ;
#3917 =( NAMED_UNIT ( * ) SI_UNIT ( $, .STERADIAN. ) SOLID_ANGLE_UNIT ( ) );
#3918 =( GEOMETRIC_REPRESENTATION_CONTEXT ( 3 ) GLOBAL_UNCERTAINTY_ASSIGNED_CONTEXT ( ( #3718 ) ) GLOBAL_UNIT_ASSIGNED_CONTEXT ( ( #2301, #1122, #622 ) ) REPRESENTATION_CONTEXT ( 'NONE', 'WORKASPACE' ) );
#3919 = VERTEX_POINT ( 'NONE', #1192 ) ;
#3920 = DIRECTION ( 'NONE',  ( 0.08682659386424444736, -0.08682659386424444736, -0.9924325091389677445 ) ) ;
#3921 = EDGE_CURVE ( 'NONE', #1623, #3266, #821, .T. ) ;
#3922 = FACE_OUTER_BOUND ( 'NONE', #4256, .T. ) ;
#3923 = DIRECTION ( 'NONE',  ( 0.000000000000000000, 1.000000000000000000, 1.204669080539450576E-16 ) ) ;
#3924 = PLANE ( 'NONE',  #251 ) ;
#3925 = LINE ( 'NONE', #189, #2917 ) ;
#3926 = ORIENTED_EDGE ( 'NONE', *, *, #4792, .T. ) ;
#3927 = UNCERTAINTY_MEASURE_WITH_UNIT (LENGTH_MEASURE( 1.000000000000000082E-05 ), #2534, 'distance_accuracy_value', 'NONE');
#3928 = PLANE ( 'NONE',  #4129 ) ;
#3929 = LINE ( 'NONE', #73, #3473 ) ;
#3930 = PRESENTATION_STYLE_ASSIGNMENT (( #3426 ) ) ;
#3931 = DIRECTION ( 'NONE',  ( 0.08682659386424444736, 0.08682659386424444736, -0.9924325091389677445 ) ) ;
#3932 = DIRECTION ( 'NONE',  ( 0.000000000000000000, 0.000000000000000000, -1.000000000000000000 ) ) ;
#3933 = DIRECTION ( 'NONE',  ( -1.000000000000000000, -0.000000000000000000, -0.000000000000000000 ) ) ;
#3934 = DIRECTION ( 'NONE',  ( 0.000000000000000000, -1.000000000000000000, 5.355436828253419639E-16 ) ) ;
#3935 =( NAMED_UNIT ( * ) SI_UNIT ( $, .STERADIAN. ) SOLID_ANGLE_UNIT ( ) );
#3936 = PRESENTATION_STYLE_ASSIGNMENT (( #176 ) ) ;
#3937 = DIRECTION ( 'NONE',  ( 1.000000000000000000, 0.000000000000000000, 0.000000000000000000 ) ) ;
#3938 = VERTEX_POINT ( 'NONE', #4049 ) ;
#3939 = LINE ( 'NONE', #4380, #4673 ) ;
#3940 = ADVANCED_FACE ( 'NONE', ( #5373 ), #1938, .F. ) ;
#3941 =( NAMED_UNIT ( * ) SI_UNIT ( $, .STERADIAN. ) SOLID_ANGLE_UNIT ( ) );
#3942 = VERTEX_POINT ( 'NONE', #365 ) ;
#3943 = COLOUR_RGB ( '',0.8509803921568627194, 0.8509803921568627194, 0.8509803921568627194 ) ;
#3944 = FILL_AREA_STYLE ('',( #3172 ) ) ;
#3945 = LINE ( 'NONE', #724, #994 ) ;
#3946 = CARTESIAN_POINT ( 'NONE',  ( -0.5374999999999999778, -1.050000000000000044, 0.1499999999999998834 ) ) ;
#3947 = FILL_AREA_STYLE ('',( #2285 ) ) ;
#3948 = FACE_OUTER_BOUND ( 'NONE', #2780, .T. ) ;
#3949 = DIRECTION ( 'NONE',  ( -0.08682659386424482206, -0.08682659386424444736, -0.9924325091389676334 ) ) ;
#3950 =( NAMED_UNIT ( * ) SI_UNIT ( $, .STERADIAN. ) SOLID_ANGLE_UNIT ( ) );
#3951 = LINE ( 'NONE', #3207, #561 ) ;
#3952 = ADVANCED_FACE ( 'NONE', ( #3626 ), #4871, .T. ) ;
#3953 = ORIENTED_EDGE ( 'NONE', *, *, #734, .T. ) ;
#3954 = DIRECTION ( 'NONE',  ( 0.000000000000000000, -0.08715574274765489071, -0.9961946980917458783 ) ) ;
#3955 = FILL_AREA_STYLE ('',( #1509 ) ) ;
#3956 = DIRECTION ( 'NONE',  ( 0.000000000000000000, -5.355436828253419639E-16, 1.000000000000000000 ) ) ;
#3957 = SURFACE_STYLE_USAGE ( .BOTH. , #641 ) ;
#3958 = ADVANCED_FACE ( 'NONE', ( #2578 ), #2901, .T. ) ;
#3959 = FACE_OUTER_BOUND ( 'NONE', #1809, .T. ) ;
#3960 = MECHANICAL_DESIGN_GEOMETRIC_PRESENTATION_REPRESENTATION (  '', ( #3290 ), #4743 ) ;
#3961 = ORIENTED_EDGE ( 'NONE', *, *, #2382, .T. ) ;
#3962 = DIRECTION ( 'NONE',  ( 1.000000000000000000, -0.000000000000000000, -0.000000000000000000 ) ) ;
#3963 = DIRECTION ( 'NONE',  ( -1.000000000000000000, -0.000000000000000000, -0.000000000000000000 ) ) ;
#3964 = AXIS2_PLACEMENT_3D ( 'NONE', #1787, #3457, #1319 ) ;
#3965 = CARTESIAN_POINT ( 'NONE',  ( -0.5374999999999999778, 0.6184383502355528250, 0.7249999999999916511 ) ) ;
#3966 = ORIENTED_EDGE ( 'NONE', *, *, #4699, .F. ) ;
#3967 = CARTESIAN_POINT ( 'NONE',  ( 0.8929413768309817367, -0.5179413768309816257, 0.1500000000000000222 ) ) ;
#3968 = CYLINDRICAL_SURFACE ( 'NONE', #4863, 0.05000000000000003053 ) ;
#3969 = DIRECTION ( 'NONE',  ( -1.000000000000000000, 0.000000000000000000, -0.000000000000000000 ) ) ;
#3970 = ORIENTED_EDGE ( 'NONE', *, *, #1794, .T. ) ;
#3971 =( NAMED_UNIT ( * ) PLANE_ANGLE_UNIT ( ) SI_UNIT ( $, .RADIAN. ) );
#3972 = DIRECTION ( 'NONE',  ( 0.000000000000000000, 0.000000000000000000, -1.000000000000000000 ) ) ;
#3973 = AXIS2_PLACEMENT_3D ( 'NONE', #4660, #3455, #2621 ) ;
#3974 = SURFACE_STYLE_FILL_AREA ( #4739 ) ;
#3975 = EDGE_CURVE ( 'NONE', #2292, #2894, #4246, .T. ) ;
#3976 = VECTOR ( 'NONE', #5150, 1000.000000000000000 ) ;
#3977 =( NAMED_UNIT ( * ) PLANE_ANGLE_UNIT ( ) SI_UNIT ( $, .RADIAN. ) );
#3978 = EDGE_CURVE ( 'NONE', #1098, #911, #4671, .T. ) ;
#3979 = VECTOR ( 'NONE', #1838, 1000.000000000000000 ) ;
#3980 = ORIENTED_EDGE ( 'NONE', *, *, #206, .T. ) ;
#3981 = CARTESIAN_POINT ( 'NONE',  ( -0.7624999999999999556, -1.050000000000000044, 0.1499999999999998834 ) ) ;
#3982 = VERTEX_POINT ( 'NONE', #519 ) ;
#3983 = UNCERTAINTY_MEASURE_WITH_UNIT (LENGTH_MEASURE( 1.000000000000000082E-05 ), #5362, 'distance_accuracy_value', 'NONE');
#3984 = VECTOR ( 'NONE', #854, 999.9999999999998863 ) ;
#3985 = CARTESIAN_POINT ( 'NONE',  ( 0.8910651694163919112, -0.5160651694163919112, 1.215846768531274158 ) ) ;
#3986 =( GEOMETRIC_REPRESENTATION_CONTEXT ( 3 ) GLOBAL_UNCERTAINTY_ASSIGNED_CONTEXT ( ( #4325 ) ) GLOBAL_UNIT_ASSIGNED_CONTEXT ( ( #4577, #4557, #4944 ) ) REPRESENTATION_CONTEXT ( 'NONE', 'WORKASPACE' ) );
#3987 =( LENGTH_UNIT ( ) NAMED_UNIT ( * ) SI_UNIT ( .MILLI., .METRE. ) );
#3988 = SURFACE_STYLE_FILL_AREA ( #2317 ) ;
#3989 = ADVANCED_FACE ( 'NONE', ( #5061 ), #441, .T. ) ;
#3990 =( NAMED_UNIT ( * ) PLANE_ANGLE_UNIT ( ) SI_UNIT ( $, .RADIAN. ) );
#3991 = SURFACE_STYLE_USAGE ( .BOTH. , #640 ) ;
#3992 = DIRECTION ( 'NONE',  ( 0.000000000000000000, 1.000000000000000000, -1.204669080539450823E-16 ) ) ;
#3993 = AXIS2_PLACEMENT_3D ( 'NONE', #3329, #867, #3790 ) ;
#3994 = DIRECTION ( 'NONE',  ( 0.08682659386424430858, -0.08682659386424433634, 0.9924325091389677445 ) ) ;
#3995 = VECTOR ( 'NONE', #192, 1000.000000000000000 ) ;
#3996 = SURFACE_SIDE_STYLE ('',( #3162 ) ) ;
#3997 = DIRECTION ( 'NONE',  ( -1.734723475976807094E-16, -1.000000000000000000, 0.000000000000000000 ) ) ;
#3998 = EDGE_CURVE ( 'NONE', #2460, #2607, #2462, .T. ) ;
#3999 = DIRECTION ( 'NONE',  ( 0.000000000000000000, 0.000000000000000000, -1.000000000000000000 ) ) ;
#4000 = LINE ( 'NONE', #4998, #3889 ) ;
#4001 = ORIENTED_EDGE ( 'NONE', *, *, #151, .T. ) ;
#4002 = CARTESIAN_POINT ( 'NONE',  ( 0.8929413768309817367, -1.549006369059756552E-16, 0.1500000000000000222 ) ) ;
#4003 = DIRECTION ( 'NONE',  ( 1.000000000000000000, 0.000000000000000000, 0.000000000000000000 ) ) ;
#4004 = AXIS2_PLACEMENT_3D ( 'NONE', #3448, #3421, #3923 ) ;
#4005 = VERTEX_POINT ( 'NONE', #3064 ) ;
#4006 = FACE_OUTER_BOUND ( 'NONE', #4879, .T. ) ;
#4007 = CARTESIAN_POINT ( 'NONE',  ( 0.9998941659653557412, -0.6045004667354276773, 0.8007512538233121369 ) ) ;
#4008 = PRESENTATION_LAYER_ASSIGNMENT (  '', '', ( #1570 ) ) ;
#4009 = UNCERTAINTY_MEASURE_WITH_UNIT (LENGTH_MEASURE( 1.000000000000000082E-05 ), #524, 'distance_accuracy_value', 'NONE');
#4010 = FILL_AREA_STYLE_COLOUR ( '', #939 ) ;
#4011 = LINE ( 'NONE', #268, #4986 ) ;
#4012 = VECTOR ( 'NONE', #3962, 1000.000000000000000 ) ;
#4013 = AXIS2_PLACEMENT_3D ( 'NONE', #5091, #3428, #1413 ) ;
#4014 = SURFACE_STYLE_USAGE ( .BOTH. , #1563 ) ;
#4015 = CARTESIAN_POINT ( 'NONE',  ( -0.9143734126984708332, 0.5393734126984710553, 1.050000000000000044 ) ) ;
#4016 = ORIENTED_EDGE ( 'NONE', *, *, #2293, .T. ) ;
#4017 =( NAMED_UNIT ( * ) SI_UNIT ( $, .STERADIAN. ) SOLID_ANGLE_UNIT ( ) );
#4018 = VERTEX_POINT ( 'NONE', #2287 ) ;
#4019 = MECHANICAL_DESIGN_GEOMETRIC_PRESENTATION_REPRESENTATION (  '', ( #4552 ), #2089 ) ;
#4020 = SURFACE_STYLE_FILL_AREA ( #3955 ) ;
#4021 = EDGE_CURVE ( 'NONE', #1491, #3266, #997, .T. ) ;
#4022 = CARTESIAN_POINT ( 'NONE',  ( 0.7624999999999999556, 0.8250000000000003997, 0.1750000000000001554 ) ) ;
#4023 = DIRECTION ( 'NONE',  ( 0.000000000000000000, 0.000000000000000000, 1.000000000000000000 ) ) ;
#4024 = DIRECTION ( 'NONE',  ( -1.000000000000000000, -0.000000000000000000, -0.000000000000000000 ) ) ;
#4025 = VERTEX_POINT ( 'NONE', #3500 ) ;
#4026 = LINE ( 'NONE', #4817, #1577 ) ;
#4027 = CARTESIAN_POINT ( 'NONE',  ( -0.5374999999999999778, -0.8250000000000003997, 0.1750000000000001554 ) ) ;
#4028 = UNCERTAINTY_MEASURE_WITH_UNIT (LENGTH_MEASURE( 1.000000000000000082E-05 ), #165, 'distance_accuracy_value', 'NONE');
#4029 = FILL_AREA_STYLE ('',( #4088 ) ) ;
#4030 = FILL_AREA_STYLE ('',( #371 ) ) ;
#4031 = LINE ( 'NONE', #3515, #3477 ) ;
#4032 = FILL_AREA_STYLE ('',( #3166 ) ) ;
#4033 = EDGE_LOOP ( 'NONE', ( #476, #446, #4154, #948 ) ) ;
#4034 = SURFACE_STYLE_FILL_AREA ( #1582 ) ;
#4035 = FILL_AREA_STYLE_COLOUR ( '', #3541 ) ;
#4036 = ORIENTED_EDGE ( 'NONE', *, *, #2849, .F. ) ;
#4037 = EDGE_CURVE ( 'NONE', #4083, #1082, #544, .T. ) ;
#4038 = CARTESIAN_POINT ( 'NONE',  ( 0.7624999999999999556, 0.8250000000000003997, 0.1750000000000001554 ) ) ;
#4039 = ORIENTED_EDGE ( 'NONE', *, *, #4569, .F. ) ;
#4040 = CARTESIAN_POINT ( 'NONE',  ( 0.9795004667354275663, -0.6248941659653556302, 0.8007512538233121369 ) ) ;
#4041 = PRESENTATION_LAYER_ASSIGNMENT (  '', '', ( #2632 ) ) ;
#4042 =( LENGTH_UNIT ( ) NAMED_UNIT ( * ) SI_UNIT ( .MILLI., .METRE. ) );
#4043 = DIRECTION ( 'NONE',  ( -1.000000000000000000, -0.000000000000000000, -0.000000000000000000 ) ) ;
#4044 = LINE ( 'NONE', #3680, #133 ) ;
#4045 = DIRECTION ( 'NONE',  ( -1.000000000000000000, -0.000000000000000000, -0.000000000000000000 ) ) ;
#4046 = ORIENTED_EDGE ( 'NONE', *, *, #619, .T. ) ;
#4047 = CYLINDRICAL_SURFACE ( 'NONE', #2480, 0.05000000000000003053 ) ;
#4048 = VERTEX_POINT ( 'NONE', #2697 ) ;
#4049 = CARTESIAN_POINT ( 'NONE',  ( 0.9143734126984711663, 0.5393734126984709443, 1.100000000000000089 ) ) ;
#4050 = VECTOR ( 'NONE', #5162, 1000.000000000000000 ) ;
#4051 = DIRECTION ( 'NONE',  ( 0.000000000000000000, 0.000000000000000000, 1.000000000000000000 ) ) ;
#4052 = LINE ( 'NONE', #4080, #4330 ) ;
#4053 = FACE_OUTER_BOUND ( 'NONE', #5021, .T. ) ;
#4054 = PRODUCT ( '零件46', '零件46', '', ( #3407 ) ) ;
#4055 = ORIENTED_EDGE ( 'NONE', *, *, #2985, .F. ) ;
#4056 = EDGE_CURVE ( 'NONE', #2412, #2183, #3124, .T. ) ;
#4057 = ORIENTED_EDGE ( 'NONE', *, *, #3300, .F. ) ;
#4058 = DIRECTION ( 'NONE',  ( 0.000000000000000000, 0.1391731009600618851, 0.9902680687415708061 ) ) ;
#4059 = CARTESIAN_POINT ( 'NONE',  ( 0.1124999999999999750, -0.6249999999999998890, 0.8000000000000283551 ) ) ;
#4060 =( LENGTH_UNIT ( ) NAMED_UNIT ( * ) SI_UNIT ( .MILLI., .METRE. ) );
#4061 = COLOUR_RGB ( '',0.8509803921568627194, 0.8509803921568627194, 0.8509803921568627194 ) ;
#4062 = LINE ( 'NONE', #1579, #357 ) ;
#4063 = DIRECTION ( 'NONE',  ( 1.000000000000000000, 0.000000000000000000, 0.000000000000000000 ) ) ;
#4064 = DIRECTION ( 'NONE',  ( 0.000000000000000000, 1.000000000000000000, 5.355436828253419639E-16 ) ) ;
#4065 = PRESENTATION_LAYER_ASSIGNMENT (  '', '', ( #121 ) ) ;
#4066 = CARTESIAN_POINT ( 'NONE',  ( -0.5374999999999999778, -0.8250000000000003997, 0.1750000000000001554 ) ) ;
#4067 = EDGE_LOOP ( 'NONE', ( #3340, #4209, #1154, #4187 ) ) ;
#4068 = LINE ( 'NONE', #401, #1035 ) ;
#4069 = PRESENTATION_LAYER_ASSIGNMENT (  '', '', ( #763 ) ) ;
#4070 = MECHANICAL_DESIGN_GEOMETRIC_PRESENTATION_REPRESENTATION (  '', ( #2562 ), #1532 ) ;
#4071 = ORIENTED_EDGE ( 'NONE', *, *, #4745, .T. ) ;
#4072 = PLANE ( 'NONE',  #3897 ) ;
#4073 = DIRECTION ( 'NONE',  ( -2.168404344971012812E-15, 0.000000000000000000, -1.000000000000000000 ) ) ;
#4074 = AXIS2_PLACEMENT_3D ( 'NONE', #5082, #862, #4182 ) ;
#4075 = FACE_OUTER_BOUND ( 'NONE', #2785, .T. ) ;
#4076 = EDGE_CURVE ( 'NONE', #757, #4853, #4360, .T. ) ;
#4077 = ORIENTED_EDGE ( 'NONE', *, *, #3171, .T. ) ;
#4078 = ORIENTED_EDGE ( 'NONE', *, *, #906, .F. ) ;
#4079 = STYLED_ITEM ( 'NONE', ( #4287 ), #330 ) ;
#4080 = CARTESIAN_POINT ( 'NONE',  ( -0.9999999999999993339, -0.6249999999999998890, 0.7999999999999914957 ) ) ;
#4081 =( NAMED_UNIT ( * ) PLANE_ANGLE_UNIT ( ) SI_UNIT ( $, .RADIAN. ) );
#4082 = AXIS2_PLACEMENT_3D ( 'NONE', #5435, #2160, #5026 ) ;
#4083 = VERTEX_POINT ( 'NONE', #5110 ) ;
#4084 = VERTEX_POINT ( 'NONE', #3557 ) ;
#4085 = PRESENTATION_STYLE_ASSIGNMENT (( #2005 ) ) ;
#4086 = UNCERTAINTY_MEASURE_WITH_UNIT (LENGTH_MEASURE( 1.000000000000000082E-05 ), #3394, 'distance_accuracy_value', 'NONE');
#4087 = COLOUR_RGB ( '',0.8509803921568627194, 0.8509803921568627194, 0.8509803921568627194 ) ;
#4088 = FILL_AREA_STYLE_COLOUR ( '', #4248 ) ;
#4089 = FILL_AREA_STYLE ('',( #4942 ) ) ;
#4090 = FILL_AREA_STYLE_COLOUR ( '', #5227 ) ;
#4091 = VECTOR ( 'NONE', #2316, 1000.000000000000000 ) ;
#4092 = ORIENTED_EDGE ( 'NONE', *, *, #579, .F. ) ;
#4093 =( NAMED_UNIT ( * ) SI_UNIT ( $, .STERADIAN. ) SOLID_ANGLE_UNIT ( ) );
#4094 = ORIENTED_EDGE ( 'NONE', *, *, #151, .F. ) ;
#4095 = DIRECTION ( 'NONE',  ( 0.000000000000000000, 0.000000000000000000, 1.000000000000000000 ) ) ;
#4096 = AXIS2_PLACEMENT_3D ( 'NONE', #3077, #4734, #3110 ) ;
#4097 = ADVANCED_FACE ( 'NONE', ( #3034 ), #917, .T. ) ;
#4098 =( GEOMETRIC_REPRESENTATION_CONTEXT ( 3 ) GLOBAL_UNCERTAINTY_ASSIGNED_CONTEXT ( ( #2385 ) ) GLOBAL_UNIT_ASSIGNED_CONTEXT ( ( #2758, #2311, #691 ) ) REPRESENTATION_CONTEXT ( 'NONE', 'WORKASPACE' ) );
#4099 = FILL_AREA_STYLE ('',( #2426 ) ) ;
#4100 = VECTOR ( 'NONE', #3235, 1000.000000000000000 ) ;
#4101 = AXIS2_PLACEMENT_3D ( 'NONE', #4002, #1441, #4762 ) ;
#4102 = CARTESIAN_POINT ( 'NONE',  ( -0.5374999999999999778, -0.6249999999999998890, 0.6999999999999912959 ) ) ;
#4103 = ORIENTED_EDGE ( 'NONE', *, *, #4199, .T. ) ;
#4104 = FACE_OUTER_BOUND ( 'NONE', #762, .T. ) ;
#4105 = ORIENTED_EDGE ( 'NONE', *, *, #1270, .T. ) ;
#4106 = COLOUR_RGB ( '',0.2235294117647058654, 0.2235294117647058654, 0.2235294117647058654 ) ;
#4107 = ADVANCED_FACE ( 'NONE', ( #3948 ), #3870, .T. ) ;
#4108 = CARTESIAN_POINT ( 'NONE',  ( -0.9999999999999997780, 0.6250000000000001110, 0.8000000000000283551 ) ) ;
#4109 = VECTOR ( 'NONE', #3658, 1000.000000000000000 ) ;
#4110 = DIRECTION ( 'NONE',  ( 0.000000000000000000, 0.000000000000000000, -1.000000000000000000 ) ) ;
#4111 = ORIENTED_EDGE ( 'NONE', *, *, #1215, .T. ) ;
#4112 = EDGE_LOOP ( 'NONE', ( #4685, #3400, #4001, #1521 ) ) ;
#4113 = ORIENTED_EDGE ( 'NONE', *, *, #3609, .F. ) ;
#4114 = FILL_AREA_STYLE ('',( #2804 ) ) ;
#4115 = PLANE ( 'NONE',  #1632 ) ;
#4116 = DIRECTION ( 'NONE',  ( 1.000000000000000000, 0.000000000000000000, 0.000000000000000000 ) ) ;
#4117 = ORIENTED_EDGE ( 'NONE', *, *, #3368, .F. ) ;
#4118 = FILL_AREA_STYLE_COLOUR ( '', #4694 ) ;
#4119 = EDGE_LOOP ( 'NONE', ( #1031, #3349, #2012, #4923 ) ) ;
#4120 = EDGE_CURVE ( 'NONE', #4969, #2539, #4675, .T. ) ;
#4121 = DIRECTION ( 'NONE',  ( 0.000000000000000000, 1.000000000000000000, -1.204669080539450823E-16 ) ) ;
#4122 = ORIENTED_EDGE ( 'NONE', *, *, #4869, .T. ) ;
#4123 = DIRECTION ( 'NONE',  ( -1.000000000000000000, -0.000000000000000000, -0.000000000000000000 ) ) ;
#4124 = ORIENTED_EDGE ( 'NONE', *, *, #174, .T. ) ;
#4125 = MECHANICAL_DESIGN_GEOMETRIC_PRESENTATION_REPRESENTATION (  '', ( #3269 ), #909 ) ;
#4126 = CARTESIAN_POINT ( 'NONE',  ( 0.1125000000000000028, -0.4225511228578718859, 0.7249999999999915401 ) ) ;
#4127 = SURFACE_STYLE_FILL_AREA ( #1697 ) ;
#4128 = FILL_AREA_STYLE ('',( #3246 ) ) ;
#4129 = AXIS2_PLACEMENT_3D ( 'NONE', #2873, #4512, #2844 ) ;
#4130 = ADVANCED_FACE ( 'NONE', ( #1808 ), #2614, .T. ) ;
#4131 = ORIENTED_EDGE ( 'NONE', *, *, #3146, .T. ) ;
#4132 =( GEOMETRIC_REPRESENTATION_CONTEXT ( 3 ) GLOBAL_UNCERTAINTY_ASSIGNED_CONTEXT ( ( #2253 ) ) GLOBAL_UNIT_ASSIGNED_CONTEXT ( ( #2116, #4654, #526 ) ) REPRESENTATION_CONTEXT ( 'NONE', 'WORKASPACE' ) );
#4133 = VERTEX_POINT ( 'NONE', #4272 ) ;
#4134 = MECHANICAL_DESIGN_GEOMETRIC_PRESENTATION_REPRESENTATION (  '', ( #298 ), #1529 ) ;
#4135 = DIRECTION ( 'NONE',  ( 0.000000000000000000, 0.1391731009600618851, 0.9902680687415708061 ) ) ;
#4136 = EDGE_CURVE ( 'NONE', #1723, #4084, #4727, .T. ) ;
#4137 = DIRECTION ( 'NONE',  ( 0.000000000000000000, -0.9902680687415708061, 0.1391731009600618574 ) ) ;
#4138 = ORIENTED_EDGE ( 'NONE', *, *, #734, .F. ) ;
#4139 = DIRECTION ( 'NONE',  ( 1.000000000000000000, 0.000000000000000000, -0.000000000000000000 ) ) ;
#4140 = DIRECTION ( 'NONE',  ( 0.000000000000000000, 0.000000000000000000, 1.000000000000000000 ) ) ;
#4141 = EDGE_LOOP ( 'NONE', ( #4857, #5308, #2516, #771 ) ) ;
#4142 = CARTESIAN_POINT ( 'NONE',  ( 0.7624999999999999556, 0.6500000000000001332, 0.6999999999999912959 ) ) ;
#4143 = CARTESIAN_POINT ( 'NONE',  ( -0.5374999999999999778, 0.8250000000000003997, -9.486769009248163798E-17 ) ) ;
#4144 = CIRCLE ( 'NONE', #303, 0.04999999999999996114 ) ;
#4145 = ORIENTED_EDGE ( 'NONE', *, *, #453, .F. ) ;
#4146 = SURFACE_STYLE_FILL_AREA ( #1987 ) ;
#4147 = PRESENTATION_LAYER_ASSIGNMENT (  '', '', ( #2924 ) ) ;
#4148 = CARTESIAN_POINT ( 'NONE',  ( 0.5374999999999999778, -0.6249999999999998890, 0.7999999999999914957 ) ) ;
#4149 = VECTOR ( 'NONE', #3705, 1000.000000000000000 ) ;
#4150 = SURFACE_STYLE_USAGE ( .BOTH. , #5033 ) ;
#4151 = SURFACE_STYLE_USAGE ( .BOTH. , #5369 ) ;
#4152 = PRODUCT_DEFINITION_CONTEXT ( 'detailed design', #1725, 'design' ) ;
#4153 = CARTESIAN_POINT ( 'NONE',  ( 0.1125000000000000028, 0.8250000000000003997, 0.1750000000000001554 ) ) ;
#4154 = ORIENTED_EDGE ( 'NONE', *, *, #338, .T. ) ;
#4155 = DIRECTION ( 'NONE',  ( 0.000000000000000000, -0.9961946980917458783, -0.08715574274765390539 ) ) ;
#4156 = SURFACE_SIDE_STYLE ('',( #2174 ) ) ;
#4157 = MECHANICAL_DESIGN_GEOMETRIC_PRESENTATION_REPRESENTATION (  '', ( #1542 ), #1798 ) ;
#4158 = STYLED_ITEM ( 'NONE', ( #2091 ), #650 ) ;
#4159 = PRESENTATION_STYLE_ASSIGNMENT (( #3702 ) ) ;
#4160 = DIRECTION ( 'NONE',  ( -0.9902680687415708061, -3.435682532712434705E-16, 0.1391731009600618851 ) ) ;
#4161 = ADVANCED_FACE ( 'NONE', ( #13 ), #1309, .T. ) ;
#4162 =( GEOMETRIC_REPRESENTATION_CONTEXT ( 3 ) GLOBAL_UNCERTAINTY_ASSIGNED_CONTEXT ( ( #16 ) ) GLOBAL_UNIT_ASSIGNED_CONTEXT ( ( #5090, #2931, #449 ) ) REPRESENTATION_CONTEXT ( 'NONE', 'WORKASPACE' ) );
#4163 = VERTEX_POINT ( 'NONE', #1534 ) ;
#4164 =( GEOMETRIC_REPRESENTATION_CONTEXT ( 3 ) GLOBAL_UNCERTAINTY_ASSIGNED_CONTEXT ( ( #3277 ) ) GLOBAL_UNIT_ASSIGNED_CONTEXT ( ( #3726, #1112, #4875 ) ) REPRESENTATION_CONTEXT ( 'NONE', 'WORKASPACE' ) );
#4165 = STYLED_ITEM ( 'NONE', ( #3512 ), #958 ) ;
#4166 = MECHANICAL_DESIGN_GEOMETRIC_PRESENTATION_REPRESENTATION (  '', ( #5397 ), #3213 ) ;
#4167 =( NAMED_UNIT ( * ) PLANE_ANGLE_UNIT ( ) SI_UNIT ( $, .RADIAN. ) );
#4168 = CARTESIAN_POINT ( 'NONE',  ( -0.7624999999999999556, -0.8250000000000003997, 0.1499999999999999112 ) ) ;
#4169 = SURFACE_STYLE_FILL_AREA ( #828 ) ;
#4170 = EDGE_LOOP ( 'NONE', ( #903, #3888, #2413, #1763, #2465, #3793 ) ) ;
#4171 =( NAMED_UNIT ( * ) SI_UNIT ( $, .STERADIAN. ) SOLID_ANGLE_UNIT ( ) );
#4172 = VECTOR ( 'NONE', #977, 1000.000000000000000 ) ;
#4173 = ORIENTED_EDGE ( 'NONE', *, *, #2398, .F. ) ;
#4174 = LINE ( 'NONE', #1668, #2141 ) ;
#4175 = EDGE_CURVE ( 'NONE', #424, #472, #636, .T. ) ;
#4176 = ORIENTED_EDGE ( 'NONE', *, *, #3338, .T. ) ;
#4177 = AXIS2_PLACEMENT_3D ( 'NONE', #2130, #1005, #4646 ) ;
#4178 =( LENGTH_UNIT ( ) NAMED_UNIT ( * ) SI_UNIT ( .MILLI., .METRE. ) );
#4179 =( GEOMETRIC_REPRESENTATION_CONTEXT ( 3 ) GLOBAL_UNCERTAINTY_ASSIGNED_CONTEXT ( ( #2328 ) ) GLOBAL_UNIT_ASSIGNED_CONTEXT ( ( #2348, #735, #4396 ) ) REPRESENTATION_CONTEXT ( 'NONE', 'WORKASPACE' ) );
#4180 = COLOUR_RGB ( '',0.2235294117647058654, 0.2235294117647058654, 0.2235294117647058654 ) ;
#4181 = LINE ( 'NONE', #3763, #1316 ) ;
#4182 = DIRECTION ( 'NONE',  ( 1.000000000000000000, 3.469446951953615668E-16, 0.000000000000000000 ) ) ;
#4183 = ORIENTED_EDGE ( 'NONE', *, *, #4386, .T. ) ;
#4184 = AXIS2_PLACEMENT_3D ( 'NONE', #1990, #1527, #5365 ) ;
#4185 = SURFACE_STYLE_USAGE ( .BOTH. , #2070 ) ;
#4186 = MECHANICAL_DESIGN_GEOMETRIC_PRESENTATION_REPRESENTATION (  '', ( #5065 ), #811 ) ;
#4187 = ORIENTED_EDGE ( 'NONE', *, *, #711, .F. ) ;
#4188 = EDGE_CURVE ( 'NONE', #4218, #1121, #3951, .T. ) ;
#4189 = SURFACE_STYLE_FILL_AREA ( #3072 ) ;
#4190 = ORIENTED_EDGE ( 'NONE', *, *, #2957, .T. ) ;
#4191 = CARTESIAN_POINT ( 'NONE',  ( -0.5796202109455335094, 0.5425341088243291754, 1.099900000000000100 ) ) ;
#4192 = CARTESIAN_POINT ( 'NONE',  ( -0.7895958345333496942, -0.8147491644423104917, 1.099900000000000100 ) ) ;
#4193 = ORIENTED_EDGE ( 'NONE', *, *, #2274, .F. ) ;
#4194 = DIRECTION ( 'NONE',  ( 0.1378445374916251187, 0.1378445374916254518, -0.9808148484639902520 ) ) ;
#4195 = ORIENTED_EDGE ( 'NONE', *, *, #1107, .F. ) ;
#4196 = CARTESIAN_POINT ( 'NONE',  ( 0.1125000000000000028, -0.4225511228578717748, 0.8749999999999914513 ) ) ;
#4197 = EDGE_CURVE ( 'NONE', #4674, #1937, #3532, .T. ) ;
#4198 = CARTESIAN_POINT ( 'NONE',  ( 0.7624999999999999556, -0.8250000000000003997, 0.1750000000000001554 ) ) ;
#4199 = EDGE_CURVE ( 'NONE', #3522, #652, #4834, .T. ) ;
#4200 = ORIENTED_EDGE ( 'NONE', *, *, #4567, .T. ) ;
#4201 = CARTESIAN_POINT ( 'NONE',  ( -0.1125000000000000028, -0.6500000000000001332, 0.1750000000000001554 ) ) ;
#4202 = SURFACE_STYLE_USAGE ( .BOTH. , #1757 ) ;
#4203 = VERTEX_POINT ( 'NONE', #3593 ) ;
#4204 = SURFACE_SIDE_STYLE ('',( #895 ) ) ;
#4205 = VECTOR ( 'NONE', #891, 1000.000000000000000 ) ;
#4206 = EDGE_CURVE ( 'NONE', #3443, #2894, #2265, .T. ) ;
#4207 = ORIENTED_EDGE ( 'NONE', *, *, #4689, .F. ) ;
#4208 = SURFACE_SIDE_STYLE ('',( #3803 ) ) ;
#4209 = ORIENTED_EDGE ( 'NONE', *, *, #4266, .F. ) ;
#4210 = COLOUR_RGB ( '',0.2235294117647058654, 0.2235294117647058654, 0.2235294117647058654 ) ;
#4211 =( LENGTH_UNIT ( ) NAMED_UNIT ( * ) SI_UNIT ( .MILLI., .METRE. ) );
#4212 = ORIENTED_EDGE ( 'NONE', *, *, #2223, .T. ) ;
#4213 = CARTESIAN_POINT ( 'NONE',  ( 0.1125000000000000028, -0.8000000000000001554, 0.6999999999999912959 ) ) ;
#4214 = FILL_AREA_STYLE ('',( #2546 ) ) ;
#4215 =( NAMED_UNIT ( * ) PLANE_ANGLE_UNIT ( ) SI_UNIT ( $, .RADIAN. ) );
#4216 = MECHANICAL_DESIGN_GEOMETRIC_PRESENTATION_REPRESENTATION (  '', ( #1007 ), #2558 ) ;
#4217 = PLANE ( 'NONE',  #3878 ) ;
#4218 = VERTEX_POINT ( 'NONE', #1832 ) ;
#4219 = CARTESIAN_POINT ( 'NONE',  ( -0.5374999999999999778, -0.8250000000000003997, -9.486769009248163798E-17 ) ) ;
#4220 = EDGE_CURVE ( 'NONE', #1419, #1080, #1105, .T. ) ;
#4221 =( NAMED_UNIT ( * ) SI_UNIT ( $, .STERADIAN. ) SOLID_ANGLE_UNIT ( ) );
#4222 = FILL_AREA_STYLE_COLOUR ( '', #3677 ) ;
#4223 = ORIENTED_EDGE ( 'NONE', *, *, #2997, .T. ) ;
#4224 =( GEOMETRIC_REPRESENTATION_CONTEXT ( 3 ) GLOBAL_UNCERTAINTY_ASSIGNED_CONTEXT ( ( #2585 ) ) GLOBAL_UNIT_ASSIGNED_CONTEXT ( ( #4060, #1203, #5381 ) ) REPRESENTATION_CONTEXT ( 'NONE', 'WORKASPACE' ) );
#4225 =( GEOMETRIC_REPRESENTATION_CONTEXT ( 3 ) GLOBAL_UNCERTAINTY_ASSIGNED_CONTEXT ( ( #1262 ) ) GLOBAL_UNIT_ASSIGNED_CONTEXT ( ( #3555, #3496, #3087 ) ) REPRESENTATION_CONTEXT ( 'NONE', 'WORKASPACE' ) );
#4226 =( NAMED_UNIT ( * ) SI_UNIT ( $, .STERADIAN. ) SOLID_ANGLE_UNIT ( ) );
#4227 = CIRCLE ( 'NONE', #4957, 0.1750000000000002387 ) ;
#4228 =( NAMED_UNIT ( * ) PLANE_ANGLE_UNIT ( ) SI_UNIT ( $, .RADIAN. ) );
#4229 = ORIENTED_EDGE ( 'NONE', *, *, #5358, .F. ) ;
#4230 = LINE ( 'NONE', #4279, #1379 ) ;
#4231 = VERTEX_POINT ( 'NONE', #3981 ) ;
#4232 = CARTESIAN_POINT ( 'NONE',  ( 0.5374999999999999778, 0.6249999999999998890, 0.6999999999999912959 ) ) ;
#4233 = COLOUR_RGB ( '',0.2235294117647058654, 0.2235294117647058654, 0.2235294117647058654 ) ;
#4234 = STYLED_ITEM ( 'NONE', ( #2451 ), #3125 ) ;
#4235 = ORIENTED_EDGE ( 'NONE', *, *, #2584, .T. ) ;
#4236 = CARTESIAN_POINT ( 'NONE',  ( 0.7624999999999999556, 1.050000000000000044, -1.219727444046192488E-16 ) ) ;
#4237 = STYLED_ITEM ( 'NONE', ( #3742 ), #1142 ) ;
#4238 = COLOUR_RGB ( '',0.4392156862745097978, 0.4392156862745097978, 0.4392156862745097978 ) ;
#4239 = PRESENTATION_LAYER_ASSIGNMENT (  '', '', ( #3568 ) ) ;
#4240 = EDGE_CURVE ( 'NONE', #4489, #5112, #5374, .T. ) ;
#4241 = PRESENTATION_LAYER_ASSIGNMENT (  '', '', ( #5049 ) ) ;
#4242 = MECHANICAL_DESIGN_GEOMETRIC_PRESENTATION_REPRESENTATION (  '', ( #4440 ), #5053 ) ;
#4243 = CIRCLE ( 'NONE', #340, 0.02500000000000025466 ) ;
#4244 = EDGE_LOOP ( 'NONE', ( #3810, #4582, #863, #2395 ) ) ;
#4245 = CARTESIAN_POINT ( 'NONE',  ( -0.7624999999999999556, 0.6249999999999998890, 0.7249999999999916511 ) ) ;
#4246 = LINE ( 'NONE', #5039, #5176 ) ;
#4247 = AXIS2_PLACEMENT_3D ( 'NONE', #4022, #792, #1941 ) ;
#4248 = COLOUR_RGB ( '',0.2235294117647058654, 0.2235294117647058654, 0.2235294117647058654 ) ;
#4249 = CARTESIAN_POINT ( 'NONE',  ( -0.9998941659653550751, -0.6045004667354280103, 0.8007512538233122479 ) ) ;
#4250 = EDGE_CURVE ( 'NONE', #704, #4532, #659, .T. ) ;
#4251 = VERTEX_POINT ( 'NONE', #2313 ) ;
#4252 = COLOUR_RGB ( '',0.8509803921568627194, 0.8509803921568627194, 0.8509803921568627194 ) ;
#4253 = AXIS2_PLACEMENT_3D ( 'NONE', #4309, #109, #1437 ) ;
#4254 =( NAMED_UNIT ( * ) SI_UNIT ( $, .STERADIAN. ) SOLID_ANGLE_UNIT ( ) );
#4255 = ORIENTED_EDGE ( 'NONE', *, *, #2171, .F. ) ;
#4256 = EDGE_LOOP ( 'NONE', ( #1211, #3206, #1436, #542, #2959, #3084, #648, #805, #3230, #2871, #3170, #3690, #1135, #4579, #4999, #981, #4509, #1151 ) ) ;
#4257 = PRESENTATION_LAYER_ASSIGNMENT (  '', '', ( #5065 ) ) ;
#4258 = PRESENTATION_STYLE_ASSIGNMENT (( #1343 ) ) ;
#4259 = CARTESIAN_POINT ( 'NONE',  ( 0.7624999999999999556, -0.6249999999999998890, 0.8749999999999915623 ) ) ;
#4260 = VERTEX_POINT ( 'NONE', #239 ) ;
#4261 = DIRECTION ( 'NONE',  ( 0.000000000000000000, 0.000000000000000000, -1.000000000000000000 ) ) ;
#4262 = AXIS2_PLACEMENT_3D ( 'NONE', #5383, #3281, #877 ) ;
#4263 = SURFACE_SIDE_STYLE ('',( #5080 ) ) ;
#4264 = FILL_AREA_STYLE_COLOUR ( '', #3044 ) ;
#4265 = UNCERTAINTY_MEASURE_WITH_UNIT (LENGTH_MEASURE( 1.000000000000000082E-05 ), #125, 'distance_accuracy_value', 'NONE');
#4266 = EDGE_CURVE ( 'NONE', #2024, #3942, #2668, .T. ) ;
#4267 = VERTEX_POINT ( 'NONE', #5258 ) ;
#4268 = SURFACE_STYLE_FILL_AREA ( #966 ) ;
#4269 =( NAMED_UNIT ( * ) PLANE_ANGLE_UNIT ( ) SI_UNIT ( $, .RADIAN. ) );
#4270 = LINE ( 'NONE', #2666, #31 ) ;
#4271 = VERTEX_POINT ( 'NONE', #2703 ) ;
#4272 = CARTESIAN_POINT ( 'NONE',  ( 0.5374999999999999778, -0.8000000000000001554, 0.1750000000000001554 ) ) ;
#4273 = ORIENTED_EDGE ( 'NONE', *, *, #4608, .T. ) ;
#4274 = CARTESIAN_POINT ( 'NONE',  ( -0.5374999999999999778, 0.8250000000000003997, 0.1750000000000001554 ) ) ;
#4275 = EDGE_CURVE ( 'NONE', #1443, #3729, #3925, .T. ) ;
#4276 = SURFACE_STYLE_FILL_AREA ( #246 ) ;
#4277 = SURFACE_STYLE_USAGE ( .BOTH. , #2619 ) ;
#4278 = DIRECTION ( 'NONE',  ( 1.000000000000000000, 0.000000000000000000, 0.000000000000000000 ) ) ;
#4279 = CARTESIAN_POINT ( 'NONE',  ( -0.5374999999999999778, 0.8250000000000003997, 0.1499999999999999112 ) ) ;
#4280 = SPHERICAL_SURFACE ( 'NONE', #4352, 0.05000000000000000278 ) ;
#4281 = CARTESIAN_POINT ( 'NONE',  ( 0.7624999999999999556, 0.6500000000000001332, 0.6999999999999912959 ) ) ;
#4282 = UNCERTAINTY_MEASURE_WITH_UNIT (LENGTH_MEASURE( 1.000000000000000082E-05 ), #1660, 'distance_accuracy_value', 'NONE');
#4283 = EDGE_CURVE ( 'NONE', #1910, #431, #5197, .T. ) ;
#4284 =( GEOMETRIC_REPRESENTATION_CONTEXT ( 3 ) GLOBAL_UNCERTAINTY_ASSIGNED_CONTEXT ( ( #4771 ) ) GLOBAL_UNIT_ASSIGNED_CONTEXT ( ( #3614, #3201, #1901 ) ) REPRESENTATION_CONTEXT ( 'NONE', 'WORKASPACE' ) );
#4285 = ORIENTED_EDGE ( 'NONE', *, *, #447, .F. ) ;
#4286 = DIRECTION ( 'NONE',  ( 1.000000000000000000, 0.000000000000000000, 0.000000000000000000 ) ) ;
#4287 = PRESENTATION_STYLE_ASSIGNMENT (( #905 ) ) ;
#4288 = ORIENTED_EDGE ( 'NONE', *, *, #4689, .T. ) ;
#4289 = DIRECTION ( 'NONE',  ( -1.000000000000000000, -0.000000000000000000, -0.000000000000000000 ) ) ;
#4290 = COLOUR_RGB ( '',0.2235294117647058654, 0.2235294117647058654, 0.2235294117647058654 ) ;
#4291 = DIRECTION ( 'NONE',  ( -1.734723475976807094E-16, -1.000000000000000000, -0.000000000000000000 ) ) ;
#4292 = ORIENTED_EDGE ( 'NONE', *, *, #2919, .F. ) ;
#4293 = PRESENTATION_STYLE_ASSIGNMENT (( #1872 ) ) ;
#4294 = CARTESIAN_POINT ( 'NONE',  ( 0.7624999999999999556, -0.8000000000000001554, 0.1750000000000001554 ) ) ;
#4295 = SURFACE_STYLE_USAGE ( .BOTH. , #5193 ) ;
#4296 = CIRCLE ( 'NONE', #4397, 0.02500000000000025466 ) ;
#4297 = DIRECTION ( 'NONE',  ( 1.000000000000000000, 0.000000000000000000, 0.000000000000000000 ) ) ;
#4298 = VECTOR ( 'NONE', #1702, 1000.000000000000000 ) ;
#4299 = LINE ( 'NONE', #4836, #1948 ) ;
#4300 =( GEOMETRIC_REPRESENTATION_CONTEXT ( 3 ) GLOBAL_UNCERTAINTY_ASSIGNED_CONTEXT ( ( #2670 ) ) GLOBAL_UNIT_ASSIGNED_CONTEXT ( ( #1610, #4560, #399 ) ) REPRESENTATION_CONTEXT ( 'NONE', 'WORKASPACE' ) );
#4301 = EDGE_CURVE ( 'NONE', #1061, #911, #3631, .T. ) ;
#4302 = DIRECTION ( 'NONE',  ( 0.000000000000000000, 0.000000000000000000, 1.000000000000000000 ) ) ;
#4303 = CARTESIAN_POINT ( 'NONE',  ( 0.5374999999999999778, 0.8250000000000003997, 0.1499999999999999112 ) ) ;
#4304 = CLOSED_SHELL ( 'NONE', ( #3952, #522, #179, #2321, #2527, #1882, #1078, #1958, #2202, #3940, #3561, #191, #4097, #2673, #74, #1463, #2261, #615, #3102, #5404, #4161, #2506, #3272, #4753, #3764, #924, #1102, #2458, #1604, #2799, #3958, #4310, #5106, #1984, #3135, #4648, #3011, #3404, #5210, #380, #2618, #2933, #2236, #250, #700, #3518, #2357, #932, #5064, #547, #367, #330, #2970, #2856, #4107, #5370, #2113, #2636, #1131, #1285, #1142, #3724, #2955, #840, #2127, #63, #4495, #3347, #1256, #4596, #4356, #530, #3585, #2540, #2725, #650, #1854, #3524, #2486, #5076, #4837, #5141, #4901, #1023, #3424, #3210, #1719, #5325, #1519, #2180, #3672, #2056, #2566, #820, #83, #595, #3989, #1149, #1393, #835, #160, #4705, #29, #764, #4130, #4636, #315, #117, #3125, #3847, #3679, #958, #5250, #4549, #3284, #1965 ) ) ;
#4305 = STYLED_ITEM ( 'NONE', ( #4725 ), #547 ) ;
#4306 = ORIENTED_EDGE ( 'NONE', *, *, #1427, .T. ) ;
#4307 = CARTESIAN_POINT ( 'NONE',  ( 0.7624999999999999556, 0.6144594373973210066, 0.8749999999999914513 ) ) ;
#4308 = ORIENTED_EDGE ( 'NONE', *, *, #5003, .F. ) ;
#4309 = CARTESIAN_POINT ( 'NONE',  ( 0.1125000000000000028, -0.8250000000000003997, 0.1750000000000001554 ) ) ;
#4310 = ADVANCED_FACE ( 'NONE', ( #756 ), #4047, .T. ) ;
#4311 = CARTESIAN_POINT ( 'NONE',  ( -0.5374999999999999778, -0.4225511228578717748, 0.8749999999999914513 ) ) ;
#4312 = STYLED_ITEM ( 'NONE', ( #5118 ), #191 ) ;
#4313 = MECHANICAL_DESIGN_GEOMETRIC_PRESENTATION_REPRESENTATION (  '', ( #5311 ), #4959 ) ;
#4314 =( LENGTH_UNIT ( ) NAMED_UNIT ( * ) SI_UNIT ( .MILLI., .METRE. ) );
#4315 = DIRECTION ( 'NONE',  ( -1.897107981253131871E-16, -1.000000000000000000, -2.168404344971008079E-15 ) ) ;
#4316 = ORIENTED_EDGE ( 'NONE', *, *, #5170, .F. ) ;
#4317 = MECHANICAL_DESIGN_GEOMETRIC_PRESENTATION_REPRESENTATION (  '', ( #1720 ), #4164 ) ;
#4318 = PLANE ( 'NONE',  #312 ) ;
#4319 = VECTOR ( 'NONE', #4400, 1000.000000000000114 ) ;
#4320 = EDGE_CURVE ( 'NONE', #1986, #737, #1164, .T. ) ;
#4321 = PRESENTATION_STYLE_ASSIGNMENT (( #2688 ) ) ;
#4322 = VERTEX_POINT ( 'NONE', #731 ) ;
#4323 = COLOUR_RGB ( '',0.8509803921568627194, 0.8509803921568627194, 0.8509803921568627194 ) ;
#4324 = PRESENTATION_STYLE_ASSIGNMENT (( #1010 ) ) ;
#4325 = UNCERTAINTY_MEASURE_WITH_UNIT (LENGTH_MEASURE( 1.000000000000000082E-05 ), #4577, 'distance_accuracy_value', 'NONE');
#4326 =( GEOMETRIC_REPRESENTATION_CONTEXT ( 3 ) GLOBAL_UNCERTAINTY_ASSIGNED_CONTEXT ( ( #5260 ) ) GLOBAL_UNIT_ASSIGNED_CONTEXT ( ( #780, #5366, #5131 ) ) REPRESENTATION_CONTEXT ( 'NONE', 'WORKASPACE' ) );
#4327 = CARTESIAN_POINT ( 'NONE',  ( -0.5374999999999999778, -0.6500000000000001332, 0.6999999999999912959 ) ) ;
#4328 = ORIENTED_EDGE ( 'NONE', *, *, #987, .F. ) ;
#4329 = CARTESIAN_POINT ( 'NONE',  ( 0.1125000000000000028, -0.6500000000000001332, 0.6999999999999912959 ) ) ;
#4330 = VECTOR ( 'NONE', #339, 1000.000000000000000 ) ;
#4331 =( LENGTH_UNIT ( ) NAMED_UNIT ( * ) SI_UNIT ( .MILLI., .METRE. ) );
#4332 = STYLED_ITEM ( 'NONE', ( #5237 ), #2127 ) ;
#4333 =( GEOMETRIC_REPRESENTATION_CONTEXT ( 3 ) GLOBAL_UNCERTAINTY_ASSIGNED_CONTEXT ( ( #709 ) ) GLOBAL_UNIT_ASSIGNED_CONTEXT ( ( #3580, #5306, #1467 ) ) REPRESENTATION_CONTEXT ( 'NONE', 'WORKASPACE' ) );
#4334 = FACE_OUTER_BOUND ( 'NONE', #1157, .T. ) ;
#4335 = EDGE_LOOP ( 'NONE', ( #675, #400, #4223, #4122 ) ) ;
#4336 = FACE_OUTER_BOUND ( 'NONE', #3915, .T. ) ;
#4337 = VECTOR ( 'NONE', #816, 1000.000000000000000 ) ;
#4338 = MECHANICAL_DESIGN_GEOMETRIC_PRESENTATION_REPRESENTATION (  '', ( #693 ), #2784 ) ;
#4339 =( LENGTH_UNIT ( ) NAMED_UNIT ( * ) SI_UNIT ( .MILLI., .METRE. ) );
#4340 =( NAMED_UNIT ( * ) PLANE_ANGLE_UNIT ( ) SI_UNIT ( $, .RADIAN. ) );
#4341 =( NAMED_UNIT ( * ) SI_UNIT ( $, .STERADIAN. ) SOLID_ANGLE_UNIT ( ) );
#4342 = EDGE_CURVE ( 'NONE', #4083, #1009, #2067, .T. ) ;
#4343 = LINE ( 'NONE', #980, #3642 ) ;
#4344 = ORIENTED_EDGE ( 'NONE', *, *, #1324, .T. ) ;
#4345 =( LENGTH_UNIT ( ) NAMED_UNIT ( * ) SI_UNIT ( .MILLI., .METRE. ) );
#4346 = MECHANICAL_DESIGN_GEOMETRIC_PRESENTATION_REPRESENTATION (  '', ( #2165 ), #1911 ) ;
#4347 = UNCERTAINTY_MEASURE_WITH_UNIT (LENGTH_MEASURE( 1.000000000000000082E-05 ), #388, 'distance_accuracy_value', 'NONE');
#4348 = SURFACE_STYLE_USAGE ( .BOTH. , #3019 ) ;
#4349 = SURFACE_SIDE_STYLE ('',( #3885 ) ) ;
#4350 = LINE ( 'NONE', #4407, #2134 ) ;
#4351 = ORIENTED_EDGE ( 'NONE', *, *, #4301, .F. ) ;
#4352 = AXIS2_PLACEMENT_3D ( 'NONE', #2214, #5417, #5151 ) ;
#4353 = CARTESIAN_POINT ( 'NONE',  ( -0.1125000000000000028, 0.6500000000000001332, 0.6999999999999912959 ) ) ;
#4354 = COLOUR_RGB ( '',0.8509803921568627194, 0.8509803921568627194, 0.8509803921568627194 ) ;
#4355 = ORIENTED_EDGE ( 'NONE', *, *, #1252, .T. ) ;
#4356 = ADVANCED_FACE ( 'NONE', ( #4104 ), #2373, .F. ) ;
#4357 = CARTESIAN_POINT ( 'NONE',  ( 0.5374999999999999778, 0.8250000000000003997, -9.486769009248163798E-17 ) ) ;
#4358 = LINE ( 'NONE', #2365, #523 ) ;
#4359 = DIRECTION ( 'NONE',  ( 1.000000000000000000, 0.000000000000000000, 0.000000000000000000 ) ) ;
#4360 = LINE ( 'NONE', #631, #1186 ) ;
#4361 = SURFACE_STYLE_FILL_AREA ( #4864 ) ;
#4362 = EDGE_CURVE ( 'NONE', #2623, #2529, #1594, .T. ) ;
#4363 = LINE ( 'NONE', #3503, #2052 ) ;
#4364 = DIRECTION ( 'NONE',  ( -1.000000000000000000, -0.000000000000000000, -0.000000000000000000 ) ) ;
#4365 = ORIENTED_EDGE ( 'NONE', *, *, #4745, .F. ) ;
#4366 = DIRECTION ( 'NONE',  ( -1.000000000000000000, -0.000000000000000000, -0.000000000000000000 ) ) ;
#4367 = ORIENTED_EDGE ( 'NONE', *, *, #4320, .F. ) ;
#4368 = UNCERTAINTY_MEASURE_WITH_UNIT (LENGTH_MEASURE( 1.000000000000000082E-05 ), #1236, 'distance_accuracy_value', 'NONE');
#4369 = PRESENTATION_STYLE_ASSIGNMENT (( #1084 ) ) ;
#4370 = CARTESIAN_POINT ( 'NONE',  ( 0.1125000000000000028, 0.6500000000000001332, 0.1750000000000001554 ) ) ;
#4371 = CARTESIAN_POINT ( 'NONE',  ( -0.9427511117355684700, -0.5637579355318529384, 0.1456422128626172485 ) ) ;
#4372 = FILL_AREA_STYLE ('',( #2351 ) ) ;
#4373 = LINE ( 'NONE', #1115, #970 ) ;
#4374 = DIRECTION ( 'NONE',  ( 0.000000000000000000, 1.000000000000000000, -5.355436828253419639E-16 ) ) ;
#4375 = DIRECTION ( 'NONE',  ( -1.000000000000000000, -0.000000000000000000, -0.000000000000000000 ) ) ;
#4376 = EDGE_CURVE ( 'NONE', #925, #4805, #1190, .T. ) ;
#4377 =( NAMED_UNIT ( * ) SI_UNIT ( $, .STERADIAN. ) SOLID_ANGLE_UNIT ( ) );
#4378 = VERTEX_POINT ( 'NONE', #1225 ) ;
#4379 = DIRECTION ( 'NONE',  ( 0.000000000000000000, -0.08715574274765489071, -0.9961946980917458783 ) ) ;
#4380 = CARTESIAN_POINT ( 'NONE',  ( -0.9999999999999993339, -0.6249999999999998890, 0.7999999999999914957 ) ) ;
#4381 = STYLED_ITEM ( 'NONE', ( #274 ), #3940 ) ;
#4382 = EDGE_CURVE ( 'NONE', #2564, #2292, #383, .T. ) ;
#4383 = ORIENTED_EDGE ( 'NONE', *, *, #4188, .T. ) ;
#4384 = AXIS2_PLACEMENT_3D ( 'NONE', #5066, #3068, #2638 ) ;
#4385 = DIRECTION ( 'NONE',  ( -1.000000000000000000, -0.000000000000000000, -0.000000000000000000 ) ) ;
#4386 = EDGE_CURVE ( 'NONE', #4835, #742, #3844, .T. ) ;
#4387 = AXIS2_PLACEMENT_3D ( 'NONE', #3564, #1081, #2761 ) ;
#4388 = DIRECTION ( 'NONE',  ( 0.000000000000000000, 1.000000000000000000, -1.204669080539450823E-16 ) ) ;
#4389 = FILL_AREA_STYLE ('',( #2637 ) ) ;
#4390 = PRESENTATION_STYLE_ASSIGNMENT (( #3650 ) ) ;
#4391 = ORIENTED_EDGE ( 'NONE', *, *, #479, .T. ) ;
#4392 =( LENGTH_UNIT ( ) NAMED_UNIT ( * ) SI_UNIT ( .MILLI., .METRE. ) );
#4393 = ORIENTED_EDGE ( 'NONE', *, *, #2957, .F. ) ;
#4394 = EDGE_CURVE ( 'NONE', #5427, #4163, #2138, .T. ) ;
#4395 = SURFACE_STYLE_FILL_AREA ( #2294 ) ;
#4396 =( NAMED_UNIT ( * ) SI_UNIT ( $, .STERADIAN. ) SOLID_ANGLE_UNIT ( ) );
#4397 = AXIS2_PLACEMENT_3D ( 'NONE', #2552, #1694, #440 ) ;
#4398 = DIRECTION ( 'NONE',  ( 1.000000000000000000, -0.000000000000000000, -0.000000000000000000 ) ) ;
#4399 = CARTESIAN_POINT ( 'NONE',  ( 0.7624999999999999556, -0.8000000000000001554, 0.6999999999999912959 ) ) ;
#4400 = DIRECTION ( 'NONE',  ( 0.000000000000000000, 0.1391731009600618851, 0.9902680687415708061 ) ) ;
#4401 = AXIS2_PLACEMENT_3D ( 'NONE', #4281, #3017, #2102 ) ;
#4402 = CYLINDRICAL_SURFACE ( 'NONE', #1216, 0.04999999999999991257 ) ;
#4403 = FILL_AREA_STYLE_COLOUR ( '', #3334 ) ;
#4404 = UNCERTAINTY_MEASURE_WITH_UNIT (LENGTH_MEASURE( 1.000000000000000082E-05 ), #826, 'distance_accuracy_value', 'NONE');
#4405 = CARTESIAN_POINT ( 'NONE',  ( -0.5374999999999999778, -0.6184383502355526030, 0.7249999999999916511 ) ) ;
#4406 = CIRCLE ( 'NONE', #483, 0.04999999999999999584 ) ;
#4407 = CARTESIAN_POINT ( 'NONE',  ( 0.5374999999999999778, -0.8250000000000003997, -9.486769009248163798E-17 ) ) ;
#4408 = ORIENTED_EDGE ( 'NONE', *, *, #5429, .T. ) ;
#4409 = CARTESIAN_POINT ( 'NONE',  ( 0.8929413768309818478, -0.5677511117355689141, 0.1456422128626172485 ) ) ;
#4410 =( GEOMETRIC_REPRESENTATION_CONTEXT ( 3 ) GLOBAL_UNCERTAINTY_ASSIGNED_CONTEXT ( ( #3753 ) ) GLOBAL_UNIT_ASSIGNED_CONTEXT ( ( #2290, #3977, #3901 ) ) REPRESENTATION_CONTEXT ( 'NONE', 'WORKASPACE' ) );
#4411 = ORIENTED_EDGE ( 'NONE', *, *, #2658, .F. ) ;
#4412 = FILL_AREA_STYLE_COLOUR ( '', #4426 ) ;
#4413 = DIRECTION ( 'NONE',  ( 0.000000000000000000, -1.000000000000000000, -1.204669080539450823E-16 ) ) ;
#4414 = VECTOR ( 'NONE', #582, 1000.000000000000000 ) ;
#4415 = COLOUR_RGB ( '',0.8509803921568627194, 0.8509803921568627194, 0.8509803921568627194 ) ;
#4416 = FILL_AREA_STYLE ('',( #686 ) ) ;
#4417 = DIRECTION ( 'NONE',  ( 1.000000000000000000, 0.000000000000000000, 0.000000000000000000 ) ) ;
#4418 = EDGE_CURVE ( 'NONE', #3179, #819, #4698, .T. ) ;
#4419 = COLOUR_RGB ( '',0.8509803921568627194, 0.8509803921568627194, 0.8509803921568627194 ) ;
#4420 =( GEOMETRIC_REPRESENTATION_CONTEXT ( 3 ) GLOBAL_UNCERTAINTY_ASSIGNED_CONTEXT ( ( #5403 ) ) GLOBAL_UNIT_ASSIGNED_CONTEXT ( ( #1764, #950, #4640 ) ) REPRESENTATION_CONTEXT ( 'NONE', 'WORKASPACE' ) );
#4421 =( GEOMETRIC_REPRESENTATION_CONTEXT ( 3 ) GLOBAL_UNCERTAINTY_ASSIGNED_CONTEXT ( ( #3006 ) ) GLOBAL_UNIT_ASSIGNED_CONTEXT ( ( #567, #4215, #3891 ) ) REPRESENTATION_CONTEXT ( 'NONE', 'WORKASPACE' ) );
#4422 = DIRECTION ( 'NONE',  ( -0.1378445374916252297, 0.1378445374916251465, -0.9808148484639900300 ) ) ;
#4423 =( NAMED_UNIT ( * ) PLANE_ANGLE_UNIT ( ) SI_UNIT ( $, .RADIAN. ) );
#4424 = VECTOR ( 'NONE', #2994, 1000.000000000000114 ) ;
#4425 = CARTESIAN_POINT ( 'NONE',  ( 0.7624999999999999556, -0.8250000000000003997, 0.1750000000000001554 ) ) ;
#4426 = COLOUR_RGB ( '',0.2235294117647058654, 0.2235294117647058654, 0.2235294117647058654 ) ;
#4427 = ORIENTED_EDGE ( 'NONE', *, *, #2342, .F. ) ;
#4428 =( NAMED_UNIT ( * ) PLANE_ANGLE_UNIT ( ) SI_UNIT ( $, .RADIAN. ) );
#4429 = ORIENTED_EDGE ( 'NONE', *, *, #2823, .T. ) ;
#4430 = MECHANICAL_DESIGN_GEOMETRIC_PRESENTATION_REPRESENTATION (  '', ( #44 ), #2329 ) ;
#4431 = CARTESIAN_POINT ( 'NONE',  ( -0.8929413768309810706, -0.5179413768309816257, 0.1500000000000000222 ) ) ;
#4432 = CARTESIAN_POINT ( 'NONE',  ( 0.1125000000000000028, -0.6249999999999998890, 0.7249999999999916511 ) ) ;
#4433 =( GEOMETRIC_REPRESENTATION_CONTEXT ( 3 ) GLOBAL_UNCERTAINTY_ASSIGNED_CONTEXT ( ( #4404 ) ) GLOBAL_UNIT_ASSIGNED_CONTEXT ( ( #826, #2962, #1631 ) ) REPRESENTATION_CONTEXT ( 'NONE', 'WORKASPACE' ) );
#4434 = CARTESIAN_POINT ( 'NONE',  ( -0.9143734126984708332, 0.5393734126984710553, 1.050000000000000044 ) ) ;
#4435 = AXIS2_PLACEMENT_3D ( 'NONE', #1518, #5272, #3999 ) ;
#4436 = SURFACE_STYLE_USAGE ( .BOTH. , #2878 ) ;
#4437 = EDGE_CURVE ( 'NONE', #3919, #3704, #3472, .T. ) ;
#4438 = DIRECTION ( 'NONE',  ( 1.000000000000000000, 0.000000000000000000, 0.000000000000000000 ) ) ;
#4439 = LINE ( 'NONE', #668, #4319 ) ;
#4440 = STYLED_ITEM ( 'NONE', ( #4159 ), #2202 ) ;
#4441 = ORIENTED_EDGE ( 'NONE', *, *, #4076, .T. ) ;
#4442 = FILL_AREA_STYLE_COLOUR ( '', #2349 ) ;
#4443 = DIRECTION ( 'NONE',  ( 0.000000000000000000, -1.000000000000000000, 1.204669080539450576E-16 ) ) ;
#4444 = SURFACE_SIDE_STYLE ('',( #1494 ) ) ;
#4445 =( GEOMETRIC_REPRESENTATION_CONTEXT ( 3 ) GLOBAL_UNCERTAINTY_ASSIGNED_CONTEXT ( ( #252 ) ) GLOBAL_UNIT_ASSIGNED_CONTEXT ( ( #5143, #159, #1964 ) ) REPRESENTATION_CONTEXT ( 'NONE', 'WORKASPACE' ) );
#4446 =( NAMED_UNIT ( * ) PLANE_ANGLE_UNIT ( ) SI_UNIT ( $, .RADIAN. ) );
#4447 = EDGE_CURVE ( 'NONE', #2841, #2405, #2505, .T. ) ;
#4448 = CYLINDRICAL_SURFACE ( 'NONE', #421, 0.1750000000000002109 ) ;
#4449 = FILL_AREA_STYLE ('',( #4849 ) ) ;
#4450 = DIRECTION ( 'NONE',  ( 1.000000000000000000, 0.000000000000000000, 0.000000000000000000 ) ) ;
#4451 = ORIENTED_EDGE ( 'NONE', *, *, #987, .T. ) ;
#4452 = LINE ( 'NONE', #623, #2346 ) ;
#4453 = ORIENTED_EDGE ( 'NONE', *, *, #1059, .T. ) ;
#4454 = PRESENTATION_STYLE_ASSIGNMENT (( #259 ) ) ;
#4455 =( GEOMETRIC_REPRESENTATION_CONTEXT ( 3 ) GLOBAL_UNCERTAINTY_ASSIGNED_CONTEXT ( ( #2197 ) ) GLOBAL_UNIT_ASSIGNED_CONTEXT ( ( #5391, #1251, #3699 ) ) REPRESENTATION_CONTEXT ( 'NONE', 'WORKASPACE' ) );
#4456 = ORIENTED_EDGE ( 'NONE', *, *, #5416, .T. ) ;
#4457 = DIRECTION ( 'NONE',  ( 0.000000000000000000, 1.000000000000000000, -1.204669080539450823E-16 ) ) ;
#4458 = LINE ( 'NONE', #1100, #3089 ) ;
#4459 = CARTESIAN_POINT ( 'NONE',  ( 0.1125000000000000028, -0.8250000000000003997, 0.1750000000000001554 ) ) ;
#4460 = DIRECTION ( 'NONE',  ( 1.000000000000000000, -0.000000000000000000, 0.000000000000000000 ) ) ;
#4461 = PRESENTATION_LAYER_ASSIGNMENT (  '', '', ( #1147 ) ) ;
#4462 = PRESENTATION_STYLE_ASSIGNMENT (( #4014 ) ) ;
#4463 = CARTESIAN_POINT ( 'NONE',  ( -0.5374999999999999778, 0.6249999999999998890, 0.6999999999999912959 ) ) ;
#4464 = CARTESIAN_POINT ( 'NONE',  ( 0.1125000000000000028, -0.6249999999999998890, 0.6999999999999912959 ) ) ;
#4465 = FILL_AREA_STYLE ('',( #2371 ) ) ;
#4466 = EDGE_LOOP ( 'NONE', ( #1979, #3286, #4288, #4605 ) ) ;
#4467 = PRESENTATION_STYLE_ASSIGNMENT (( #335 ) ) ;
#4468 = ORIENTED_EDGE ( 'NONE', *, *, #1828, .T. ) ;
#4469 =( NAMED_UNIT ( * ) PLANE_ANGLE_UNIT ( ) SI_UNIT ( $, .RADIAN. ) );
#4470 = VERTEX_POINT ( 'NONE', #3002 ) ;
#4471 = VERTEX_POINT ( 'NONE', #4201 ) ;
#4472 = CARTESIAN_POINT ( 'NONE',  ( 0.7624999999999999556, -0.6500000000000001332, 0.1750000000000001554 ) ) ;
#4473 = UNCERTAINTY_MEASURE_WITH_UNIT (LENGTH_MEASURE( 1.000000000000000082E-05 ), #4178, 'distance_accuracy_value', 'NONE');
#4474 = LINE ( 'NONE', #4496, #3018 ) ;
#4475 = ORIENTED_EDGE ( 'NONE', *, *, #4934, .F. ) ;
#4476 =( NAMED_UNIT ( * ) SI_UNIT ( $, .STERADIAN. ) SOLID_ANGLE_UNIT ( ) );
#4477 = ORIENTED_EDGE ( 'NONE', *, *, #4418, .F. ) ;
#4478 = EDGE_CURVE ( 'NONE', #2344, #5001, #912, .T. ) ;
#4479 = SURFACE_STYLE_USAGE ( .BOTH. , #1929 ) ;
#4480 = DIRECTION ( 'NONE',  ( 0.000000000000000000, -1.000000000000000000, -5.355436828253419639E-16 ) ) ;
#4481 = CARTESIAN_POINT ( 'NONE',  ( -0.5796202109455335094, -0.8147491644423104917, 1.099900000000000100 ) ) ;
#4482 =( GEOMETRIC_REPRESENTATION_CONTEXT ( 3 ) GLOBAL_UNCERTAINTY_ASSIGNED_CONTEXT ( ( #61 ) ) GLOBAL_UNIT_ASSIGNED_CONTEXT ( ( #5423, #1282, #3788 ) ) REPRESENTATION_CONTEXT ( 'NONE', 'WORKASPACE' ) );
#4483 = DIRECTION ( 'NONE',  ( -0.9961946980917457672, 0.000000000000000000, 0.08715574274765552909 ) ) ;
#4484 = DIRECTION ( 'NONE',  ( 0.000000000000000000, 0.000000000000000000, 1.000000000000000000 ) ) ;
#4485 = AXIS2_PLACEMENT_3D ( 'NONE', #4806, #1501, #4073 ) ;
#4486 = FACE_OUTER_BOUND ( 'NONE', #2704, .T. ) ;
#4487 = EDGE_LOOP ( 'NONE', ( #301, #1653, #3080, #1189, #4892, #876 ) ) ;
#4488 = SURFACE_STYLE_FILL_AREA ( #3327 ) ;
#4489 = VERTEX_POINT ( 'NONE', #4245 ) ;
#4490 = SURFACE_STYLE_FILL_AREA ( #3328 ) ;
#4491 = SURFACE_SIDE_STYLE ('',( #2824 ) ) ;
#4492 = ORIENTED_EDGE ( 'NONE', *, *, #3787, .T. ) ;
#4493 = EDGE_LOOP ( 'NONE', ( #3249, #1752, #1945, #1975 ) ) ;
#4494 = CARTESIAN_POINT ( 'NONE',  ( -0.9999999999999997780, 0.6250000000000001110, 0.8000000000000283551 ) ) ;
#4495 = ADVANCED_FACE ( 'NONE', ( #517 ), #864, .T. ) ;
#4496 = CARTESIAN_POINT ( 'NONE',  ( 0.7624999999999999556, -0.5828377495892823612, 1.100000000000000089 ) ) ;
#4497 = CIRCLE ( 'NONE', #3447, 0.02500000000000028241 ) ;
#4498 = DIRECTION ( 'NONE',  ( 0.000000000000000000, 0.000000000000000000, -1.000000000000000000 ) ) ;
#4499 =( LENGTH_UNIT ( ) NAMED_UNIT ( * ) SI_UNIT ( .MILLI., .METRE. ) );
#4500 = DIRECTION ( 'NONE',  ( -1.000000000000000000, -0.000000000000000000, -0.000000000000000000 ) ) ;
#4501 = ORIENTED_EDGE ( 'NONE', *, *, #3438, .F. ) ;
#4502 = COLOUR_RGB ( '',0.2235294117647058654, 0.2235294117647058654, 0.2235294117647058654 ) ;
#4503 = EDGE_CURVE ( 'NONE', #4842, #3729, #4653, .T. ) ;
#4504 = CARTESIAN_POINT ( 'NONE',  ( 0.7624999999999999556, 1.050000000000000044, 0.1499999999999998834 ) ) ;
#4505 = DIRECTION ( 'NONE',  ( 0.000000000000000000, 0.000000000000000000, -1.000000000000000000 ) ) ;
#4506 = AXIS2_PLACEMENT_3D ( 'NONE', #4656, #1340, #3451 ) ;
#4507 =( LENGTH_UNIT ( ) NAMED_UNIT ( * ) SI_UNIT ( .MILLI., .METRE. ) );
#4508 = ORIENTED_EDGE ( 'NONE', *, *, #3829, .F. ) ;
#4509 = ORIENTED_EDGE ( 'NONE', *, *, #4567, .F. ) ;
#4510 = VECTOR ( 'NONE', #3937, 1000.000000000000000 ) ;
#4511 = COLOUR_RGB ( '',0.8509803921568627194, 0.8509803921568627194, 0.8509803921568627194 ) ;
#4512 = DIRECTION ( 'NONE',  ( 0.000000000000000000, -5.355436828253419639E-16, -1.000000000000000000 ) ) ;
#4513 = COLOUR_RGB ( '',0.8509803921568627194, 0.8509803921568627194, 0.8509803921568627194 ) ;
#4514 = DIRECTION ( 'NONE',  ( 0.9902680687415708061, 0.000000000000000000, -0.1391731009600618574 ) ) ;
#4515 = AXIS2_PLACEMENT_3D ( 'NONE', #3313, #2522, #5002 ) ;
#4516 = SURFACE_STYLE_FILL_AREA ( #4128 ) ;
#4517 = PRESENTATION_LAYER_ASSIGNMENT (  '', '', ( #4237 ) ) ;
#4518 = ORIENTED_EDGE ( 'NONE', *, *, #4792, .F. ) ;
#4519 = ORIENTED_EDGE ( 'NONE', *, *, #2250, .F. ) ;
#4520 = UNCERTAINTY_MEASURE_WITH_UNIT (LENGTH_MEASURE( 1.000000000000000082E-05 ), #1707, 'distance_accuracy_value', 'NONE');
#4521 = VECTOR ( 'NONE', #1168, 1000.000000000000000 ) ;
#4522 = AXIS2_PLACEMENT_3D ( 'NONE', #1893, #3165, #1037 ) ;
#4523 = CARTESIAN_POINT ( 'NONE',  ( 0.7624999999999999556, -0.4225511228578718859, 0.7249999999999915401 ) ) ;
#4524 =( NAMED_UNIT ( * ) SI_UNIT ( $, .STERADIAN. ) SOLID_ANGLE_UNIT ( ) );
#4525 =( NAMED_UNIT ( * ) PLANE_ANGLE_UNIT ( ) SI_UNIT ( $, .RADIAN. ) );
#4526 = EDGE_CURVE ( 'NONE', #4378, #1224, #4296, .T. ) ;
#4527 = PRESENTATION_STYLE_ASSIGNMENT (( #1204 ) ) ;
#4528 = STYLED_ITEM ( 'NONE', ( #1804 ), #2261 ) ;
#4529 = STYLED_ITEM ( 'NONE', ( #4922 ), #1519 ) ;
#4530 = SURFACE_SIDE_STYLE ('',( #2855 ) ) ;
#4531 = SURFACE_STYLE_USAGE ( .BOTH. , #4948 ) ;
#4532 = VERTEX_POINT ( 'NONE', #3033 ) ;
#4533 = CYLINDRICAL_SURFACE ( 'NONE', #4772, 0.1750000000000002387 ) ;
#4534 = CIRCLE ( 'NONE', #602, 0.1750000000000002387 ) ;
#4535 =( NAMED_UNIT ( * ) PLANE_ANGLE_UNIT ( ) SI_UNIT ( $, .RADIAN. ) );
#4536 = AXIS2_PLACEMENT_3D ( 'NONE', #53, #2914, #856 ) ;
#4537 = ORIENTED_EDGE ( 'NONE', *, *, #4120, .T. ) ;
#4538 = SURFACE_SIDE_STYLE ('',( #1273 ) ) ;
#4539 = MECHANICAL_DESIGN_GEOMETRIC_PRESENTATION_REPRESENTATION (  '', ( #514 ), #4098 ) ;
#4540 = AXIS2_PLACEMENT_3D ( 'NONE', #1015, #605, #2635 ) ;
#4541 =( GEOMETRIC_REPRESENTATION_CONTEXT ( 3 ) GLOBAL_UNCERTAINTY_ASSIGNED_CONTEXT ( ( #2993 ) ) GLOBAL_UNIT_ASSIGNED_CONTEXT ( ( #3130, #2264, #4866 ) ) REPRESENTATION_CONTEXT ( 'NONE', 'WORKASPACE' ) );
#4542 = CARTESIAN_POINT ( 'NONE',  ( -0.5374999999999999778, -0.6249999999999998890, 0.6999999999999912959 ) ) ;
#4543 = LINE ( 'NONE', #2453, #807 ) ;
#4544 = ORIENTED_EDGE ( 'NONE', *, *, #906, .T. ) ;
#4545 = ORIENTED_EDGE ( 'NONE', *, *, #5121, .T. ) ;
#4546 = AXIS2_PLACEMENT_3D ( 'NONE', #2196, #3085, #4480 ) ;
#4547 = DIRECTION ( 'NONE',  ( 0.000000000000000000, 0.000000000000000000, 1.000000000000000000 ) ) ;
#4548 = AXIS2_PLACEMENT_3D ( 'NONE', #4399, #3212, #194 ) ;
#4549 = ADVANCED_FACE ( 'NONE', ( #1753 ), #2093, .F. ) ;
#4550 = SURFACE_SIDE_STYLE ('',( #4127 ) ) ;
#4551 = FILL_AREA_STYLE_COLOUR ( '', #4252 ) ;
#4552 = STYLED_ITEM ( 'NONE', ( #803 ), #5404 ) ;
#4553 = ORIENTED_EDGE ( 'NONE', *, *, #4832, .F. ) ;
#4554 = ORIENTED_EDGE ( 'NONE', *, *, #1170, .T. ) ;
#4555 = PRESENTATION_STYLE_ASSIGNMENT (( #798 ) ) ;
#4556 = CARTESIAN_POINT ( 'NONE',  ( -0.5374999999999999778, -1.050000000000000044, -1.219727444046192488E-16 ) ) ;
#4557 =( NAMED_UNIT ( * ) PLANE_ANGLE_UNIT ( ) SI_UNIT ( $, .RADIAN. ) );
#4558 = CARTESIAN_POINT ( 'NONE',  ( -0.7624999999999999556, -0.8250000000000003997, 0.1750000000000001554 ) ) ;
#4559 = ORIENTED_EDGE ( 'NONE', *, *, #2384, .T. ) ;
#4560 =( NAMED_UNIT ( * ) PLANE_ANGLE_UNIT ( ) SI_UNIT ( $, .RADIAN. ) );
#4561 = VERTEX_POINT ( 'NONE', #5161 ) ;
#4562 = SURFACE_STYLE_FILL_AREA ( #2890 ) ;
#4563 = EDGE_CURVE ( 'NONE', #2389, #2841, #3005, .T. ) ;
#4564 = ORIENTED_EDGE ( 'NONE', *, *, #1773, .T. ) ;
#4565 = SURFACE_STYLE_FILL_AREA ( #1212 ) ;
#4566 = DIRECTION ( 'NONE',  ( 0.000000000000000000, 0.000000000000000000, -1.000000000000000000 ) ) ;
#4567 = EDGE_CURVE ( 'NONE', #2312, #1996, #5254, .T. ) ;
#4568 = ORIENTED_EDGE ( 'NONE', *, *, #1646, .T. ) ;
#4569 = EDGE_CURVE ( 'NONE', #4203, #1557, #2664, .T. ) ;
#4570 = PRESENTATION_STYLE_ASSIGNMENT (( #4992 ) ) ;
#4571 = FACE_OUTER_BOUND ( 'NONE', #4931, .T. ) ;
#4572 = FILL_AREA_STYLE_COLOUR ( '', #4625 ) ;
#4573 = EDGE_CURVE ( 'NONE', #2718, #1402, #1446, .T. ) ;
#4574 = ORIENTED_EDGE ( 'NONE', *, *, #2028, .F. ) ;
#4575 = COLOUR_RGB ( '',0.8509803921568627194, 0.8509803921568627194, 0.8509803921568627194 ) ;
#4576 = UNCERTAINTY_MEASURE_WITH_UNIT (LENGTH_MEASURE( 1.000000000000000082E-05 ), #1074, 'distance_accuracy_value', 'NONE');
#4577 =( LENGTH_UNIT ( ) NAMED_UNIT ( * ) SI_UNIT ( .MILLI., .METRE. ) );
#4578 = CARTESIAN_POINT ( 'NONE',  ( 0.000000000000000000, 0.000000000000000000, 1.100000000000000089 ) ) ;
#4579 = ORIENTED_EDGE ( 'NONE', *, *, #1892, .T. ) ;
#4580 = LINE ( 'NONE', #2814, #2661 ) ;
#4581 = FACE_OUTER_BOUND ( 'NONE', #5077, .T. ) ;
#4582 = ORIENTED_EDGE ( 'NONE', *, *, #2133, .T. ) ;
#4583 = SURFACE_SIDE_STYLE ('',( #3344 ) ) ;
#4584 = CARTESIAN_POINT ( 'NONE',  ( 0.1125000000000000028, 0.8250000000000003997, 0.1499999999999999112 ) ) ;
#4585 = ORIENTED_EDGE ( 'NONE', *, *, #1688, .T. ) ;
#4586 = DIRECTION ( 'NONE',  ( -1.000000000000000000, 0.000000000000000000, 0.000000000000000000 ) ) ;
#4587 = VECTOR ( 'NONE', #3267, 1000.000000000000000 ) ;
#4588 =( NAMED_UNIT ( * ) PLANE_ANGLE_UNIT ( ) SI_UNIT ( $, .RADIAN. ) );
#4589 = COLOUR_RGB ( '',0.8509803921568627194, 0.8509803921568627194, 0.8509803921568627194 ) ;
#4590 = VECTOR ( 'NONE', #1000, 1000.000000000000000 ) ;
#4591 = LINE ( 'NONE', #860, #3746 ) ;
#4592 = UNCERTAINTY_MEASURE_WITH_UNIT (LENGTH_MEASURE( 1.000000000000000082E-05 ), #1710, 'distance_accuracy_value', 'NONE');
#4593 = PRESENTATION_LAYER_ASSIGNMENT (  '', '', ( #2755 ) ) ;
#4594 = VECTOR ( 'NONE', #3348, 1000.000000000000000 ) ;
#4595 = DIRECTION ( 'NONE',  ( 0.000000000000000000, 0.000000000000000000, -1.000000000000000000 ) ) ;
#4596 = ADVANCED_FACE ( 'NONE', ( #1504 ), #2724, .F. ) ;
#4597 = ORIENTED_EDGE ( 'NONE', *, *, #4784, .T. ) ;
#4598 = DIRECTION ( 'NONE',  ( -0.1378445374916250910, -0.1378445374916251465, -0.9808148484639900300 ) ) ;
#4599 =( NAMED_UNIT ( * ) SI_UNIT ( $, .STERADIAN. ) SOLID_ANGLE_UNIT ( ) );
#4600 = MECHANICAL_DESIGN_GEOMETRIC_PRESENTATION_REPRESENTATION (  '', ( #773 ), #4162 ) ;
#4601 = PRESENTATION_LAYER_ASSIGNMENT (  '', '', ( #3121 ) ) ;
#4602 = CARTESIAN_POINT ( 'NONE',  ( 0.5374999999999999778, 0.8250000000000003997, 0.1750000000000001554 ) ) ;
#4603 = VECTOR ( 'NONE', #2907, 1000.000000000000000 ) ;
#4604 = AXIS2_PLACEMENT_3D ( 'NONE', #2937, #3233, #5344 ) ;
#4605 = ORIENTED_EDGE ( 'NONE', *, *, #2771, .T. ) ;
#4606 = FACE_OUTER_BOUND ( 'NONE', #5051, .T. ) ;
#4607 = STYLED_ITEM ( 'NONE', ( #4527 ), #530 ) ;
#4608 = EDGE_CURVE ( 'NONE', #1482, #4969, #2339, .T. ) ;
#4609 =( GEOMETRIC_REPRESENTATION_CONTEXT ( 3 ) GLOBAL_UNCERTAINTY_ASSIGNED_CONTEXT ( ( #2229 ) ) GLOBAL_UNIT_ASSIGNED_CONTEXT ( ( #2247, #1927, #3641 ) ) REPRESENTATION_CONTEXT ( 'NONE', 'WORKASPACE' ) );
#4610 = FILL_AREA_STYLE ('',( #2181 ) ) ;
#4611 = ORIENTED_EDGE ( 'NONE', *, *, #5302, .T. ) ;
#4612 = FACE_OUTER_BOUND ( 'NONE', #3516, .T. ) ;
#4613 = PRESENTATION_STYLE_ASSIGNMENT (( #3616 ) ) ;
#4614 = EDGE_LOOP ( 'NONE', ( #494, #1093, #4131, #1628 ) ) ;
#4615 = STYLED_ITEM ( 'NONE', ( #1476 ), #1102 ) ;
#4616 = LINE ( 'NONE', #928, #2777 ) ;
#4617 = CARTESIAN_POINT ( 'NONE',  ( -0.9909519367360968278, -0.5661422018315097615, 0.6965801636549239229 ) ) ;
#4618 = AXIS2_PLACEMENT_3D ( 'NONE', #1755, #35, #1335 ) ;
#4619 = ORIENTED_EDGE ( 'NONE', *, *, #3177, .F. ) ;
#4620 = COLOUR_RGB ( '',0.8509803921568627194, 0.8509803921568627194, 0.8509803921568627194 ) ;
#4621 = CARTESIAN_POINT ( 'NONE',  ( -0.5374999999999999778, 0.8250000000000003997, -9.486769009248163798E-17 ) ) ;
#4622 = VECTOR ( 'NONE', #3717, 1000.000000000000000 ) ;
#4623 = PRESENTATION_LAYER_ASSIGNMENT (  '', '', ( #3480 ) ) ;
#4624 = DIRECTION ( 'NONE',  ( -1.000000000000000000, -0.000000000000000000, -0.000000000000000000 ) ) ;
#4625 = COLOUR_RGB ( '',0.8509803921568627194, 0.8509803921568627194, 0.8509803921568627194 ) ;
#4626 = SURFACE_STYLE_FILL_AREA ( #910 ) ;
#4627 = VERTEX_POINT ( 'NONE', #653 ) ;
#4628 = FILL_AREA_STYLE ('',( #464 ) ) ;
#4629 = EDGE_CURVE ( 'NONE', #538, #1732, #4011, .T. ) ;
#4630 = VECTOR ( 'NONE', #233, 1000.000000000000000 ) ;
#4631 = SURFACE_STYLE_FILL_AREA ( #2956 ) ;
#4632 = VECTOR ( 'NONE', #2271, 1000.000000000000000 ) ;
#4633 = ORIENTED_EDGE ( 'NONE', *, *, #4563, .F. ) ;
#4634 = MECHANICAL_DESIGN_GEOMETRIC_PRESENTATION_REPRESENTATION (  '', ( #4715 ), #3411 ) ;
#4635 = LINE ( 'NONE', #1833, #2218 ) ;
#4636 = ADVANCED_FACE ( 'NONE', ( #630 ), #989, .T. ) ;
#4637 = FILL_AREA_STYLE ('',( #529 ) ) ;
#4638 = FACE_OUTER_BOUND ( 'NONE', #2796, .T. ) ;
#4639 = ORIENTED_EDGE ( 'NONE', *, *, #1097, .T. ) ;
#4640 =( NAMED_UNIT ( * ) SI_UNIT ( $, .STERADIAN. ) SOLID_ANGLE_UNIT ( ) );
#4641 = EDGE_LOOP ( 'NONE', ( #426, #4273, #1286, #3961 ) ) ;
#4642 = EDGE_CURVE ( 'NONE', #1247, #742, #1161, .T. ) ;
#4643 = PLANE ( 'NONE',  #4838 ) ;
#4644 = SURFACE_SIDE_STYLE ('',( #2057 ) ) ;
#4645 = EDGE_LOOP ( 'NONE', ( #4411, #2749, #348, #2071, #2185, #4046, #2468, #5402, #1040, #4078, #3625, #5, #4477 ) ) ;
#4646 = DIRECTION ( 'NONE',  ( 0.000000000000000000, -1.000000000000000000, -5.355436828253419639E-16 ) ) ;
#4647 = DIRECTION ( 'NONE',  ( 0.000000000000000000, 1.000000000000000000, 5.355436828253419639E-16 ) ) ;
#4648 = ADVANCED_FACE ( 'NONE', ( #2896 ), #2788, .F. ) ;
#4649 = CARTESIAN_POINT ( 'NONE',  ( 0.7624999999999999556, -0.6249999999999998890, 0.6999999999999912959 ) ) ;
#4650 = LINE ( 'NONE', #3200, #43 ) ;
#4651 = CARTESIAN_POINT ( 'NONE',  ( -0.7624999999999999556, 0.8250000000000003997, 0.1499999999999999112 ) ) ;
#4652 = ORIENTED_EDGE ( 'NONE', *, *, #2577, .F. ) ;
#4653 = LINE ( 'NONE', #1724, #3639 ) ;
#4654 =( NAMED_UNIT ( * ) PLANE_ANGLE_UNIT ( ) SI_UNIT ( $, .RADIAN. ) );
#4655 = ORIENTED_EDGE ( 'NONE', *, *, #3198, .T. ) ;
#4656 = CARTESIAN_POINT ( 'NONE',  ( 0.000000000000000000, 0.000000000000000000, 0.1000000000000000056 ) ) ;
#4657 = MECHANICAL_DESIGN_GEOMETRIC_PRESENTATION_REPRESENTATION (  '', ( #4830 ), #2387 ) ;
#4658 = PRESENTATION_STYLE_ASSIGNMENT (( #4277 ) ) ;
#4659 = ORIENTED_EDGE ( 'NONE', *, *, #1162, .T. ) ;
#4660 = CARTESIAN_POINT ( 'NONE',  ( -0.7624999999999999556, 0.8250000000000003997, 0.1750000000000001554 ) ) ;
#4661 = EDGE_CURVE ( 'NONE', #310, #4260, #91, .T. ) ;
#4662 =( NAMED_UNIT ( * ) SI_UNIT ( $, .STERADIAN. ) SOLID_ANGLE_UNIT ( ) );
#4663 = EDGE_LOOP ( 'NONE', ( #4870, #851, #5253, #3843, #1644, #3533, #1693, #2042, #3546, #604, #2943, #2055, #4553, #2763, #4949, #3653 ) ) ;
#4664 = FILL_AREA_STYLE ('',( #535 ) ) ;
#4665 = VECTOR ( 'NONE', #1050, 1000.000000000000114 ) ;
#4666 = DIRECTION ( 'NONE',  ( -1.000000000000000000, -0.000000000000000000, -0.000000000000000000 ) ) ;
#4667 = DIRECTION ( 'NONE',  ( -2.168404344971010446E-15, -0.9902680687415708061, 0.1391731009600618574 ) ) ;
#4668 = EDGE_CURVE ( 'NONE', #502, #2811, #727, .T. ) ;
#4669 = VERTEX_POINT ( 'NONE', #2368 ) ;
#4670 = FILL_AREA_STYLE_COLOUR ( '', #1008 ) ;
#4671 = LINE ( 'NONE', #3374, #4205 ) ;
#4672 =( LENGTH_UNIT ( ) NAMED_UNIT ( * ) SI_UNIT ( .MILLI., .METRE. ) );
#4673 = VECTOR ( 'NONE', #649, 1000.000000000000000 ) ;
#4674 = VERTEX_POINT ( 'NONE', #4148 ) ;
#4675 = LINE ( 'NONE', #3478, #3439 ) ;
#4676 = VERTEX_POINT ( 'NONE', #407 ) ;
#4677 = VECTOR ( 'NONE', #1662, 1000.000000000000000 ) ;
#4678 =( GEOMETRIC_REPRESENTATION_CONTEXT ( 3 ) GLOBAL_UNCERTAINTY_ASSIGNED_CONTEXT ( ( #2984 ) ) GLOBAL_UNIT_ASSIGNED_CONTEXT ( ( #2898, #3000, #4 ) ) REPRESENTATION_CONTEXT ( 'NONE', 'WORKASPACE' ) );
#4679 = CARTESIAN_POINT ( 'NONE',  ( 0.5374999999999999778, 0.6250000000000001110, 0.8000000000000283551 ) ) ;
#4680 = MECHANICAL_DESIGN_GEOMETRIC_PRESENTATION_REPRESENTATION (  '', ( #2225 ), #2411 ) ;
#4681 = CARTESIAN_POINT ( 'NONE',  ( -0.1125000000000000028, -0.4225511228578718859, 0.7249999999999915401 ) ) ;
#4682 = LINE ( 'NONE', #3010, #4804 ) ;
#4683 = VERTEX_POINT ( 'NONE', #1962 ) ;
#4684 = FILL_AREA_STYLE ('',( #503 ) ) ;
#4685 = ORIENTED_EDGE ( 'NONE', *, *, #3615, .F. ) ;
#4686 = MECHANICAL_DESIGN_GEOMETRIC_PRESENTATION_REPRESENTATION (  '', ( #777 ), #225 ) ;
#4687 = STYLED_ITEM ( 'NONE', ( #3840 ), #3210 ) ;
#4688 = CARTESIAN_POINT ( 'NONE',  ( -0.1125000000000000028, 0.8250000000000003997, 0.1750000000000001554 ) ) ;
#4689 = EDGE_CURVE ( 'NONE', #2161, #3149, #706, .T. ) ;
#4690 = ORIENTED_EDGE ( 'NONE', *, *, #667, .F. ) ;
#4691 = DIRECTION ( 'NONE',  ( -1.000000000000000000, -0.000000000000000000, -0.000000000000000000 ) ) ;
#4692 = CIRCLE ( 'NONE', #1903, 0.05000000000000002359 ) ;
#4693 = MECHANICAL_DESIGN_GEOMETRIC_PRESENTATION_REPRESENTATION (  '', ( #4615 ), #2775 ) ;
#4694 = COLOUR_RGB ( '',0.8509803921568627194, 0.8509803921568627194, 0.8509803921568627194 ) ;
#4695 = CARTESIAN_POINT ( 'NONE',  ( -0.5374999999999999778, -0.8250000000000003997, 0.1499999999999999112 ) ) ;
#4696 = COLOUR_RGB ( '',0.2235294117647058654, 0.2235294117647058654, 0.2235294117647058654 ) ;
#4697 = ORIENTED_EDGE ( 'NONE', *, *, #4362, .F. ) ;
#4698 = LINE ( 'NONE', #2574, #1288 ) ;
#4699 = EDGE_CURVE ( 'NONE', #1910, #374, #358, .T. ) ;
#4700 = SURFACE_STYLE_FILL_AREA ( #3445 ) ;
#4701 = MECHANICAL_DESIGN_GEOMETRIC_PRESENTATION_REPRESENTATION (  '', ( #5142 ), #2954 ) ;
#4702 = CARTESIAN_POINT ( 'NONE',  ( -0.7895958345333496942, -0.8147491644423104917, 1.099900000000000100 ) ) ;
#4703 = EDGE_LOOP ( 'NONE', ( #4176, #2048, #4574, #3565 ) ) ;
#4704 = ORIENTED_EDGE ( 'NONE', *, *, #4197, .F. ) ;
#4705 = ADVANCED_FACE ( 'NONE', ( #4075 ), #1217, .T. ) ;
#4706 = FILL_AREA_STYLE ('',( #448 ) ) ;
#4707 = MECHANICAL_DESIGN_GEOMETRIC_PRESENTATION_REPRESENTATION (  '', ( #2600 ), #1575 ) ;
#4708 = LINE ( 'NONE', #3509, #1132 ) ;
#4709 = CIRCLE ( 'NONE', #5245, 0.05000000000000003747 ) ;
#4710 = LINE ( 'NONE', #4371, #4414 ) ;
#4711 = SURFACE_STYLE_USAGE ( .BOTH. , #3106 ) ;
#4712 = ORIENTED_EDGE ( 'NONE', *, *, #2223, .F. ) ;
#4713 = CARTESIAN_POINT ( 'NONE',  ( 0.5374999999999999778, 0.8000000000000001554, 0.6999999999999912959 ) ) ;
#4714 = CARTESIAN_POINT ( 'NONE',  ( 0.5374999999999999778, 0.6249999999999998890, 0.6999999999999912959 ) ) ;
#4715 = STYLED_ITEM ( 'NONE', ( #4658 ), #5141 ) ;
#4716 = DIRECTION ( 'NONE',  ( 0.000000000000000000, 0.000000000000000000, -1.000000000000000000 ) ) ;
#4717 = ORIENTED_EDGE ( 'NONE', *, *, #2046, .T. ) ;
#4718 = PRESENTATION_STYLE_ASSIGNMENT (( #2601 ) ) ;
#4719 = SURFACE_STYLE_FILL_AREA ( #1795 ) ;
#4720 = CYLINDRICAL_SURFACE ( 'NONE', #2572, 0.04999999999999999584 ) ;
#4721 = EDGE_CURVE ( 'NONE', #322, #1260, #1789, .T. ) ;
#4722 = SURFACE_STYLE_USAGE ( .BOTH. , #1845 ) ;
#4723 = ORIENTED_EDGE ( 'NONE', *, *, #2792, .F. ) ;
#4724 = EDGE_CURVE ( 'NONE', #1419, #4674, #558, .T. ) ;
#4725 = PRESENTATION_STYLE_ASSIGNMENT (( #1806 ) ) ;
#4726 = FILL_AREA_STYLE_COLOUR ( '', #4575 ) ;
#4727 = LINE ( 'NONE', #551, #2471 ) ;
#4728 = EDGE_LOOP ( 'NONE', ( #3660, #2903, #5205, #4564 ) ) ;
#4729 = DIRECTION ( 'NONE',  ( 0.000000000000000000, 1.000000000000000000, 0.000000000000000000 ) ) ;
#4730 = CARTESIAN_POINT ( 'NONE',  ( -0.8929413768309810706, -0.5179413768309816257, 0.1500000000000000222 ) ) ;
#4731 = EDGE_CURVE ( 'NONE', #472, #4885, #3908, .T. ) ;
#4732 = SURFACE_STYLE_FILL_AREA ( #3800 ) ;
#4733 = MECHANICAL_DESIGN_GEOMETRIC_PRESENTATION_REPRESENTATION (  '', ( #2632 ), #4482 ) ;
#4734 = DIRECTION ( 'NONE',  ( -1.000000000000000000, -0.000000000000000000, -0.000000000000000000 ) ) ;
#4735 = STYLED_ITEM ( 'NONE', ( #801 ), #5076 ) ;
#4736 = SURFACE_STYLE_USAGE ( .BOTH. , #3081 ) ;
#4737 = DIRECTION ( 'NONE',  ( -1.734723475976807341E-16, -1.000000000000000000, 6.161527909335505201E-33 ) ) ;
#4738 = ORIENTED_EDGE ( 'NONE', *, *, #3035, .F. ) ;
#4739 = FILL_AREA_STYLE ('',( #3521 ) ) ;
#4740 = VERTEX_POINT ( 'NONE', #434 ) ;
#4741 =( BOUNDED_CURVE ( )  B_SPLINE_CURVE ( 3, ( #186, #607, #4249, #2612 ),
 .UNSPECIFIED., .F., .F. ) 
 B_SPLINE_CURVE_WITH_KNOTS ( ( 4, 4 ),
 ( 5.507480984603255081, 7.058889629755915607 ),
 .UNSPECIFIED. ) 
 CURVE ( )  GEOMETRIC_REPRESENTATION_ITEM ( )  RATIONAL_B_SPLINE_CURVE ( ( 1.000000000000000000, 0.8092853540441808935, 0.8092853540441808935, 1.000000000000000000 ) ) 
 REPRESENTATION_ITEM ( '' )  );
#4742 = DIRECTION ( 'NONE',  ( -1.000000000000000000, -0.000000000000000000, -0.000000000000000000 ) ) ;
#4743 =( GEOMETRIC_REPRESENTATION_CONTEXT ( 3 ) GLOBAL_UNCERTAINTY_ASSIGNED_CONTEXT ( ( #2615 ) ) GLOBAL_UNIT_ASSIGNED_CONTEXT ( ( #4939, #4914, #825 ) ) REPRESENTATION_CONTEXT ( 'NONE', 'WORKASPACE' ) );
#4744 = CYLINDRICAL_SURFACE ( 'NONE', #2435, 0.02500000000000028241 ) ;
#4745 = EDGE_CURVE ( 'NONE', #1165, #853, #3051, .T. ) ;
#4746 = FILL_AREA_STYLE ('',( #4726 ) ) ;
#4747 = EDGE_LOOP ( 'NONE', ( #3608, #4639, #4383, #952, #2459, #1226, #829, #4094, #1908, #4633, #2721, #1535, #4982 ) ) ;
#4748 = FILL_AREA_STYLE_COLOUR ( '', #2650 ) ;
#4749 = VECTOR ( 'NONE', #669, 1000.000000000000000 ) ;
#4750 = DIRECTION ( 'NONE',  ( -0.9961946980917457672, 0.000000000000000000, -0.08715574274765498786 ) ) ;
#4751 = VERTEX_POINT ( 'NONE', #3 ) ;
#4752 = FILL_AREA_STYLE_COLOUR ( '', #5103 ) ;
#4753 = ADVANCED_FACE ( 'NONE', ( #5005 ), #4280, .T. ) ;
#4754 = ADVANCED_BREP_SHAPE_REPRESENTATION ( '零件46', ( #270, #2525 ), #2891 ) ;
#4755 = STYLED_ITEM ( 'NONE', ( #3510 ), #270 ) ;
#4756 = FACE_OUTER_BOUND ( 'NONE', #3132, .T. ) ;
#4757 =( NAMED_UNIT ( * ) SI_UNIT ( $, .STERADIAN. ) SOLID_ANGLE_UNIT ( ) );
#4758 = DIRECTION ( 'NONE',  ( -1.000000000000000000, -0.000000000000000000, -0.000000000000000000 ) ) ;
#4759 =( NAMED_UNIT ( * ) SI_UNIT ( $, .STERADIAN. ) SOLID_ANGLE_UNIT ( ) );
#4760 = ORIENTED_EDGE ( 'NONE', *, *, #3247, .T. ) ;
#4761 = PRESENTATION_LAYER_ASSIGNMENT (  '', '', ( #1720 ) ) ;
#4762 = DIRECTION ( 'NONE',  ( 1.000000000000000000, -1.734723475976807834E-16, 0.000000000000000000 ) ) ;
#4763 = STYLED_ITEM ( 'NONE', ( #3105 ), #932 ) ;
#4764 = DIRECTION ( 'NONE',  ( 0.000000000000000000, -1.000000000000000000, -1.204669080539450823E-16 ) ) ;
#4765 = AXIS2_PLACEMENT_3D ( 'NONE', #2280, #4826, #2783 ) ;
#4766 = EDGE_CURVE ( 'NONE', #4083, #2728, #172, .T. ) ;
#4767 = VECTOR ( 'NONE', #1643, 1000.000000000000000 ) ;
#4768 = ORIENTED_EDGE ( 'NONE', *, *, #1270, .F. ) ;
#4769 =( GEOMETRIC_REPRESENTATION_CONTEXT ( 3 ) GLOBAL_UNCERTAINTY_ASSIGNED_CONTEXT ( ( #3433 ) ) GLOBAL_UNIT_ASSIGNED_CONTEXT ( ( #833, #4924, #776 ) ) REPRESENTATION_CONTEXT ( 'NONE', 'WORKASPACE' ) );
#4770 = CARTESIAN_POINT ( 'NONE',  ( 0.5374999999999999778, -0.6249999999999998890, 0.7249999999999916511 ) ) ;
#4771 = UNCERTAINTY_MEASURE_WITH_UNIT (LENGTH_MEASURE( 1.000000000000000082E-05 ), #3614, 'distance_accuracy_value', 'NONE');
#4772 = AXIS2_PLACEMENT_3D ( 'NONE', #1182, #2011, #4095 ) ;
#4773 = LINE ( 'NONE', #1825, #1642 ) ;
#4774 =( LENGTH_UNIT ( ) NAMED_UNIT ( * ) SI_UNIT ( .MILLI., .METRE. ) );
#4775 = MECHANICAL_DESIGN_GEOMETRIC_PRESENTATION_REPRESENTATION (  '', ( #1651 ), #2861 ) ;
#4776 = CARTESIAN_POINT ( 'NONE',  ( -0.8929413768309814037, 0.5179413768309818478, 0.1500000000000000222 ) ) ;
#4777 = SURFACE_STYLE_USAGE ( .BOTH. , #3127 ) ;
#4778 = CIRCLE ( 'NONE', #1817, 0.02500000000000028241 ) ;
#4779 = STYLED_ITEM ( 'NONE', ( #4321 ), #1463 ) ;
#4780 = DIRECTION ( 'NONE',  ( 0.000000000000000000, -0.000000000000000000, 1.000000000000000000 ) ) ;
#4781 = CARTESIAN_POINT ( 'NONE',  ( 0.5374999999999999778, 0.8250000000000003997, 0.1750000000000001554 ) ) ;
#4782 = ORIENTED_EDGE ( 'NONE', *, *, #5058, .T. ) ;
#4783 =( NAMED_UNIT ( * ) SI_UNIT ( $, .STERADIAN. ) SOLID_ANGLE_UNIT ( ) );
#4784 = EDGE_CURVE ( 'NONE', #4471, #5274, #1056, .T. ) ;
#4785 = STYLED_ITEM ( 'NONE', ( #2379 ), #2506 ) ;
#4786 = SURFACE_STYLE_FILL_AREA ( #5239 ) ;
#4787 = COLOUR_RGB ( '',0.2235294117647058654, 0.2235294117647058654, 0.2235294117647058654 ) ;
#4788 = FILL_AREA_STYLE_COLOUR ( '', #4511 ) ;
#4789 = CARTESIAN_POINT ( 'NONE',  ( -0.1124999999999999889, -0.6184383502355526030, 0.7249999999999916511 ) ) ;
#4790 = CARTESIAN_POINT ( 'NONE',  ( 0.1125000000000000028, -0.8250000000000003997, -9.486769009248163798E-17 ) ) ;
#4791 = COLOUR_RGB ( '',0.8509803921568627194, 0.8509803921568627194, 0.8509803921568627194 ) ;
#4792 = EDGE_CURVE ( 'NONE', #1553, #1061, #4026, .T. ) ;
#4793 = MECHANICAL_DESIGN_GEOMETRIC_PRESENTATION_REPRESENTATION (  '', ( #60 ), #4541 ) ;
#4794 = UNCERTAINTY_MEASURE_WITH_UNIT (LENGTH_MEASURE( 1.000000000000000082E-05 ), #4331, 'distance_accuracy_value', 'NONE');
#4795 =( NAMED_UNIT ( * ) SI_UNIT ( $, .STERADIAN. ) SOLID_ANGLE_UNIT ( ) );
#4796 =( NAMED_UNIT ( * ) PLANE_ANGLE_UNIT ( ) SI_UNIT ( $, .RADIAN. ) );
#4797 = DIRECTION ( 'NONE',  ( 0.000000000000000000, 1.000000000000000000, 5.355436828253419639E-16 ) ) ;
#4798 = FACE_OUTER_BOUND ( 'NONE', #2010, .T. ) ;
#4799 = LINE ( 'NONE', #4850, #2665 ) ;
#4800 = ORIENTED_EDGE ( 'NONE', *, *, #1944, .T. ) ;
#4801 = PRESENTATION_LAYER_ASSIGNMENT (  '', '', ( #886 ) ) ;
#4802 = SURFACE_STYLE_USAGE ( .BOTH. , #3115 ) ;
#4803 = CARTESIAN_POINT ( 'NONE',  ( 1.000000000000000222, 0.6250000000000001110, 0.7999999999999914957 ) ) ;
#4804 = VECTOR ( 'NONE', #2514, 1000.000000000000000 ) ;
#4805 = VERTEX_POINT ( 'NONE', #2296 ) ;
#4806 = CARTESIAN_POINT ( 'NONE',  ( 0.9143734126984710553, 0.5393734126984710553, 1.050000000000000044 ) ) ;
#4807 = EDGE_CURVE ( 'NONE', #2392, #2077, #1977, .T. ) ;
#4808 = CARTESIAN_POINT ( 'NONE',  ( 0.5374999999999999778, 1.050000000000000044, 0.1499999999999998834 ) ) ;
#4809 = SURFACE_STYLE_FILL_AREA ( #3154 ) ;
#4810 = FACE_OUTER_BOUND ( 'NONE', #4747, .T. ) ;
#4811 = FACE_OUTER_BOUND ( 'NONE', #3531, .T. ) ;
#4812 = PRESENTATION_STYLE_ASSIGNMENT (( #1430 ) ) ;
#4813 = ORIENTED_EDGE ( 'NONE', *, *, #3921, .F. ) ;
#4814 = CARTESIAN_POINT ( 'NONE',  ( 0.1125000000000000028, 0.6249999999999998890, 0.7249999999999916511 ) ) ;
#4815 = LINE ( 'NONE', #5352, #4521 ) ;
#4816 = SURFACE_STYLE_USAGE ( .BOTH. , #3160 ) ;
#4817 = CARTESIAN_POINT ( 'NONE',  ( 0.5374999999999999778, 0.6500000000000001332, 0.6999999999999912959 ) ) ;
#4818 = PRESENTATION_STYLE_ASSIGNMENT (( #2646 ) ) ;
#4819 = SURFACE_STYLE_USAGE ( .BOTH. , #4444 ) ;
#4820 = FILL_AREA_STYLE ('',( #2741 ) ) ;
#4821 = EDGE_CURVE ( 'NONE', #2811, #2519, #1859, .T. ) ;
#4822 = CARTESIAN_POINT ( 'NONE',  ( -0.5374999999999999778, -0.6249999999999998890, 0.7249999999999916511 ) ) ;
#4823 = VERTEX_POINT ( 'NONE', #671 ) ;
#4824 = CARTESIAN_POINT ( 'NONE',  ( -0.9999999999999997780, 0.6184383502355528250, 0.7249999999999916511 ) ) ;
#4825 = AXIS2_PLACEMENT_3D ( 'NONE', #3397, #2094, #2979 ) ;
#4826 = DIRECTION ( 'NONE',  ( -1.000000000000000000, -0.000000000000000000, -0.000000000000000000 ) ) ;
#4827 = EDGE_LOOP ( 'NONE', ( #480, #2047, #1500, #4016 ) ) ;
#4828 = AXIS2_PLACEMENT_3D ( 'NONE', #337, #2766, #1166 ) ;
#4829 = FILL_AREA_STYLE_COLOUR ( '', #5179 ) ;
#4830 = STYLED_ITEM ( 'NONE', ( #3868 ), #4097 ) ;
#4831 = DIRECTION ( 'NONE',  ( 0.000000000000000000, 0.1391731009600618851, -0.9902680687415708061 ) ) ;
#4832 = EDGE_CURVE ( 'NONE', #486, #184, #1087, .T. ) ;
#4833 = ORIENTED_EDGE ( 'NONE', *, *, #2748, .T. ) ;
#4834 = LINE ( 'NONE', #272, #839 ) ;
#4835 = VERTEX_POINT ( 'NONE', #3216 ) ;
#4836 = CARTESIAN_POINT ( 'NONE',  ( 0.7624999999999999556, -0.6249999999999998890, 0.7249999999999916511 ) ) ;
#4837 = ADVANCED_FACE ( 'NONE', ( #3662 ), #3539, .T. ) ;
#4838 = AXIS2_PLACEMENT_3D ( 'NONE', #4311, #5269, #4374 ) ;
#4839 = CARTESIAN_POINT ( 'NONE',  ( 0.1125000000000000028, -0.6144594373973207846, 0.8749999999999914513 ) ) ;
#4840 = VECTOR ( 'NONE', #3444, 1000.000000000000000 ) ;
#4841 = AXIS2_PLACEMENT_3D ( 'NONE', #2148, #975, #870 ) ;
#4842 = VERTEX_POINT ( 'NONE', #1574 ) ;
#4843 = DIRECTION ( 'NONE',  ( 0.000000000000000000, 0.000000000000000000, -1.000000000000000000 ) ) ;
#4844 =( NAMED_UNIT ( * ) PLANE_ANGLE_UNIT ( ) SI_UNIT ( $, .RADIAN. ) );
#4845 = PLANE ( 'NONE',  #1889 ) ;
#4846 =( GEOMETRIC_REPRESENTATION_CONTEXT ( 3 ) GLOBAL_UNCERTAINTY_ASSIGNED_CONTEXT ( ( #2149 ) ) GLOBAL_UNIT_ASSIGNED_CONTEXT ( ( #4314, #4446, #4757 ) ) REPRESENTATION_CONTEXT ( 'NONE', 'WORKASPACE' ) );
#4847 = FILL_AREA_STYLE ('',( #2651 ) ) ;
#4848 = AXIS2_PLACEMENT_3D ( 'NONE', #5094, #5122, #3777 ) ;
#4849 = FILL_AREA_STYLE_COLOUR ( '', #1690 ) ;
#4850 = CARTESIAN_POINT ( 'NONE',  ( 1.000000000000000222, 0.6250000000000001110, 0.7999999999999914957 ) ) ;
#4851 = SURFACE_SIDE_STYLE ('',( #4034 ) ) ;
#4852 = CARTESIAN_POINT ( 'NONE',  ( -0.7624999999999999556, -0.8250000000000003997, 0.1499999999999999112 ) ) ;
#4853 = VERTEX_POINT ( 'NONE', #3250 ) ;
#4854 = DIRECTION ( 'NONE',  ( -0.08682659386424436410, 0.08682659386424433634, 0.9924325091389677445 ) ) ;
#4855 = EDGE_CURVE ( 'NONE', #4133, #2183, #3916, .T. ) ;
#4856 =( NAMED_UNIT ( * ) PLANE_ANGLE_UNIT ( ) SI_UNIT ( $, .RADIAN. ) );
#4857 = ORIENTED_EDGE ( 'NONE', *, *, #1672, .T. ) ;
#4858 = VECTOR ( 'NONE', #2299, 999.9999999999998863 ) ;
#4859 = FACE_OUTER_BOUND ( 'NONE', #1968, .T. ) ;
#4860 =( LENGTH_UNIT ( ) NAMED_UNIT ( * ) SI_UNIT ( .MILLI., .METRE. ) );
#4861 =( GEOMETRIC_REPRESENTATION_CONTEXT ( 3 ) GLOBAL_UNCERTAINTY_ASSIGNED_CONTEXT ( ( #1199 ) ) GLOBAL_UNIT_ASSIGNED_CONTEXT ( ( #1520, #3581, #1468 ) ) REPRESENTATION_CONTEXT ( 'NONE', 'WORKASPACE' ) );
#4862 = COLOUR_RGB ( '',0.2235294117647058654, 0.2235294117647058654, 0.2235294117647058654 ) ;
#4863 = AXIS2_PLACEMENT_3D ( 'NONE', #3194, #4854, #2361 ) ;
#4864 = FILL_AREA_STYLE ('',( #3648 ) ) ;
#4865 = MECHANICAL_DESIGN_GEOMETRIC_PRESENTATION_REPRESENTATION (  '', ( #2500 ), #593 ) ;
#4866 =( NAMED_UNIT ( * ) SI_UNIT ( $, .STERADIAN. ) SOLID_ANGLE_UNIT ( ) );
#4867 = ORIENTED_EDGE ( 'NONE', *, *, #3822, .F. ) ;
#4868 = DIRECTION ( 'NONE',  ( -1.000000000000000000, -0.000000000000000000, -0.000000000000000000 ) ) ;
#4869 = EDGE_CURVE ( 'NONE', #732, #5274, #4913, .T. ) ;
#4870 = ORIENTED_EDGE ( 'NONE', *, *, #3171, .F. ) ;
#4871 = PLANE ( 'NONE',  #549 ) ;
#4872 = PRESENTATION_LAYER_ASSIGNMENT (  '', '', ( #2150 ) ) ;
#4873 = CARTESIAN_POINT ( 'NONE',  ( 0.1125000000000000028, 0.8250000000000003997, 0.1499999999999999112 ) ) ;
#4874 = SURFACE_STYLE_FILL_AREA ( #3159 ) ;
#4875 =( NAMED_UNIT ( * ) SI_UNIT ( $, .STERADIAN. ) SOLID_ANGLE_UNIT ( ) );
#4876 = EDGE_CURVE ( 'NONE', #1482, #2177, #4373, .T. ) ;
#4877 = SURFACE_STYLE_USAGE ( .BOTH. , #3137 ) ;
#4878 =( GEOMETRIC_REPRESENTATION_CONTEXT ( 3 ) GLOBAL_UNCERTAINTY_ASSIGNED_CONTEXT ( ( #4028 ) ) GLOBAL_UNIT_ASSIGNED_CONTEXT ( ( #165, #1357, #3046 ) ) REPRESENTATION_CONTEXT ( 'NONE', 'WORKASPACE' ) );
#4879 = EDGE_LOOP ( 'NONE', ( #3199, #230, #287 ) ) ;
#4880 = DIRECTION ( 'NONE',  ( 0.000000000000000000, 0.000000000000000000, 1.000000000000000000 ) ) ;
#4881 = CIRCLE ( 'NONE', #955, 0.02500000000000028241 ) ;
#4882 = DIRECTION ( 'NONE',  ( -1.000000000000000000, 0.000000000000000000, 0.000000000000000000 ) ) ;
#4883 = CARTESIAN_POINT ( 'NONE',  ( 0.9477039915470757414, 0.5231905881099970790, 1.172105435147488439 ) ) ;
#4884 = PLANE ( 'NONE',  #1447 ) ;
#4885 = VERTEX_POINT ( 'NONE', #2773 ) ;
#4886 =( NAMED_UNIT ( * ) PLANE_ANGLE_UNIT ( ) SI_UNIT ( $, .RADIAN. ) );
#4887 = FILL_AREA_STYLE_COLOUR ( '', #2840 ) ;
#4888 = EDGE_LOOP ( 'NONE', ( #3741, #2760, #796, #1072 ) ) ;
#4889 = STYLED_ITEM ( 'NONE', ( #1284 ), #2566 ) ;
#4890 =( LENGTH_UNIT ( ) NAMED_UNIT ( * ) SI_UNIT ( .MILLI., .METRE. ) );
#4891 = VECTOR ( 'NONE', #814, 1000.000000000000000 ) ;
#4892 = ORIENTED_EDGE ( 'NONE', *, *, #3024, .T. ) ;
#4893 = DIRECTION ( 'NONE',  ( 1.000000000000000000, 0.000000000000000000, 0.000000000000000000 ) ) ;
#4894 = EDGE_CURVE ( 'NONE', #2190, #1910, #2828, .T. ) ;
#4895 = AXIS2_PLACEMENT_3D ( 'NONE', #2719, #1864, #1472 ) ;
#4896 = DIRECTION ( 'NONE',  ( -1.000000000000000000, 0.000000000000000000, -0.000000000000000000 ) ) ;
#4897 = CIRCLE ( 'NONE', #4262, 0.1750000000000002387 ) ;
#4898 = CARTESIAN_POINT ( 'NONE',  ( 0.7624999999999999556, -1.050000000000000044, 0.1499999999999998834 ) ) ;
#4899 = LINE ( 'NONE', #2817, #3148 ) ;
#4900 =( NAMED_UNIT ( * ) SI_UNIT ( $, .STERADIAN. ) SOLID_ANGLE_UNIT ( ) );
#4901 = ADVANCED_FACE ( 'NONE', ( #220 ), #5243, .F. ) ;
#4902 =( LENGTH_UNIT ( ) NAMED_UNIT ( * ) SI_UNIT ( .MILLI., .METRE. ) );
#4903 = ORIENTED_EDGE ( 'NONE', *, *, #1571, .T. ) ;
#4904 = FILL_AREA_STYLE_COLOUR ( '', #4290 ) ;
#4905 = ORIENTED_EDGE ( 'NONE', *, *, #497, .T. ) ;
#4906 =( NAMED_UNIT ( * ) PLANE_ANGLE_UNIT ( ) SI_UNIT ( $, .RADIAN. ) );
#4907 = DIRECTION ( 'NONE',  ( 0.000000000000000000, 0.000000000000000000, -1.000000000000000000 ) ) ;
#4908 = CARTESIAN_POINT ( 'NONE',  ( -0.7624999999999999556, -0.8000000000000001554, 0.6999999999999912959 ) ) ;
#4909 = SURFACE_STYLE_FILL_AREA ( #5264 ) ;
#4910 = CARTESIAN_POINT ( 'NONE',  ( -0.9143734126984708332, 0.5888868161355496067, 1.056958655048003237 ) ) ;
#4911 = VERTEX_POINT ( 'NONE', #2337 ) ;
#4912 = ORIENTED_EDGE ( 'NONE', *, *, #667, .T. ) ;
#4913 = LINE ( 'NONE', #4790, #4632 ) ;
#4914 =( NAMED_UNIT ( * ) PLANE_ANGLE_UNIT ( ) SI_UNIT ( $, .RADIAN. ) );
#4915 = EDGE_CURVE ( 'NONE', #1557, #4471, #750, .T. ) ;
#4916 = SURFACE_SIDE_STYLE ('',( #3691 ) ) ;
#4917 = LINE ( 'NONE', #2463, #3740 ) ;
#4918 = EDGE_LOOP ( 'NONE', ( #1581, #4867, #2826, #789 ) ) ;
#4919 = SURFACE_STYLE_FILL_AREA ( #804 ) ;
#4920 = ORIENTED_EDGE ( 'NONE', *, *, #38, .F. ) ;
#4921 = CARTESIAN_POINT ( 'NONE',  ( -0.9387579355318523833, -0.5179413768309816257, 0.1000000000000000056 ) ) ;
#4922 = PRESENTATION_STYLE_ASSIGNMENT (( #808 ) ) ;
#4923 = ORIENTED_EDGE ( 'NONE', *, *, #3419, .T. ) ;
#4924 =( NAMED_UNIT ( * ) PLANE_ANGLE_UNIT ( ) SI_UNIT ( $, .RADIAN. ) );
#4925 = CARTESIAN_POINT ( 'NONE',  ( 0.7624999999999999556, -1.050000000000000044, -1.219727444046192488E-16 ) ) ;
#4926 = CYLINDRICAL_SURFACE ( 'NONE', #2131, 0.1750000000000002109 ) ;
#4927 =( NAMED_UNIT ( * ) SI_UNIT ( $, .STERADIAN. ) SOLID_ANGLE_UNIT ( ) );
#4928 = PRESENTATION_LAYER_ASSIGNMENT (  '', '', ( #4381 ) ) ;
#4929 = ORIENTED_EDGE ( 'NONE', *, *, #4668, .F. ) ;
#4930 =( LENGTH_UNIT ( ) NAMED_UNIT ( * ) SI_UNIT ( .MILLI., .METRE. ) );
#4931 = EDGE_LOOP ( 'NONE', ( #3613, #5363, #89, #4111 ) ) ;
#4932 =( LENGTH_UNIT ( ) NAMED_UNIT ( * ) SI_UNIT ( .MILLI., .METRE. ) );
#4933 = PRESENTATION_LAYER_ASSIGNMENT (  '', '', ( #1857 ) ) ;
#4934 = EDGE_CURVE ( 'NONE', #184, #1443, #4358, .T. ) ;
#4935 = PLANE ( 'NONE',  #1898 ) ;
#4936 = SURFACE_STYLE_USAGE ( .BOTH. , #2800 ) ;
#4937 =( NAMED_UNIT ( * ) SI_UNIT ( $, .STERADIAN. ) SOLID_ANGLE_UNIT ( ) );
#4938 = ORIENTED_EDGE ( 'NONE', *, *, #518, .F. ) ;
#4939 =( LENGTH_UNIT ( ) NAMED_UNIT ( * ) SI_UNIT ( .MILLI., .METRE. ) );
#4940 = COLOUR_RGB ( '',0.8509803921568627194, 0.8509803921568627194, 0.8509803921568627194 ) ;
#4941 = CARTESIAN_POINT ( 'NONE',  ( -0.8910651694163916892, 0.5655785728534706847, 1.222805423579277351 ) ) ;
#4942 = FILL_AREA_STYLE_COLOUR ( '', #1375 ) ;
#4943 = VECTOR ( 'NONE', #2969, 1000.000000000000000 ) ;
#4944 =( NAMED_UNIT ( * ) SI_UNIT ( $, .STERADIAN. ) SOLID_ANGLE_UNIT ( ) );
#4945 = SURFACE_SIDE_STYLE ('',( #4978 ) ) ;
#4946 = ORIENTED_EDGE ( 'NONE', *, *, #1024, .T. ) ;
#4947 = CARTESIAN_POINT ( 'NONE',  ( -0.5374999999999999778, -0.8250000000000003997, -9.486769009248163798E-17 ) ) ;
#4948 = SURFACE_SIDE_STYLE ('',( #4919 ) ) ;
#4949 = ORIENTED_EDGE ( 'NONE', *, *, #3707, .T. ) ;
#4950 = VECTOR ( 'NONE', #3890, 1000.000000000000000 ) ;
#4951 = VERTEX_POINT ( 'NONE', #1159 ) ;
#4952 = FILL_AREA_STYLE_COLOUR ( '', #4323 ) ;
#4953 = COLOUR_RGB ( '',0.8509803921568627194, 0.8509803921568627194, 0.8509803921568627194 ) ;
#4954 = STYLED_ITEM ( 'NONE', ( #5194 ), #595 ) ;
#4955 = UNCERTAINTY_MEASURE_WITH_UNIT (LENGTH_MEASURE( 1.000000000000000082E-05 ), #1454, 'distance_accuracy_value', 'NONE');
#4956 = PRESENTATION_STYLE_ASSIGNMENT (( #2450 ) ) ;
#4957 = AXIS2_PLACEMENT_3D ( 'NONE', #2319, #1511, #279 ) ;
#4958 = CARTESIAN_POINT ( 'NONE',  ( -0.7895958345333496942, -0.8147491644423104917, 1.100000000000000089 ) ) ;
#4959 =( GEOMETRIC_REPRESENTATION_CONTEXT ( 3 ) GLOBAL_UNCERTAINTY_ASSIGNED_CONTEXT ( ( #2535 ) ) GLOBAL_UNIT_ASSIGNED_CONTEXT ( ( #1813, #3852, #107 ) ) REPRESENTATION_CONTEXT ( 'NONE', 'WORKASPACE' ) );
#4960 = ORIENTED_EDGE ( 'NONE', *, *, #3088, .T. ) ;
#4961 = DIRECTION ( 'NONE',  ( 0.000000000000000000, 0.000000000000000000, -1.000000000000000000 ) ) ;
#4962 = ORIENTED_EDGE ( 'NONE', *, *, #137, .T. ) ;
#4963 = AXIS2_PLACEMENT_3D ( 'NONE', #1598, #761, #3273 ) ;
#4964 = VECTOR ( 'NONE', #5296, 1000.000000000000000 ) ;
#4965 = CARTESIAN_POINT ( 'NONE',  ( -0.7624999999999999556, 0.6249999999999998890, 0.8749999999999915623 ) ) ;
#4966 = CARTESIAN_POINT ( 'NONE',  ( -0.5374999999999999778, 0.6500000000000001332, 0.1750000000000001554 ) ) ;
#4967 = VECTOR ( 'NONE', #1246, 1000.000000000000000 ) ;
#4968 = COLOUR_RGB ( '',0.8509803921568627194, 0.8509803921568627194, 0.8509803921568627194 ) ;
#4969 = VERTEX_POINT ( 'NONE', #2308 ) ;
#4970 = EDGE_CURVE ( 'NONE', #1364, #4627, #5012, .T. ) ;
#4971 = AXIS2_PLACEMENT_3D ( 'NONE', #5359, #4116, #3667 ) ;
#4972 = CARTESIAN_POINT ( 'NONE',  ( 0.7624999999999999556, 0.6500000000000001332, 0.1750000000000001554 ) ) ;
#4973 = UNCERTAINTY_MEASURE_WITH_UNIT (LENGTH_MEASURE( 1.000000000000000082E-05 ), #4499, 'distance_accuracy_value', 'NONE');
#4974 = STYLED_ITEM ( 'NONE', ( #395 ), #1984 ) ;
#4975 = COLOUR_RGB ( '',0.8509803921568627194, 0.8509803921568627194, 0.8509803921568627194 ) ;
#4976 = SURFACE_STYLE_USAGE ( .BOTH. , #2905 ) ;
#4977 =( NAMED_UNIT ( * ) SI_UNIT ( $, .STERADIAN. ) SOLID_ANGLE_UNIT ( ) );
#4978 = SURFACE_STYLE_FILL_AREA ( #3692 ) ;
#4979 = MECHANICAL_DESIGN_GEOMETRIC_PRESENTATION_REPRESENTATION (  '', ( #4528 ), #4445 ) ;
#4980 = VERTEX_POINT ( 'NONE', #3173 ) ;
#4981 = DIRECTION ( 'NONE',  ( -1.000000000000000000, -0.000000000000000000, -0.000000000000000000 ) ) ;
#4982 = ORIENTED_EDGE ( 'NONE', *, *, #4283, .F. ) ;
#4983 = STYLED_ITEM ( 'NONE', ( #2756 ), #2357 ) ;
#4984 = ORIENTED_EDGE ( 'NONE', *, *, #3978, .T. ) ;
#4985 = EDGE_CURVE ( 'NONE', #1269, #3683, #4458, .T. ) ;
#4986 = VECTOR ( 'NONE', #2257, 1000.000000000000000 ) ;
#4987 = CARTESIAN_POINT ( 'NONE',  ( -0.5374999999999999778, -0.6500000000000001332, 0.1750000000000001554 ) ) ;
#4988 = EDGE_CURVE ( 'NONE', #2190, #3497, #627, .T. ) ;
#4989 = VERTEX_POINT ( 'NONE', #2813 ) ;
#4990 = DIRECTION ( 'NONE',  ( 1.000000000000000000, 0.000000000000000000, 0.000000000000000000 ) ) ;
#4991 = STYLED_ITEM ( 'NONE', ( #3882 ), #4753 ) ;
#4992 = SURFACE_STYLE_USAGE ( .BOTH. , #914 ) ;
#4993 = PLANE ( 'NONE',  #4004 ) ;
#4994 = EDGE_LOOP ( 'NONE', ( #1769, #2438, #4393, #2889 ) ) ;
#4995 =( NAMED_UNIT ( * ) PLANE_ANGLE_UNIT ( ) SI_UNIT ( $, .RADIAN. ) );
#4996 = SURFACE_STYLE_FILL_AREA ( #3403 ) ;
#4997 = FACE_OUTER_BOUND ( 'NONE', #4918, .T. ) ;
#4998 = CARTESIAN_POINT ( 'NONE',  ( -0.8929413768309814037, 0.5637579355318531604, 0.1000000000000000056 ) ) ;
#4999 = ORIENTED_EDGE ( 'NONE', *, *, #4721, .T. ) ;
#5000 = SURFACE_SIDE_STYLE ('',( #1552 ) ) ;
#5001 = VERTEX_POINT ( 'NONE', #2691 ) ;
#5002 = DIRECTION ( 'NONE',  ( 0.000000000000000000, -1.000000000000000000, 1.204669080539450576E-16 ) ) ;
#5003 = EDGE_CURVE ( 'NONE', #4751, #704, #3150, .T. ) ;
#5004 = EDGE_LOOP ( 'NONE', ( #3396, #2037, #444, #1545 ) ) ;
#5005 = FACE_OUTER_BOUND ( 'NONE', #718, .T. ) ;
#5006 = PRESENTATION_STYLE_ASSIGNMENT (( #4151 ) ) ;
#5007 = LINE ( 'NONE', #2921, #5305 ) ;
#5008 = ORIENTED_EDGE ( 'NONE', *, *, #1783, .T. ) ;
#5009 = SURFACE_SIDE_STYLE ('',( #4488 ) ) ;
#5010 = EDGE_CURVE ( 'NONE', #4969, #2557, #3945, .T. ) ;
#5011 = SURFACE_STYLE_FILL_AREA ( #1696 ) ;
#5012 = CIRCLE ( 'NONE', #3359, 0.1750000000000002387 ) ;
#5013 = CARTESIAN_POINT ( 'NONE',  ( 0.1125000000000000028, 0.8250000000000003997, -9.486769009248163798E-17 ) ) ;
#5014 = ORIENTED_EDGE ( 'NONE', *, *, #3689, .T. ) ;
#5015 = ORIENTED_EDGE ( 'NONE', *, *, #940, .F. ) ;
#5016 = VECTOR ( 'NONE', #3526, 1000.000000000000000 ) ;
#5017 = EDGE_CURVE ( 'NONE', #1260, #3938, #746, .T. ) ;
#5018 =( NAMED_UNIT ( * ) PLANE_ANGLE_UNIT ( ) SI_UNIT ( $, .RADIAN. ) );
#5019 = SURFACE_STYLE_USAGE ( .BOTH. , #3427 ) ;
#5020 =( LENGTH_UNIT ( ) NAMED_UNIT ( * ) SI_UNIT ( .MILLI., .METRE. ) );
#5021 = EDGE_LOOP ( 'NONE', ( #2591, #4813, #2483, #3462 ) ) ;
#5022 = CARTESIAN_POINT ( 'NONE',  ( 0.7624999999999999556, -0.4225511228578717748, 0.8749999999999914513 ) ) ;
#5023 = CARTESIAN_POINT ( 'NONE',  ( 1.000000000000000222, 0.5754865965629217817, 0.7999999999999914957 ) ) ;
#5024 = ORIENTED_EDGE ( 'NONE', *, *, #1362, .T. ) ;
#5025 = LINE ( 'NONE', #1790, #1963 ) ;
#5026 = DIRECTION ( 'NONE',  ( 0.000000000000000000, 0.000000000000000000, -1.000000000000000000 ) ) ;
#5027 = VECTOR ( 'NONE', #2461, 999.9999999999998863 ) ;
#5028 = ORIENTED_EDGE ( 'NONE', *, *, #4855, .F. ) ;
#5029 = SURFACE_STYLE_USAGE ( .BOTH. , #3367 ) ;
#5030 = STYLED_ITEM ( 'NONE', ( #1332 ), #4495 ) ;
#5031 = DIRECTION ( 'NONE',  ( -1.000000000000000000, -0.000000000000000000, -0.000000000000000000 ) ) ;
#5032 = MECHANICAL_DESIGN_GEOMETRIC_PRESENTATION_REPRESENTATION (  '', ( #3195 ), #1289 ) ;
#5033 = SURFACE_SIDE_STYLE ('',( #2839 ) ) ;
#5034 = EDGE_CURVE ( 'NONE', #3683, #212, #2187, .T. ) ;
#5035 = DIRECTION ( 'NONE',  ( 0.000000000000000000, 0.000000000000000000, 1.000000000000000000 ) ) ;
#5036 = AXIS2_PLACEMENT_3D ( 'NONE', #2528, #32, #1751 ) ;
#5037 = FACE_OUTER_BOUND ( 'NONE', #240, .T. ) ;
#5038 = VERTEX_POINT ( 'NONE', #1589 ) ;
#5039 = CARTESIAN_POINT ( 'NONE',  ( -0.5374999999999999778, 1.050000000000000044, -1.219727444046192488E-16 ) ) ;
#5040 = MECHANICAL_DESIGN_GEOMETRIC_PRESENTATION_REPRESENTATION (  '', ( #4312 ), #1208 ) ;
#5041 = CARTESIAN_POINT ( 'NONE',  ( -0.5796202109455335094, -0.5425341088243288423, 1.099900000000000100 ) ) ;
#5042 =( NAMED_UNIT ( * ) PLANE_ANGLE_UNIT ( ) SI_UNIT ( $, .RADIAN. ) );
#5043 = ORIENTED_EDGE ( 'NONE', *, *, #1783, .F. ) ;
#5044 = CARTESIAN_POINT ( 'NONE',  ( -0.5374999999999999778, 1.050000000000000044, -1.219727444046192488E-16 ) ) ;
#5045 = VECTOR ( 'NONE', #3391, 1000.000000000000000 ) ;
#5046 = CARTESIAN_POINT ( 'NONE',  ( 0.1124999999999999889, 0.6184383502355528250, 0.7249999999999916511 ) ) ;
#5047 = EDGE_CURVE ( 'NONE', #3982, #1269, #265, .T. ) ;
#5048 = ORIENTED_EDGE ( 'NONE', *, *, #2286, .F. ) ;
#5049 = STYLED_ITEM ( 'NONE', ( #2798 ), #2113 ) ;
#5050 = DIRECTION ( 'NONE',  ( -0.1378445374916252297, 0.1378445374916251742, -0.9808148484639901410 ) ) ;
#5051 = EDGE_LOOP ( 'NONE', ( #5166, #3970, #2977, #1981 ) ) ;
#5052 = CARTESIAN_POINT ( 'NONE',  ( 0.5374999999999999778, -0.8250000000000003997, 0.1499999999999999112 ) ) ;
#5053 =( GEOMETRIC_REPRESENTATION_CONTEXT ( 3 ) GLOBAL_UNCERTAINTY_ASSIGNED_CONTEXT ( ( #1034 ) ) GLOBAL_UNIT_ASSIGNED_CONTEXT ( ( #573, #3475, #3420 ) ) REPRESENTATION_CONTEXT ( 'NONE', 'WORKASPACE' ) );
#5054 = ORIENTED_EDGE ( 'NONE', *, *, #2189, .T. ) ;
#5055 =( NAMED_UNIT ( * ) PLANE_ANGLE_UNIT ( ) SI_UNIT ( $, .RADIAN. ) );
#5056 = PRESENTATION_STYLE_ASSIGNMENT (( #2107 ) ) ;
#5057 = PRESENTATION_LAYER_ASSIGNMENT (  '', '', ( #874 ) ) ;
#5058 = EDGE_CURVE ( 'NONE', #1928, #424, #1275, .T. ) ;
#5059 = ORIENTED_EDGE ( 'NONE', *, *, #1281, .F. ) ;
#5060 = FILL_AREA_STYLE ('',( #2978 ) ) ;
#5061 = FACE_OUTER_BOUND ( 'NONE', #889, .T. ) ;
#5062 = AXIS2_PLACEMENT_3D ( 'NONE', #4102, #3700, #3325 ) ;
#5063 = DIRECTION ( 'NONE',  ( 1.000000000000000000, 0.000000000000000000, -0.000000000000000000 ) ) ;
#5064 = ADVANCED_FACE ( 'NONE', ( #324 ), #1129, .F. ) ;
#5065 = STYLED_ITEM ( 'NONE', ( #4324 ), #4901 ) ;
#5066 = CARTESIAN_POINT ( 'NONE',  ( 0.7624999999999999556, -1.050000000000000044, -1.219727444046192488E-16 ) ) ;
#5067 = MECHANICAL_DESIGN_GEOMETRIC_PRESENTATION_REPRESENTATION (  '', ( #616 ), #888 ) ;
#5068 = CARTESIAN_POINT ( 'NONE',  ( -0.1125000000000000028, 1.050000000000000044, 0.1499999999999998834 ) ) ;
#5069 = UNCERTAINTY_MEASURE_WITH_UNIT (LENGTH_MEASURE( 1.000000000000000082E-05 ), #1345, 'distance_accuracy_value', 'NONE');
#5070 =( NAMED_UNIT ( * ) SI_UNIT ( $, .STERADIAN. ) SOLID_ANGLE_UNIT ( ) );
#5071 =( NAMED_UNIT ( * ) PLANE_ANGLE_UNIT ( ) SI_UNIT ( $, .RADIAN. ) );
#5072 = ORIENTED_EDGE ( 'NONE', *, *, #2893, .F. ) ;
#5073 = CARTESIAN_POINT ( 'NONE',  ( 0.7624999999999999556, 0.8000000000000001554, 0.6999999999999912959 ) ) ;
#5074 = VERTEX_POINT ( 'NONE', #5212 ) ;
#5075 = SURFACE_SIDE_STYLE ('',( #3410 ) ) ;
#5076 = ADVANCED_FACE ( 'NONE', ( #4798 ), #5273, .T. ) ;
#5077 = EDGE_LOOP ( 'NONE', ( #1700, #4537, #2372, #5024, #1423, #3063, #1506, #112, #4717, #2206, #4195, #4367, #1853 ) ) ;
#5078 = LINE ( 'NONE', #931, #1652 ) ;
#5079 = LINE ( 'NONE', #57, #1978 ) ;
#5080 = SURFACE_STYLE_FILL_AREA ( #2194 ) ;
#5081 = EDGE_CURVE ( 'NONE', #2098, #1471, #4917, .T. ) ;
#5082 = CARTESIAN_POINT ( 'NONE',  ( -0.9143734126984706112, -3.172370049634133220E-16, 1.050000000000000044 ) ) ;
#5083 = EDGE_LOOP ( 'NONE', ( #741, #1425, #1667, #4655 ) ) ;
#5084 = PRESENTATION_STYLE_ASSIGNMENT (( #2556 ) ) ;
#5085 = DIRECTION ( 'NONE',  ( 0.000000000000000000, 0.1391731009600618851, -0.9902680687415708061 ) ) ;
#5086 = ORIENTED_EDGE ( 'NONE', *, *, #1338, .F. ) ;
#5087 = UNCERTAINTY_MEASURE_WITH_UNIT (LENGTH_MEASURE( 1.000000000000000082E-05 ), #138, 'distance_accuracy_value', 'NONE');
#5088 =( NAMED_UNIT ( * ) PLANE_ANGLE_UNIT ( ) SI_UNIT ( $, .RADIAN. ) );
#5089 = EDGE_CURVE ( 'NONE', #4805, #1098, #5132, .T. ) ;
#5090 =( LENGTH_UNIT ( ) NAMED_UNIT ( * ) SI_UNIT ( .MILLI., .METRE. ) );
#5091 = CARTESIAN_POINT ( 'NONE',  ( 0.5374999999999999778, 0.8250000000000003997, 0.1750000000000001554 ) ) ;
#5092 = ORIENTED_EDGE ( 'NONE', *, *, #1737, .F. ) ;
#5093 = FACE_OUTER_BOUND ( 'NONE', #3671, .T. ) ;
#5094 = CARTESIAN_POINT ( 'NONE',  ( 0.8929413768309816257, -0.5179413768309816257, 0.1500000000000000222 ) ) ;
#5095 = ORIENTED_EDGE ( 'NONE', *, *, #711, .T. ) ;
#5096 = DIRECTION ( 'NONE',  ( -1.000000000000000000, -0.000000000000000000, -0.000000000000000000 ) ) ;
#5097 = VECTOR ( 'NONE', #3131, 1000.000000000000000 ) ;
#5098 = CARTESIAN_POINT ( 'NONE',  ( 0.1125000000000000028, 0.8000000000000001554, 0.6999999999999912959 ) ) ;
#5099 = ORIENTED_EDGE ( 'NONE', *, *, #4731, .F. ) ;
#5100 = CARTESIAN_POINT ( 'NONE',  ( 0.7624999999999999556, 1.050000000000000044, 0.1499999999999998834 ) ) ;
#5101 =( NAMED_UNIT ( * ) PLANE_ANGLE_UNIT ( ) SI_UNIT ( $, .RADIAN. ) );
#5102 = EDGE_CURVE ( 'NONE', #2312, #1623, #1606, .T. ) ;
#5103 = COLOUR_RGB ( '',0.8509803921568627194, 0.8509803921568627194, 0.8509803921568627194 ) ;
#5104 = AXIS2_PLACEMENT_3D ( 'NONE', #1847, #1479, #1426 ) ;
#5105 = UNCERTAINTY_MEASURE_WITH_UNIT (LENGTH_MEASURE( 1.000000000000000082E-05 ), #4345, 'distance_accuracy_value', 'NONE');
#5106 = ADVANCED_FACE ( 'NONE', ( #5407 ), #3337, .T. ) ;
#5107 = FILL_AREA_STYLE ('',( #569 ) ) ;
#5108 = ORIENTED_EDGE ( 'NONE', *, *, #2099, .T. ) ;
#5109 = CARTESIAN_POINT ( 'NONE',  ( 0.1125000000000000028, 1.050000000000000044, 0.1499999999999998834 ) ) ;
#5110 = CARTESIAN_POINT ( 'NONE',  ( 0.5374999999999999778, 0.6144594373973210066, 0.8749999999999914513 ) ) ;
#5111 = LINE ( 'NONE', #5144, #702 ) ;
#5112 = VERTEX_POINT ( 'NONE', #848 ) ;
#5113 = EDGE_LOOP ( 'NONE', ( #2332, #377, #3429, #4768 ) ) ;
#5114 = MECHANICAL_DESIGN_GEOMETRIC_PRESENTATION_REPRESENTATION (  '', ( #2051 ), #855 ) ;
#5115 = SURFACE_STYLE_FILL_AREA ( #2119 ) ;
#5116 = UNCERTAINTY_MEASURE_WITH_UNIT (LENGTH_MEASURE( 1.000000000000000082E-05 ), #471, 'distance_accuracy_value', 'NONE');
#5117 = AXIS2_PLACEMENT_3D ( 'NONE', #217, #4398, #4302 ) ;
#5118 = PRESENTATION_STYLE_ASSIGNMENT (( #2537 ) ) ;
#5119 = STYLED_ITEM ( 'NONE', ( #3259 ), #820 ) ;
#5120 = PRESENTATION_STYLE_ASSIGNMENT (( #531 ) ) ;
#5121 = EDGE_CURVE ( 'NONE', #2887, #4231, #2487, .T. ) ;
#5122 = DIRECTION ( 'NONE',  ( 0.000000000000000000, -1.000000000000000000, 0.000000000000000000 ) ) ;
#5123 = ORIENTED_EDGE ( 'NONE', *, *, #3795, .F. ) ;
#5124 = CARTESIAN_POINT ( 'NONE',  ( 0.000000000000000000, 0.5888868161355496067, 1.056958655048003237 ) ) ;
#5125 = FACE_OUTER_BOUND ( 'NONE', #3224, .T. ) ;
#5126 = MECHANICAL_DESIGN_GEOMETRIC_PRESENTATION_REPRESENTATION (  '', ( #3026 ), #1811 ) ;
#5127 = COLOUR_RGB ( '',0.2235294117647058654, 0.2235294117647058654, 0.2235294117647058654 ) ;
#5128 = DIRECTION ( 'NONE',  ( 0.000000000000000000, 0.000000000000000000, -1.000000000000000000 ) ) ;
#5129 = EDGE_CURVE ( 'NONE', #696, #2653, #4062, .T. ) ;
#5130 = DIRECTION ( 'NONE',  ( 0.000000000000000000, 0.000000000000000000, -1.000000000000000000 ) ) ;
#5131 =( NAMED_UNIT ( * ) SI_UNIT ( $, .STERADIAN. ) SOLID_ANGLE_UNIT ( ) );
#5132 = CIRCLE ( 'NONE', #4971, 0.1750000000000002387 ) ;
#5133 = COLOUR_RGB ( '',0.8509803921568627194, 0.8509803921568627194, 0.8509803921568627194 ) ;
#5134 = CARTESIAN_POINT ( 'NONE',  ( -0.1125000000000000028, 0.6144594373973210066, 0.8749999999999914513 ) ) ;
#5135 = VECTOR ( 'NONE', #591, 1000.000000000000000 ) ;
#5136 = DIRECTION ( 'NONE',  ( -0.1378445374916251187, 0.1378445374916251465, 0.9808148484639900300 ) ) ;
#5137 = PRESENTATION_LAYER_ASSIGNMENT (  '', '', ( #3574 ) ) ;
#5138 = CIRCLE ( 'NONE', #236, 0.02500000000000025466 ) ;
#5139 = VERTEX_POINT ( 'NONE', #1176 ) ;
#5140 = SURFACE_SIDE_STYLE ('',( #205 ) ) ;
#5141 = ADVANCED_FACE ( 'NONE', ( #1738 ), #3772, .T. ) ;
#5142 = STYLED_ITEM ( 'NONE', ( #4462 ), #2321 ) ;
#5143 =( LENGTH_UNIT ( ) NAMED_UNIT ( * ) SI_UNIT ( .MILLI., .METRE. ) );
#5144 = CARTESIAN_POINT ( 'NONE',  ( -0.9505657735840928879, 0.6253755084886806204, 0.8042920816657764815 ) ) ;
#5145 = ORIENTED_EDGE ( 'NONE', *, *, #2929, .F. ) ;
#5146 = PRESENTATION_LAYER_ASSIGNMENT (  '', '', ( #1238 ) ) ;
#5147 = SURFACE_STYLE_USAGE ( .BOTH. , #2230 ) ;
#5148 = PRESENTATION_LAYER_ASSIGNMENT (  '', '', ( #2600 ) ) ;
#5149 = DIRECTION ( 'NONE',  ( 0.000000000000000000, 0.000000000000000000, 1.000000000000000000 ) ) ;
#5150 = DIRECTION ( 'NONE',  ( 0.000000000000000000, 0.000000000000000000, -1.000000000000000000 ) ) ;
#5151 = DIRECTION ( 'NONE',  ( 0.000000000000000000, -1.000000000000000000, 4.336808689942016158E-15 ) ) ;
#5152 = PRESENTATION_LAYER_ASSIGNMENT (  '', '', ( #616 ) ) ;
#5153 = LINE ( 'NONE', #4259, #59 ) ;
#5154 = FACE_OUTER_BOUND ( 'NONE', #293, .T. ) ;
#5155 = VERTEX_POINT ( 'NONE', #135 ) ;
#5156 = CARTESIAN_POINT ( 'NONE',  ( -0.7624999999999999556, -0.6249999999999998890, 0.8000000000000283551 ) ) ;
#5157 = DIRECTION ( 'NONE',  ( -1.000000000000000000, -0.000000000000000000, -0.000000000000000000 ) ) ;
#5158 = EDGE_CURVE ( 'NONE', #1732, #310, #1706, .T. ) ;
#5159 = LINE ( 'NONE', #3946, #320 ) ;
#5160 = EDGE_LOOP ( 'NONE', ( #1234, #722, #4408, #1266, #2432, #5338, #1349, #2967, #106, #4723, #1244, #1381, #5355 ) ) ;
#5161 = CARTESIAN_POINT ( 'NONE',  ( 0.9143734126984710553, -0.5888868161355493847, 1.056958655048003237 ) ) ;
#5162 = DIRECTION ( 'NONE',  ( -1.000000000000000000, -0.000000000000000000, -0.000000000000000000 ) ) ;
#5163 = DIRECTION ( 'NONE',  ( 1.000000000000000000, 0.000000000000000000, 0.000000000000000000 ) ) ;
#5164 = CARTESIAN_POINT ( 'NONE',  ( 0.5374999999999999778, -0.4225511228578718859, 0.7249999999999915401 ) ) ;
#5165 = EDGE_CURVE ( 'NONE', #4885, #5155, #720, .T. ) ;
#5166 = ORIENTED_EDGE ( 'NONE', *, *, #600, .F. ) ;
#5167 = PRESENTATION_STYLE_ASSIGNMENT (( #3905 ) ) ;
#5168 = CARTESIAN_POINT ( 'NONE',  ( -0.8910651694163913561, -0.5160651694163919112, 1.215846768531274158 ) ) ;
#5169 = SURFACE_STYLE_FILL_AREA ( #4372 ) ;
#5170 = EDGE_CURVE ( 'NONE', #819, #439, #76, .T. ) ;
#5171 = CARTESIAN_POINT ( 'NONE',  ( -0.5374999999999999778, -0.8000000000000001554, 0.6999999999999912959 ) ) ;
#5172 = ORIENTED_EDGE ( 'NONE', *, *, #5354, .T. ) ;
#5173 =( NAMED_UNIT ( * ) SI_UNIT ( $, .STERADIAN. ) SOLID_ANGLE_UNIT ( ) );
#5174 = APPLICATION_CONTEXT ( 'automotive_design' ) ;
#5175 = SURFACE_STYLE_FILL_AREA ( #645 ) ;
#5176 = VECTOR ( 'NONE', #3003, 1000.000000000000000 ) ;
#5177 = UNCERTAINTY_MEASURE_WITH_UNIT (LENGTH_MEASURE( 1.000000000000000082E-05 ), #4042, 'distance_accuracy_value', 'NONE');
#5178 = SURFACE_STYLE_FILL_AREA ( #3434 ) ;
#5179 = COLOUR_RGB ( '',0.8509803921568627194, 0.8509803921568627194, 0.8509803921568627194 ) ;
#5180 = LINE ( 'NONE', #3141, #5390 ) ;
#5181 = DIRECTION ( 'NONE',  ( -3.469446951953614189E-16, 1.000000000000000000, 0.000000000000000000 ) ) ;
#5182 =( NAMED_UNIT ( * ) PLANE_ANGLE_UNIT ( ) SI_UNIT ( $, .RADIAN. ) );
#5183 = ORIENTED_EDGE ( 'NONE', *, *, #880, .F. ) ;
#5184 = DIRECTION ( 'NONE',  ( 0.000000000000000000, -1.000000000000000000, -1.204669080539450823E-16 ) ) ;
#5185 = DIRECTION ( 'NONE',  ( -0.1378445374916252020, -0.1378445374916251465, 0.9808148484639900300 ) ) ;
#5186 = ORIENTED_EDGE ( 'NONE', *, *, #3829, .T. ) ;
#5187 =( NAMED_UNIT ( * ) PLANE_ANGLE_UNIT ( ) SI_UNIT ( $, .RADIAN. ) );
#5188 = PLANE ( 'NONE',  #3464 ) ;
#5189 = EDGE_CURVE ( 'NONE', #2539, #1279, #4682, .T. ) ;
#5190 = ORIENTED_EDGE ( 'NONE', *, *, #1314, .T. ) ;
#5191 = CARTESIAN_POINT ( 'NONE',  ( 1.000000000000000222, 0.6250000000000001110, 0.7999999999999914957 ) ) ;
#5192 = COLOUR_RGB ( '',0.2235294117647058654, 0.2235294117647058654, 0.2235294117647058654 ) ;
#5193 = SURFACE_SIDE_STYLE ('',( #2176 ) ) ;
#5194 = PRESENTATION_STYLE_ASSIGNMENT (( #3529 ) ) ;
#5195 = EDGE_CURVE ( 'NONE', #1419, #696, #3483, .T. ) ;
#5196 = ORIENTED_EDGE ( 'NONE', *, *, #1041, .F. ) ;
#5197 = LINE ( 'NONE', #1451, #386 ) ;
#5198 = UNCERTAINTY_MEASURE_WITH_UNIT (LENGTH_MEASURE( 1.000000000000000082E-05 ), #27, 'distance_accuracy_value', 'NONE');
#5199 =( NAMED_UNIT ( * ) PLANE_ANGLE_UNIT ( ) SI_UNIT ( $, .RADIAN. ) );
#5200 =( GEOMETRIC_REPRESENTATION_CONTEXT ( 3 ) GLOBAL_UNCERTAINTY_ASSIGNED_CONTEXT ( ( #495 ) ) GLOBAL_UNIT_ASSIGNED_CONTEXT ( ( #2654, #2279, #2745 ) ) REPRESENTATION_CONTEXT ( 'NONE', 'WORKASPACE' ) );
#5201 =( NAMED_UNIT ( * ) PLANE_ANGLE_UNIT ( ) SI_UNIT ( $, .RADIAN. ) );
#5202 = MECHANICAL_DESIGN_GEOMETRIC_PRESENTATION_REPRESENTATION (  '', ( #2656 ), #1202 ) ;
#5203 = DIRECTION ( 'NONE',  ( 1.000000000000000000, -0.000000000000000000, -0.000000000000000000 ) ) ;
#5204 = DIRECTION ( 'NONE',  ( 0.000000000000000000, 0.000000000000000000, 1.000000000000000000 ) ) ;
#5205 = ORIENTED_EDGE ( 'NONE', *, *, #3998, .F. ) ;
#5206 = SURFACE_STYLE_FILL_AREA ( #1946 ) ;
#5207 =( NAMED_UNIT ( * ) SI_UNIT ( $, .STERADIAN. ) SOLID_ANGLE_UNIT ( ) );
#5208 = CARTESIAN_POINT ( 'NONE',  ( -0.1125000000000000028, -0.6144594373973207846, 0.8749999999999914513 ) ) ;
#5209 = STYLED_ITEM ( 'NONE', ( #4613 ), #835 ) ;
#5210 = ADVANCED_FACE ( 'NONE', ( #4638 ), #2121, .F. ) ;
#5211 = LINE ( 'NONE', #3143, #2509 ) ;
#5212 = CARTESIAN_POINT ( 'NONE',  ( -0.7624999999999999556, 0.8000000000000001554, 0.1750000000000001554 ) ) ;
#5213 = FACE_OUTER_BOUND ( 'NONE', #4112, .T. ) ;
#5214 = VERTEX_POINT ( 'NONE', #1028 ) ;
#5215 = CARTESIAN_POINT ( 'NONE',  ( 0.5374999999999999778, -0.6500000000000001332, 0.6999999999999912959 ) ) ;
#5216 = AXIS2_PLACEMENT_3D ( 'NONE', #4558, #2886, #2854 ) ;
#5217 = LINE ( 'NONE', #1124, #3719 ) ;
#5218 = MECHANICAL_DESIGN_GEOMETRIC_PRESENTATION_REPRESENTATION (  '', ( #4165 ), #413 ) ;
#5219 = MECHANICAL_DESIGN_GEOMETRIC_PRESENTATION_REPRESENTATION (  '', ( #4234 ), #4326 ) ;
#5220 = COLOUR_RGB ( '',0.8509803921568627194, 0.8509803921568627194, 0.8509803921568627194 ) ;
#5221 = ORIENTED_EDGE ( 'NONE', *, *, #1324, .F. ) ;
#5222 = MECHANICAL_DESIGN_GEOMETRIC_PRESENTATION_REPRESENTATION (  '', ( #4237 ), #2503 ) ;
#5223 = CARTESIAN_POINT ( 'NONE',  ( 0.7624999999999999556, 0.8250000000000003997, -9.486769009248163798E-17 ) ) ;
#5224 = CARTESIAN_POINT ( 'NONE',  ( 0.9504865965629214486, -0.6249999999999998890, 0.7999999999999914957 ) ) ;
#5225 = VECTOR ( 'NONE', #2809, 1000.000000000000000 ) ;
#5226 = SURFACE_STYLE_FILL_AREA ( #5107 ) ;
#5227 = COLOUR_RGB ( '',0.2235294117647058654, 0.2235294117647058654, 0.2235294117647058654 ) ;
#5228 =( NAMED_UNIT ( * ) SI_UNIT ( $, .STERADIAN. ) SOLID_ANGLE_UNIT ( ) );
#5229 =( GEOMETRIC_REPRESENTATION_CONTEXT ( 3 ) GLOBAL_UNCERTAINTY_ASSIGNED_CONTEXT ( ( #1464 ) ) GLOBAL_UNIT_ASSIGNED_CONTEXT ( ( #699, #1110, #245 ) ) REPRESENTATION_CONTEXT ( 'NONE', 'WORKASPACE' ) );
#5230 = VECTOR ( 'NONE', #2683, 1000.000000000000114 ) ;
#5231 = FILL_AREA_STYLE_COLOUR ( '', #4210 ) ;
#5232 = PRESENTATION_LAYER_ASSIGNMENT (  '', '', ( #4528 ) ) ;
#5233 = ORIENTED_EDGE ( 'NONE', *, *, #2806, .F. ) ;
#5234 = ORIENTED_EDGE ( 'NONE', *, *, #4573, .T. ) ;
#5235 = CARTESIAN_POINT ( 'NONE',  ( -0.9143734126984703892, -0.5393734126984707222, 1.050000000000000044 ) ) ;
#5236 = EDGE_CURVE ( 'NONE', #1452, #4203, #260, .T. ) ;
#5237 = PRESENTATION_STYLE_ASSIGNMENT (( #1881 ) ) ;
#5238 = FACE_OUTER_BOUND ( 'NONE', #2455, .T. ) ;
#5239 = FILL_AREA_STYLE ('',( #2234 ) ) ;
#5240 = MECHANICAL_DESIGN_GEOMETRIC_PRESENTATION_REPRESENTATION (  '', ( #1238 ), #2248 ) ;
#5241 = FACE_OUTER_BOUND ( 'NONE', #33, .T. ) ;
#5242 = DIRECTION ( 'NONE',  ( 0.000000000000000000, 0.000000000000000000, -1.000000000000000000 ) ) ;
#5243 = PLANE ( 'NONE',  #4546 ) ;
#5244 = CARTESIAN_POINT ( 'NONE',  ( -0.1125000000000000028, 0.4225511228578717748, 0.8749999999999914513 ) ) ;
#5245 = AXIS2_PLACEMENT_3D ( 'NONE', #3967, #1421, #2303 ) ;
#5246 = UNCERTAINTY_MEASURE_WITH_UNIT (LENGTH_MEASURE( 1.000000000000000082E-05 ), #1175, 'distance_accuracy_value', 'NONE');
#5247 = DIRECTION ( 'NONE',  ( -0.1378445374916252020, -0.1378445374916251742, 0.9808148484639901410 ) ) ;
#5248 = MECHANICAL_DESIGN_GEOMETRIC_PRESENTATION_REPRESENTATION (  '', ( #4991 ), #1328 ) ;
#5249 = DIRECTION ( 'NONE',  ( -0.000000000000000000, 1.000000000000000000, 0.000000000000000000 ) ) ;
#5250 = ADVANCED_FACE ( 'NONE', ( #2708 ), #2734, .F. ) ;
#5251 =( NAMED_UNIT ( * ) SI_UNIT ( $, .STERADIAN. ) SOLID_ANGLE_UNIT ( ) );
#5252 = DIRECTION ( 'NONE',  ( -1.000000000000000000, -0.000000000000000000, -0.000000000000000000 ) ) ;
#5253 = ORIENTED_EDGE ( 'NONE', *, *, #5102, .T. ) ;
#5254 = LINE ( 'NONE', #5191, #5418 ) ;
#5255 = CARTESIAN_POINT ( 'NONE',  ( 0.8929413768309820698, 0.5179413768309818478, 0.1500000000000000222 ) ) ;
#5256 = FILL_AREA_STYLE_COLOUR ( '', #2001 ) ;
#5257 = ORIENTED_EDGE ( 'NONE', *, *, #4197, .T. ) ;
#5258 = CARTESIAN_POINT ( 'NONE',  ( 0.7624999999999999556, -0.6500000000000001332, 0.1750000000000001554 ) ) ;
#5259 = VERTEX_POINT ( 'NONE', #665 ) ;
#5260 = UNCERTAINTY_MEASURE_WITH_UNIT (LENGTH_MEASURE( 1.000000000000000082E-05 ), #780, 'distance_accuracy_value', 'NONE');
#5261 = CARTESIAN_POINT ( 'NONE',  ( -0.5374999999999999778, 1.050000000000000044, 0.1499999999999998834 ) ) ;
#5262 = CARTESIAN_POINT ( 'NONE',  ( 0.1125000000000000028, -0.6249999999999998890, 0.6999999999999912959 ) ) ;
#5263 = DIRECTION ( 'NONE',  ( 0.000000000000000000, -1.000000000000000000, 1.204669080539450576E-16 ) ) ;
#5264 = FILL_AREA_STYLE ('',( #1540 ) ) ;
#5265 = CARTESIAN_POINT ( 'NONE',  ( 0.000000000000000000, 0.5393734126984709443, 1.050000000000000044 ) ) ;
#5266 = EDGE_CURVE ( 'NONE', #5155, #742, #167, .T. ) ;
#5267 = FILL_AREA_STYLE ('',( #1919 ) ) ;
#5268 = DIRECTION ( 'NONE',  ( -1.000000000000000000, -0.000000000000000000, -0.000000000000000000 ) ) ;
#5269 = DIRECTION ( 'NONE',  ( 0.000000000000000000, -5.355436828253419639E-16, -1.000000000000000000 ) ) ;
#5270 = LINE ( 'NONE', #4883, #5405 ) ;
#5271 = PRESENTATION_STYLE_ASSIGNMENT (( #1065 ) ) ;
#5272 = DIRECTION ( 'NONE',  ( -1.000000000000000000, -0.000000000000000000, -0.000000000000000000 ) ) ;
#5273 = PLANE ( 'NONE',  #501 ) ;
#5274 = VERTEX_POINT ( 'NONE', #1917 ) ;
#5275 = LINE ( 'NONE', #4824, #2963 ) ;
#5276 = MECHANICAL_DESIGN_GEOMETRIC_PRESENTATION_REPRESENTATION (  '', ( #4381 ), #3771 ) ;
#5277 = FILL_AREA_STYLE_COLOUR ( '', #5127 ) ;
#5278 = DIRECTION ( 'NONE',  ( 0.000000000000000000, 1.000000000000000000, -1.204669080539450823E-16 ) ) ;
#5279 = ORIENTED_EDGE ( 'NONE', *, *, #1276, .T. ) ;
#5280 = AXIS2_PLACEMENT_3D ( 'NONE', #3985, #2641, #1912 ) ;
#5281 = EDGE_CURVE ( 'NONE', #2623, #5112, #3511, .T. ) ;
#5282 = DIRECTION ( 'NONE',  ( -1.734723475976807094E-16, -1.000000000000000000, -0.000000000000000000 ) ) ;
#5283 = UNCERTAINTY_MEASURE_WITH_UNIT (LENGTH_MEASURE( 1.000000000000000082E-05 ), #4930, 'distance_accuracy_value', 'NONE');
#5284 = PRESENTATION_LAYER_ASSIGNMENT (  '', '', ( #3861 ) ) ;
#5285 = DIRECTION ( 'NONE',  ( -1.000000000000000000, -0.000000000000000000, -0.000000000000000000 ) ) ;
#5286 = EDGE_CURVE ( 'NONE', #2973, #1014, #3377, .T. ) ;
#5287 = FILL_AREA_STYLE ('',( #5256 ) ) ;
#5288 = ORIENTED_EDGE ( 'NONE', *, *, #4220, .F. ) ;
#5289 = DIRECTION ( 'NONE',  ( 1.734723475976807094E-16, 1.000000000000000000, -2.148554941222645309E-33 ) ) ;
#5290 = VERTEX_POINT ( 'NONE', #1931 ) ;
#5291 = SURFACE_SIDE_STYLE ('',( #4490 ) ) ;
#5292 = FILL_AREA_STYLE ('',( #3627 ) ) ;
#5293 = AXIS2_PLACEMENT_3D ( 'NONE', #4494, #1947, #393 ) ;
#5294 = VECTOR ( 'NONE', #818, 1000.000000000000000 ) ;
#5295 =( NAMED_UNIT ( * ) SI_UNIT ( $, .STERADIAN. ) SOLID_ANGLE_UNIT ( ) );
#5296 = DIRECTION ( 'NONE',  ( -1.000000000000000000, -0.000000000000000000, -0.000000000000000000 ) ) ;
#5297 = VECTOR ( 'NONE', #3954, 999.9999999999998863 ) ;
#5298 = ORIENTED_EDGE ( 'NONE', *, *, #2900, .F. ) ;
#5299 = AXIS2_PLACEMENT_3D ( 'NONE', #4066, #4500, #4140 ) ;
#5300 = DIRECTION ( 'NONE',  ( -1.000000000000000000, -0.000000000000000000, -0.000000000000000000 ) ) ;
#5301 = UNCERTAINTY_MEASURE_WITH_UNIT (LENGTH_MEASURE( 1.000000000000000082E-05 ), #3560, 'distance_accuracy_value', 'NONE');
#5302 = EDGE_CURVE ( 'NONE', #2599, #2872, #1560, .T. ) ;
#5303 = PRESENTATION_LAYER_ASSIGNMENT (  '', '', ( #2051 ) ) ;
#5304 = DIRECTION ( 'NONE',  ( 1.734723475976807587E-16, 1.000000000000000000, 0.000000000000000000 ) ) ;
#5305 = VECTOR ( 'NONE', #4595, 1000.000000000000000 ) ;
#5306 =( NAMED_UNIT ( * ) PLANE_ANGLE_UNIT ( ) SI_UNIT ( $, .RADIAN. ) );
#5307 = DIRECTION ( 'NONE',  ( 0.000000000000000000, -0.000000000000000000, -1.000000000000000000 ) ) ;
#5308 = ORIENTED_EDGE ( 'NONE', *, *, #1666, .F. ) ;
#5309 = ORIENTED_EDGE ( 'NONE', *, *, #3508, .T. ) ;
#5310 = SURFACE_STYLE_FILL_AREA ( #291 ) ;
#5311 = STYLED_ITEM ( 'NONE', ( #1711 ), #840 ) ;
#5312 = DIRECTION ( 'NONE',  ( -0.08682659386424432246, 0.08682659386424433634, -0.9924325091389677445 ) ) ;
#5313 = EDGE_CURVE ( 'NONE', #84, #4489, #3761, .T. ) ;
#5314 = ORIENTED_EDGE ( 'NONE', *, *, #4188, .F. ) ;
#5315 = LINE ( 'NONE', #1526, #3474 ) ;
#5316 = CARTESIAN_POINT ( 'NONE',  ( 0.7624999999999999556, 0.6249999999999998890, 0.6999999999999912959 ) ) ;
#5317 = VECTOR ( 'NONE', #4691, 1000.000000000000000 ) ;
#5318 = COLOUR_RGB ( '',0.8509803921568627194, 0.8509803921568627194, 0.8509803921568627194 ) ;
#5319 = SURFACE_STYLE_FILL_AREA ( #726 ) ;
#5320 =( GEOMETRIC_REPRESENTATION_CONTEXT ( 3 ) GLOBAL_UNCERTAINTY_ASSIGNED_CONTEXT ( ( #4973 ) ) GLOBAL_UNIT_ASSIGNED_CONTEXT ( ( #4499, #5382, #2419 ) ) REPRESENTATION_CONTEXT ( 'NONE', 'WORKASPACE' ) );
#5321 = CARTESIAN_POINT ( 'NONE',  ( 0.9501902650954098251, 0.6250000000000001110, 0.7999999999999914957 ) ) ;
#5322 = ORIENTED_EDGE ( 'NONE', *, *, #404, .T. ) ;
#5323 = DIRECTION ( 'NONE',  ( -0.08682659386424430858, -0.08682659386424433634, 0.9924325091389677445 ) ) ;
#5324 = ORIENTED_EDGE ( 'NONE', *, *, #1646, .F. ) ;
#5325 = ADVANCED_FACE ( 'NONE', ( #115 ), #1420, .F. ) ;
#5326 = SURFACE_STYLE_USAGE ( .BOTH. , #5291 ) ;
#5327 = AXIS2_PLACEMENT_3D ( 'NONE', #4621, #883, #2523 ) ;
#5328 = CYLINDRICAL_SURFACE ( 'NONE', #4247, 0.02500000000000025466 ) ;
#5329 = EDGE_LOOP ( 'NONE', ( #1671, #1125, #1207, #5072 ) ) ;
#5330 = AXIS2_PLACEMENT_3D ( 'NONE', #3176, #4422, #2369 ) ;
#5331 = VECTOR ( 'NONE', #5252, 1000.000000000000000 ) ;
#5332 = PLANE ( 'NONE',  #4841 ) ;
#5333 =( LENGTH_UNIT ( ) NAMED_UNIT ( * ) SI_UNIT ( .MILLI., .METRE. ) );
#5334 = PRESENTATION_LAYER_ASSIGNMENT (  '', '', ( #3749 ) ) ;
#5335 =( NAMED_UNIT ( * ) PLANE_ANGLE_UNIT ( ) SI_UNIT ( $, .RADIAN. ) );
#5336 = ORIENTED_EDGE ( 'NONE', *, *, #619, .F. ) ;
#5337 = DIRECTION ( 'NONE',  ( 1.000000000000000000, 0.000000000000000000, 0.000000000000000000 ) ) ;
#5338 = ORIENTED_EDGE ( 'NONE', *, *, #2694, .T. ) ;
#5339 = FACE_OUTER_BOUND ( 'NONE', #3276, .T. ) ;
#5340 = CARTESIAN_POINT ( 'NONE',  ( -0.9501902650954092699, 0.6250000000000001110, 0.7999999999999914957 ) ) ;
#5341 = ORIENTED_EDGE ( 'NONE', *, *, #3413, .F. ) ;
#5342 = SURFACE_SIDE_STYLE ('',( #4146 ) ) ;
#5343 = DIRECTION ( 'NONE',  ( -1.734723475976807094E-16, -1.000000000000000000, -0.000000000000000000 ) ) ;
#5344 = DIRECTION ( 'NONE',  ( 0.000000000000000000, -0.000000000000000000, 1.000000000000000000 ) ) ;
#5345 = EDGE_CURVE ( 'NONE', #1279, #4842, #1094, .T. ) ;
#5346 = VECTOR ( 'NONE', #3711, 1000.000000000000000 ) ;
#5347 = LINE ( 'NONE', #3263, #1480 ) ;
#5348 = ORIENTED_EDGE ( 'NONE', *, *, #687, .T. ) ;
#5349 = CARTESIAN_POINT ( 'NONE',  ( -0.5374999999999999778, 0.6500000000000001332, 0.6999999999999912959 ) ) ;
#5350 = EDGE_LOOP ( 'NONE', ( #3292, #4036, #3100, #878, #5376, #4456, #5279, #390, #2848, #837, #317, #256, #3710 ) ) ;
#5351 = FILL_AREA_STYLE ('',( #1998 ) ) ;
#5352 = CARTESIAN_POINT ( 'NONE',  ( 0.1125000000000000028, 0.8250000000000003997, -9.486769009248163798E-17 ) ) ;
#5353 =( LENGTH_UNIT ( ) NAMED_UNIT ( * ) SI_UNIT ( .MILLI., .METRE. ) );
#5354 = EDGE_CURVE ( 'NONE', #3355, #802, #2278, .T. ) ;
#5355 = ORIENTED_EDGE ( 'NONE', *, *, #1926, .F. ) ;
#5356 = UNCERTAINTY_MEASURE_WITH_UNIT (LENGTH_MEASURE( 1.000000000000000082E-05 ), #1004, 'distance_accuracy_value', 'NONE');
#5357 =( LENGTH_UNIT ( ) NAMED_UNIT ( * ) SI_UNIT ( .MILLI., .METRE. ) );
#5358 = EDGE_CURVE ( 'NONE', #1009, #1928, #257, .T. ) ;
#5359 = CARTESIAN_POINT ( 'NONE',  ( 0.7624999999999999556, 0.8250000000000003997, 0.1750000000000001554 ) ) ;
#5360 = CARTESIAN_POINT ( 'NONE',  ( 0.1125000000000000028, -1.050000000000000044, -1.219727444046192488E-16 ) ) ;
#5361 = ORIENTED_EDGE ( 'NONE', *, *, #2694, .F. ) ;
#5362 =( LENGTH_UNIT ( ) NAMED_UNIT ( * ) SI_UNIT ( .MILLI., .METRE. ) );
#5363 = ORIENTED_EDGE ( 'NONE', *, *, #1914, .T. ) ;
#5364 = PRESENTATION_LAYER_ASSIGNMENT (  '', '', ( #2288 ) ) ;
#5365 = DIRECTION ( 'NONE',  ( 0.000000000000000000, 1.000000000000000000, 1.204669080539450576E-16 ) ) ;
#5366 =( NAMED_UNIT ( * ) PLANE_ANGLE_UNIT ( ) SI_UNIT ( $, .RADIAN. ) );
#5367 = AXIS2_PLACEMENT_3D ( 'NONE', #3595, #3101, #1855 ) ;
#5368 = COLOUR_RGB ( '',0.8509803921568627194, 0.8509803921568627194, 0.8509803921568627194 ) ;
#5369 = SURFACE_SIDE_STYLE ('',( #2015 ) ) ;
#5370 = ADVANCED_FACE ( 'NONE', ( #1522 ), #3190, .T. ) ;
#5371 = VERTEX_POINT ( 'NONE', #1609 ) ;
#5372 = ORIENTED_EDGE ( 'NONE', *, *, #3318, .F. ) ;
#5373 = FACE_OUTER_BOUND ( 'NONE', #4244, .T. ) ;
#5374 = CIRCLE ( 'NONE', #2640, 0.02500000000000028241 ) ;
#5375 = CARTESIAN_POINT ( 'NONE',  ( 0.1125000000000000028, -0.6249999999999998890, 0.7249999999999916511 ) ) ;
#5376 = ORIENTED_EDGE ( 'NONE', *, *, #2838, .T. ) ;
#5377 = ORIENTED_EDGE ( 'NONE', *, *, #2109, .T. ) ;
#5378 = FACE_OUTER_BOUND ( 'NONE', #2802, .T. ) ;
#5379 = EDGE_CURVE ( 'NONE', #2841, #5139, #1205, .T. ) ;
#5380 =( NAMED_UNIT ( * ) PLANE_ANGLE_UNIT ( ) SI_UNIT ( $, .RADIAN. ) );
#5381 =( NAMED_UNIT ( * ) SI_UNIT ( $, .STERADIAN. ) SOLID_ANGLE_UNIT ( ) );
#5382 =( NAMED_UNIT ( * ) PLANE_ANGLE_UNIT ( ) SI_UNIT ( $, .RADIAN. ) );
#5383 = CARTESIAN_POINT ( 'NONE',  ( -0.1125000000000000028, 0.8250000000000003997, 0.1750000000000001554 ) ) ;
#5384 = CYLINDRICAL_SURFACE ( 'NONE', #5299, 0.1750000000000002109 ) ;
#5385 = ORIENTED_EDGE ( 'NONE', *, *, #4250, .T. ) ;
#5386 =( NAMED_UNIT ( * ) PLANE_ANGLE_UNIT ( ) SI_UNIT ( $, .RADIAN. ) );
#5387 = EDGE_CURVE ( 'NONE', #1137, #2599, #4897, .T. ) ;
#5388 = ORIENTED_EDGE ( 'NONE', *, *, #2146, .T. ) ;
#5389 = PLANE ( 'NONE',  #1384 ) ;
#5390 = VECTOR ( 'NONE', #1091, 1000.000000000000000 ) ;
#5391 =( LENGTH_UNIT ( ) NAMED_UNIT ( * ) SI_UNIT ( .MILLI., .METRE. ) );
#5392 = PRESENTATION_LAYER_ASSIGNMENT (  '', '', ( #4312 ) ) ;
#5393 = CARTESIAN_POINT ( 'NONE',  ( -0.8929413768309814037, 0.5179413768309818478, 0.1500000000000000222 ) ) ;
#5394 = VECTOR ( 'NONE', #474, 1000.000000000000000 ) ;
#5395 = ORIENTED_EDGE ( 'NONE', *, *, #2040, .T. ) ;
#5396 = AXIS2_PLACEMENT_3D ( 'NONE', #3214, #5203, #3573 ) ;
#5397 = STYLED_ITEM ( 'NONE', ( #2622 ), #3102 ) ;
#5398 = CARTESIAN_POINT ( 'NONE',  ( -0.5374999999999999778, 0.6249999999999998890, 0.8749999999999915623 ) ) ;
#5399 = VECTOR ( 'NONE', #1036, 1000.000000000000227 ) ;
#5400 = MECHANICAL_DESIGN_GEOMETRIC_PRESENTATION_REPRESENTATION (  '', ( #1385 ), #946 ) ;
#5401 = ORIENTED_EDGE ( 'NONE', *, *, #2133, .F. ) ;
#5402 = ORIENTED_EDGE ( 'NONE', *, *, #4206, .F. ) ;
#5403 = UNCERTAINTY_MEASURE_WITH_UNIT (LENGTH_MEASURE( 1.000000000000000082E-05 ), #1764, 'distance_accuracy_value', 'NONE');
#5404 = ADVANCED_FACE ( 'NONE', ( #4612 ), #2490, .T. ) ;
#5405 = VECTOR ( 'NONE', #5247, 999.9999999999998863 ) ;
#5406 = DIRECTION ( 'NONE',  ( 0.000000000000000000, -1.000000000000000000, 5.355436828253419639E-16 ) ) ;
#5407 = FACE_OUTER_BOUND ( 'NONE', #810, .T. ) ;
#5408 = CARTESIAN_POINT ( 'NONE',  ( 0.000000000000000000, -0.5888868161355493847, 1.056958655048003237 ) ) ;
#5409 = MECHANICAL_DESIGN_GEOMETRIC_PRESENTATION_REPRESENTATION (  '', ( #3574 ), #2237 ) ;
#5410 = MECHANICAL_DESIGN_GEOMETRIC_PRESENTATION_REPRESENTATION (  '', ( #3480 ), #1134 ) ;
#5411 = VERTEX_POINT ( 'NONE', #375 ) ;
#5412 = CARTESIAN_POINT ( 'NONE',  ( 0.5374999999999999778, -0.6500000000000001332, 0.6999999999999912959 ) ) ;
#5413 = COLOUR_RGB ( '',0.8509803921568627194, 0.8509803921568627194, 0.8509803921568627194 ) ;
#5414 = ORIENTED_EDGE ( 'NONE', *, *, #1530, .T. ) ;
#5415 = FACE_OUTER_BOUND ( 'NONE', #2084, .T. ) ;
#5416 = EDGE_CURVE ( 'NONE', #4683, #5139, #892, .T. ) ;
#5417 = DIRECTION ( 'NONE',  ( 1.000000000000000000, 0.000000000000000000, -0.000000000000000000 ) ) ;
#5418 = VECTOR ( 'NONE', #4417, 1000.000000000000000 ) ;
#5419 = VECTOR ( 'NONE', #3493, 999.9999999999998863 ) ;
#5420 = LINE ( 'NONE', #1677, #4594 ) ;
#5421 = ORIENTED_EDGE ( 'NONE', *, *, #2105, .T. ) ;
#5422 = SURFACE_STYLE_USAGE ( .BOTH. , #5009 ) ;
#5423 =( LENGTH_UNIT ( ) NAMED_UNIT ( * ) SI_UNIT ( .MILLI., .METRE. ) );
#5424 = VECTOR ( 'NONE', #2934, 1000.000000000000000 ) ;
#5425 = DIRECTION ( 'NONE',  ( 0.08682659386424436410, -0.08682659386424432246, -0.9924325091389677445 ) ) ;
#5426 = CARTESIAN_POINT ( 'NONE',  ( -0.9578377495892820281, -3.323167260778643796E-16, 1.100000000000000089 ) ) ;
#5427 = VERTEX_POINT ( 'NONE', #2032 ) ;
#5428 = DIRECTION ( 'NONE',  ( -1.000000000000000000, -0.000000000000000000, -0.000000000000000000 ) ) ;
#5429 = EDGE_CURVE ( 'NONE', #2117, #2460, #3307, .T. ) ;
#5430 = PRESENTATION_STYLE_ASSIGNMENT (( #3253 ) ) ;
#5431 = VERTEX_POINT ( 'NONE', #4191 ) ;
#5432 = CARTESIAN_POINT ( 'NONE',  ( -0.7624999999999999556, -0.8250000000000003997, 0.1750000000000001554 ) ) ;
#5433 = CARTESIAN_POINT ( 'NONE',  ( -0.5374999999999999778, 0.8250000000000003997, 0.1750000000000001554 ) ) ;
#5434 = VERTEX_POINT ( 'NONE', #1683 ) ;
#5435 = CARTESIAN_POINT ( 'NONE',  ( -0.7624999999999999556, 0.8250000000000003997, 0.1750000000000001554 ) ) ;
#5436 = FILL_AREA_STYLE_COLOUR ( '', #1108 ) ;
ENDSEC;
END-ISO-10303-21;
