#VRML V2.0 utf8
# 3D model generated by easyeda2kicad.py (https://github.com/uPesy/easyeda2kicad.py)

Shape{
    appearance Appearance {
        material  Material 	{
            diffuseColor 0.9686274509803922 0.8784313725490196 0.6
            specularColor 0.6784313725490196 0.615686274509804 0.4196078431372549
            ambientIntensity 0.8737
            transparency 0.0
            shininess 0.5
        }
    }
    geometry IndexedFaceSet {
        ccw TRUE
        solid FALSE
        coord DEF co Coordinate {
            point [
                0.502 1.1811 0.0315, 0.5807 1.1811 0.0315, 0.502 1.1811 0.0157, 0.5807 1.1811 0.0157, 0.5807 1.1654 0.0472, 0.502 1.1654 0.0472, 0.502 1.1654 0.0, 0.5807 1.1654 0.0, 0.502 0.9843 0.0, 0.502 0.9843 0.0472, 0.5807 0.9843 0.0472, 0.5807 0.9843 0.0, 0.5807 0.9684 0.0016, 0.5807 0.9779 0.0479, 0.5807 0.9531 0.0064, 0.5807 0.9718 0.0498, 0.5807 0.782 0.0801, 0.5807 0.8006 0.1235, 0.5807 0.7759 0.082, 0.5807 0.7854 0.1283, 0.5807 0.7695 0.0827, 0.5807 0.7695 0.1299, 0.502 0.7695 0.0827, 0.502 0.7695 0.1299, 0.502 0.7759 0.082, 0.502 0.7854 0.1283, 0.502 0.782 0.0801, 0.502 0.8006 0.1235, 0.502 0.9531 0.0064, 0.502 0.9718 0.0498, 0.502 0.9684 0.0016, 0.502 0.9779 0.0479, 0.502 0.0881 0.1299, 0.502 0.0881 0.0827, 0.5807 0.067 0.0827, 0.5807 0.067 0.1299, 0.4351 -0.5587 0.1299, 0.5434 -0.5804 0.1299, 0.4331 -0.5434 0.1299, 0.5492 -0.5587 0.1299, 0.5728 0.0375 0.1299, 0.5 0.0728 0.1299, 0.5591 0.0137 0.1299, 0.4941 0.0586 0.1299, 0.5532 -0.0005 0.1299, 0.5798 0.0567 0.1299, 0.5771 0.0468 0.1299, 0.4429 -1.6102 0.1299, 0.5413 -1.6102 0.1299, 0.4429 -0.5957 0.1299, 0.5413 -0.5957 0.1299, 0.4424 -0.588 0.1299, 0.4409 -0.5804 0.1299, 0.5512 -0.0158 0.1299, 0.441 -0.0334 0.1299, 0.4366 -0.0427 0.1299, 0.5507 -0.5511 0.1299, 0.5512 -0.5434 0.1299, 0.4331 -0.0629 0.1299, 0.434 -0.0526 0.1299, 0.5 0.0728 0.0827, 0.5798 0.0567 0.0827, 0.5771 0.0468 0.0827, 0.5728 0.0375 0.0827, 0.4941 0.0586 0.0827, 0.5413 -0.5957 0.0827, 0.5413 -1.6338 0.0827, 0.4429 -1.6338 0.0827, 0.5434 -0.5804 0.0827, 0.4351 -0.5587 0.0827, 0.5492 -0.5587 0.0827, 0.4331 -0.5434 0.0827, 0.5507 -0.5511 0.0827, 0.5512 -0.5434 0.0827, 0.4429 -0.5957 0.0827, 0.4424 -0.588 0.0827, 0.4409 -0.5804 0.0827, 0.5512 -0.0158 0.0827, 0.4331 -0.0629 0.0827, 0.434 -0.0526 0.0827, 0.5591 0.0137 0.0827, 0.5532 -0.0005 0.0827, 0.441 -0.0334 0.0827, 0.4366 -0.0427 0.0827, 0.5413 -1.6338 0.1063, 0.4429 -1.6338 0.1063, -0.4823 1.1811 0.0315, -0.4035 1.1811 0.0315, -0.4823 1.1811 0.0157, -0.4035 1.1811 0.0157, -0.4035 1.1654 0.0472, -0.4823 1.1654 0.0472, -0.4823 1.1654 0.0, -0.4035 1.1654 0.0, -0.4823 0.9843 0.0472, -0.4823 0.9843 0.0, -0.4035 0.9843 0.0472, -0.4035 0.9843 0.0, -0.4035 0.9684 0.0016, -0.4035 0.9779 0.0479, -0.4035 0.9531 0.0064, -0.4035 0.9718 0.0498, -0.4035 0.782 0.0801, -0.4035 0.8006 0.1235, -0.4035 0.7759 0.082, -0.4035 0.7854 0.1283, -0.4035 0.7695 0.0827, -0.4035 0.7695 0.1299, -0.4823 0.7695 0.0827, -0.4823 0.7695 0.1299, -0.4823 0.7759 0.082, -0.4823 0.7854 0.1283, -0.4823 0.782 0.0801, -0.4823 0.8006 0.1235, -0.4823 0.9531 0.0064, -0.4823 0.9718 0.0498, -0.4823 0.9684 0.0016, -0.4823 0.9779 0.0479, -0.4823 0.0881 0.1299, -0.4823 0.0881 0.0827, -0.4035 0.067 0.0827, -0.4035 0.067 0.1299, -0.5492 -0.5587 0.1299, -0.4409 -0.5804 0.1299, -0.5512 -0.5434 0.1299, -0.4351 -0.5587 0.1299, -0.4115 0.0375 0.1299, -0.4843 0.0728 0.1299, -0.4252 0.0137 0.1299, -0.4902 0.0586 0.1299, -0.4311 -0.0005 0.1299, -0.4044 0.0567 0.1299, -0.4071 0.0468 0.1299, -0.5413 -1.6102 0.1299, -0.4429 -1.6102 0.1299, -0.5413 -0.5957 0.1299, -0.4429 -0.5957 0.1299, -0.5418 -0.588 0.1299, -0.5434 -0.5804 0.1299, -0.4331 -0.0158 0.1299, -0.5433 -0.0334 0.1299, -0.5476 -0.0427 0.1299, -0.4336 -0.5511 0.1299, -0.4331 -0.5434 0.1299, -0.5512 -0.0629 0.1299, -0.5503 -0.0526 0.1299, -0.4843 0.0728 0.0827, -0.4044 0.0567 0.0827, -0.4071 0.0468 0.0827, -0.4115 0.0375 0.0827, -0.4902 0.0586 0.0827, -0.4429 -0.5957 0.0827, -0.4429 -1.6338 0.0827, -0.5413 -1.6338 0.0827, -0.4409 -0.5804 0.0827, -0.5492 -0.5587 0.0827, -0.4351 -0.5587 0.0827, -0.5512 -0.5434 0.0827, -0.4336 -0.5511 0.0827, -0.4331 -0.5434 0.0827, -0.5413 -0.5957 0.0827, -0.5418 -0.588 0.0827, -0.5434 -0.5804 0.0827, -0.4331 -0.0158 0.0827, -0.5512 -0.0629 0.0827, -0.5503 -0.0526 0.0827, -0.4252 0.0137 0.0827, -0.4311 -0.0005 0.0827, -0.5433 -0.0334 0.0827, -0.5476 -0.0427 0.0827, -0.4429 -1.6338 0.1063, -0.5413 -1.6338 0.1063, 0.4823 0.6496 0.0157, 0.4035 0.6496 0.0157, 0.4823 0.6496 0.0315, 0.4035 0.6496 0.0315, 0.4035 0.6339 0.0, 0.4823 0.6339 0.0, 0.4823 0.6339 0.0472, 0.4035 0.6339 0.0472, 0.4823 0.464 0.0472, 0.4823 0.464 0.0, 0.4035 0.464 0.0, 0.4035 0.464 0.0472, 0.4035 0.2278 0.0, 0.4823 0.2278 0.0, 0.4823 0.2278 0.0472, 0.4035 0.2278 0.0472, 0.4823 0.1062 -0.0917, 0.4823 0.1003 -0.0954, 0.4823 0.1518 -0.1114, 0.4823 0.0937 -0.0977, 0.4823 0.0868 -0.0984, 0.4823 0.2209 -0.0008, 0.4823 0.2105 0.0453, 0.4823 0.2143 -0.003, 0.4823 0.1941 0.0397, 0.4823 0.2084 -0.0067, 0.4823 0.1793 0.0305, 0.4823 0.2034 -0.0116, 0.4823 0.1669 0.0184, 0.4823 0.1997 -0.0174, 0.4823 0.1574 0.0038, 0.4823 0.1572 -0.1022, 0.4823 0.115 -0.081, 0.4823 0.1112 -0.0869, 0.4035 0.0868 -0.1457, 0.4035 0.0868 -0.0984, 0.4035 0.1041 -0.1437, 0.4035 0.0937 -0.0977, 0.4035 0.1205 -0.1381, 0.4035 0.1003 -0.0954, 0.4035 0.1353 -0.1289, 0.4035 0.1062 -0.0917, 0.4035 0.1477 -0.1168, 0.4035 0.1112 -0.0869, 0.4035 0.1572 -0.1022, 0.4035 0.115 -0.081, 0.4035 0.1997 -0.0174, 0.4035 0.1574 0.0038, 0.4035 0.2034 -0.0116, 0.4035 0.1669 0.0184, 0.4035 0.2084 -0.0067, 0.4035 0.1793 0.0305, 0.4035 0.2143 -0.003, 0.4035 0.1941 0.0397, 0.4035 0.2209 -0.0008, 0.4035 0.2105 0.0453, 0.4823 0.1477 -0.1168, 0.4823 0.1353 -0.1289, 0.4823 0.1205 -0.1381, 0.4823 0.1041 -0.1437, 0.4823 0.0868 -0.1457, 0.4823 0.0093 -0.0984, 0.4823 0.0093 -0.1457, 0.4035 -0.0118 -0.0984, 0.4035 -0.0118 -0.1457, 0.4115 -0.0413 -0.1457, 0.4843 -0.0059 -0.1457, 0.4252 -0.065 -0.1457, 0.4902 -0.0202 -0.1457, 0.4311 -0.0793 -0.1457, 0.4044 -0.022 -0.1457, 0.4071 -0.032 -0.1457, 0.5413 -1.6063 -0.1457, 0.4429 -1.6063 -0.1457, 0.5413 -0.5957 -0.1457, 0.4429 -0.5957 -0.1457, 0.5418 -0.588 -0.1457, 0.4424 -0.588 -0.1457, 0.5434 -0.5804 -0.1457, 0.4331 -0.0945 -0.1457, 0.5433 -0.1121 -0.1457, 0.5476 -0.1214 -0.1457, 0.5492 -0.5587 -0.1457, 0.4409 -0.5804 -0.1457, 0.5507 -0.5511 -0.1457, 0.4351 -0.5587 -0.1457, 0.5512 -0.5434 -0.1457, 0.4336 -0.5511 -0.1457, 0.4331 -0.5434 -0.1457, 0.5512 -0.1416 -0.1457, 0.5503 -0.1314 -0.1457, 0.4409 -0.5804 -0.0984, 0.4424 -0.588 -0.0984, 0.5434 -0.5804 -0.0984, 0.4843 -0.0059 -0.0984, 0.4044 -0.022 -0.0984, 0.4071 -0.032 -0.0984, 0.4115 -0.0413 -0.0984, 0.4902 -0.0202 -0.0984, 0.4429 -1.6338 -0.0984, 0.5413 -1.6338 -0.0984, 0.4429 -0.5957 -0.0984, 0.5413 -0.5957 -0.0984, 0.5418 -0.588 -0.0984, 0.4331 -0.5434 -0.0984, 0.5512 -0.5434 -0.0984, 0.4331 -0.0945 -0.0984, 0.5512 -0.1416 -0.0984, 0.5503 -0.1314 -0.0984, 0.4336 -0.5511 -0.0984, 0.4351 -0.5587 -0.0984, 0.5507 -0.5511 -0.0984, 0.5492 -0.5587 -0.0984, 0.4252 -0.065 -0.0984, 0.4311 -0.0793 -0.0984, 0.5433 -0.1121 -0.0984, 0.5476 -0.1214 -0.0984, 0.4429 -1.6338 -0.1181, 0.5413 -1.6338 -0.1181, -0.8957 0.6496 0.0157, -0.9744 0.6496 0.0157, -0.8957 0.6496 0.0315, -0.9744 0.6496 0.0315, -0.9744 0.6339 0.0, -0.8957 0.6339 0.0, -0.8957 0.6339 0.0472, -0.9744 0.6339 0.0472, -0.8957 0.464 0.0472, -0.8957 0.464 0.0, -0.9744 0.464 0.0, -0.9744 0.464 0.0472, -0.8957 0.2278 0.0, -0.9744 0.2278 0.0, -0.8957 0.2278 0.0472, -0.9744 0.2278 0.0472, -0.8957 0.0868 -0.0984, -0.8957 0.0868 -0.1457, -0.8957 0.0937 -0.0977, -0.8957 0.1041 -0.1437, -0.8957 0.1003 -0.0954, -0.8957 0.1205 -0.1381, -0.8957 0.1062 -0.0917, -0.8957 0.1353 -0.1289, -0.8957 0.1112 -0.0869, -0.8957 0.1477 -0.1168, -0.8957 0.115 -0.081, -0.8957 0.1572 -0.1022, -0.8957 0.1574 0.0038, -0.8957 0.1997 -0.0174, -0.8957 0.1669 0.0184, -0.8957 0.2034 -0.0116, -0.8957 0.1793 0.0305, -0.8957 0.2084 -0.0067, -0.8957 0.1941 0.0397, -0.8957 0.2143 -0.003, -0.8957 0.2105 0.0453, -0.8957 0.2209 -0.0008, -0.9744 0.0868 -0.1457, -0.9744 0.0868 -0.0984, -0.9744 0.1041 -0.1437, -0.9744 0.0937 -0.0977, -0.9744 0.1205 -0.1381, -0.9744 0.1003 -0.0954, -0.9744 0.1353 -0.1289, -0.9744 0.1062 -0.0917, -0.9744 0.1477 -0.1168, -0.9744 0.1112 -0.0869, -0.9744 0.1572 -0.1022, -0.9744 0.115 -0.081, -0.9744 0.1997 -0.0174, -0.9744 0.1574 0.0038, -0.9744 0.2034 -0.0116, -0.9744 0.1669 0.0184, -0.9744 0.2084 -0.0067, -0.9744 0.1793 0.0305, -0.9744 0.2143 -0.003, -0.9744 0.1941 0.0397, -0.9744 0.2209 -0.0008, -0.9744 0.2105 0.0453, -0.8957 0.0174 -0.1457, -0.8957 0.0174 -0.0984, -0.9744 0.0121 -0.0984, -0.9744 0.0121 -0.1457, -0.8406 -0.8819 -0.1457, -0.8406 -1.5275 -0.1457, -0.9311 -1.5275 -0.1457, -0.9735 0.0019 -0.1457, -0.9708 -0.0081 -0.1457, -0.8485 -0.5649 -0.1457, -0.8681 -0.5988 -0.1457, -0.8485 -0.0644 -0.1457, -0.9311 -0.0945 -0.1457, -0.9331 -0.0793 -0.1457, -0.939 -0.065 -0.1457, -0.9665 -0.0174 -0.1457, -0.8414 -0.5456 -0.1457, -0.8441 -0.5555 -0.1457, -0.8414 -0.0837 -0.1457, -0.8406 -0.0939 -0.1457, -0.8441 -0.0737 -0.1457, -0.8724 -0.8091 -0.1457, -0.8681 -0.8185 -0.1457, -0.8485 -0.8524 -0.1457, -0.8441 -0.8618 -0.1457, -0.8414 -0.8717 -0.1457, -0.8406 -0.5353 -0.1457, -0.8724 -0.6082 -0.1457, -0.8751 -0.6181 -0.1457, -0.876 -0.6284 -0.1457, -0.876 -0.7889 -0.1457, -0.8751 -0.7992 -0.1457, -0.9735 0.0019 -0.0984, -0.8681 -0.8185 -0.0984, -0.8724 -0.8091 -0.0984, -0.9311 -1.5551 -0.0984, -0.9708 -0.0081 -0.0984, -0.9665 -0.0174 -0.0984, -0.8485 -0.0644 -0.0984, -0.8485 -0.8524 -0.0984, -0.9311 -0.0945 -0.0984, -0.8751 -0.6181 -0.0984, -0.8724 -0.6082 -0.0984, -0.8751 -0.7992 -0.0984, -0.876 -0.7889 -0.0984, -0.876 -0.6284 -0.0984, -0.8406 -1.5551 -0.0984, -0.8406 -0.8819 -0.0984, -0.8414 -0.8717 -0.0984, -0.8441 -0.8618 -0.0984, -0.939 -0.065 -0.0984, -0.9331 -0.0793 -0.0984, -0.8441 -0.0737 -0.0984, -0.8414 -0.0837 -0.0984, -0.8406 -0.0939 -0.0984, -0.8681 -0.5988 -0.0984, -0.8485 -0.5649 -0.0984, -0.8441 -0.5555 -0.0984, -0.8414 -0.5456 -0.0984, -0.8406 -0.5353 -0.0984, -0.9311 -1.5551 -0.1181, -0.8406 -1.5551 -0.1181, -0.0886 1.1811 0.0315, -0.0098 1.1811 0.0315, -0.0886 1.1811 0.0157, -0.0098 1.1811 0.0157, -0.0886 1.1654 0.0, -0.0098 1.1654 0.0, -0.0098 1.1654 0.0472, -0.0886 1.1654 0.0472, -0.0886 0.9843 0.0472, -0.0886 0.9843 0.0, -0.0098 0.9843 0.0, -0.0098 0.9843 0.0472, -0.0098 0.9684 0.0016, -0.0098 0.9779 0.0479, -0.0098 0.9531 0.0064, -0.0098 0.9718 0.0498, -0.0098 0.782 0.0801, -0.0098 0.8006 0.1235, -0.0098 0.7759 0.082, -0.0098 0.7854 0.1283, -0.0098 0.7695 0.0827, -0.0098 0.7695 0.1299, -0.0886 0.7695 0.0827, -0.0886 0.7695 0.1299, -0.0886 0.7759 0.082, -0.0886 0.7854 0.1283, -0.0886 0.782 0.0801, -0.0886 0.8006 0.1235, -0.0886 0.9531 0.0064, -0.0886 0.9718 0.0498, -0.0886 0.9684 0.0016, -0.0886 0.9779 0.0479, -0.0886 0.5724 0.1299, -0.0886 0.5724 0.0827, -0.0098 0.5724 0.0827, -0.0098 0.5724 0.1299, -0.0098 0.1616 0.1299, -0.0886 0.2937 0.1299, -0.0098 0.075 0.1299, -0.0886 0.0961 0.1299, -0.0452 0.0137 0.1299, -0.1358 0.0144 0.1299, -0.0511 -0.0005 0.1299, -0.1401 0.005 0.1299, -0.0531 -0.0158 0.1299, -0.085 -0.8091 0.1299, -0.0877 -0.7992 0.1299, -0.1437 -1.5315 0.1299, -0.0886 -0.7889 0.1299, -0.1437 -0.0152 0.1299, -0.0886 -0.6284 0.1299, -0.0866 -0.6131 0.1299, -0.0807 -0.5988 0.1299, -0.0611 -0.5649 0.1299, -0.0567 -0.5555 0.1299, -0.054 -0.5456 0.1299, -0.0531 -0.5353 0.1299, -0.0531 -1.5315 0.1299, -0.0531 -0.8819 0.1299, -0.054 -0.8717 0.1299, -0.0567 -0.8618 0.1299, -0.0611 -0.8524 0.1299, -0.0807 -0.8185 0.1299, -0.1428 -0.0049 0.1299, -0.0807 -0.5988 0.0827, -0.0866 -0.6131 0.0827, -0.1437 -0.0152 0.0827, -0.0886 0.2937 0.0827, -0.0098 0.1616 0.0827, -0.0886 0.0961 0.0827, -0.0098 0.075 0.0827, -0.1358 0.0144 0.0827, -0.0611 -0.5649 0.0827, -0.085 -0.8091 0.0827, -0.0807 -0.8185 0.0827, -0.1437 -1.5551 0.0827, -0.0611 -0.8524 0.0827, -0.0452 0.0137 0.0827, -0.0511 -0.0005 0.0827, -0.1401 0.005 0.0827, -0.0531 -0.0158 0.0827, -0.0886 -0.6284 0.0827, -0.0886 -0.7889 0.0827, -0.0877 -0.7992 0.0827, -0.0531 -1.5551 0.0827, -0.0531 -0.8819 0.0827, -0.054 -0.8717 0.0827, -0.0567 -0.8618 0.0827, -0.0531 -0.5353 0.0827, -0.054 -0.5456 0.0827, -0.0567 -0.5555 0.0827, -0.1428 -0.0049 0.0827, -0.0531 -1.5551 0.1063, -0.1437 -1.5551 0.1063, -0.2854 1.1811 0.0157, -0.2854 1.1654 0.0, -0.2854 1.1811 0.0315, -0.2854 0.9843 0.0, -0.2854 1.1654 0.0472, -0.2854 0.9843 0.0472, -0.2067 0.9843 0.0, -0.2067 1.1654 0.0, -0.2067 1.1654 0.0472, -0.2067 0.9843 0.0472, -0.2067 1.1811 0.0315, -0.2067 1.1811 0.0157, -0.2067 0.9684 0.0016, -0.2067 0.9779 0.0479, -0.2067 0.9531 0.0064, -0.2067 0.9718 0.0498, -0.2067 0.782 0.0801, -0.2067 0.8006 0.1235, -0.2067 0.7759 0.082, -0.2067 0.7854 0.1283, -0.2067 0.7695 0.0827, -0.2067 0.7695 0.1299, -0.2854 0.7695 0.0827, -0.2854 0.7695 0.1299, -0.2854 0.7759 0.082, -0.2854 0.7854 0.1283, -0.2854 0.782 0.0801, -0.2854 0.8006 0.1235, -0.2854 0.9531 0.0064, -0.2854 0.9718 0.0498, -0.2854 0.9684 0.0016, -0.2854 0.9779 0.0479, -0.3445 -1.5551 0.0827, -0.2461 -1.5551 0.0827, -0.3445 -1.5551 0.1063, -0.2461 -1.5551 0.1063, -0.3445 -1.5315 0.1299, -0.3445 -0.0288 0.1299, -0.3445 -0.0288 0.0827, -0.3436 -0.0186 0.1299, -0.3436 -0.0186 0.0827, -0.3409 -0.0086 0.1299, -0.3409 -0.0086 0.0827, -0.3366 0.0007 0.1299, -0.3366 0.0007 0.0827, -0.2933 0.0756 0.1299, -0.2933 0.0756 0.0827, -0.2854 0.1051 0.1299, -0.2854 0.1051 0.0827, -0.2863 0.0949 0.1299, -0.2863 0.0949 0.0827, -0.289 0.0849 0.1299, -0.289 0.0849 0.0827, -0.2067 0.084 0.0827, -0.2067 0.084 0.1299, -0.2076 0.0738 0.1299, -0.2076 0.0738 0.0827, -0.2103 0.0638 0.1299, -0.2103 0.0638 0.0827, -0.2146 0.0545 0.1299, -0.2146 0.0545 0.0827, -0.2382 0.0137 0.1299, -0.2382 0.0137 0.0827, -0.2461 -0.0158 0.1299, -0.2461 -0.0158 0.0827, -0.2452 -0.0056 0.1299, -0.2452 -0.0056 0.0827, -0.2425 0.0044 0.1299, -0.2425 0.0044 0.0827, -0.2461 -1.5315 0.1299, -0.6988 0.6496 0.0157, -0.7776 0.6496 0.0157, -0.6988 0.6496 0.0315, -0.7776 0.6496 0.0315, -0.7776 0.6339 0.0, -0.6988 0.6339 0.0, -0.6988 0.6339 0.0472, -0.7776 0.6339 0.0472, -0.6988 0.464 0.0472, -0.6988 0.464 0.0, -0.7776 0.464 0.0, -0.7776 0.464 0.0472, -0.6988 0.2278 0.0, -0.7776 0.2278 0.0, -0.6988 0.2278 0.0472, -0.7776 0.2278 0.0472, -0.6988 0.2209 -0.0008, -0.6988 0.2105 0.0453, -0.6988 0.2143 -0.003, -0.6988 0.1941 0.0397, -0.6988 0.2084 -0.0067, -0.6988 0.1793 0.0305, -0.6988 0.2034 -0.0116, -0.6988 0.1669 0.0184, -0.6988 0.1997 -0.0174, -0.6988 0.1574 0.0038, -0.6988 0.1572 -0.1022, -0.6988 0.115 -0.081, -0.6988 0.1477 -0.1168, -0.6988 0.1112 -0.0869, -0.6988 0.1353 -0.1289, -0.6988 0.1062 -0.0917, -0.6988 0.1205 -0.1381, -0.6988 0.1003 -0.0954, -0.6988 0.1041 -0.1437, -0.6988 0.0937 -0.0977, -0.6988 0.0868 -0.1457, -0.6988 0.0868 -0.0984, -0.7776 0.0868 -0.1457, -0.7776 0.0868 -0.0984, -0.7776 0.1041 -0.1437, -0.7776 0.0937 -0.0977, -0.7776 0.1205 -0.1381, -0.7776 0.1003 -0.0954, -0.7776 0.1353 -0.1289, -0.7776 0.1062 -0.0917, -0.7776 0.1477 -0.1168, -0.7776 0.1112 -0.0869, -0.7776 0.1572 -0.1022, -0.7776 0.115 -0.081, -0.7776 0.1997 -0.0174, -0.7776 0.1574 0.0038, -0.7776 0.2034 -0.0116, -0.7776 0.1669 0.0184, -0.7776 0.2084 -0.0067, -0.7776 0.1793 0.0305, -0.7776 0.2143 -0.003, -0.7776 0.1941 0.0397, -0.7776 0.2209 -0.0008, -0.7776 0.2105 0.0453, -0.6988 0.0174 -0.1457, -0.6988 0.0174 -0.0984, -0.7776 0.0121 -0.0984, -0.7776 0.0121 -0.1457, -0.7067 -0.8185 -0.1457, -0.7024 -0.8091 -0.1457, -0.6437 -1.5275 -0.1457, -0.7263 -0.8524 -0.1457, -0.6437 -0.0939 -0.1457, -0.6997 -0.6181 -0.1457, -0.7024 -0.6082 -0.1457, -0.7696 -0.0174 -0.1457, -0.774 -0.0081 -0.1457, -0.7767 0.0019 -0.1457, -0.6997 -0.7992 -0.1457, -0.6988 -0.7889 -0.1457, -0.6988 -0.6284 -0.1457, -0.7343 -1.5275 -0.1457, -0.7343 -0.8819 -0.1457, -0.7334 -0.8717 -0.1457, -0.7307 -0.8618 -0.1457, -0.7067 -0.5988 -0.1457, -0.7263 -0.5649 -0.1457, -0.7307 -0.5555 -0.1457, -0.7422 -0.065 -0.1457, -0.6516 -0.0644 -0.1457, -0.7363 -0.0793 -0.1457, -0.6473 -0.0737 -0.1457, -0.7343 -0.0945 -0.1457, -0.6446 -0.0837 -0.1457, -0.7334 -0.5456 -0.1457, -0.7343 -0.5353 -0.1457, -0.7343 -0.8819 -0.0984, -0.7343 -1.5551 -0.0984, -0.6437 -1.5551 -0.0984, -0.7767 0.0019 -0.0984, -0.6997 -0.7992 -0.0984, -0.7024 -0.8091 -0.0984, -0.774 -0.0081 -0.0984, -0.7696 -0.0174 -0.0984, -0.6516 -0.0644 -0.0984, -0.7067 -0.5988 -0.0984, -0.7024 -0.6082 -0.0984, -0.6437 -0.0939 -0.0984, -0.7067 -0.8185 -0.0984, -0.7263 -0.8524 -0.0984, -0.7307 -0.8618 -0.0984, -0.7334 -0.8717 -0.0984, -0.7422 -0.065 -0.0984, -0.7363 -0.0793 -0.0984, -0.6473 -0.0737 -0.0984, -0.7343 -0.0945 -0.0984, -0.6446 -0.0837 -0.0984, -0.6997 -0.6181 -0.0984, -0.6988 -0.6284 -0.0984, -0.6988 -0.7889 -0.0984, -0.7343 -0.5353 -0.0984, -0.7334 -0.5456 -0.0984, -0.7307 -0.5555 -0.0984, -0.7263 -0.5649 -0.0984, -0.7343 -1.5551 -0.1181, -0.6437 -1.5551 -0.1181, -1.0925 0.6496 0.0157, -1.1713 0.6496 0.0157, -1.0925 0.6496 0.0315, -1.1713 0.6496 0.0315, -1.1713 0.6339 0.0, -1.0925 0.6339 0.0, -1.0925 0.6339 0.0472, -1.1713 0.6339 0.0472, -1.0925 0.464 0.0472, -1.0925 0.464 0.0, -1.1713 0.464 0.0472, -1.1713 0.464 0.0, -1.0925 0.2278 0.0, -1.1713 0.2278 0.0, -1.1713 0.2278 0.0472, -1.0925 0.2278 0.0472, -1.0925 0.0868 -0.0984, -1.0925 0.0868 -0.1457, -1.0925 0.0937 -0.0977, -1.0925 0.1041 -0.1437, -1.0925 0.1003 -0.0954, -1.0925 0.1205 -0.1381, -1.0925 0.1062 -0.0917, -1.0925 0.1353 -0.1289, -1.0925 0.1112 -0.0869, -1.0925 0.1477 -0.1168, -1.0925 0.115 -0.081, -1.0925 0.1572 -0.1022, -1.0925 0.1574 0.0038, -1.0925 0.1997 -0.0174, -1.0925 0.1669 0.0184, -1.0925 0.2034 -0.0116, -1.0925 0.1793 0.0305, -1.0925 0.2084 -0.0067, -1.0925 0.1941 0.0397, -1.0925 0.2143 -0.003, -1.0925 0.2105 0.0453, -1.0925 0.2209 -0.0008, -1.1713 0.0868 -0.1457, -1.1713 0.0868 -0.0984, -1.1713 0.1041 -0.1437, -1.1713 0.0937 -0.0977, -1.1713 0.1205 -0.1381, -1.1713 0.1003 -0.0954, -1.1713 0.1353 -0.1289, -1.1713 0.1062 -0.0917, -1.1713 0.1477 -0.1168, -1.1713 0.1112 -0.0869, -1.1713 0.1572 -0.1022, -1.1713 0.115 -0.081, -1.1713 0.1997 -0.0174, -1.1713 0.1574 0.0038, -1.1713 0.2034 -0.0116, -1.1713 0.1669 0.0184, -1.1713 0.2084 -0.0067, -1.1713 0.1793 0.0305, -1.1713 0.2143 -0.003, -1.1713 0.1941 0.0397, -1.1713 0.2209 -0.0008, -1.1713 0.2105 0.0453, -1.0925 0.0093 -0.1457, -1.0925 0.0093 -0.0984, -1.1713 -0.0118 -0.0984, -1.1713 -0.0118 -0.1457, -1.0315 -0.5804 -0.1457, -1.1324 -0.588 -0.1457, -1.1339 -0.5804 -0.1457, -1.1633 -0.0413 -0.1457, -1.0905 -0.0059 -0.1457, -1.1496 -0.065 -0.1457, -1.0846 -0.0202 -0.1457, -1.1437 -0.0793 -0.1457, -1.1704 -0.022 -0.1457, -1.1677 -0.032 -0.1457, -1.1397 -0.5587 -0.1457, -1.1412 -0.5511 -0.1457, -1.0256 -0.5587 -0.1457, -1.1417 -0.5434 -0.1457, -1.0241 -0.5511 -0.1457, -1.0335 -0.5957 -0.1457, -1.0335 -1.7441 -0.1457, -1.1319 -1.7441 -0.1457, -1.0325 -0.588 -0.1457, -1.1319 -0.5957 -0.1457, -1.1417 -0.0945 -0.1457, -1.0315 -0.1121 -0.1457, -1.0272 -0.1214 -0.1457, -1.0245 -0.1314 -0.1457, -1.0236 -0.1416 -0.1457, -1.0236 -0.5434 -0.1457, -1.1339 -0.5804 -0.0984, -1.1324 -0.588 -0.0984, -1.0315 -0.5804 -0.0984, -1.0905 -0.0059 -0.0984, -1.1704 -0.022 -0.0984, -1.1677 -0.032 -0.0984, -1.1633 -0.0413 -0.0984, -1.0846 -0.0202 -0.0984, -1.1319 -1.7716 -0.0984, -1.0335 -1.7716 -0.0984, -1.1319 -0.5957 -0.0984, -1.0335 -0.5957 -0.0984, -1.033 -0.588 -0.0984, -1.1417 -0.5434 -0.0984, -1.0236 -0.5434 -0.0984, -1.1417 -0.0945 -0.0984, -1.0236 -0.1416 -0.0984, -1.0245 -0.1314 -0.0984, -1.1412 -0.5511 -0.0984, -1.1397 -0.5587 -0.0984, -1.0241 -0.5511 -0.0984, -1.0256 -0.5587 -0.0984, -1.1496 -0.065 -0.0984, -1.1437 -0.0793 -0.0984, -1.0315 -0.1121 -0.0984, -1.0272 -0.1214 -0.0984, -1.1319 -1.7716 -0.1181, -1.0335 -1.7716 -0.1181, 1.0925 1.1811 0.0315, 1.1713 1.1811 0.0315, 1.0925 1.1811 0.0157, 1.1713 1.1811 0.0157, 1.1713 1.1654 0.0472, 1.0925 1.1654 0.0472, 1.0925 1.1654 0.0, 1.1713 1.1654 0.0, 1.0925 0.9843 0.0, 1.0925 0.9843 0.0472, 1.1713 0.9843 0.0472, 1.1713 0.9843 0.0, 1.1713 0.7695 0.1299, 1.1713 0.7695 0.0827, 1.1713 0.7854 0.1283, 1.1713 0.7759 0.082, 1.1713 0.8006 0.1235, 1.1713 0.782 0.0801, 1.1713 0.9718 0.0498, 1.1713 0.9531 0.0064, 1.1713 0.9779 0.0479, 1.1713 0.9684 0.0016, 1.0925 0.7695 0.0827, 1.0925 0.7695 0.1299, 1.0925 0.7759 0.082, 1.0925 0.7854 0.1283, 1.0925 0.782 0.0801, 1.0925 0.8006 0.1235, 1.0925 0.9531 0.0064, 1.0925 0.9718 0.0498, 1.0925 0.9684 0.0016, 1.0925 0.9779 0.0479, 1.0925 0.0881 0.1299, 1.0925 0.0881 0.0827, 1.1713 0.067 0.0827, 1.1713 0.067 0.1299, 1.0256 -0.5587 0.1299, 1.1339 -0.5804 0.1299, 1.0236 -0.5434 0.1299, 1.1397 -0.5587 0.1299, 1.1633 0.0375 0.1299, 1.0905 0.0728 0.1299, 1.1496 0.0137 0.1299, 1.0846 0.0586 0.1299, 1.1437 -0.0005 0.1299, 1.1704 0.0567 0.1299, 1.1677 0.0468 0.1299, 1.0335 -1.748 0.1299, 1.1319 -1.748 0.1299, 1.0335 -0.5957 0.1299, 1.1319 -0.5957 0.1299, 1.033 -0.588 0.1299, 1.0315 -0.5804 0.1299, 1.1417 -0.0158 0.1299, 1.0315 -0.0334 0.1299, 1.0272 -0.0427 0.1299, 1.1412 -0.5511 0.1299, 1.1417 -0.5434 0.1299, 1.0236 -0.0629 0.1299, 1.0245 -0.0526 0.1299, 1.0905 0.0728 0.0827, 1.1704 0.0567 0.0827, 1.1677 0.0468 0.0827, 1.1633 0.0375 0.0827, 1.0846 0.0586 0.0827, 1.1319 -0.5957 0.0827, 1.1319 -1.7716 0.0827, 1.0335 -1.7716 0.0827, 1.1339 -0.5804 0.0827, 1.0256 -0.5587 0.0827, 1.1397 -0.5587 0.0827, 1.0236 -0.5434 0.0827, 1.1412 -0.5511 0.0827, 1.1417 -0.5434 0.0827, 1.0335 -0.5957 0.0827, 1.033 -0.588 0.0827, 1.0315 -0.5804 0.0827, 1.1417 -0.0158 0.0827, 1.0236 -0.0629 0.0827, 1.0245 -0.0526 0.0827, 1.1496 0.0137 0.0827, 1.1437 -0.0005 0.0827, 1.0315 -0.0334 0.0827, 1.0272 -0.0427 0.0827, 1.1319 -1.7716 0.1063, 1.0335 -1.7716 0.1063, 0.8957 1.1811 0.0315, 0.9744 1.1811 0.0315, 0.8957 1.1811 0.0157, 0.9744 1.1811 0.0157, 0.8957 1.1654 0.0, 0.9744 1.1654 0.0, 0.9744 1.1654 0.0472, 0.8957 1.1654 0.0472, 0.8957 0.9843 0.0472, 0.8957 0.9843 0.0, 0.9744 0.9843 0.0, 0.9744 0.9843 0.0472, 0.9744 0.9684 0.0016, 0.9744 0.9779 0.0479, 0.9744 0.9531 0.0064, 0.9744 0.9718 0.0498, 0.9744 0.782 0.0801, 0.9744 0.8006 0.1235, 0.9744 0.7759 0.082, 0.9744 0.7854 0.1283, 0.9744 0.7695 0.0827, 0.9744 0.7695 0.1299, 0.8957 0.7695 0.0827, 0.8957 0.7695 0.1299, 0.8957 0.7759 0.082, 0.8957 0.7854 0.1283, 0.8957 0.782 0.0801, 0.8957 0.8006 0.1235, 0.8957 0.9531 0.0064, 0.8957 0.9718 0.0498, 0.8957 0.9684 0.0016, 0.8957 0.9779 0.0479, 0.8957 0.5724 0.1299, 0.8957 0.5724 0.0827, 0.9744 0.5724 0.0827, 0.9744 0.5724 0.1299, 0.8406 -0.8819 0.1299, 0.8406 -1.5315 0.1299, 0.9311 -1.5315 0.1299, 0.8724 -0.8091 0.1299, 0.8681 -0.8185 0.1299, 0.8441 -0.8618 0.1299, 0.8414 -0.8717 0.1299, 0.9311 -0.0158 0.1299, 0.932 -0.0056 0.1299, 0.8957 0.0961 0.1299, 0.9347 0.0044 0.1299, 0.8414 -0.0049 0.1299, 0.8406 -0.0152 0.1299, 0.8441 0.005 0.1299, 0.8485 0.0144 0.1299, 0.8406 -0.5353 0.1299, 0.8681 -0.5988 0.1299, 0.9744 0.1616 0.1299, 0.8957 0.2937 0.1299, 0.9744 0.075 0.1299, 0.939 0.0137 0.1299, 0.8485 -0.8524 0.1299, 0.8414 -0.5456 0.1299, 0.8441 -0.5555 0.1299, 0.8485 -0.5649 0.1299, 0.8724 -0.6082 0.1299, 0.8751 -0.6181 0.1299, 0.876 -0.6284 0.1299, 0.876 -0.7889 0.1299, 0.8751 -0.7992 0.1299, 0.8724 -0.8091 0.0827, 0.8751 -0.7992 0.0827, 0.9311 -1.5551 0.0827, 0.876 -0.7889 0.0827, 0.9311 -0.0158 0.0827, 0.8681 -0.8185 0.0827, 0.8406 -1.5551 0.0827, 0.8406 -0.8819 0.0827, 0.8724 -0.6082 0.0827, 0.932 -0.0056 0.0827, 0.8751 -0.6181 0.0827, 0.876 -0.6284 0.0827, 0.8414 -0.8717 0.0827, 0.8441 -0.8618 0.0827, 0.8485 -0.8524 0.0827, 0.8957 0.2937 0.0827, 0.9744 0.1616 0.0827, 0.8957 0.0961 0.0827, 0.9744 0.075 0.0827, 0.8485 0.0144 0.0827, 0.939 0.0137 0.0827, 0.8406 -0.5353 0.0827, 0.8406 -0.0152 0.0827, 0.8414 -0.0049 0.0827, 0.8681 -0.5988 0.0827, 0.8485 -0.5649 0.0827, 0.8441 -0.5555 0.0827, 0.8414 -0.5456 0.0827, 0.9347 0.0044 0.0827, 0.8441 0.005 0.0827, 0.8406 -1.5551 0.1063, 0.9311 -1.5551 0.1063, 0.1083 1.1811 0.0315, 0.187 1.1811 0.0315, 0.1083 1.1811 0.0157, 0.187 1.1811 0.0157, 0.1083 1.1654 0.0, 0.187 1.1654 0.0, 0.187 1.1654 0.0472, 0.1083 1.1654 0.0472, 0.1083 0.9843 0.0472, 0.1083 0.9843 0.0, 0.187 0.9843 0.0, 0.187 0.9843 0.0472, 0.187 0.9684 0.0016, 0.187 0.9779 0.0479, 0.187 0.9531 0.0064, 0.187 0.9718 0.0498, 0.187 0.782 0.0801, 0.187 0.8006 0.1235, 0.187 0.7759 0.082, 0.187 0.7854 0.1283, 0.187 0.7695 0.0827, 0.187 0.7695 0.1299, 0.1083 0.7695 0.0827, 0.1083 0.7695 0.1299, 0.1083 0.7759 0.082, 0.1083 0.7854 0.1283, 0.1083 0.782 0.0801, 0.1083 0.8006 0.1235, 0.1083 0.9531 0.0064, 0.1083 0.9718 0.0498, 0.1083 0.9684 0.0016, 0.1083 0.9779 0.0479, 0.1083 0.5724 0.1299, 0.1083 0.5724 0.0827, 0.187 0.5724 0.0827, 0.187 0.5724 0.1299, 0.0531 -0.8819 0.1299, 0.0531 -1.5315 0.1299, 0.1437 -1.5315 0.1299, 0.1083 0.0961 0.1299, 0.1446 -0.0056 0.1299, 0.1473 0.0044 0.1299, 0.1437 -0.0158 0.1299, 0.187 0.1616 0.1299, 0.1083 0.2937 0.1299, 0.187 0.075 0.1299, 0.1516 0.0137 0.1299, 0.0567 0.005 0.1299, 0.054 -0.0049 0.1299, 0.0531 -0.0152 0.1299, 0.0531 -0.5353 0.1299, 0.0807 -0.5988 0.1299, 0.0611 0.0144 0.1299, 0.085 -0.6082 0.1299, 0.0877 -0.6181 0.1299, 0.085 -0.8091 0.1299, 0.0807 -0.8185 0.1299, 0.0611 -0.8524 0.1299, 0.0567 -0.8618 0.1299, 0.054 -0.8717 0.1299, 0.054 -0.5456 0.1299, 0.0567 -0.5555 0.1299, 0.0611 -0.5649 0.1299, 0.0886 -0.6284 0.1299, 0.0886 -0.7889 0.1299, 0.0877 -0.7992 0.1299, 0.085 -0.8091 0.0827, 0.0877 -0.7992 0.0827, 0.1437 -1.5551 0.0827, 0.0886 -0.7889 0.0827, 0.1437 -0.0158 0.0827, 0.0886 -0.6284 0.0827, 0.0877 -0.6181 0.0827, 0.1446 -0.0056 0.0827, 0.1083 0.2937 0.0827, 0.187 0.1616 0.0827, 0.1083 0.0961 0.0827, 0.187 0.075 0.0827, 0.0611 0.0144 0.0827, 0.1516 0.0137 0.0827, 0.085 -0.6082 0.0827, 0.0807 -0.5988 0.0827, 0.0611 -0.5649 0.0827, 0.0531 -1.5551 0.0827, 0.0531 -0.8819 0.0827, 0.054 -0.8717 0.0827, 0.0567 -0.8618 0.0827, 0.0611 -0.8524 0.0827, 0.0807 -0.8185 0.0827, 0.054 -0.5456 0.0827, 0.0531 -0.5353 0.0827, 0.0567 -0.5555 0.0827, 0.1473 0.0044 0.0827, 0.0567 0.005 0.0827, 0.054 -0.0049 0.0827, 0.0531 -0.0152 0.0827, 0.0531 -1.5551 0.1063, 0.1437 -1.5551 0.1063
            ]
        }
        coordIndex [
            0,1,2,-1,2,1,3,-1,4,1,5,-1,5,1,0,-1,6,2,7,-1,7,2,3,-1,8,9,6,-1,6,9,5,-1,6,5,2,-1,2,5,0,-1,10,11,4,-1,4,11,7,-1,4,7,1,-1,1,7,3,-1,5,9,4,-1,4,9,10,-1,11,8,7,-1,7,8,6,-1,11,10,12,-1,12,10,13,-1,12,13,14,-1,14,13,15,-1,14,15,16,-1,16,15,17,-1,16,17,18,-1,18,17,19,-1,18,19,20,-1,20,19,21,-1,22,23,24,-1,24,23,25,-1,24,25,26,-1,26,25,27,-1,26,27,28,-1,28,27,29,-1,28,29,30,-1,30,29,31,-1,30,31,8,-1,8,31,9,-1,29,15,31,-1,31,15,13,-1,31,13,9,-1,9,13,10,-1,29,27,15,-1,15,27,17,-1,23,21,19,-1,23,19,25,-1,25,19,17,-1,25,17,27,-1,26,16,24,-1,24,16,18,-1,24,18,22,-1,22,18,20,-1,26,28,16,-1,16,28,14,-1,8,11,12,-1,8,12,30,-1,30,12,14,-1,30,14,28,-1,32,23,33,-1,33,23,22,-1,34,20,35,-1,35,20,21,-1,36,37,38,-1,38,37,39,-1,40,41,42,-1,42,41,43,-1,42,43,44,-1,21,23,35,-1,35,23,32,-1,35,32,45,-1,45,32,41,-1,45,41,46,-1,46,41,40,-1,47,48,49,-1,49,48,50,-1,49,50,51,-1,51,50,37,-1,51,37,52,-1,52,37,36,-1,44,43,53,-1,53,43,54,-1,53,54,55,-1,39,56,38,-1,38,56,57,-1,38,57,58,-1,58,57,53,-1,58,53,59,-1,59,53,55,-1,22,20,33,-1,33,20,34,-1,33,34,60,-1,60,34,61,-1,61,62,60,-1,60,62,63,-1,60,63,64,-1,65,66,67,-1,68,69,70,-1,70,69,71,-1,70,71,72,-1,72,71,73,-1,67,74,65,-1,65,74,75,-1,65,75,68,-1,68,75,76,-1,68,76,69,-1,73,71,77,-1,77,71,78,-1,77,78,79,-1,63,80,64,-1,64,80,81,-1,64,81,82,-1,82,81,77,-1,82,77,83,-1,83,77,79,-1,52,76,51,-1,51,76,75,-1,51,75,49,-1,49,75,74,-1,76,52,69,-1,69,52,36,-1,36,38,69,-1,69,38,71,-1,78,71,58,-1,58,71,38,-1,78,58,59,-1,78,59,79,-1,79,59,55,-1,79,55,83,-1,83,55,54,-1,83,54,82,-1,54,43,82,-1,82,43,64,-1,32,33,41,-1,41,33,60,-1,41,60,43,-1,43,60,64,-1,34,35,45,-1,34,45,61,-1,61,45,46,-1,61,46,62,-1,62,46,40,-1,62,40,63,-1,40,42,63,-1,63,42,80,-1,53,77,44,-1,44,77,81,-1,44,81,42,-1,42,81,80,-1,73,77,57,-1,57,77,53,-1,73,57,56,-1,73,56,72,-1,72,56,39,-1,72,39,70,-1,37,68,39,-1,39,68,70,-1,50,65,37,-1,37,65,68,-1,84,66,48,-1,48,66,65,-1,48,65,50,-1,85,67,84,-1,84,67,66,-1,49,74,47,-1,47,74,67,-1,47,67,85,-1,48,47,84,-1,84,47,85,-1,86,87,88,-1,88,87,89,-1,90,87,91,-1,91,87,86,-1,92,88,93,-1,93,88,89,-1,86,88,91,-1,91,88,92,-1,91,92,94,-1,94,92,95,-1,96,97,90,-1,90,97,93,-1,90,93,87,-1,87,93,89,-1,91,94,90,-1,90,94,96,-1,97,95,93,-1,93,95,92,-1,97,96,98,-1,98,96,99,-1,98,99,100,-1,100,99,101,-1,100,101,102,-1,102,101,103,-1,102,103,104,-1,104,103,105,-1,104,105,106,-1,106,105,107,-1,108,109,110,-1,110,109,111,-1,110,111,112,-1,112,111,113,-1,112,113,114,-1,114,113,115,-1,114,115,116,-1,116,115,117,-1,116,117,95,-1,95,117,94,-1,115,101,117,-1,117,101,99,-1,117,99,94,-1,94,99,96,-1,115,113,101,-1,101,113,103,-1,109,107,105,-1,109,105,111,-1,111,105,103,-1,111,103,113,-1,112,102,110,-1,110,102,104,-1,110,104,108,-1,108,104,106,-1,112,114,102,-1,102,114,100,-1,95,97,98,-1,95,98,116,-1,116,98,100,-1,116,100,114,-1,118,109,119,-1,119,109,108,-1,120,106,121,-1,121,106,107,-1,122,123,124,-1,124,123,125,-1,126,127,128,-1,128,127,129,-1,128,129,130,-1,107,109,121,-1,121,109,118,-1,121,118,131,-1,131,118,127,-1,131,127,132,-1,132,127,126,-1,133,134,135,-1,135,134,136,-1,135,136,137,-1,137,136,123,-1,137,123,138,-1,138,123,122,-1,130,129,139,-1,139,129,140,-1,139,140,141,-1,125,142,124,-1,124,142,143,-1,124,143,144,-1,144,143,139,-1,144,139,145,-1,145,139,141,-1,108,106,119,-1,119,106,120,-1,119,120,146,-1,146,120,147,-1,147,148,146,-1,146,148,149,-1,146,149,150,-1,151,152,153,-1,154,155,156,-1,156,155,157,-1,156,157,158,-1,158,157,159,-1,153,160,151,-1,151,160,161,-1,151,161,154,-1,154,161,162,-1,154,162,155,-1,159,157,163,-1,163,157,164,-1,163,164,165,-1,149,166,150,-1,150,166,167,-1,150,167,168,-1,168,167,163,-1,168,163,169,-1,169,163,165,-1,138,162,137,-1,137,162,161,-1,137,161,135,-1,135,161,160,-1,162,138,155,-1,155,138,122,-1,122,124,155,-1,155,124,157,-1,164,157,144,-1,144,157,124,-1,164,144,145,-1,164,145,165,-1,165,145,141,-1,165,141,169,-1,169,141,140,-1,169,140,168,-1,140,129,168,-1,168,129,150,-1,118,119,127,-1,127,119,146,-1,127,146,129,-1,129,146,150,-1,120,121,131,-1,120,131,147,-1,147,131,132,-1,147,132,148,-1,148,132,126,-1,148,126,149,-1,126,128,149,-1,149,128,166,-1,139,163,130,-1,130,163,167,-1,130,167,128,-1,128,167,166,-1,159,163,143,-1,143,163,139,-1,159,143,142,-1,159,142,158,-1,158,142,125,-1,158,125,156,-1,123,154,125,-1,125,154,156,-1,136,151,123,-1,123,151,154,-1,170,152,134,-1,134,152,151,-1,134,151,136,-1,171,153,170,-1,170,153,152,-1,135,160,133,-1,133,160,153,-1,133,153,171,-1,134,133,170,-1,170,133,171,-1,172,173,174,-1,174,173,175,-1,176,173,177,-1,177,173,172,-1,178,174,179,-1,179,174,175,-1,174,178,172,-1,172,178,180,-1,172,180,177,-1,177,180,181,-1,173,176,175,-1,175,176,182,-1,175,182,179,-1,179,182,183,-1,176,177,182,-1,182,177,181,-1,182,181,184,-1,184,181,185,-1,178,179,180,-1,180,179,183,-1,180,183,186,-1,186,183,187,-1,188,189,190,-1,190,189,191,-1,190,191,192,-1,181,180,185,-1,185,180,186,-1,185,186,193,-1,193,186,194,-1,193,194,195,-1,195,194,196,-1,195,196,197,-1,197,196,198,-1,197,198,199,-1,199,198,200,-1,199,200,201,-1,201,200,202,-1,201,202,203,-1,203,202,204,-1,203,204,190,-1,190,204,205,-1,190,205,188,-1,206,207,208,-1,208,207,209,-1,208,209,210,-1,210,209,211,-1,210,211,212,-1,212,211,213,-1,212,213,214,-1,214,213,215,-1,214,215,216,-1,216,215,217,-1,216,217,218,-1,218,217,219,-1,218,219,220,-1,220,219,221,-1,220,221,222,-1,222,221,223,-1,222,223,224,-1,224,223,225,-1,224,225,226,-1,226,225,227,-1,226,227,184,-1,184,227,187,-1,184,187,182,-1,182,187,183,-1,203,190,216,-1,216,190,214,-1,190,228,214,-1,214,228,229,-1,214,229,212,-1,212,229,230,-1,212,230,210,-1,210,230,231,-1,210,231,208,-1,208,231,232,-1,208,232,206,-1,216,218,203,-1,203,218,201,-1,184,185,226,-1,226,185,193,-1,226,193,224,-1,224,193,195,-1,224,195,222,-1,222,195,197,-1,222,197,220,-1,220,197,199,-1,220,199,218,-1,218,199,201,-1,219,202,200,-1,219,200,221,-1,221,200,198,-1,221,198,223,-1,223,198,196,-1,223,196,225,-1,225,196,194,-1,225,194,227,-1,227,194,186,-1,227,186,187,-1,219,217,202,-1,202,217,204,-1,207,192,209,-1,209,192,191,-1,209,191,211,-1,211,191,189,-1,211,189,213,-1,213,189,188,-1,213,188,215,-1,215,188,205,-1,215,205,217,-1,217,205,204,-1,192,233,234,-1,234,232,192,-1,192,232,231,-1,192,231,230,-1,230,229,192,-1,192,229,228,-1,192,228,190,-1,235,207,236,-1,236,207,206,-1,237,238,239,-1,239,238,240,-1,239,240,241,-1,206,232,236,-1,236,232,234,-1,236,234,242,-1,242,234,238,-1,242,238,243,-1,243,238,237,-1,244,245,246,-1,246,245,247,-1,246,247,248,-1,248,247,249,-1,248,249,250,-1,241,240,251,-1,251,240,252,-1,251,252,253,-1,250,249,254,-1,254,249,255,-1,254,255,256,-1,256,255,257,-1,256,257,258,-1,257,259,258,-1,258,259,260,-1,258,260,261,-1,261,260,251,-1,261,251,262,-1,262,251,253,-1,263,264,265,-1,192,207,233,-1,233,207,235,-1,233,235,266,-1,266,235,267,-1,267,268,266,-1,266,268,269,-1,266,269,270,-1,271,272,273,-1,273,272,274,-1,273,274,264,-1,264,274,275,-1,264,275,265,-1,276,277,278,-1,278,277,279,-1,278,279,280,-1,276,281,277,-1,277,281,282,-1,277,282,283,-1,283,282,263,-1,283,263,284,-1,284,263,265,-1,269,285,270,-1,270,285,286,-1,270,286,287,-1,287,286,278,-1,287,278,288,-1,288,278,280,-1,250,265,248,-1,248,265,275,-1,248,275,246,-1,246,275,274,-1,284,265,254,-1,254,265,250,-1,284,254,256,-1,284,256,283,-1,283,256,258,-1,283,258,277,-1,279,277,261,-1,261,277,258,-1,279,261,262,-1,279,262,280,-1,280,262,253,-1,280,253,288,-1,288,253,252,-1,288,252,287,-1,252,240,287,-1,287,240,270,-1,234,233,238,-1,238,233,266,-1,238,266,240,-1,240,266,270,-1,235,236,242,-1,235,242,267,-1,267,242,243,-1,267,243,268,-1,268,243,237,-1,268,237,269,-1,237,239,269,-1,269,239,285,-1,251,278,241,-1,241,278,286,-1,241,286,239,-1,239,286,285,-1,276,278,260,-1,260,278,251,-1,276,260,259,-1,276,259,281,-1,281,259,257,-1,281,257,282,-1,257,255,282,-1,282,255,263,-1,247,273,249,-1,249,273,264,-1,249,264,255,-1,255,264,263,-1,247,245,273,-1,273,245,289,-1,273,289,271,-1,290,272,289,-1,289,272,271,-1,244,246,290,-1,290,246,274,-1,290,274,272,-1,245,244,289,-1,289,244,290,-1,291,292,293,-1,293,292,294,-1,295,292,296,-1,296,292,291,-1,297,293,298,-1,298,293,294,-1,293,297,291,-1,291,297,299,-1,291,299,296,-1,296,299,300,-1,292,295,294,-1,294,295,301,-1,294,301,298,-1,298,301,302,-1,303,304,300,-1,300,304,301,-1,300,301,296,-1,296,301,295,-1,297,298,299,-1,299,298,302,-1,299,302,305,-1,305,302,306,-1,307,308,309,-1,309,308,310,-1,309,310,311,-1,311,310,312,-1,311,312,313,-1,313,312,314,-1,313,314,315,-1,315,314,316,-1,315,316,317,-1,317,316,318,-1,317,318,319,-1,319,318,320,-1,319,320,321,-1,321,320,322,-1,321,322,323,-1,323,322,324,-1,323,324,325,-1,325,324,326,-1,325,326,327,-1,327,326,328,-1,327,328,305,-1,305,328,303,-1,305,303,299,-1,299,303,300,-1,329,330,331,-1,331,330,332,-1,331,332,333,-1,333,332,334,-1,333,334,335,-1,335,334,336,-1,335,336,337,-1,337,336,338,-1,337,338,339,-1,339,338,340,-1,339,340,341,-1,341,340,342,-1,341,342,343,-1,343,342,344,-1,343,344,345,-1,345,344,346,-1,345,346,347,-1,347,346,348,-1,347,348,349,-1,349,348,350,-1,349,350,304,-1,304,350,306,-1,304,306,301,-1,301,306,302,-1,339,318,316,-1,339,316,337,-1,337,316,314,-1,337,314,335,-1,335,314,312,-1,335,312,333,-1,333,312,310,-1,333,310,331,-1,331,310,308,-1,331,308,329,-1,339,341,318,-1,318,341,320,-1,304,303,349,-1,349,303,328,-1,349,328,347,-1,347,328,326,-1,347,326,345,-1,345,326,324,-1,345,324,343,-1,343,324,322,-1,343,322,341,-1,341,322,320,-1,342,319,321,-1,342,321,344,-1,344,321,323,-1,344,323,346,-1,346,323,325,-1,346,325,348,-1,348,325,327,-1,348,327,350,-1,350,327,305,-1,350,305,306,-1,342,340,319,-1,319,340,317,-1,330,307,332,-1,332,307,309,-1,332,309,334,-1,334,309,311,-1,334,311,336,-1,336,311,313,-1,336,313,338,-1,338,313,315,-1,338,315,340,-1,340,315,317,-1,308,307,351,-1,351,307,352,-1,353,330,354,-1,354,330,329,-1,355,356,357,-1,329,308,354,-1,354,308,351,-1,354,351,358,-1,358,351,359,-1,360,361,362,-1,363,364,362,-1,362,364,365,-1,362,365,351,-1,351,365,366,-1,351,366,359,-1,367,368,360,-1,369,370,371,-1,371,370,362,-1,372,373,357,-1,357,373,374,-1,357,374,355,-1,355,374,375,-1,355,375,376,-1,362,370,360,-1,360,370,377,-1,360,377,367,-1,361,378,362,-1,362,378,379,-1,362,379,363,-1,379,380,363,-1,363,380,381,-1,363,381,357,-1,357,381,382,-1,357,382,372,-1,383,352,353,-1,353,352,307,-1,353,307,330,-1,384,385,386,-1,383,387,352,-1,352,387,388,-1,352,388,389,-1,384,386,390,-1,391,392,393,-1,385,394,386,-1,386,394,395,-1,386,395,391,-1,391,395,396,-1,391,396,392,-1,386,397,398,-1,386,398,390,-1,390,398,399,-1,390,399,400,-1,388,401,389,-1,389,401,402,-1,389,402,403,-1,403,402,391,-1,403,391,404,-1,404,391,405,-1,393,406,391,-1,391,406,407,-1,391,407,408,-1,408,409,391,-1,391,409,410,-1,391,410,405,-1,407,406,360,-1,360,406,361,-1,407,360,368,-1,407,368,408,-1,408,368,367,-1,408,367,409,-1,409,367,377,-1,409,377,410,-1,405,410,370,-1,370,410,377,-1,405,370,369,-1,405,369,404,-1,404,369,371,-1,404,371,403,-1,403,371,362,-1,403,362,389,-1,351,352,362,-1,362,352,389,-1,353,354,358,-1,353,358,383,-1,383,358,359,-1,383,359,387,-1,387,359,366,-1,387,366,388,-1,366,365,388,-1,388,365,401,-1,363,391,364,-1,364,391,402,-1,364,402,365,-1,365,402,401,-1,363,357,391,-1,391,357,411,-1,391,411,386,-1,397,386,412,-1,412,386,411,-1,356,355,412,-1,412,355,398,-1,412,398,397,-1,398,355,376,-1,398,376,399,-1,399,376,375,-1,399,375,400,-1,400,375,374,-1,400,374,390,-1,374,373,390,-1,390,373,384,-1,381,395,382,-1,382,395,394,-1,382,394,372,-1,372,394,385,-1,372,385,373,-1,373,385,384,-1,396,395,380,-1,380,395,381,-1,361,406,378,-1,378,406,393,-1,378,393,379,-1,379,393,392,-1,379,392,380,-1,380,392,396,-1,356,412,357,-1,357,412,411,-1,413,414,415,-1,415,414,416,-1,417,415,418,-1,418,415,416,-1,419,414,420,-1,420,414,413,-1,413,415,420,-1,420,415,417,-1,420,417,421,-1,421,417,422,-1,416,414,418,-1,418,414,419,-1,418,419,423,-1,423,419,424,-1,423,422,418,-1,418,422,417,-1,420,421,419,-1,419,421,424,-1,423,424,425,-1,425,424,426,-1,425,426,427,-1,427,426,428,-1,427,428,429,-1,429,428,430,-1,429,430,431,-1,431,430,432,-1,431,432,433,-1,433,432,434,-1,435,436,437,-1,437,436,438,-1,437,438,439,-1,439,438,440,-1,439,440,441,-1,441,440,442,-1,441,442,443,-1,443,442,444,-1,443,444,422,-1,422,444,421,-1,442,428,444,-1,444,428,426,-1,444,426,421,-1,421,426,424,-1,442,440,428,-1,428,440,430,-1,436,434,432,-1,436,432,438,-1,438,432,430,-1,438,430,440,-1,439,429,437,-1,437,429,431,-1,437,431,435,-1,435,431,433,-1,439,441,429,-1,429,441,427,-1,422,423,425,-1,422,425,443,-1,443,425,427,-1,443,427,441,-1,445,436,446,-1,446,436,435,-1,447,433,448,-1,448,433,434,-1,434,436,448,-1,448,436,445,-1,448,445,449,-1,449,445,450,-1,449,450,451,-1,451,450,452,-1,451,452,453,-1,453,452,454,-1,453,454,455,-1,455,454,456,-1,455,456,457,-1,458,459,460,-1,460,459,461,-1,460,461,462,-1,462,461,463,-1,463,464,462,-1,462,464,465,-1,462,465,466,-1,467,468,469,-1,460,470,471,-1,472,473,471,-1,471,473,474,-1,471,474,460,-1,460,474,475,-1,460,475,458,-1,456,476,457,-1,457,476,462,-1,457,462,469,-1,469,462,466,-1,469,466,467,-1,477,478,479,-1,435,433,446,-1,446,433,447,-1,446,447,480,-1,480,447,481,-1,480,481,482,-1,482,481,483,-1,482,483,484,-1,477,479,485,-1,486,487,488,-1,488,487,489,-1,483,490,484,-1,484,490,491,-1,484,491,492,-1,492,491,493,-1,478,494,479,-1,479,494,495,-1,479,495,488,-1,488,495,496,-1,488,496,486,-1,497,488,498,-1,498,488,489,-1,498,489,499,-1,499,489,500,-1,501,502,503,-1,503,485,501,-1,501,485,479,-1,501,479,493,-1,493,479,504,-1,493,504,492,-1,470,460,505,-1,505,460,506,-1,505,497,470,-1,470,497,498,-1,470,498,471,-1,489,474,473,-1,489,473,500,-1,500,473,472,-1,500,472,499,-1,499,472,471,-1,499,471,498,-1,487,475,489,-1,489,475,474,-1,475,487,458,-1,458,487,486,-1,458,486,459,-1,459,486,496,-1,459,496,461,-1,461,496,495,-1,461,495,463,-1,463,495,494,-1,463,494,464,-1,464,494,478,-1,464,478,465,-1,465,478,477,-1,465,477,466,-1,466,477,485,-1,501,469,468,-1,501,468,502,-1,502,468,467,-1,502,467,503,-1,503,467,466,-1,503,466,485,-1,501,493,469,-1,469,493,457,-1,457,493,455,-1,455,493,491,-1,455,491,453,-1,453,491,490,-1,490,483,453,-1,453,483,451,-1,449,451,481,-1,481,451,483,-1,481,447,449,-1,449,447,448,-1,446,480,445,-1,445,480,450,-1,480,482,450,-1,450,482,452,-1,452,482,454,-1,454,482,484,-1,479,462,476,-1,479,476,504,-1,504,476,456,-1,504,456,492,-1,492,456,454,-1,492,454,484,-1,462,479,460,-1,460,479,488,-1,460,488,506,-1,488,497,506,-1,506,497,505,-1,507,508,509,-1,509,508,510,-1,509,510,511,-1,511,510,512,-1,513,510,514,-1,514,510,508,-1,511,512,515,-1,515,512,516,-1,517,515,518,-1,518,515,516,-1,518,516,514,-1,514,516,513,-1,515,517,511,-1,511,517,509,-1,508,507,514,-1,514,507,518,-1,509,517,507,-1,507,517,518,-1,513,516,519,-1,519,516,520,-1,519,520,521,-1,521,520,522,-1,521,522,523,-1,523,522,524,-1,523,524,525,-1,525,524,526,-1,525,526,527,-1,527,526,528,-1,529,530,531,-1,531,530,532,-1,531,532,533,-1,533,532,534,-1,533,534,535,-1,535,534,536,-1,535,536,537,-1,537,536,538,-1,537,538,510,-1,510,538,512,-1,536,522,538,-1,538,522,520,-1,538,520,512,-1,512,520,516,-1,536,534,522,-1,522,534,524,-1,530,528,526,-1,530,526,532,-1,532,526,524,-1,532,524,534,-1,533,523,531,-1,531,523,525,-1,531,525,529,-1,529,525,527,-1,533,535,523,-1,523,535,521,-1,510,513,519,-1,510,519,537,-1,537,519,521,-1,537,521,535,-1,539,540,541,-1,541,540,542,-1,543,544,541,-1,541,544,545,-1,541,545,539,-1,545,544,546,-1,545,546,547,-1,547,546,548,-1,547,548,549,-1,549,548,550,-1,549,550,551,-1,550,552,551,-1,551,552,553,-1,554,555,556,-1,556,555,557,-1,556,557,558,-1,558,557,559,-1,558,559,552,-1,552,559,553,-1,560,561,562,-1,560,562,563,-1,563,562,564,-1,563,564,565,-1,565,564,566,-1,565,566,567,-1,566,568,567,-1,567,568,569,-1,570,571,572,-1,572,571,573,-1,572,573,574,-1,574,573,575,-1,574,575,568,-1,568,575,569,-1,570,576,571,-1,571,576,542,-1,571,542,540,-1,543,541,576,-1,576,541,542,-1,554,530,555,-1,555,530,529,-1,560,527,561,-1,561,527,528,-1,529,527,555,-1,555,527,560,-1,555,560,557,-1,560,563,557,-1,557,563,565,-1,557,565,559,-1,559,565,567,-1,559,567,553,-1,553,567,569,-1,553,569,551,-1,540,539,571,-1,571,539,545,-1,569,575,551,-1,551,575,573,-1,551,573,549,-1,549,573,571,-1,549,571,547,-1,547,571,545,-1,561,528,530,-1,530,554,561,-1,561,554,556,-1,561,556,562,-1,550,548,570,-1,543,576,544,-1,544,576,570,-1,544,570,546,-1,546,570,548,-1,570,572,550,-1,550,572,574,-1,550,574,552,-1,552,574,568,-1,552,568,558,-1,558,568,566,-1,558,566,556,-1,556,566,564,-1,556,564,562,-1,577,578,579,-1,579,578,580,-1,581,578,582,-1,582,578,577,-1,583,579,584,-1,584,579,580,-1,579,583,577,-1,577,583,585,-1,577,585,582,-1,582,585,586,-1,578,581,580,-1,580,581,587,-1,580,587,584,-1,584,587,588,-1,589,590,586,-1,586,590,587,-1,586,587,582,-1,582,587,581,-1,583,584,585,-1,585,584,588,-1,585,588,591,-1,591,588,592,-1,586,585,589,-1,589,585,591,-1,589,591,593,-1,593,591,594,-1,593,594,595,-1,595,594,596,-1,595,596,597,-1,597,596,598,-1,597,598,599,-1,599,598,600,-1,599,600,601,-1,601,600,602,-1,601,602,603,-1,603,602,604,-1,603,604,605,-1,605,604,606,-1,605,606,607,-1,607,606,608,-1,607,608,609,-1,609,608,610,-1,609,610,611,-1,611,610,612,-1,611,612,613,-1,613,612,614,-1,615,616,617,-1,617,616,618,-1,617,618,619,-1,619,618,620,-1,619,620,621,-1,621,620,622,-1,621,622,623,-1,623,622,624,-1,623,624,625,-1,625,624,626,-1,625,626,627,-1,627,626,628,-1,627,628,629,-1,629,628,630,-1,629,630,631,-1,631,630,632,-1,631,632,633,-1,633,632,634,-1,633,634,635,-1,635,634,636,-1,635,636,590,-1,590,636,592,-1,590,592,587,-1,587,592,588,-1,625,603,605,-1,625,605,623,-1,623,605,607,-1,623,607,621,-1,621,607,609,-1,621,609,619,-1,619,609,611,-1,619,611,617,-1,617,611,613,-1,617,613,615,-1,625,627,603,-1,603,627,601,-1,590,589,635,-1,635,589,593,-1,635,593,633,-1,633,593,595,-1,633,595,631,-1,631,595,597,-1,631,597,629,-1,629,597,599,-1,629,599,627,-1,627,599,601,-1,628,602,600,-1,628,600,630,-1,630,600,598,-1,630,598,632,-1,632,598,596,-1,632,596,634,-1,634,596,594,-1,634,594,636,-1,636,594,591,-1,636,591,592,-1,628,626,602,-1,602,626,604,-1,616,614,618,-1,618,614,612,-1,618,612,620,-1,620,612,610,-1,620,610,622,-1,622,610,608,-1,622,608,624,-1,624,608,606,-1,624,606,626,-1,626,606,604,-1,613,614,637,-1,637,614,638,-1,639,616,640,-1,640,616,615,-1,615,613,640,-1,640,613,637,-1,641,642,643,-1,641,643,644,-1,645,646,647,-1,648,649,637,-1,637,649,650,-1,637,650,640,-1,642,651,643,-1,643,651,652,-1,643,652,645,-1,645,652,653,-1,645,653,646,-1,643,654,655,-1,643,655,644,-1,644,655,656,-1,644,656,657,-1,647,658,645,-1,645,658,659,-1,645,659,660,-1,648,637,661,-1,661,637,662,-1,661,662,663,-1,663,662,664,-1,663,664,665,-1,665,664,666,-1,665,666,645,-1,660,667,645,-1,645,667,668,-1,645,668,665,-1,669,670,671,-1,672,638,639,-1,639,638,614,-1,639,614,616,-1,673,674,671,-1,672,675,638,-1,638,675,676,-1,638,676,677,-1,678,679,680,-1,674,681,671,-1,671,681,682,-1,671,682,669,-1,669,682,683,-1,669,683,684,-1,676,685,677,-1,677,685,686,-1,677,686,687,-1,687,686,688,-1,687,688,689,-1,679,690,680,-1,680,690,691,-1,680,691,671,-1,671,691,692,-1,671,692,673,-1,689,688,680,-1,680,688,693,-1,680,693,694,-1,694,695,680,-1,680,695,696,-1,680,696,678,-1,655,654,669,-1,669,654,697,-1,669,697,670,-1,671,670,698,-1,698,670,697,-1,643,645,698,-1,698,645,680,-1,698,680,671,-1,680,645,666,-1,680,666,689,-1,689,666,664,-1,689,664,687,-1,687,664,662,-1,687,662,677,-1,637,638,662,-1,662,638,677,-1,639,640,650,-1,639,650,672,-1,672,650,649,-1,672,649,675,-1,675,649,648,-1,675,648,676,-1,648,661,676,-1,676,661,685,-1,665,688,663,-1,663,688,686,-1,663,686,661,-1,661,686,685,-1,693,688,668,-1,668,688,665,-1,693,668,667,-1,693,667,694,-1,694,667,660,-1,694,660,695,-1,695,660,659,-1,695,659,696,-1,659,658,696,-1,696,658,678,-1,653,691,646,-1,646,691,690,-1,646,690,647,-1,647,690,679,-1,647,679,658,-1,658,679,678,-1,692,691,652,-1,652,691,653,-1,641,681,642,-1,642,681,674,-1,642,674,651,-1,651,674,673,-1,651,673,652,-1,652,673,692,-1,682,681,644,-1,644,681,641,-1,682,644,657,-1,682,657,683,-1,683,657,656,-1,683,656,684,-1,684,656,655,-1,684,655,669,-1,654,643,697,-1,697,643,698,-1,699,700,701,-1,701,700,702,-1,703,700,704,-1,704,700,699,-1,705,701,706,-1,706,701,702,-1,707,708,705,-1,705,708,704,-1,705,704,701,-1,701,704,699,-1,702,700,706,-1,706,700,703,-1,706,703,709,-1,709,703,710,-1,711,712,708,-1,708,712,710,-1,708,710,704,-1,704,710,703,-1,713,714,709,-1,709,714,707,-1,709,707,706,-1,706,707,705,-1,715,716,717,-1,717,716,718,-1,717,718,719,-1,719,718,720,-1,719,720,721,-1,721,720,722,-1,721,722,723,-1,723,722,724,-1,723,724,725,-1,725,724,726,-1,725,726,727,-1,727,726,728,-1,727,728,729,-1,729,728,730,-1,729,730,731,-1,731,730,732,-1,731,732,733,-1,733,732,734,-1,733,734,735,-1,735,734,736,-1,735,736,714,-1,714,736,711,-1,714,711,707,-1,707,711,708,-1,737,738,739,-1,739,738,740,-1,739,740,741,-1,741,740,742,-1,741,742,743,-1,743,742,744,-1,743,744,745,-1,745,744,746,-1,745,746,747,-1,747,746,748,-1,747,748,749,-1,749,748,750,-1,749,750,751,-1,751,750,752,-1,751,752,753,-1,753,752,754,-1,753,754,755,-1,755,754,756,-1,755,756,757,-1,757,756,758,-1,757,758,712,-1,712,758,713,-1,712,713,710,-1,710,713,709,-1,747,726,724,-1,747,724,745,-1,745,724,722,-1,745,722,743,-1,743,722,720,-1,743,720,741,-1,741,720,718,-1,741,718,739,-1,739,718,716,-1,739,716,737,-1,747,749,726,-1,726,749,728,-1,712,711,757,-1,757,711,736,-1,757,736,755,-1,755,736,734,-1,755,734,753,-1,753,734,732,-1,753,732,751,-1,751,732,730,-1,751,730,749,-1,749,730,728,-1,750,727,729,-1,750,729,752,-1,752,729,731,-1,752,731,754,-1,754,731,733,-1,754,733,756,-1,756,733,735,-1,756,735,758,-1,758,735,714,-1,758,714,713,-1,750,748,727,-1,727,748,725,-1,738,715,740,-1,740,715,717,-1,740,717,742,-1,742,717,719,-1,742,719,744,-1,744,719,721,-1,744,721,746,-1,746,721,723,-1,746,723,748,-1,748,723,725,-1,759,716,760,-1,760,716,715,-1,761,738,762,-1,762,738,737,-1,763,764,765,-1,766,767,768,-1,768,767,769,-1,768,769,770,-1,737,716,762,-1,762,716,759,-1,762,759,771,-1,771,759,767,-1,771,767,772,-1,772,767,766,-1,765,773,763,-1,763,773,774,-1,763,774,775,-1,775,774,776,-1,775,776,777,-1,778,779,780,-1,763,781,764,-1,764,781,778,-1,764,778,782,-1,782,778,780,-1,770,769,783,-1,783,769,784,-1,783,784,785,-1,785,786,783,-1,783,786,787,-1,783,787,776,-1,776,787,788,-1,776,788,777,-1,789,790,791,-1,715,738,760,-1,760,738,761,-1,760,761,792,-1,792,761,793,-1,793,794,792,-1,792,794,795,-1,792,795,796,-1,797,798,799,-1,799,798,800,-1,799,800,790,-1,790,800,801,-1,790,801,791,-1,802,803,804,-1,804,803,805,-1,804,805,806,-1,802,807,803,-1,803,807,808,-1,803,808,809,-1,809,808,789,-1,809,789,810,-1,810,789,791,-1,795,811,796,-1,796,811,812,-1,796,812,813,-1,813,812,804,-1,813,804,814,-1,814,804,806,-1,763,791,781,-1,781,791,801,-1,781,801,778,-1,778,801,800,-1,810,791,775,-1,775,791,763,-1,810,775,777,-1,810,777,809,-1,809,777,788,-1,809,788,803,-1,805,803,787,-1,787,803,788,-1,805,787,786,-1,805,786,806,-1,806,786,785,-1,806,785,814,-1,814,785,784,-1,814,784,813,-1,784,769,813,-1,813,769,796,-1,759,760,767,-1,767,760,792,-1,767,792,769,-1,769,792,796,-1,761,762,771,-1,761,771,793,-1,793,771,772,-1,793,772,794,-1,794,772,766,-1,794,766,795,-1,766,768,795,-1,795,768,811,-1,783,804,770,-1,770,804,812,-1,770,812,768,-1,768,812,811,-1,802,804,776,-1,776,804,783,-1,802,776,774,-1,802,774,807,-1,807,774,773,-1,807,773,808,-1,773,765,808,-1,808,765,789,-1,782,799,764,-1,764,799,790,-1,764,790,765,-1,765,790,789,-1,782,780,799,-1,799,780,815,-1,799,815,797,-1,798,797,816,-1,816,797,815,-1,779,778,816,-1,816,778,800,-1,816,800,798,-1,779,816,780,-1,780,816,815,-1,817,818,819,-1,819,818,820,-1,821,818,822,-1,822,818,817,-1,823,819,824,-1,824,819,820,-1,825,826,823,-1,823,826,822,-1,823,822,819,-1,819,822,817,-1,827,828,821,-1,821,828,824,-1,821,824,818,-1,818,824,820,-1,822,826,821,-1,821,826,827,-1,828,825,824,-1,824,825,823,-1,829,830,831,-1,831,830,832,-1,831,832,833,-1,833,832,834,-1,833,834,835,-1,835,834,836,-1,835,836,837,-1,837,836,838,-1,837,838,827,-1,827,838,828,-1,839,840,841,-1,841,840,842,-1,841,842,843,-1,843,842,844,-1,843,844,845,-1,845,844,846,-1,845,846,847,-1,847,846,848,-1,847,848,825,-1,825,848,826,-1,846,835,848,-1,848,835,837,-1,848,837,826,-1,826,837,827,-1,846,844,835,-1,835,844,833,-1,840,829,831,-1,840,831,842,-1,842,831,833,-1,842,833,844,-1,843,834,841,-1,841,834,832,-1,841,832,839,-1,839,832,830,-1,843,845,834,-1,834,845,836,-1,825,828,838,-1,825,838,847,-1,847,838,836,-1,847,836,845,-1,849,840,850,-1,850,840,839,-1,851,830,852,-1,852,830,829,-1,853,854,855,-1,855,854,856,-1,857,858,859,-1,859,858,860,-1,859,860,861,-1,829,840,852,-1,852,840,849,-1,852,849,862,-1,862,849,858,-1,862,858,863,-1,863,858,857,-1,864,865,866,-1,866,865,867,-1,866,867,868,-1,868,867,854,-1,868,854,869,-1,869,854,853,-1,861,860,870,-1,870,860,871,-1,870,871,872,-1,856,873,855,-1,855,873,874,-1,855,874,875,-1,875,874,870,-1,875,870,876,-1,876,870,872,-1,839,830,850,-1,850,830,851,-1,850,851,877,-1,877,851,878,-1,878,879,877,-1,877,879,880,-1,877,880,881,-1,882,883,884,-1,885,886,887,-1,887,886,888,-1,887,888,889,-1,889,888,890,-1,884,891,882,-1,882,891,892,-1,882,892,885,-1,885,892,893,-1,885,893,886,-1,890,888,894,-1,894,888,895,-1,894,895,896,-1,880,897,881,-1,881,897,898,-1,881,898,899,-1,899,898,894,-1,899,894,900,-1,900,894,896,-1,869,893,868,-1,868,893,892,-1,868,892,866,-1,866,892,891,-1,893,869,886,-1,886,869,853,-1,853,855,886,-1,886,855,888,-1,895,888,875,-1,875,888,855,-1,895,875,876,-1,895,876,896,-1,896,876,872,-1,896,872,900,-1,900,872,871,-1,900,871,899,-1,871,860,899,-1,899,860,881,-1,849,850,858,-1,858,850,877,-1,858,877,860,-1,860,877,881,-1,851,852,862,-1,851,862,878,-1,878,862,863,-1,878,863,879,-1,879,863,857,-1,879,857,880,-1,857,859,880,-1,880,859,897,-1,870,894,861,-1,861,894,898,-1,861,898,859,-1,859,898,897,-1,890,894,874,-1,874,894,870,-1,890,874,873,-1,890,873,889,-1,889,873,856,-1,889,856,887,-1,854,885,856,-1,856,885,887,-1,867,882,854,-1,854,882,885,-1,867,865,882,-1,882,865,901,-1,882,901,883,-1,884,883,902,-1,902,883,901,-1,864,866,902,-1,902,866,891,-1,902,891,884,-1,864,902,865,-1,865,902,901,-1,903,904,905,-1,905,904,906,-1,907,905,908,-1,908,905,906,-1,909,904,910,-1,910,904,903,-1,903,905,910,-1,910,905,907,-1,910,907,911,-1,911,907,912,-1,906,904,908,-1,908,904,909,-1,908,909,913,-1,913,909,914,-1,913,912,908,-1,908,912,907,-1,910,911,909,-1,909,911,914,-1,913,914,915,-1,915,914,916,-1,915,916,917,-1,917,916,918,-1,917,918,919,-1,919,918,920,-1,919,920,921,-1,921,920,922,-1,921,922,923,-1,923,922,924,-1,925,926,927,-1,927,926,928,-1,927,928,929,-1,929,928,930,-1,929,930,931,-1,931,930,932,-1,931,932,933,-1,933,932,934,-1,933,934,912,-1,912,934,911,-1,932,918,934,-1,934,918,916,-1,934,916,911,-1,911,916,914,-1,932,930,918,-1,918,930,920,-1,926,924,922,-1,926,922,928,-1,928,922,920,-1,928,920,930,-1,929,919,927,-1,927,919,921,-1,927,921,925,-1,925,921,923,-1,929,931,919,-1,919,931,917,-1,912,913,915,-1,912,915,933,-1,933,915,917,-1,933,917,931,-1,935,926,936,-1,936,926,925,-1,937,923,938,-1,938,923,924,-1,939,940,941,-1,941,942,943,-1,944,945,939,-1,946,947,948,-1,948,947,949,-1,950,951,952,-1,952,951,953,-1,954,955,951,-1,951,955,948,-1,951,948,953,-1,924,926,938,-1,938,926,935,-1,938,935,956,-1,956,935,957,-1,956,957,958,-1,958,957,948,-1,958,948,959,-1,959,948,949,-1,941,943,939,-1,939,943,960,-1,939,960,944,-1,961,962,954,-1,954,962,963,-1,954,963,955,-1,955,964,948,-1,948,964,965,-1,948,965,946,-1,965,966,946,-1,946,966,967,-1,946,967,941,-1,941,967,968,-1,941,968,942,-1,969,970,971,-1,971,970,972,-1,971,972,973,-1,969,971,974,-1,974,971,975,-1,974,975,976,-1,977,978,979,-1,979,978,973,-1,979,973,980,-1,980,973,972,-1,981,982,976,-1,976,982,983,-1,976,983,974,-1,925,923,936,-1,936,923,937,-1,936,937,984,-1,984,937,985,-1,984,985,986,-1,986,985,987,-1,986,987,988,-1,988,987,989,-1,990,991,978,-1,978,991,992,-1,977,993,978,-1,978,993,994,-1,978,994,990,-1,990,994,995,-1,990,995,996,-1,989,997,988,-1,988,997,978,-1,988,978,998,-1,998,978,992,-1,994,963,962,-1,994,962,995,-1,995,962,961,-1,995,961,996,-1,996,961,954,-1,996,954,990,-1,993,955,994,-1,994,955,963,-1,955,993,964,-1,964,993,977,-1,964,977,965,-1,965,977,979,-1,965,979,966,-1,966,979,980,-1,966,980,967,-1,967,980,972,-1,967,972,968,-1,968,972,970,-1,968,970,942,-1,942,970,969,-1,942,969,943,-1,943,969,974,-1,943,974,960,-1,960,974,983,-1,976,939,945,-1,976,945,981,-1,981,945,944,-1,981,944,982,-1,982,944,960,-1,982,960,983,-1,939,976,940,-1,940,976,975,-1,940,975,999,-1,940,999,941,-1,941,999,1000,-1,1000,971,941,-1,941,971,973,-1,941,973,946,-1,946,973,947,-1,947,973,978,-1,947,978,949,-1,949,978,997,-1,949,997,959,-1,959,997,989,-1,989,987,959,-1,959,987,958,-1,956,958,985,-1,985,958,987,-1,985,937,956,-1,956,937,938,-1,936,984,935,-1,935,984,957,-1,984,986,957,-1,957,986,948,-1,948,986,953,-1,953,986,988,-1,991,951,950,-1,991,950,992,-1,992,950,952,-1,992,952,998,-1,998,952,953,-1,998,953,988,-1,991,990,951,-1,951,990,954,-1,975,971,999,-1,999,971,1000,-1,1001,1002,1003,-1,1003,1002,1004,-1,1005,1003,1006,-1,1006,1003,1004,-1,1007,1002,1008,-1,1008,1002,1001,-1,1001,1003,1008,-1,1008,1003,1005,-1,1008,1005,1009,-1,1009,1005,1010,-1,1004,1002,1006,-1,1006,1002,1007,-1,1006,1007,1011,-1,1011,1007,1012,-1,1011,1010,1006,-1,1006,1010,1005,-1,1008,1009,1007,-1,1007,1009,1012,-1,1011,1012,1013,-1,1013,1012,1014,-1,1013,1014,1015,-1,1015,1014,1016,-1,1015,1016,1017,-1,1017,1016,1018,-1,1017,1018,1019,-1,1019,1018,1020,-1,1019,1020,1021,-1,1021,1020,1022,-1,1023,1024,1025,-1,1025,1024,1026,-1,1025,1026,1027,-1,1027,1026,1028,-1,1027,1028,1029,-1,1029,1028,1030,-1,1029,1030,1031,-1,1031,1030,1032,-1,1031,1032,1010,-1,1010,1032,1009,-1,1030,1016,1032,-1,1032,1016,1014,-1,1032,1014,1009,-1,1009,1014,1012,-1,1030,1028,1016,-1,1016,1028,1018,-1,1024,1022,1020,-1,1024,1020,1026,-1,1026,1020,1018,-1,1026,1018,1028,-1,1027,1017,1025,-1,1025,1017,1019,-1,1025,1019,1023,-1,1023,1019,1021,-1,1027,1029,1017,-1,1017,1029,1015,-1,1010,1011,1013,-1,1010,1013,1031,-1,1031,1013,1015,-1,1031,1015,1029,-1,1033,1024,1034,-1,1034,1024,1023,-1,1035,1021,1036,-1,1036,1021,1022,-1,1037,1038,1039,-1,1040,1041,1042,-1,1041,1040,1043,-1,1022,1024,1036,-1,1036,1024,1033,-1,1036,1033,1044,-1,1044,1033,1045,-1,1044,1045,1046,-1,1046,1045,1040,-1,1046,1040,1047,-1,1047,1040,1042,-1,1048,1049,1050,-1,1050,1051,1052,-1,1048,1050,1053,-1,1053,1050,1052,-1,1053,1052,1040,-1,1052,1054,1040,-1,1040,1054,1055,-1,1040,1055,1043,-1,1056,1057,1039,-1,1039,1057,1058,-1,1039,1058,1037,-1,1037,1058,1059,-1,1037,1059,1060,-1,1061,1062,1051,-1,1051,1062,1063,-1,1051,1063,1052,-1,1055,1064,1043,-1,1043,1064,1065,-1,1043,1065,1039,-1,1039,1065,1066,-1,1039,1066,1056,-1,1067,1068,1069,-1,1069,1068,1070,-1,1069,1070,1071,-1,1070,1072,1071,-1,1071,1072,1073,-1,1071,1073,1074,-1,1023,1021,1034,-1,1034,1021,1035,-1,1034,1035,1075,-1,1075,1035,1076,-1,1075,1076,1077,-1,1077,1076,1078,-1,1077,1078,1079,-1,1079,1078,1080,-1,1073,1081,1074,-1,1074,1081,1082,-1,1074,1082,1083,-1,1069,1084,1085,-1,1086,1087,1085,-1,1085,1087,1088,-1,1085,1088,1069,-1,1069,1088,1089,-1,1069,1089,1067,-1,1090,1091,1092,-1,1092,1091,1083,-1,1080,1093,1079,-1,1079,1093,1074,-1,1079,1074,1094,-1,1094,1074,1095,-1,1083,1091,1074,-1,1074,1091,1096,-1,1074,1096,1095,-1,1083,1063,1062,-1,1083,1062,1092,-1,1092,1062,1061,-1,1092,1061,1090,-1,1090,1061,1051,-1,1090,1051,1091,-1,1082,1052,1083,-1,1083,1052,1063,-1,1052,1082,1054,-1,1054,1082,1081,-1,1054,1081,1055,-1,1055,1081,1073,-1,1055,1073,1064,-1,1064,1073,1072,-1,1064,1072,1065,-1,1065,1072,1070,-1,1065,1070,1066,-1,1066,1070,1068,-1,1066,1068,1056,-1,1056,1068,1067,-1,1056,1067,1057,-1,1057,1067,1089,-1,1057,1089,1058,-1,1058,1089,1088,-1,1085,1037,1060,-1,1085,1060,1086,-1,1086,1060,1059,-1,1086,1059,1087,-1,1087,1059,1058,-1,1087,1058,1088,-1,1037,1085,1038,-1,1038,1085,1084,-1,1038,1084,1097,-1,1038,1097,1039,-1,1039,1097,1098,-1,1098,1069,1039,-1,1039,1069,1071,-1,1039,1071,1043,-1,1043,1071,1041,-1,1041,1071,1074,-1,1041,1074,1042,-1,1042,1074,1093,-1,1042,1093,1047,-1,1047,1093,1080,-1,1080,1078,1047,-1,1047,1078,1046,-1,1044,1046,1076,-1,1076,1046,1078,-1,1076,1035,1044,-1,1044,1035,1036,-1,1034,1075,1033,-1,1033,1075,1045,-1,1075,1077,1045,-1,1045,1077,1040,-1,1040,1077,1053,-1,1053,1077,1079,-1,1096,1050,1049,-1,1096,1049,1095,-1,1095,1049,1048,-1,1095,1048,1094,-1,1094,1048,1053,-1,1094,1053,1079,-1,1096,1091,1050,-1,1050,1091,1051,-1,1084,1069,1097,-1,1097,1069,1098,-1,
        ]
    }
}
Shape{
    appearance Appearance {
        material  Material 	{
            diffuseColor 0.2235294117647059 0.2235294117647059 0.2235294117647059
            specularColor 0.11372549019607843 0.11372549019607843 0.11372549019607843
            ambientIntensity 0.2235
            transparency 0.0
            shininess 0.5
        }
    }
    geometry IndexedFaceSet {
        ccw TRUE
        solid FALSE
        coord DEF co Coordinate {
            point [
                -0.8366 0.0 0.3287, -0.8202 -0.0033 0.3287, -0.8366 0.0 0.2894, -0.8202 -0.0033 0.2894, -0.8038 -0.1173 0.3287, -0.8038 -0.1072 0.3287, -0.8038 -0.1173 0.2894, -0.8038 -0.1072 0.2894, -0.876 -0.0402 0.3287, -0.876 -0.0469 0.3287, -0.876 -0.0402 0.2894, -0.876 -0.0469 0.2894, 1.4272 0.689 0.0354, 1.5453 0.689 0.0354, 1.4272 0.6103 0.0354, 1.5453 0.6103 0.0354, -1.5453 0.6103 0.0354, -1.5453 0.689 0.0354, -1.4272 0.6103 0.0354, -1.4272 0.689 0.0354, -0.8071 -0.0134 0.3287, -0.8071 -0.0134 0.2894, -0.853 0.0 0.3287, -0.853 0.0 0.2894, -0.8104 -0.0972 0.3287, -0.8104 -0.0972 0.2894, -0.8104 -0.1273 0.3287, -0.8104 -0.1273 0.2894, -0.8727 -0.0569 0.3287, -0.8727 -0.0569 0.2894, -0.8727 -0.0301 0.3287, -0.8727 -0.0301 0.2894, 1.5846 0.5709 0.1142, 1.3878 0.5709 0.1142, 1.5846 0.7284 0.1142, 1.3878 0.7284 0.1142, -1.1024 0.3937 0.2697, -1.1024 0.2756 0.2697, -1.1024 0.3937 0.0354, -1.1024 0.2756 0.0354, 1.1024 0.2756 0.0354, 1.1024 0.2756 0.2697, 1.1024 0.3937 0.0354, 1.1024 0.3937 0.2697, -1.3878 0.7284 0.1142, -1.3878 0.5709 0.1142, -1.5846 0.7284 0.1142, -1.5846 0.5709 0.1142, -0.5052 -0.134 0.3287, -0.4954 -0.1273 0.3287, -0.5052 -0.134 0.2894, -0.4954 -0.1273 0.2894, -0.5709 -0.1273 0.3287, -0.561 -0.134 0.3287, -0.5709 -0.1273 0.2894, -0.561 -0.134 0.2894, -0.5774 -0.1173 0.3287, -0.5774 -0.1173 0.2894, -0.5709 -0.0301 0.3287, -0.5774 -0.0402 0.3287, -0.5709 -0.0301 0.2894, -0.5774 -0.0402 0.2894, -0.561 -0.0234 0.3287, -0.561 -0.0234 0.2894, -0.4954 -0.0301 0.3287, -0.5052 -0.0234 0.3287, -0.4954 -0.0301 0.2894, -0.5052 -0.0234 0.2894, -0.7972 -0.0268 0.3287, -0.7972 -0.0268 0.2894, -0.8661 -0.0033 0.3287, -0.8661 -0.0033 0.2894, -0.8957 -0.0502 0.3287, -0.8957 -0.0368 0.3287, -0.8957 -0.0502 0.2894, -0.8957 -0.0368 0.2894, -0.8202 -0.0905 0.3287, -0.8202 -0.0905 0.2894, -0.8202 -0.134 0.3287, -0.8202 -0.134 0.2894, -0.8825 -0.124 0.3287, -0.8727 -0.134 0.3287, -0.8825 -0.124 0.2894, -0.8727 -0.134 0.2894, -0.7841 -0.1039 0.3287, -0.7841 -0.1206 0.3287, -0.7841 -0.1039 0.2894, -0.7841 -0.1206 0.2894, -0.8629 -0.0636 0.3287, -0.8629 -0.0636 0.2894, -0.8629 -0.0234 0.3287, -0.8629 -0.0234 0.2894, -0.8169 -0.0301 0.3287, -0.8235 -0.0234 0.3287, -0.8169 -0.0301 0.2894, -0.8235 -0.0234 0.2894, 1.6299 0.1969 0.1142, 1.2598 0.1969 0.1142, 1.2598 0.7874 0.1142, 1.3386 0.7874 0.1142, 1.6299 0.7874 0.1142, 1.2598 0.7874 0.0354, 1.2598 0.504 0.0354, 1.2598 0.1969 0.0354, -1.2008 0.3937 0.0354, -1.2598 0.1969 0.0354, -1.2598 0.504 0.0354, -1.2598 0.7874 0.0354, -1.2008 0.7874 0.0354, -1.2008 0.4331 0.0354, 1.2008 0.7874 0.0354, 1.2008 0.4331 0.0354, 1.2008 0.3937 0.0354, -1.2598 0.1969 0.1142, -1.2598 0.7874 0.1142, -1.6299 0.7874 0.1142, -1.6299 0.1969 0.1142, -1.3386 0.7874 0.1142, 1.1988 -1.9291 -0.0669, 1.1988 -1.9291 0.0512, -1.1988 -1.9291 -0.0669, -1.1988 -1.9291 0.0512, 0.643 0.0 0.3287, 0.6234 0.0 0.3287, 0.689 -0.0636 0.3287, 0.6791 -0.077 0.3287, 0.7349 -0.1575 0.3287, 0.7546 -0.1575 0.3287, 0.689 -0.0938 0.3287, 0.6988 -0.077 0.3287, 0.6234 -0.1575 0.3287, 0.643 -0.1575 0.3287, 0.7349 0.0 0.3287, 0.7546 0.0 0.3287, -0.4888 -0.1474 0.3287, -0.502 -0.1541 0.3287, -0.4888 -0.1474 0.2894, -0.502 -0.1541 0.2894, -0.4757 -0.134 0.2894, -0.4724 -0.1173 0.2894, -0.4757 -0.134 0.3287, -0.4724 -0.1173 0.3287, -0.4921 -0.1173 0.3287, -0.4921 -0.1173 0.2894, -0.5184 -0.1374 0.3287, -0.5184 -0.1374 0.2894, -0.5479 -0.1374 0.3287, -0.5479 -0.1374 0.2894, -0.5807 -0.1039 0.3287, -0.5807 -0.1039 0.2894, -0.5807 -0.0536 0.3287, -0.5807 -0.0536 0.2894, -0.5479 -0.0201 0.3287, -0.5479 -0.0201 0.2894, -0.5184 -0.0201 0.3287, -0.5184 -0.0201 0.2894, -0.4921 -0.0402 0.3287, -0.4921 -0.0402 0.2894, -0.4757 -0.0234 0.3287, -0.4724 -0.0402 0.3287, -0.4757 -0.0234 0.2894, -0.4724 -0.0402 0.2894, -0.502 -0.0033 0.3287, -0.4888 -0.01 0.3287, -0.502 -0.0033 0.2894, -0.4888 -0.01 0.2894, -0.5184 0.0 0.3287, -0.5184 0.0 0.2894, -0.5643 -0.0033 0.3287, -0.5479 0.0 0.3287, -0.5643 -0.0033 0.2894, -0.5479 0.0 0.2894, -0.5774 -0.01 0.3287, -0.5774 -0.01 0.2894, -0.5971 -0.0368 0.3287, -0.5906 -0.0234 0.3287, -0.5971 -0.0368 0.2894, -0.5906 -0.0234 0.2894, -0.6004 -0.0536 0.3287, -0.6004 -0.0536 0.2894, -0.5971 -0.1206 0.3287, -0.6004 -0.1039 0.3287, -0.5971 -0.1206 0.2894, -0.6004 -0.1039 0.2894, -0.5906 -0.134 0.3287, -0.5906 -0.134 0.2894, -0.5643 -0.1541 0.3287, -0.5774 -0.1474 0.3287, -0.5643 -0.1541 0.2894, -0.5774 -0.1474 0.2894, -0.5479 -0.1575 0.3287, -0.5184 -0.1575 0.3287, -0.5479 -0.1575 0.2894, -0.5184 -0.1575 0.2894, -0.6463 -0.0838 0.3287, -0.6463 -0.1575 0.3287, -0.6266 -0.1575 0.3287, -0.7382 -0.0636 0.3287, -0.7382 0.0 0.3287, -0.7579 0.0 0.3287, -0.6266 0.0 0.3287, -0.6463 0.0 0.3287, -0.6463 -0.0636 0.3287, -0.7579 -0.1575 0.3287, -0.7382 -0.1575 0.3287, -0.7382 -0.0838 0.3287, -0.8136 -0.0368 0.2894, -0.8136 -0.0368 0.3287, -0.794 -0.0368 0.3287, -0.794 -0.0368 0.2894, -0.8793 -0.01 0.3287, -0.8793 -0.01 0.2894, -0.8924 -0.0234 0.3287, -0.8924 -0.0234 0.2894, -0.8924 -0.0636 0.3287, -0.8924 -0.0636 0.2894, -0.8661 -0.0838 0.3287, -0.8793 -0.077 0.3287, -0.8661 -0.0838 0.2894, -0.8793 -0.077 0.2894, -0.853 -0.0871 0.3287, -0.853 -0.0871 0.2894, -0.8333 -0.0871 0.3287, -0.8333 -0.0871 0.2894, -0.8333 -0.1374 0.3287, -0.8333 -0.1374 0.2894, -0.8596 -0.1374 0.3287, -0.8596 -0.1374 0.2894, -0.8858 -0.1139 0.3287, -0.8858 -0.1139 0.2894, -0.9022 -0.1273 0.3287, -0.9055 -0.1139 0.3287, -0.9022 -0.1273 0.2894, -0.9055 -0.1139 0.2894, -0.8596 -0.1575 0.3287, -0.876 -0.1541 0.3287, -0.8596 -0.1575 0.2894, -0.876 -0.1541 0.2894, -0.8169 -0.1541 0.3287, -0.8333 -0.1575 0.3287, -0.8169 -0.1541 0.2894, -0.8333 -0.1575 0.2894, -0.8038 -0.1474 0.3287, -0.8038 -0.1474 0.2894, -0.7907 -0.134 0.3287, -0.7907 -0.134 0.2894, -0.7907 -0.0905 0.3287, -0.7907 -0.0905 0.2894, -0.8169 -0.0703 0.3287, -0.8038 -0.077 0.3287, -0.8169 -0.0703 0.2894, -0.8038 -0.077 0.2894, -0.8333 -0.067 0.3287, -0.8333 -0.067 0.2894, -0.853 -0.067 0.3287, -0.853 -0.067 0.2894, -0.853 -0.0201 0.3287, -0.8333 -0.0201 0.3287, -0.8924 -0.1441 0.3287, -0.853 -0.0201 0.2894, -0.8333 -0.0201 0.2894, 1.6296 0.7874 0.1281, 1.3391 0.7874 0.4768, 1.2559 0.7874 0.4862, 1.2008 0.7874 0.4862, 1.4182 0.7874 0.4492, 1.4891 0.7874 0.4046, 1.5483 0.7874 0.3454, 1.5929 0.7874 0.2745, 1.6205 0.7874 0.1954, 1.2008 0.3937 0.4862, -1.2008 0.3937 0.4862, -1.2008 0.7874 0.4862, -1.4182 0.7874 0.4492, -1.3391 0.7874 0.4768, -1.2559 0.7874 0.4862, -1.6296 0.7874 0.1281, -1.6205 0.7874 0.1954, -1.5929 0.7874 0.2745, -1.5483 0.7874 0.3454, -1.4891 0.7874 0.4046, 1.3391 -0.0394 -0.4926, 1.2559 -0.0394 -0.502, 1.5757 -0.0394 -0.502, 1.6299 -0.0394 -0.4478, 1.6299 -0.0394 -0.128, 1.6205 -0.0394 -0.2112, 1.4182 -0.0394 -0.4649, 1.5929 -0.0394 -0.2902, 1.5483 -0.0394 -0.3611, 1.4891 -0.0394 -0.4204, -1.5757 -0.0394 -0.502, -1.2559 -0.0394 -0.502, -1.3391 -0.0394 -0.4926, -1.6299 -0.0394 -0.128, -1.6299 -0.0394 -0.4478, -1.6205 -0.0394 -0.2112, -1.5929 -0.0394 -0.2902, -1.4182 -0.0394 -0.4649, -1.4891 -0.0394 -0.4204, -1.5483 -0.0394 -0.3611, -1.6299 0.1969 -0.4478, -1.5757 0.1969 -0.502, 1.5757 0.1969 -0.502, 1.6299 0.1969 -0.4478, -1.2224 -1.8701 -0.126, 1.2224 -1.8701 -0.126, 1.2172 -1.8832 -0.1245, -1.2172 -1.8832 -0.1245, 1.2122 -1.8957 -0.1201, -1.2122 -1.8957 -0.1201, 1.2077 -1.9069 -0.1131, -1.2077 -1.9069 -0.1131, 1.204 -1.9162 -0.1037, -1.204 -1.9162 -0.1037, 1.2012 -1.9233 -0.0926, -1.2012 -1.9233 -0.0926, 1.1994 -1.9276 -0.0801, -1.1994 -1.9276 -0.0801, -1.2854 -1.7126 0.1102, -1.2854 -1.7126 -0.126, -1.2006 -1.9246 0.0738, -1.202 -1.9212 0.0807, -1.2224 -1.8701 0.1102, -1.1996 -1.9271 0.0665, -1.2037 -1.9169 0.0871, -1.2057 -1.9118 0.0929, -1.2163 -1.8853 0.1082, -1.2106 -1.8996 0.1023, -1.199 -1.9286 0.0589, 1.199 -1.9286 0.0589, 1.1996 -1.9271 0.0665, 1.2224 -1.8701 0.1102, 1.2163 -1.8853 0.1082, 1.2106 -1.8996 0.1023, 1.2057 -1.9118 0.0929, 1.202 -1.9212 0.0807, 1.2037 -1.9169 0.0871, 1.2006 -1.9246 0.0738, 1.2854 -1.7126 0.1102, 1.2854 -1.7126 -0.126, 1.2854 -1.4764 -0.126, 1.2854 -1.4764 0.1102, 1.2598 -1.4764 0.1102, 1.2598 -1.4764 -0.126, 1.2467 -1.4749 0.1102, 1.2467 -1.4749 -0.126, 1.2342 -1.4705 0.1102, 1.2342 -1.4705 -0.126, 1.223 -1.4635 0.1102, 1.223 -1.4635 -0.126, 1.2137 -1.4541 0.1102, 1.2137 -1.4541 -0.126, 1.2066 -1.4429 0.1102, 1.2066 -1.4429 -0.126, 1.2023 -1.4304 0.1102, 1.2023 -1.4304 -0.126, 1.2008 -1.4173 0.1102, 1.2008 -1.4173 -0.126, -1.2008 -1.4173 0.1102, -1.2008 -1.4173 -0.126, -1.2028 -1.4326 0.1102, -1.2028 -1.4326 -0.126, -1.2087 -1.4468 0.1102, -1.2087 -1.4468 -0.126, -1.2181 -1.4591 0.1102, -1.2181 -1.4591 -0.126, -1.2303 -1.4685 0.1102, -1.2303 -1.4685 -0.126, -1.2446 -1.4743 0.1102, -1.2446 -1.4743 -0.126, -1.2598 -1.4764 0.1102, -1.2598 -1.4764 -0.126, -1.2854 -1.4764 -0.126, -1.2854 -1.4764 0.1102, 1.2559 -0.1181 -0.502, 1.3144 -0.1181 -0.4974, 1.3389 -0.1181 -0.4915, 1.3715 -0.1181 -0.4837, 1.418 -0.1181 -0.4644, 1.4757 -0.1181 -0.4305, 1.4257 -0.1181 -0.4612, 1.5585 -0.1181 -0.3478, 1.5476 -0.1181 -0.3605, 1.5204 -0.1181 -0.3924, 1.4885 -0.1181 -0.4197, 1.5892 -0.1181 -0.2978, 1.5924 -0.1181 -0.29, 1.6116 -0.1181 -0.2435, 1.6194 -0.1181 -0.2109, 1.6253 -0.1181 -0.1865, 1.6299 -0.1181 -0.128, 1.6299 -0.1181 0.1122, 1.6299 0.1969 0.1122, 1.6299 0.1969 -0.0039, 1.2559 -0.1181 0.4862, 1.3144 -0.1181 0.4816, 1.2559 0.2559 0.4862, 1.418 -0.1181 0.4487, 1.3715 -0.1181 0.4679, 1.3389 -0.1181 0.4757, 1.4257 -0.1181 0.4455, 1.4757 -0.1181 0.4148, 1.4885 -0.1181 0.4039, 1.5204 -0.1181 0.3767, 1.5892 -0.1181 0.282, 1.5585 -0.1181 0.332, 1.5476 -0.1181 0.3448, 1.6253 -0.1181 0.1707, 1.6194 -0.1181 0.1952, 1.6116 -0.1181 0.2278, 1.5924 -0.1181 0.2743, 0.689 -0.0938 0.2894, 0.643 -0.1575 0.2894, 0.7349 -0.1575 0.2894, 0.7546 -0.1575 0.2894, 0.6988 -0.077 0.2894, 0.7546 0.0 0.2894, 0.7349 0.0 0.2894, 0.689 -0.0636 0.2894, 0.643 0.0 0.2894, 0.6234 0.0 0.2894, 0.6791 -0.077 0.2894, 0.6234 -0.1575 0.2894, 0.9449 0.0197 0.2894, 0.9449 0.0197 0.4272, 0.4331 0.0197 0.2894, 0.4331 0.0197 0.4272, 0.4331 0.2362 0.4862, 0.4331 0.2362 0.4272, 0.9449 0.2362 0.4862, 0.9449 0.2362 0.4272, -0.7579 -0.1575 0.2894, -0.7579 0.0 0.2894, -0.7382 -0.1575 0.2894, -0.7382 -0.0838 0.2894, -0.6463 -0.0838 0.2894, -0.6463 -0.1575 0.2894, -0.6266 -0.1575 0.2894, -0.6266 0.0 0.2894, -0.6463 0.0 0.2894, -0.6463 -0.0636 0.2894, -0.7382 -0.0636 0.2894, -0.7382 0.0 0.2894, -0.8924 -0.1441 0.2894, -0.4331 0.0197 0.2894, -0.4331 0.0197 0.4272, -0.9449 0.0197 0.2894, -0.9449 0.0197 0.4272, -0.9449 0.2362 0.4862, -0.9449 0.2362 0.4272, -0.4331 0.2362 0.4862, -0.4331 0.2362 0.4272, -0.4331 -0.1181 0.4862, 0.4331 -0.1181 0.4862, -1.2559 0.2559 0.4862, 0.9449 -0.1181 0.4862, -1.2559 -0.1181 0.4862, -0.9449 -0.1181 0.4862, -1.6299 0.1969 0.1122, -1.6299 -0.1181 0.1122, -1.6253 -0.1181 0.1707, -1.6194 -0.1181 0.1952, -1.6116 -0.1181 0.2278, -1.5585 -0.1181 0.332, -1.5892 -0.1181 0.282, -1.5924 -0.1181 0.2743, -1.4885 -0.1181 0.4039, -1.5204 -0.1181 0.3767, -1.5476 -0.1181 0.3448, -1.4757 -0.1181 0.4148, -1.4257 -0.1181 0.4455, -1.418 -0.1181 0.4487, -1.3715 -0.1181 0.4679, -1.3389 -0.1181 0.4757, -1.3144 -0.1181 0.4816, -1.6299 -0.1181 -0.128, -1.6299 0.1969 -0.0039, -1.6253 -0.1181 -0.1865, -1.6194 -0.1181 -0.2109, -1.6116 -0.1181 -0.2435, -1.5924 -0.1181 -0.29, -1.5585 -0.1181 -0.3478, -1.5892 -0.1181 -0.2978, -1.5204 -0.1181 -0.3924, -1.5476 -0.1181 -0.3605, -1.418 -0.1181 -0.4644, -1.4257 -0.1181 -0.4612, -1.4757 -0.1181 -0.4305, -1.4885 -0.1181 -0.4197, -1.3715 -0.1181 -0.4837, -1.3389 -0.1181 -0.4915, -1.3144 -0.1181 -0.4974, -1.2559 -0.1181 -0.502, -0.9449 0.0197 -0.3051, -0.9449 0.0197 -0.502, -0.4331 0.0197 -0.3051, -0.4331 0.0197 -0.502, -0.9449 -0.1181 -0.502, 0.9449 -0.1181 -0.502, 0.9449 0.0197 -0.502, 0.4331 0.0197 -0.502, -0.4331 -0.1181 -0.502, 0.4331 -0.1181 -0.502, 0.4331 0.0197 -0.3051, 0.9449 0.0197 -0.3051, -1.2008 -1.0551 -0.126, -1.2008 -1.0551 0.1102, -1.2008 -0.8149 -0.126, -1.2008 -0.8149 0.1102, 1.2008 -0.8149 -0.126, 1.2008 -1.0551 -0.126, 1.2008 -0.8149 0.1102, 1.2008 -1.0551 0.1102, -1.228 -0.7681 -0.1926, -1.1832 -0.7399 -0.2207, -1.2654 -0.8055 -0.1552, -1.1587 -0.7298 -0.2308, -1.1333 -0.7224 -0.2382, 1.1092 -0.7182 -0.2424, 1.1372 -0.7234 -0.2372, 1.2726 -0.8149 -0.1457, 1.1645 -0.7319 -0.2287, 1.1905 -0.7436 -0.217, 1.2374 -0.7759 -0.1847, -1.1072 -0.718 -0.2426, -1.0807 -0.7165 -0.2441, -1.2726 -0.8149 -0.1457, 1.0807 -0.7165 -0.2441, 0.1575 -0.1771 -0.2441, 1.0807 -0.1771 -0.2441, -0.1575 -0.1771 -0.2441, -1.0807 -0.1771 -0.2441, 0.9449 -0.1771 -0.3051, 0.9449 -0.1771 -0.4429, 0.9449 -0.1312 -0.5005, 0.9449 -0.1437 -0.4961, 0.9449 -0.1549 -0.4891, 0.9449 -0.1643 -0.4797, 0.9449 -0.1713 -0.4685, 0.9449 -0.1757 -0.4561, 1.2559 -0.1312 -0.5002, 1.2559 -0.1313 -0.5002, 1.2559 -0.1334 -0.5, 1.2559 -0.1436 -0.4957, 1.2559 -0.1437 -0.4957, 1.2559 -0.1476 -0.4941, 1.2559 -0.1546 -0.4887, 1.2559 -0.1548 -0.4885, 1.2559 -0.1599 -0.4847, 1.2559 -0.1639 -0.4794, 1.2559 -0.1641 -0.4792, 1.2559 -0.1692 -0.4724, 1.2559 -0.1709 -0.4684, 1.2559 -0.1711 -0.468, 1.2559 -0.1751 -0.4582, 1.2559 -0.1754 -0.456, 1.2559 -0.1755 -0.4555, 1.2559 -0.1771 -0.4429, 1.3235 -0.1771 -0.4356, 1.305 -0.1771 -0.4376, 1.3072 -0.1758 -0.4515, 1.3526 -0.1771 -0.4257, 1.3571 -0.1758 -0.4395, 1.3895 -0.1771 -0.4132, 1.4046 -0.1758 -0.4199, 1.3984 -0.1771 -0.4078, 1.4485 -0.1758 -0.393, 1.4405 -0.1771 -0.382, 1.5596 -0.1771 -0.2116, 1.5544 -0.1771 -0.2249, 1.5675 -0.1758 -0.2292, 1.536 -0.1771 -0.272, 1.5478 -0.1758 -0.2767, 1.5095 -0.1771 -0.3123, 1.5209 -0.1758 -0.3205, 1.4985 -0.1771 -0.3289, 1.4876 -0.1758 -0.3596, 1.4774 -0.1771 -0.3494, 1.4494 -0.1771 -0.3766, 1.5654 -0.1771 -0.177, 1.5795 -0.1758 -0.1792, 1.5702 -0.1771 -0.1481, 1.5835 -0.1758 -0.128, 1.5709 -0.1771 -0.128, 1.425 -0.1313 -0.4599, 1.371 -0.1313 -0.4822, 1.3142 -0.1313 -0.4959, 1.4749 -0.1313 -0.4293, 1.5193 -0.1313 -0.3914, 1.5573 -0.1313 -0.3469, 1.5878 -0.1313 -0.2971, 1.6102 -0.1313 -0.2431, 1.6238 -0.1313 -0.1862, 1.6284 -0.1313 -0.128, 1.6277 -0.1333 -0.128, 1.6195 -0.1439 -0.1855, 1.606 -0.1439 -0.2417, 1.5839 -0.1439 -0.2951, 1.5537 -0.1439 -0.3443, 1.5162 -0.1439 -0.3882, 1.4723 -0.1439 -0.4257, 1.423 -0.1439 -0.4559, 1.3697 -0.1439 -0.478, 1.3135 -0.1439 -0.4915, 1.3124 -0.1551 -0.4845, 1.3675 -0.1551 -0.4713, 1.4198 -0.1551 -0.4496, 1.4681 -0.1551 -0.42, 1.5112 -0.1551 -0.3832, 1.5479 -0.1551 -0.3401, 1.5775 -0.1551 -0.2918, 1.5992 -0.1551 -0.2395, 1.6124 -0.1551 -0.1844, 1.3109 -0.1645 -0.4751, 1.624 -0.1439 -0.128, 1.6217 -0.1474 -0.128, 1.6169 -0.1551 -0.128, 1.6124 -0.1596 -0.128, 1.6031 -0.1645 -0.1829, 1.5902 -0.1645 -0.2366, 1.5691 -0.1645 -0.2875, 1.5403 -0.1645 -0.3346, 1.5045 -0.1645 -0.3765, 1.4625 -0.1645 -0.4123, 1.4155 -0.1645 -0.4412, 1.3645 -0.1645 -0.4623, 1.3091 -0.1715 -0.464, 1.361 -0.1715 -0.4515, 1.4104 -0.1715 -0.4311, 1.4559 -0.1715 -0.4032, 1.4965 -0.1715 -0.3685, 1.5311 -0.1715 -0.3279, 1.559 -0.1715 -0.2824, 1.5795 -0.1715 -0.2331, 1.5919 -0.1715 -0.1812, 1.6074 -0.1645 -0.128, 1.6002 -0.1689 -0.128, 1.5961 -0.1715 -0.128, 1.5861 -0.1749 -0.128, 1.6282 -0.1313 0.1122, 1.6279 -0.1334 0.1122, 1.6236 -0.1437 0.1122, 1.622 -0.1476 0.1122, 1.6165 -0.1548 0.1122, 1.6126 -0.1599 0.1122, 1.6071 -0.1641 0.1122, 1.6004 -0.1692 0.1122, 1.5959 -0.1711 0.1122, 1.5862 -0.1751 0.1122, 1.5835 -0.1755 0.1122, 1.5709 -0.1771 0.1122, 1.5878 -0.1313 0.2813, 1.5193 -0.1313 0.3756, 1.371 -0.1313 0.4665, 1.3396 -0.1771 0.4159, 1.3528 -0.1771 0.4107, 1.3571 -0.1758 0.4238, 1.5045 -0.1771 0.3057, 1.5099 -0.1771 0.2968, 1.5209 -0.1758 0.3048, 1.5537 -0.1771 0.2089, 1.5636 -0.1771 0.1798, 1.5795 -0.1758 0.1635, 1.5656 -0.1771 0.1613, 1.4773 -0.1771 0.3337, 1.3049 -0.1771 0.4217, 1.2559 -0.1771 0.4272, 1.2761 -0.1771 0.4265, 1.2559 -0.1757 0.4398, 1.3072 -0.1758 0.4358, 1.2559 -0.1757 0.4403, 1.3091 -0.1715 0.4482, 1.2559 -0.1749 0.4424, 1.2559 -0.1713 0.4528, 1.5919 -0.1715 0.1654, 1.2559 -0.169 0.4565, 1.3109 -0.1645 0.4594, 1.2559 -0.1643 0.464, 1.6031 -0.1645 0.1672, 1.2559 -0.1596 0.4687, 1.3124 -0.1551 0.4687, 1.2559 -0.1549 0.4733, 1.6124 -0.1551 0.1687, 1.2559 -0.1474 0.478, 1.3135 -0.1439 0.4758, 1.2559 -0.1437 0.4804, 1.5357 -0.1771 0.2547, 1.5412 -0.1771 0.2458, 1.5478 -0.1758 0.2609, 1.5675 -0.1758 0.2134, 1.559 -0.1715 0.2667, 1.5795 -0.1715 0.2173, 1.5691 -0.1645 0.2718, 1.5902 -0.1645 0.2208, 1.5775 -0.1551 0.2761, 1.5992 -0.1551 0.2238, 1.5839 -0.1439 0.2793, 1.606 -0.1439 0.226, 1.6195 -0.1439 0.1698, 1.2559 -0.1333 0.484, 1.3142 -0.1313 0.4801, 1.2559 -0.1313 0.4847, 1.361 -0.1715 0.4358, 1.3645 -0.1645 0.4465, 1.3675 -0.1551 0.4555, 1.3697 -0.1439 0.4623, 1.4402 -0.1771 0.3658, 1.4568 -0.1771 0.3548, 1.4485 -0.1758 0.3772, 1.4876 -0.1758 0.3439, 1.4559 -0.1715 0.3874, 1.4965 -0.1715 0.3528, 1.4625 -0.1645 0.3966, 1.5045 -0.1645 0.3608, 1.4681 -0.1551 0.4042, 1.5112 -0.1551 0.3675, 1.4723 -0.1439 0.41, 1.5162 -0.1439 0.3725, 1.4749 -0.1313 0.4136, 1.6102 -0.1313 0.2273, 1.6238 -0.1313 0.1705, 1.2559 -0.1312 0.4847, 1.425 -0.1313 0.4441, 1.423 -0.1439 0.4402, 1.4198 -0.1551 0.4338, 1.4155 -0.1645 0.4254, 1.4104 -0.1715 0.4153, 1.4046 -0.1758 0.4041, 1.4 -0.1771 0.3923, 1.5573 -0.1313 0.3312, 1.5537 -0.1439 0.3286, 1.5479 -0.1551 0.3244, 1.5403 -0.1645 0.3188, 1.5311 -0.1715 0.3122, 0.9449 -0.1334 0.4842, 0.9449 -0.1476 0.4783, 0.9449 -0.1599 0.4689, 0.9449 -0.1692 0.4567, 0.9449 -0.1751 0.4425, 0.9449 -0.1771 0.4272, 0.9449 -0.1771 0.2894, 0.4331 -0.1771 0.2894, 0.4331 -0.1599 0.4689, 0.4331 -0.1692 0.4567, 0.4331 -0.1334 0.4842, 0.4331 -0.1476 0.4783, 0.4331 -0.1771 0.4272, 0.4331 -0.1751 0.4425, -0.4331 -0.1334 0.4842, -0.4331 -0.1476 0.4783, -0.4331 -0.1599 0.4689, -0.4331 -0.1692 0.4567, -0.4331 -0.1751 0.4425, -0.4331 -0.1771 0.4272, -0.4331 -0.1771 0.2894, -0.9449 -0.1771 0.2894, -0.9449 -0.1771 0.4272, -0.9449 -0.1599 0.4689, -0.9449 -0.1692 0.4567, -0.9449 -0.1476 0.4783, -0.9449 -0.1334 0.4842, -0.9449 -0.1751 0.4425, -1.2559 -0.1313 0.4845, -1.2559 -0.1334 0.4842, -1.2559 -0.1437 0.4799, -1.2559 -0.1476 0.4783, -1.2559 -0.1548 0.4728, -1.2559 -0.1599 0.4689, -1.2559 -0.1641 0.4634, -1.2559 -0.1692 0.4567, -1.2559 -0.1711 0.4522, -1.2559 -0.1771 0.4272, -1.2559 -0.1755 0.4398, -1.2559 -0.1751 0.4425, -1.425 -0.1313 0.4441, -1.5193 -0.1313 0.3756, -1.6102 -0.1313 0.2273, -1.5596 -0.1771 0.1959, -1.5544 -0.1771 0.2091, -1.5675 -0.1758 0.2134, -1.4494 -0.1771 0.3608, -1.4405 -0.1771 0.3662, -1.4485 -0.1758 0.3772, -1.3526 -0.1771 0.41, -1.3235 -0.1771 0.4199, -1.3072 -0.1758 0.4358, -1.305 -0.1771 0.4219, -1.4774 -0.1771 0.3336, -1.5654 -0.1771 0.1612, -1.5835 -0.1758 0.1122, -1.5709 -0.1771 0.1122, -1.5702 -0.1771 0.1324, -1.5795 -0.1758 0.1635, -1.3091 -0.1715 0.4482, -1.5919 -0.1715 0.1654, -1.6031 -0.1645 0.1672, -1.6074 -0.1645 0.1122, -1.5965 -0.1713 0.1122, -1.5961 -0.1715 0.1122, -1.584 -0.1756 0.1122, -1.3109 -0.1645 0.4594, -1.3124 -0.1551 0.4687, -1.6124 -0.1551 0.1687, -1.6195 -0.1439 0.1698, -1.624 -0.1439 0.1122, -1.617 -0.1549 0.1122, -1.6169 -0.1551 0.1122, -1.6077 -0.1642 0.1122, -1.3984 -0.1771 0.392, -1.3895 -0.1771 0.3975, -1.4046 -0.1758 0.4041, -1.3571 -0.1758 0.4238, -1.4104 -0.1715 0.4153, -1.361 -0.1715 0.4358, -1.4155 -0.1645 0.4254, -1.3645 -0.1645 0.4465, -1.4198 -0.1551 0.4338, -1.3675 -0.1551 0.4555, -1.423 -0.1439 0.4402, -1.3697 -0.1439 0.4623, -1.3135 -0.1439 0.4758, -1.5795 -0.1715 0.2173, -1.5902 -0.1645 0.2208, -1.5992 -0.1551 0.2238, -1.606 -0.1439 0.226, -1.6238 -0.1313 0.1705, -1.5095 -0.1771 0.2965, -1.4985 -0.1771 0.3131, -1.5209 -0.1758 0.3048, -1.4876 -0.1758 0.3439, -1.5311 -0.1715 0.3122, -1.4965 -0.1715 0.3528, -1.5403 -0.1645 0.3188, -1.5045 -0.1645 0.3608, -1.5479 -0.1551 0.3244, -1.5112 -0.1551 0.3675, -1.5537 -0.1439 0.3286, -1.5162 -0.1439 0.3725, -1.5573 -0.1313 0.3312, -1.371 -0.1313 0.4665, -1.3142 -0.1313 0.4801, -1.6284 -0.1312 0.1122, -1.6284 -0.1313 0.1122, -1.6241 -0.1437 0.1122, -1.5878 -0.1313 0.2813, -1.5839 -0.1439 0.2793, -1.5775 -0.1551 0.2761, -1.5691 -0.1645 0.2718, -1.559 -0.1715 0.2667, -1.5478 -0.1758 0.2609, -1.536 -0.1771 0.2563, -1.4749 -0.1313 0.4136, -1.4723 -0.1439 0.41, -1.4681 -0.1551 0.4042, -1.4625 -0.1645 0.3966, -1.4559 -0.1715 0.3874, -1.6282 -0.1312 -0.128, -1.6282 -0.1313 -0.128, -1.6279 -0.1334 -0.128, -1.6237 -0.1436 -0.128, -1.6236 -0.1437 -0.128, -1.622 -0.1476 -0.128, -1.6166 -0.1546 -0.128, -1.6004 -0.1692 -0.128, -1.5963 -0.1709 -0.128, -1.6165 -0.1548 -0.128, -1.6126 -0.1599 -0.128, -1.6074 -0.1639 -0.128, -1.6071 -0.1641 -0.128, -1.5709 -0.1771 -0.128, -1.5835 -0.1755 -0.128, -1.584 -0.1754 -0.128, -1.5862 -0.1751 -0.128, -1.5959 -0.1711 -0.128, -1.5636 -0.1771 -0.1956, -1.5656 -0.1771 -0.1771, -1.5795 -0.1758 -0.1792, -1.5537 -0.1771 -0.2247, -1.5675 -0.1758 -0.2292, -1.5412 -0.1771 -0.2615, -1.5478 -0.1758 -0.2767, -1.5357 -0.1771 -0.2704, -1.5209 -0.1758 -0.3205, -1.5099 -0.1771 -0.3126, -1.3396 -0.1771 -0.4316, -1.3528 -0.1771 -0.4265, -1.3571 -0.1758 -0.4395, -1.4 -0.1771 -0.4081, -1.4046 -0.1758 -0.4198, -1.4402 -0.1771 -0.3815, -1.4485 -0.1758 -0.393, -1.4568 -0.1771 -0.3705, -1.4876 -0.1758 -0.3596, -1.4773 -0.1771 -0.3494, -1.5045 -0.1771 -0.3214, -1.3049 -0.1771 -0.4374, -1.3072 -0.1758 -0.4515, -1.2761 -0.1771 -0.4423, -1.2559 -0.1758 -0.4556, -1.2559 -0.1771 -0.4429, -1.5878 -0.1313 -0.2971, -1.6102 -0.1313 -0.2431, -1.6238 -0.1313 -0.1862, -1.5573 -0.1313 -0.3469, -1.5193 -0.1313 -0.3914, -1.4749 -0.1313 -0.4293, -1.425 -0.1313 -0.4599, -1.371 -0.1313 -0.4822, -1.3142 -0.1313 -0.4959, -1.2559 -0.1313 -0.5005, -1.2559 -0.1333 -0.4998, -1.3135 -0.1439 -0.4915, -1.3697 -0.1439 -0.478, -1.423 -0.1439 -0.4559, -1.4723 -0.1439 -0.4257, -1.5162 -0.1439 -0.3882, -1.5537 -0.1439 -0.3443, -1.5839 -0.1439 -0.2951, -1.606 -0.1439 -0.2417, -1.6195 -0.1439 -0.1855, -1.6124 -0.1551 -0.1844, -1.5992 -0.1551 -0.2395, -1.5775 -0.1551 -0.2918, -1.5479 -0.1551 -0.3401, -1.5112 -0.1551 -0.3832, -1.4681 -0.1551 -0.42, -1.4198 -0.1551 -0.4496, -1.3675 -0.1551 -0.4713, -1.3124 -0.1551 -0.4845, -1.6031 -0.1645 -0.1829, -1.2559 -0.1439 -0.496, -1.2559 -0.1474 -0.4938, -1.2559 -0.1551 -0.4889, -1.2559 -0.1596 -0.4844, -1.3109 -0.1645 -0.4751, -1.3645 -0.1645 -0.4623, -1.4155 -0.1645 -0.4412, -1.4625 -0.1645 -0.4123, -1.5045 -0.1645 -0.3765, -1.5403 -0.1645 -0.3346, -1.5691 -0.1645 -0.2875, -1.5902 -0.1645 -0.2366, -1.5919 -0.1715 -0.1812, -1.5795 -0.1715 -0.2331, -1.559 -0.1715 -0.2824, -1.5311 -0.1715 -0.3279, -1.4965 -0.1715 -0.3685, -1.4559 -0.1715 -0.4032, -1.4104 -0.1715 -0.4311, -1.361 -0.1715 -0.4515, -1.3091 -0.1715 -0.464, -1.2559 -0.1645 -0.4795, -1.2559 -0.1689 -0.4723, -1.2559 -0.1715 -0.4682, -1.2559 -0.1749 -0.4581, -0.9449 -0.1334 -0.5, -0.9449 -0.1476 -0.4941, -0.9449 -0.1599 -0.4847, -0.9449 -0.1692 -0.4724, -0.9449 -0.1751 -0.4582, -0.9449 -0.1771 -0.4429, -0.9449 -0.1771 -0.3051, -0.4331 -0.1771 -0.3051, -0.4331 -0.1771 -0.4429, -0.4331 -0.1312 -0.5005, -0.4331 -0.1437 -0.4961, -0.4331 -0.1549 -0.4891, -0.4331 -0.1643 -0.4797, -0.4331 -0.1713 -0.4685, -0.4331 -0.1757 -0.4561, 0.4331 -0.1312 -0.5005, 0.4331 -0.1437 -0.4961, 0.4331 -0.1549 -0.4891, 0.4331 -0.1643 -0.4797, 0.4331 -0.1713 -0.4685, 0.4331 -0.1757 -0.4561, 0.4331 -0.1771 -0.4429, 0.4331 -0.1771 -0.3051, 1.1372 -0.1771 -0.2372, 1.2374 -0.1771 -0.1847, 1.1905 -0.1771 -0.217, 1.2374 -0.7759 0.1689, 1.2726 -0.8149 0.1299, 1.2751 -0.1771 0.1263, 1.2374 -0.1771 0.1689, 1.1905 -0.1771 0.2013, 1.1905 -0.7436 0.2013, 1.1372 -0.1771 0.2215, 1.0807 -0.1771 0.2283, 1.0807 -0.7165 0.2283, 1.1092 -0.7182 0.2266, 1.1372 -0.7234 0.2215, 1.1645 -0.7319 0.213, 1.2751 -0.8149 0.1263, 1.3016 -0.8149 0.0759, 1.3016 -0.1771 0.0759, 1.3152 -0.8149 0.0206, 1.3152 -0.1771 0.0206, 1.3152 -0.8149 -0.0363, 1.3152 -0.1771 -0.0363, 1.3016 -0.8149 -0.0916, 1.3016 -0.1771 -0.0916, 1.2751 -0.8149 -0.1421, 1.2751 -0.1771 -0.1421, -1.311 -0.8149 -0.0604, -1.2935 -0.8149 -0.1104, -1.2726 -0.8149 0.1299, -1.2853 -0.8149 0.1102, -1.3089 -0.8149 0.0533, -1.3169 -0.8149 -0.0079, -1.2935 -0.1771 -0.1104, -1.2654 -0.1771 -0.1552, -1.228 -0.1771 -0.1926, -1.1832 -0.1771 -0.2207, -1.1333 -0.1771 -0.2382, -1.311 -0.1771 -0.0604, -1.3169 -0.1771 -0.0079, -1.0807 -0.1771 0.2283, -0.1575 -0.1771 0.2283, 0.1575 -0.1771 0.2283, -1.1988 -0.1771 0.1967, -1.1418 -0.1771 0.2203, -1.2853 -0.1771 0.1102, -1.2477 -0.1771 0.1592, -1.3089 -0.1771 0.0533, -1.0807 -0.7165 0.2283, -1.1988 -0.7482 0.1967, -1.2245 -0.7653 0.1795, -1.2477 -0.7857 0.1592, -1.1115 -0.7185 0.2263, -1.1418 -0.7246 0.2203, -1.1711 -0.7345 0.2104
            ]
        }
        coordIndex [
            0,1,2,-1,2,1,3,-1,4,5,6,-1,6,5,7,-1,8,9,10,-1,10,9,11,-1,12,13,14,-1,14,13,15,-1,16,17,18,-1,18,17,19,-1,1,20,3,-1,3,20,21,-1,22,0,23,-1,23,0,2,-1,5,24,7,-1,7,24,25,-1,26,4,27,-1,27,4,6,-1,9,28,11,-1,11,28,29,-1,30,8,31,-1,31,8,10,-1,15,32,14,-1,14,32,33,-1,32,15,34,-1,34,15,13,-1,12,35,13,-1,13,35,34,-1,14,33,12,-1,12,33,35,-1,36,37,38,-1,38,37,39,-1,39,37,40,-1,40,37,41,-1,40,41,42,-1,42,41,43,-1,19,44,18,-1,18,44,45,-1,17,46,19,-1,19,46,44,-1,16,47,17,-1,17,47,46,-1,47,16,45,-1,45,16,18,-1,48,49,50,-1,50,49,51,-1,52,53,54,-1,54,53,55,-1,56,52,57,-1,57,52,54,-1,58,59,60,-1,60,59,61,-1,62,58,63,-1,63,58,60,-1,64,65,66,-1,66,65,67,-1,20,68,21,-1,21,68,69,-1,70,22,71,-1,71,22,23,-1,72,73,74,-1,74,73,75,-1,24,76,25,-1,25,76,77,-1,78,26,79,-1,79,26,27,-1,80,81,82,-1,82,81,83,-1,84,85,86,-1,86,85,87,-1,28,88,29,-1,29,88,89,-1,90,30,91,-1,91,30,31,-1,92,93,94,-1,94,93,95,-1,41,37,43,-1,43,37,36,-1,96,97,33,-1,33,97,98,-1,33,98,35,-1,35,98,99,-1,35,99,34,-1,34,99,100,-1,34,100,32,-1,32,100,96,-1,32,96,33,-1,101,98,102,-1,102,98,97,-1,102,97,103,-1,104,105,106,-1,107,108,106,-1,106,108,109,-1,106,109,104,-1,40,103,39,-1,39,103,105,-1,39,105,38,-1,38,105,104,-1,110,101,111,-1,111,101,102,-1,111,102,112,-1,112,102,103,-1,112,103,42,-1,42,103,40,-1,105,113,106,-1,106,113,114,-1,106,114,107,-1,115,46,47,-1,45,113,47,-1,47,113,116,-1,47,116,115,-1,46,115,44,-1,44,115,117,-1,44,117,45,-1,45,117,114,-1,45,114,113,-1,118,119,120,-1,120,119,121,-1,122,123,124,-1,124,123,125,-1,126,127,128,-1,128,127,129,-1,130,131,125,-1,125,131,128,-1,125,128,124,-1,124,128,129,-1,124,129,132,-1,132,129,133,-1,134,135,136,-1,136,135,137,-1,138,139,140,-1,140,139,141,-1,49,142,51,-1,51,142,143,-1,144,48,145,-1,145,48,50,-1,53,146,55,-1,55,146,147,-1,148,56,149,-1,149,56,57,-1,59,150,61,-1,61,150,151,-1,152,62,153,-1,153,62,63,-1,65,154,67,-1,67,154,155,-1,156,64,157,-1,157,64,66,-1,158,159,160,-1,160,159,161,-1,162,163,164,-1,164,163,165,-1,166,162,167,-1,167,162,164,-1,168,169,170,-1,170,169,171,-1,172,168,173,-1,173,168,170,-1,174,175,176,-1,176,175,177,-1,178,174,179,-1,179,174,176,-1,180,181,182,-1,182,181,183,-1,184,180,185,-1,185,180,182,-1,186,187,188,-1,188,187,189,-1,156,159,64,-1,64,159,158,-1,64,158,65,-1,141,142,140,-1,140,142,49,-1,140,49,134,-1,134,49,48,-1,158,163,65,-1,65,163,162,-1,65,162,154,-1,154,162,166,-1,154,166,152,-1,152,166,169,-1,152,169,62,-1,53,186,146,-1,146,186,190,-1,146,190,144,-1,144,190,191,-1,144,191,48,-1,48,191,135,-1,48,135,134,-1,169,168,62,-1,62,168,172,-1,62,172,58,-1,58,172,175,-1,58,175,59,-1,59,175,174,-1,59,174,150,-1,150,174,178,-1,150,178,148,-1,148,178,181,-1,148,181,56,-1,56,181,180,-1,56,180,52,-1,52,180,184,-1,52,184,53,-1,53,184,187,-1,53,187,186,-1,190,186,192,-1,192,186,188,-1,135,191,137,-1,137,191,193,-1,194,195,196,-1,197,198,199,-1,200,201,202,-1,203,204,205,-1,196,200,194,-1,194,200,202,-1,194,202,205,-1,205,202,197,-1,205,197,203,-1,203,197,199,-1,94,206,92,-1,92,206,207,-1,68,208,69,-1,69,208,209,-1,210,70,211,-1,211,70,71,-1,73,212,75,-1,75,212,213,-1,214,72,215,-1,215,72,74,-1,216,217,218,-1,218,217,219,-1,220,216,221,-1,221,216,218,-1,76,222,77,-1,77,222,223,-1,224,78,225,-1,225,78,79,-1,81,226,83,-1,83,226,227,-1,228,80,229,-1,229,80,82,-1,230,231,232,-1,232,231,233,-1,234,235,236,-1,236,235,237,-1,238,239,240,-1,240,239,241,-1,242,238,243,-1,243,238,240,-1,85,244,87,-1,87,244,245,-1,246,84,247,-1,247,84,86,-1,248,249,250,-1,250,249,251,-1,252,248,253,-1,253,248,250,-1,88,254,89,-1,89,254,255,-1,90,256,22,-1,22,256,0,-1,0,256,257,-1,0,257,1,-1,1,257,93,-1,1,93,20,-1,20,93,92,-1,20,92,68,-1,68,92,207,-1,68,207,208,-1,228,231,80,-1,80,231,230,-1,80,230,81,-1,78,242,26,-1,26,242,244,-1,26,244,4,-1,4,244,85,-1,4,85,5,-1,5,85,84,-1,5,84,24,-1,24,84,246,-1,24,246,76,-1,246,249,76,-1,76,249,248,-1,76,248,222,-1,222,248,252,-1,222,252,220,-1,220,252,254,-1,220,254,216,-1,216,254,88,-1,230,258,81,-1,81,258,235,-1,81,235,226,-1,226,235,234,-1,226,234,224,-1,224,234,239,-1,224,239,78,-1,78,239,238,-1,78,238,242,-1,22,70,90,-1,90,70,210,-1,90,210,30,-1,30,210,212,-1,30,212,8,-1,8,212,73,-1,8,73,9,-1,9,73,72,-1,9,72,28,-1,28,72,214,-1,28,214,88,-1,88,214,217,-1,88,217,216,-1,256,90,259,-1,259,90,91,-1,93,257,95,-1,95,257,260,-1,98,101,110,-1,261,100,99,-1,262,99,263,-1,263,99,98,-1,263,98,264,-1,264,98,110,-1,262,265,99,-1,99,265,266,-1,99,266,267,-1,267,268,99,-1,99,268,269,-1,99,269,261,-1,112,270,111,-1,111,270,264,-1,111,264,110,-1,38,104,36,-1,36,104,271,-1,36,271,43,-1,43,271,270,-1,43,270,42,-1,42,270,112,-1,108,272,109,-1,109,272,271,-1,109,271,104,-1,108,107,114,-1,273,274,117,-1,117,274,275,-1,117,275,114,-1,114,275,272,-1,114,272,108,-1,115,276,117,-1,117,276,277,-1,117,277,278,-1,278,279,117,-1,117,279,280,-1,117,280,273,-1,281,282,283,-1,284,285,286,-1,281,283,287,-1,286,288,284,-1,284,288,289,-1,284,289,283,-1,283,289,290,-1,283,290,287,-1,291,292,293,-1,294,295,296,-1,296,295,297,-1,293,298,291,-1,291,298,299,-1,291,299,295,-1,295,299,300,-1,295,300,297,-1,301,302,295,-1,295,302,291,-1,303,304,283,-1,283,304,284,-1,305,306,307,-1,305,307,308,-1,308,307,309,-1,308,309,310,-1,310,309,311,-1,310,311,312,-1,312,311,313,-1,312,313,314,-1,314,313,315,-1,314,315,316,-1,316,315,317,-1,316,317,318,-1,318,317,118,-1,318,118,120,-1,319,320,121,-1,121,320,305,-1,121,305,120,-1,321,322,323,-1,321,323,324,-1,322,325,323,-1,323,325,326,-1,323,326,327,-1,327,326,328,-1,305,308,120,-1,120,308,310,-1,120,310,312,-1,319,121,323,-1,323,121,329,-1,323,329,324,-1,312,314,120,-1,120,314,316,-1,120,316,318,-1,330,331,324,-1,332,323,327,-1,332,327,333,-1,333,327,328,-1,333,328,334,-1,334,328,326,-1,334,326,335,-1,325,322,336,-1,325,336,326,-1,326,336,337,-1,326,337,335,-1,324,331,321,-1,321,331,322,-1,322,331,338,-1,322,338,336,-1,330,324,119,-1,119,324,329,-1,119,329,121,-1,306,119,118,-1,337,332,335,-1,335,332,333,-1,335,333,334,-1,311,309,118,-1,118,309,307,-1,118,307,306,-1,337,336,332,-1,332,336,338,-1,332,338,331,-1,331,330,332,-1,332,330,119,-1,332,119,339,-1,339,119,306,-1,339,306,340,-1,317,315,118,-1,118,315,313,-1,118,313,311,-1,341,342,340,-1,340,342,339,-1,343,342,344,-1,344,342,341,-1,343,344,345,-1,345,344,346,-1,345,346,347,-1,347,346,348,-1,347,348,349,-1,349,348,350,-1,349,350,351,-1,351,350,352,-1,351,352,353,-1,353,352,354,-1,353,354,355,-1,355,354,356,-1,355,356,357,-1,357,356,358,-1,359,360,361,-1,361,360,362,-1,361,362,363,-1,363,362,364,-1,363,364,365,-1,365,364,366,-1,365,366,367,-1,367,366,368,-1,367,368,369,-1,369,368,370,-1,369,370,371,-1,371,370,372,-1,372,373,371,-1,371,373,374,-1,373,320,374,-1,374,320,319,-1,375,282,376,-1,376,282,281,-1,376,281,377,-1,377,281,378,-1,378,281,287,-1,378,287,379,-1,290,380,287,-1,287,380,381,-1,287,381,379,-1,382,383,289,-1,289,383,384,-1,289,384,290,-1,290,384,385,-1,290,385,380,-1,382,289,386,-1,386,289,288,-1,386,288,387,-1,387,288,388,-1,388,288,286,-1,388,286,389,-1,389,286,390,-1,390,286,285,-1,390,285,391,-1,392,391,393,-1,393,391,285,-1,393,285,394,-1,394,285,284,-1,394,284,304,-1,269,96,261,-1,261,96,100,-1,395,396,397,-1,397,396,262,-1,397,262,263,-1,398,265,399,-1,399,265,262,-1,399,262,400,-1,400,262,396,-1,398,401,265,-1,265,401,402,-1,265,402,266,-1,402,403,266,-1,266,403,404,-1,266,404,267,-1,405,268,406,-1,406,268,267,-1,406,267,407,-1,407,267,404,-1,392,393,408,-1,408,393,96,-1,408,96,409,-1,409,96,269,-1,409,269,410,-1,410,269,268,-1,410,268,411,-1,411,268,405,-1,128,131,412,-1,412,131,413,-1,412,414,128,-1,128,414,126,-1,127,126,415,-1,415,126,414,-1,129,127,416,-1,416,127,415,-1,133,129,417,-1,417,129,416,-1,132,133,418,-1,418,133,417,-1,124,132,419,-1,419,132,418,-1,122,124,420,-1,420,124,419,-1,123,122,421,-1,421,122,420,-1,125,123,422,-1,422,123,421,-1,130,125,423,-1,423,125,422,-1,131,130,413,-1,413,130,423,-1,424,425,426,-1,426,425,427,-1,428,429,430,-1,430,429,431,-1,429,427,431,-1,431,427,425,-1,140,134,138,-1,138,134,136,-1,142,141,143,-1,143,141,139,-1,146,144,147,-1,147,144,145,-1,150,148,151,-1,151,148,149,-1,154,152,155,-1,155,152,153,-1,159,156,161,-1,161,156,157,-1,163,158,165,-1,165,158,160,-1,169,166,171,-1,171,166,167,-1,175,172,177,-1,177,172,173,-1,181,178,183,-1,183,178,179,-1,187,184,189,-1,189,184,185,-1,191,190,193,-1,193,190,192,-1,203,199,432,-1,432,199,433,-1,432,434,203,-1,203,434,204,-1,205,204,435,-1,435,204,434,-1,194,205,436,-1,436,205,435,-1,195,194,437,-1,437,194,436,-1,196,195,438,-1,438,195,437,-1,200,196,439,-1,439,196,438,-1,201,200,440,-1,440,200,439,-1,202,201,441,-1,441,201,440,-1,197,202,442,-1,442,202,441,-1,198,197,443,-1,443,197,442,-1,199,198,433,-1,433,198,443,-1,208,207,209,-1,209,207,206,-1,212,210,213,-1,213,210,211,-1,217,214,219,-1,219,214,215,-1,222,220,223,-1,223,220,221,-1,226,224,227,-1,227,224,225,-1,231,228,233,-1,233,228,229,-1,258,230,444,-1,444,230,232,-1,235,258,237,-1,237,258,444,-1,239,234,241,-1,241,234,236,-1,244,242,245,-1,245,242,243,-1,249,246,251,-1,251,246,247,-1,254,252,255,-1,255,252,253,-1,257,256,260,-1,260,256,259,-1,445,446,447,-1,447,446,448,-1,449,450,451,-1,451,450,452,-1,450,448,452,-1,452,448,446,-1,451,453,454,-1,263,264,397,-1,397,264,270,-1,272,275,271,-1,271,275,455,-1,271,428,270,-1,270,428,430,-1,270,430,397,-1,397,430,456,-1,397,456,395,-1,457,458,455,-1,455,458,449,-1,455,449,271,-1,271,449,451,-1,271,451,428,-1,428,451,454,-1,455,275,274,-1,276,115,116,-1,276,116,277,-1,459,460,461,-1,459,461,116,-1,116,461,462,-1,116,462,277,-1,277,462,463,-1,277,463,278,-1,464,279,465,-1,465,279,278,-1,465,278,466,-1,466,278,463,-1,467,280,468,-1,468,280,279,-1,468,279,469,-1,469,279,464,-1,467,470,280,-1,280,470,471,-1,280,471,273,-1,471,472,273,-1,273,472,473,-1,273,473,274,-1,473,474,274,-1,274,474,475,-1,274,475,455,-1,455,475,457,-1,294,476,460,-1,301,295,477,-1,477,295,294,-1,477,294,459,-1,459,294,460,-1,476,294,478,-1,478,294,296,-1,478,296,479,-1,479,296,480,-1,480,296,297,-1,480,297,481,-1,300,482,297,-1,297,482,483,-1,297,483,481,-1,299,484,300,-1,300,484,485,-1,300,485,482,-1,486,487,298,-1,298,487,488,-1,298,488,299,-1,299,488,489,-1,299,489,484,-1,486,298,490,-1,490,298,293,-1,490,293,491,-1,491,293,492,-1,492,293,292,-1,492,292,493,-1,494,495,496,-1,496,495,497,-1,292,291,302,-1,495,498,493,-1,303,283,282,-1,375,499,282,-1,282,499,500,-1,282,500,303,-1,303,500,501,-1,303,501,302,-1,493,292,495,-1,495,292,302,-1,495,302,497,-1,497,302,501,-1,497,501,502,-1,502,501,503,-1,504,501,505,-1,505,501,500,-1,360,359,506,-1,506,359,507,-1,506,507,508,-1,508,507,509,-1,362,306,364,-1,364,306,366,-1,366,306,368,-1,368,306,305,-1,368,305,370,-1,350,348,306,-1,341,340,344,-1,344,340,306,-1,344,306,346,-1,346,306,348,-1,320,373,305,-1,305,373,372,-1,305,372,370,-1,360,356,362,-1,362,356,354,-1,362,354,306,-1,306,354,352,-1,306,352,350,-1,508,510,506,-1,506,510,511,-1,506,511,360,-1,360,511,358,-1,360,358,356,-1,510,512,511,-1,511,512,513,-1,511,513,358,-1,358,513,357,-1,339,342,332,-1,332,342,343,-1,332,343,345,-1,361,363,332,-1,332,363,365,-1,332,365,323,-1,323,365,367,-1,374,319,371,-1,371,319,323,-1,371,323,369,-1,369,323,367,-1,345,347,332,-1,332,347,349,-1,332,349,361,-1,361,349,351,-1,512,509,513,-1,513,509,507,-1,513,507,357,-1,357,507,359,-1,357,359,355,-1,355,359,361,-1,355,361,353,-1,353,361,351,-1,514,515,516,-1,516,515,517,-1,516,517,518,-1,519,520,521,-1,520,522,521,-1,521,522,523,-1,521,523,524,-1,518,525,516,-1,516,525,526,-1,516,526,527,-1,527,526,521,-1,521,526,528,-1,521,528,519,-1,529,530,528,-1,529,528,531,-1,531,528,526,-1,531,526,532,-1,505,500,533,-1,533,500,499,-1,533,499,534,-1,499,535,534,-1,534,535,536,-1,534,536,537,-1,537,538,534,-1,534,538,539,-1,534,539,540,-1,499,375,541,-1,542,536,541,-1,541,536,535,-1,541,535,499,-1,542,543,536,-1,536,543,544,-1,536,544,537,-1,537,544,545,-1,545,546,537,-1,537,546,547,-1,537,547,538,-1,538,547,548,-1,548,549,538,-1,538,549,550,-1,538,550,539,-1,539,550,551,-1,551,552,539,-1,539,552,553,-1,539,553,540,-1,540,553,554,-1,554,555,540,-1,540,555,556,-1,540,556,534,-1,534,556,557,-1,534,557,558,-1,559,560,561,-1,561,560,558,-1,559,561,562,-1,562,561,563,-1,562,563,564,-1,564,563,565,-1,564,565,566,-1,566,565,567,-1,566,567,568,-1,569,570,571,-1,571,570,572,-1,571,572,573,-1,573,572,574,-1,573,574,575,-1,575,574,576,-1,575,576,577,-1,577,576,578,-1,577,578,567,-1,567,578,579,-1,567,579,568,-1,569,571,580,-1,580,571,581,-1,580,581,582,-1,582,581,583,-1,582,583,584,-1,541,375,376,-1,379,585,378,-1,378,585,586,-1,378,586,377,-1,377,586,587,-1,377,587,376,-1,379,381,585,-1,585,381,380,-1,585,380,588,-1,588,380,385,-1,588,385,589,-1,589,385,384,-1,589,384,590,-1,590,384,383,-1,383,382,590,-1,590,382,386,-1,590,386,591,-1,591,386,387,-1,591,387,592,-1,592,387,388,-1,592,388,593,-1,593,388,389,-1,593,389,390,-1,541,376,542,-1,542,376,587,-1,542,587,543,-1,390,391,593,-1,593,391,594,-1,593,594,595,-1,595,596,593,-1,593,596,597,-1,593,597,592,-1,592,597,598,-1,592,598,591,-1,591,598,599,-1,591,599,590,-1,590,599,600,-1,590,600,589,-1,589,600,601,-1,589,601,588,-1,588,601,602,-1,588,602,585,-1,585,602,603,-1,585,603,586,-1,586,603,604,-1,586,604,587,-1,548,547,604,-1,547,546,604,-1,604,546,545,-1,604,545,587,-1,587,545,544,-1,587,544,543,-1,548,604,605,-1,605,604,603,-1,605,603,606,-1,606,603,602,-1,606,602,607,-1,607,602,601,-1,607,601,608,-1,608,601,600,-1,608,600,609,-1,609,600,599,-1,609,599,610,-1,610,599,598,-1,610,598,611,-1,611,598,597,-1,611,597,612,-1,612,597,596,-1,612,596,613,-1,552,551,614,-1,614,551,550,-1,614,550,549,-1,595,615,596,-1,596,615,616,-1,596,616,613,-1,613,616,617,-1,613,617,618,-1,618,619,613,-1,613,619,620,-1,613,620,612,-1,612,620,621,-1,612,621,611,-1,611,621,622,-1,611,622,610,-1,610,622,623,-1,610,623,609,-1,609,623,624,-1,609,624,608,-1,608,624,625,-1,608,625,607,-1,607,625,626,-1,607,626,606,-1,606,626,614,-1,606,614,605,-1,605,614,549,-1,605,549,548,-1,555,554,627,-1,627,554,553,-1,627,553,552,-1,552,614,627,-1,627,614,626,-1,627,626,628,-1,628,626,625,-1,628,625,629,-1,629,625,624,-1,629,624,630,-1,630,624,623,-1,630,623,631,-1,631,623,622,-1,631,622,632,-1,632,622,621,-1,632,621,633,-1,633,621,620,-1,633,620,634,-1,634,620,619,-1,634,619,635,-1,558,557,561,-1,561,557,556,-1,561,556,555,-1,618,636,619,-1,619,636,637,-1,619,637,635,-1,635,637,638,-1,635,638,639,-1,555,627,561,-1,561,627,628,-1,561,628,563,-1,563,628,629,-1,563,629,565,-1,565,629,630,-1,565,630,567,-1,567,630,631,-1,567,631,577,-1,577,631,632,-1,577,632,575,-1,575,632,633,-1,575,633,573,-1,573,633,634,-1,573,634,571,-1,571,634,635,-1,571,635,581,-1,581,635,639,-1,581,639,583,-1,391,392,594,-1,594,392,640,-1,594,640,595,-1,595,640,641,-1,595,641,615,-1,615,641,642,-1,615,642,616,-1,616,642,643,-1,616,643,617,-1,617,643,644,-1,617,644,618,-1,618,644,645,-1,618,645,636,-1,636,645,646,-1,636,646,637,-1,637,646,647,-1,637,647,638,-1,638,647,648,-1,638,648,639,-1,639,648,649,-1,639,649,583,-1,583,649,650,-1,583,650,584,-1,584,650,651,-1,411,405,652,-1,407,404,653,-1,398,399,654,-1,655,656,657,-1,658,659,660,-1,661,662,663,-1,663,662,664,-1,663,664,651,-1,658,660,665,-1,655,657,666,-1,667,668,669,-1,669,668,670,-1,669,670,671,-1,671,670,672,-1,671,672,673,-1,673,672,674,-1,651,650,663,-1,663,650,649,-1,663,649,675,-1,674,672,676,-1,676,672,677,-1,676,677,678,-1,649,648,675,-1,675,648,647,-1,675,647,679,-1,678,677,680,-1,680,677,681,-1,680,681,682,-1,647,646,679,-1,679,646,645,-1,679,645,683,-1,682,681,684,-1,684,681,685,-1,684,685,686,-1,687,688,689,-1,689,688,690,-1,689,690,691,-1,691,690,692,-1,691,692,693,-1,693,692,694,-1,693,694,695,-1,695,694,696,-1,695,696,697,-1,697,696,698,-1,697,698,652,-1,688,661,690,-1,690,661,663,-1,690,663,692,-1,692,663,675,-1,692,675,694,-1,694,675,679,-1,694,679,696,-1,696,679,683,-1,696,683,698,-1,698,683,699,-1,686,685,700,-1,700,685,701,-1,700,701,702,-1,668,666,670,-1,670,666,657,-1,670,657,672,-1,672,657,703,-1,672,703,677,-1,677,703,704,-1,677,704,681,-1,681,704,705,-1,681,705,685,-1,685,705,706,-1,685,706,701,-1,701,706,654,-1,707,708,709,-1,709,708,710,-1,709,710,711,-1,711,710,712,-1,711,712,713,-1,713,712,714,-1,713,714,715,-1,715,714,716,-1,715,716,717,-1,717,716,718,-1,717,718,719,-1,719,718,653,-1,645,644,683,-1,683,644,643,-1,683,643,699,-1,699,643,642,-1,699,642,641,-1,652,698,720,-1,720,698,699,-1,720,699,721,-1,721,699,641,-1,721,641,640,-1,702,701,722,-1,722,701,396,-1,722,396,395,-1,654,399,701,-1,701,399,400,-1,701,400,396,-1,401,398,723,-1,723,398,654,-1,723,654,724,-1,724,654,706,-1,724,706,725,-1,725,706,705,-1,725,705,726,-1,726,705,704,-1,726,704,727,-1,727,704,703,-1,727,703,728,-1,728,703,657,-1,728,657,729,-1,729,657,656,-1,729,707,728,-1,728,707,709,-1,728,709,727,-1,727,709,711,-1,727,711,726,-1,726,711,713,-1,726,713,725,-1,725,713,715,-1,725,715,724,-1,724,715,717,-1,724,717,723,-1,723,717,719,-1,723,719,401,-1,401,719,402,-1,653,404,719,-1,719,404,403,-1,719,403,402,-1,406,407,730,-1,730,407,653,-1,730,653,731,-1,731,653,718,-1,731,718,732,-1,732,718,716,-1,732,716,733,-1,733,716,714,-1,733,714,734,-1,734,714,712,-1,734,712,660,-1,660,712,710,-1,660,710,665,-1,665,710,708,-1,659,687,660,-1,660,687,689,-1,660,689,734,-1,734,689,691,-1,734,691,733,-1,733,691,693,-1,733,693,732,-1,732,693,695,-1,732,695,731,-1,731,695,697,-1,731,697,730,-1,730,697,652,-1,730,652,406,-1,406,652,405,-1,411,652,410,-1,410,652,720,-1,410,720,409,-1,409,720,721,-1,409,721,408,-1,408,721,640,-1,408,640,392,-1,735,702,456,-1,456,702,722,-1,456,722,395,-1,736,686,735,-1,735,686,700,-1,735,700,702,-1,737,682,736,-1,736,682,684,-1,736,684,686,-1,738,678,737,-1,737,678,680,-1,737,680,682,-1,739,674,738,-1,738,674,676,-1,738,676,678,-1,740,667,739,-1,739,667,669,-1,669,671,739,-1,739,671,673,-1,739,673,674,-1,430,431,456,-1,456,431,425,-1,424,741,425,-1,425,741,740,-1,740,739,425,-1,425,739,738,-1,425,738,737,-1,737,736,425,-1,425,736,735,-1,425,735,456,-1,417,416,415,-1,420,419,418,-1,414,412,413,-1,423,742,413,-1,413,742,741,-1,413,741,414,-1,423,422,742,-1,742,422,421,-1,742,421,426,-1,421,420,426,-1,426,420,418,-1,426,418,424,-1,424,418,417,-1,424,417,741,-1,741,417,415,-1,741,415,414,-1,429,428,427,-1,427,428,454,-1,427,743,744,-1,454,745,427,-1,427,745,746,-1,427,746,743,-1,742,426,747,-1,747,426,427,-1,747,427,748,-1,748,427,744,-1,454,453,749,-1,454,749,745,-1,745,749,750,-1,745,750,746,-1,746,750,751,-1,746,751,743,-1,743,751,752,-1,743,752,744,-1,744,752,753,-1,744,753,748,-1,748,753,754,-1,748,754,747,-1,451,452,453,-1,453,452,446,-1,445,755,446,-1,446,755,754,-1,754,753,446,-1,446,753,752,-1,446,752,751,-1,751,750,446,-1,446,750,749,-1,446,749,453,-1,94,95,260,-1,755,438,437,-1,436,435,437,-1,437,435,434,-1,437,434,755,-1,755,434,432,-1,241,236,756,-1,756,236,237,-1,756,237,444,-1,444,232,756,-1,756,232,233,-1,756,233,447,-1,161,143,139,-1,755,136,137,-1,243,432,245,-1,245,432,87,-1,756,755,241,-1,241,755,432,-1,241,432,240,-1,240,432,243,-1,260,259,89,-1,89,259,91,-1,442,441,443,-1,443,441,440,-1,157,66,151,-1,151,66,67,-1,153,63,60,-1,11,29,10,-1,10,29,89,-1,10,89,31,-1,31,89,91,-1,260,89,94,-1,94,89,255,-1,94,255,206,-1,165,160,445,-1,67,155,151,-1,151,155,153,-1,151,153,61,-1,61,153,60,-1,255,253,206,-1,206,253,250,-1,206,250,209,-1,250,251,209,-1,209,251,247,-1,209,247,86,-1,160,161,445,-1,445,161,139,-1,445,139,755,-1,755,139,138,-1,755,138,136,-1,221,227,223,-1,223,227,225,-1,223,225,77,-1,83,227,82,-1,82,227,221,-1,82,221,229,-1,229,221,218,-1,229,218,233,-1,157,151,161,-1,161,151,149,-1,161,149,143,-1,143,149,50,-1,143,50,51,-1,438,189,185,-1,218,219,233,-1,233,219,215,-1,233,215,447,-1,447,215,74,-1,447,74,75,-1,54,55,57,-1,57,55,147,-1,57,147,149,-1,149,147,145,-1,149,145,50,-1,176,177,439,-1,439,177,173,-1,439,173,170,-1,21,69,433,-1,433,69,209,-1,433,209,432,-1,432,209,86,-1,432,86,87,-1,137,193,755,-1,755,193,192,-1,755,192,438,-1,438,192,188,-1,438,188,189,-1,75,213,447,-1,447,213,211,-1,447,211,71,-1,27,6,7,-1,171,167,445,-1,445,167,164,-1,445,164,165,-1,71,23,447,-1,447,23,2,-1,447,2,433,-1,433,2,3,-1,433,3,21,-1,225,79,77,-1,77,79,27,-1,77,27,25,-1,25,27,7,-1,170,171,439,-1,439,171,445,-1,439,445,440,-1,440,445,447,-1,440,447,443,-1,443,447,433,-1,185,182,438,-1,438,182,183,-1,438,183,439,-1,439,183,179,-1,439,179,176,-1,756,447,757,-1,757,447,448,-1,758,759,760,-1,760,759,761,-1,450,449,448,-1,448,449,458,-1,448,458,757,-1,757,458,761,-1,757,761,762,-1,762,761,759,-1,761,458,457,-1,457,763,761,-1,761,763,764,-1,761,764,760,-1,760,764,765,-1,765,766,760,-1,760,766,767,-1,760,767,758,-1,767,768,758,-1,758,768,769,-1,758,769,759,-1,769,770,759,-1,759,770,771,-1,759,771,762,-1,772,757,773,-1,773,757,762,-1,773,762,774,-1,774,762,771,-1,472,471,775,-1,467,468,776,-1,466,463,777,-1,778,779,780,-1,781,782,783,-1,784,785,786,-1,786,785,787,-1,786,787,772,-1,781,783,788,-1,778,780,789,-1,790,791,792,-1,790,792,793,-1,772,773,786,-1,786,773,774,-1,786,774,794,-1,795,796,797,-1,797,798,795,-1,795,798,799,-1,795,799,793,-1,793,799,800,-1,793,800,790,-1,774,771,794,-1,794,771,770,-1,794,770,801,-1,770,769,801,-1,801,769,768,-1,801,768,802,-1,803,804,805,-1,805,806,803,-1,803,806,807,-1,803,807,796,-1,796,807,808,-1,796,808,797,-1,809,810,811,-1,811,810,812,-1,811,812,813,-1,813,812,814,-1,813,814,815,-1,815,814,816,-1,815,816,817,-1,817,816,818,-1,817,818,819,-1,819,818,820,-1,819,820,775,-1,810,784,812,-1,812,784,786,-1,812,786,814,-1,814,786,794,-1,814,794,816,-1,816,794,801,-1,816,801,818,-1,818,801,802,-1,818,802,820,-1,820,802,821,-1,792,789,793,-1,793,789,780,-1,793,780,795,-1,795,780,822,-1,795,822,796,-1,796,822,823,-1,796,823,803,-1,803,823,824,-1,803,824,804,-1,804,824,825,-1,804,825,826,-1,826,825,777,-1,827,828,829,-1,829,828,830,-1,829,830,831,-1,831,830,832,-1,831,832,833,-1,833,832,834,-1,833,834,835,-1,835,834,836,-1,835,836,837,-1,837,836,838,-1,837,838,839,-1,839,838,776,-1,768,767,802,-1,802,767,766,-1,802,766,821,-1,821,766,765,-1,821,765,764,-1,775,820,840,-1,840,820,821,-1,840,821,841,-1,841,821,764,-1,841,764,763,-1,826,461,460,-1,460,842,826,-1,826,842,843,-1,826,843,804,-1,804,843,844,-1,804,844,805,-1,777,463,826,-1,826,463,462,-1,826,462,461,-1,465,466,845,-1,845,466,777,-1,845,777,846,-1,846,777,825,-1,846,825,847,-1,847,825,824,-1,847,824,848,-1,848,824,823,-1,848,823,849,-1,849,823,822,-1,849,822,850,-1,850,822,780,-1,850,780,851,-1,851,780,779,-1,851,827,850,-1,850,827,829,-1,850,829,849,-1,849,829,831,-1,849,831,848,-1,848,831,833,-1,848,833,847,-1,847,833,835,-1,847,835,846,-1,846,835,837,-1,846,837,845,-1,845,837,839,-1,845,839,465,-1,465,839,464,-1,776,468,839,-1,839,468,469,-1,839,469,464,-1,470,467,852,-1,852,467,776,-1,852,776,853,-1,853,776,838,-1,853,838,854,-1,854,838,836,-1,854,836,855,-1,855,836,834,-1,855,834,856,-1,856,834,832,-1,856,832,783,-1,783,832,830,-1,783,830,788,-1,788,830,828,-1,782,809,783,-1,783,809,811,-1,783,811,856,-1,856,811,813,-1,856,813,855,-1,855,813,815,-1,855,815,854,-1,854,815,817,-1,854,817,853,-1,853,817,819,-1,853,819,852,-1,852,819,775,-1,852,775,470,-1,470,775,471,-1,472,775,473,-1,473,775,840,-1,473,840,474,-1,474,840,841,-1,474,841,475,-1,475,841,763,-1,475,763,457,-1,843,842,857,-1,857,842,460,-1,857,460,476,-1,857,858,843,-1,843,858,859,-1,843,859,844,-1,844,859,860,-1,844,860,805,-1,860,861,805,-1,805,861,862,-1,805,862,806,-1,806,862,863,-1,806,863,807,-1,797,864,798,-1,798,864,865,-1,798,865,799,-1,863,866,807,-1,807,866,867,-1,807,867,808,-1,808,867,868,-1,808,868,797,-1,797,868,869,-1,797,869,864,-1,870,791,871,-1,871,791,790,-1,871,790,872,-1,872,790,800,-1,872,800,873,-1,873,800,799,-1,873,799,874,-1,874,799,865,-1,875,876,877,-1,877,876,870,-1,875,877,878,-1,878,877,879,-1,878,879,880,-1,880,879,881,-1,880,881,882,-1,882,881,883,-1,882,883,884,-1,885,886,887,-1,887,886,888,-1,887,888,889,-1,889,888,890,-1,889,890,891,-1,891,890,892,-1,891,892,893,-1,893,892,894,-1,893,894,883,-1,883,894,895,-1,883,895,884,-1,885,887,896,-1,896,887,897,-1,896,897,898,-1,898,897,899,-1,898,899,900,-1,857,476,478,-1,481,901,480,-1,480,901,902,-1,480,902,479,-1,479,902,903,-1,479,903,478,-1,481,483,901,-1,901,483,482,-1,901,482,904,-1,904,482,485,-1,904,485,905,-1,905,485,484,-1,905,484,906,-1,906,484,489,-1,489,488,906,-1,906,488,487,-1,906,487,907,-1,907,487,486,-1,907,486,908,-1,908,486,490,-1,908,490,909,-1,909,490,491,-1,909,491,492,-1,857,478,858,-1,858,478,903,-1,858,903,859,-1,492,493,909,-1,909,493,910,-1,909,910,911,-1,911,912,909,-1,909,912,913,-1,909,913,908,-1,908,913,914,-1,908,914,907,-1,907,914,915,-1,907,915,906,-1,906,915,916,-1,906,916,905,-1,905,916,917,-1,905,917,904,-1,904,917,918,-1,904,918,901,-1,901,918,919,-1,901,919,902,-1,902,919,920,-1,902,920,903,-1,866,863,920,-1,863,862,920,-1,920,862,861,-1,920,861,903,-1,903,861,860,-1,903,860,859,-1,866,920,921,-1,921,920,919,-1,921,919,922,-1,922,919,918,-1,922,918,923,-1,923,918,917,-1,923,917,924,-1,924,917,916,-1,924,916,925,-1,925,916,915,-1,925,915,926,-1,926,915,914,-1,926,914,927,-1,927,914,913,-1,927,913,928,-1,928,913,912,-1,928,912,929,-1,864,869,930,-1,930,869,868,-1,930,868,867,-1,911,931,912,-1,912,931,932,-1,912,932,929,-1,929,932,933,-1,929,933,934,-1,934,935,929,-1,929,935,936,-1,929,936,928,-1,928,936,937,-1,928,937,927,-1,927,937,938,-1,927,938,926,-1,926,938,939,-1,926,939,925,-1,925,939,940,-1,925,940,924,-1,924,940,941,-1,924,941,923,-1,923,941,942,-1,923,942,922,-1,922,942,930,-1,922,930,921,-1,921,930,867,-1,921,867,866,-1,873,874,943,-1,943,874,865,-1,943,865,864,-1,864,930,943,-1,943,930,942,-1,943,942,944,-1,944,942,941,-1,944,941,945,-1,945,941,940,-1,945,940,946,-1,946,940,939,-1,946,939,947,-1,947,939,938,-1,947,938,948,-1,948,938,937,-1,948,937,949,-1,949,937,936,-1,949,936,950,-1,950,936,935,-1,950,935,951,-1,870,871,877,-1,877,871,872,-1,877,872,873,-1,934,952,935,-1,935,952,953,-1,935,953,951,-1,951,953,954,-1,951,954,955,-1,873,943,877,-1,877,943,944,-1,877,944,879,-1,879,944,945,-1,879,945,881,-1,881,945,946,-1,881,946,883,-1,883,946,947,-1,883,947,893,-1,893,947,948,-1,893,948,891,-1,891,948,949,-1,891,949,889,-1,889,949,950,-1,889,950,887,-1,887,950,951,-1,887,951,897,-1,897,951,955,-1,897,955,899,-1,493,498,910,-1,910,498,956,-1,910,956,911,-1,911,956,931,-1,931,956,957,-1,931,957,932,-1,932,957,933,-1,933,957,958,-1,933,958,934,-1,934,958,952,-1,952,958,959,-1,952,959,953,-1,953,959,954,-1,954,959,960,-1,954,960,955,-1,955,960,899,-1,899,960,961,-1,899,961,900,-1,494,962,495,-1,495,962,961,-1,495,961,498,-1,958,961,959,-1,959,961,960,-1,958,957,961,-1,961,957,956,-1,961,956,498,-1,494,496,962,-1,962,496,963,-1,963,496,964,-1,964,496,497,-1,964,497,502,-1,502,965,964,-1,964,965,966,-1,964,966,967,-1,967,968,964,-1,964,968,969,-1,964,969,970,-1,502,503,971,-1,502,971,965,-1,965,971,972,-1,965,972,966,-1,966,972,973,-1,966,973,967,-1,967,973,974,-1,967,974,968,-1,968,974,975,-1,968,975,969,-1,969,975,976,-1,969,976,970,-1,970,976,977,-1,970,977,964,-1,504,978,501,-1,501,978,977,-1,501,977,503,-1,972,975,973,-1,973,975,974,-1,977,976,503,-1,503,976,975,-1,503,975,971,-1,971,975,972,-1,504,505,978,-1,978,505,533,-1,528,530,519,-1,519,530,979,-1,980,523,981,-1,981,523,522,-1,981,522,979,-1,979,522,520,-1,979,520,519,-1,982,983,984,-1,984,985,982,-1,982,985,986,-1,982,986,987,-1,988,989,990,-1,990,991,988,-1,988,991,992,-1,988,992,986,-1,986,992,993,-1,986,993,987,-1,983,994,984,-1,984,994,995,-1,984,995,996,-1,996,995,997,-1,996,997,998,-1,998,997,999,-1,998,999,1000,-1,1000,999,1001,-1,1000,1001,1002,-1,1002,1001,1003,-1,1002,1003,1004,-1,1004,1003,521,-1,1004,521,980,-1,980,521,524,-1,980,524,523,-1,1005,1006,508,-1,1006,527,508,-1,508,527,521,-1,508,521,510,-1,510,521,1003,-1,1007,509,983,-1,983,509,512,-1,983,512,994,-1,994,512,995,-1,1007,1008,509,-1,509,1008,1009,-1,509,1009,508,-1,508,1009,1010,-1,508,1010,1005,-1,1003,1001,510,-1,510,1001,999,-1,510,999,512,-1,512,999,997,-1,512,997,995,-1,516,527,1011,-1,1011,1012,516,-1,516,1012,1013,-1,516,1013,514,-1,514,1013,1014,-1,514,1014,515,-1,1015,532,526,-1,526,525,1015,-1,1015,525,518,-1,1015,518,1014,-1,1014,518,517,-1,1014,517,515,-1,527,1006,1011,-1,1011,1006,1005,-1,1011,1005,1016,-1,1016,1005,1010,-1,1016,1010,1017,-1,532,962,963,-1,742,1018,1019,-1,1019,1020,742,-1,742,1020,989,-1,742,989,741,-1,532,963,531,-1,531,963,964,-1,531,964,529,-1,986,668,988,-1,988,668,667,-1,988,667,989,-1,989,667,740,-1,989,740,741,-1,981,979,558,-1,964,977,529,-1,529,977,978,-1,529,978,530,-1,530,978,533,-1,530,533,979,-1,979,533,534,-1,979,534,558,-1,1021,1022,772,-1,747,754,742,-1,742,754,755,-1,742,755,1018,-1,1018,755,756,-1,1018,756,1022,-1,1022,756,757,-1,1022,757,772,-1,984,659,658,-1,1023,851,779,-1,729,656,985,-1,985,656,655,-1,985,655,986,-1,986,655,666,-1,986,666,668,-1,658,665,984,-1,984,665,708,-1,984,708,985,-1,985,708,707,-1,985,707,729,-1,578,1004,579,-1,579,1004,980,-1,564,566,980,-1,980,566,568,-1,980,568,579,-1,1024,781,1023,-1,1023,781,788,-1,996,662,984,-1,984,662,661,-1,578,576,1004,-1,1004,576,574,-1,1004,574,572,-1,558,560,981,-1,981,560,559,-1,981,559,980,-1,980,559,562,-1,980,562,564,-1,875,878,1011,-1,788,828,1023,-1,1023,828,827,-1,1023,827,851,-1,810,809,1024,-1,1024,809,782,-1,1024,782,781,-1,661,688,984,-1,984,688,687,-1,984,687,659,-1,1002,582,1000,-1,1000,582,584,-1,1000,584,998,-1,998,584,651,-1,998,651,996,-1,996,651,664,-1,996,664,662,-1,572,570,1004,-1,1004,570,569,-1,1004,569,1002,-1,1002,569,580,-1,1002,580,582,-1,772,787,1021,-1,1021,787,785,-1,1021,785,1024,-1,1024,785,784,-1,1024,784,810,-1,1012,895,894,-1,779,778,1023,-1,1023,778,789,-1,1023,789,1025,-1,1025,789,792,-1,1025,792,1017,-1,1017,792,791,-1,1017,791,1016,-1,1016,791,870,-1,1016,870,1011,-1,1011,870,876,-1,1011,876,875,-1,886,885,1013,-1,1013,885,896,-1,1013,896,1014,-1,1014,896,898,-1,1014,898,1015,-1,1015,898,900,-1,1015,900,532,-1,532,900,961,-1,532,961,962,-1,894,892,1012,-1,1012,892,890,-1,1012,890,1013,-1,1013,890,888,-1,1013,888,886,-1,878,880,1011,-1,1011,880,882,-1,1011,882,1012,-1,1012,882,884,-1,1012,884,895,-1,1019,1018,1026,-1,1019,1026,1020,-1,1020,1026,990,-1,1020,990,989,-1,982,987,983,-1,983,987,993,-1,983,993,992,-1,1027,1028,1026,-1,992,991,983,-1,983,991,990,-1,983,990,1007,-1,1007,990,1026,-1,1007,1026,1029,-1,1029,1026,1028,-1,1030,1031,1026,-1,1026,1031,1032,-1,1026,1032,1027,-1,1026,1018,1030,-1,1030,1018,1022,-1,1030,1022,1031,-1,1031,1022,1032,-1,1032,1022,1021,-1,1032,1021,1027,-1,1027,1021,1028,-1,1028,1021,1024,-1,1028,1024,1029,-1,1029,1024,1007,-1,1007,1024,1023,-1,1007,1023,1008,-1,1008,1023,1025,-1,1008,1025,1009,-1,1009,1025,1017,-1,1009,1017,1010,-1,116,113,459,-1,459,113,105,-1,459,105,477,-1,477,105,301,-1,394,304,103,-1,103,304,303,-1,103,303,105,-1,105,303,302,-1,105,302,301,-1,394,103,393,-1,393,103,97,-1,393,97,96,-1,
        ]
    }
}
Shape{
    appearance Appearance {
        material  Material 	{
            diffuseColor 0.9686274509803922 0.8784313725490196 0.6
            specularColor 0.6784313725490196 0.615686274509804 0.4196078431372549
            ambientIntensity 0.8737
            transparency 0.0
            shininess 0.5
        }
    }
    geometry IndexedFaceSet {
        ccw TRUE
        solid FALSE
        coord DEF co Coordinate {
            point [
                0.0886 0.6496 0.0157, 0.0098 0.6496 0.0157, 0.0886 0.6496 0.0315, 0.0098 0.6496 0.0315, 0.0098 0.6339 0.0, 0.0886 0.6339 0.0, 0.0886 0.6339 0.0472, 0.0098 0.6339 0.0472, 0.0886 0.464 0.0472, 0.0886 0.464 0.0, 0.0098 0.464 0.0, 0.0098 0.464 0.0472, 0.0886 0.2278 0.0, 0.0098 0.2278 0.0, 0.0098 0.2278 0.0472, 0.0886 0.2278 0.0472, 0.0886 0.1062 -0.0917, 0.0886 0.1003 -0.0954, 0.0886 0.1518 -0.1114, 0.0886 0.0937 -0.0977, 0.0886 0.0868 -0.0984, 0.0886 0.2209 -0.0008, 0.0886 0.2105 0.0453, 0.0886 0.2143 -0.003, 0.0886 0.1941 0.0397, 0.0886 0.2084 -0.0067, 0.0886 0.1793 0.0305, 0.0886 0.2034 -0.0116, 0.0886 0.1669 0.0184, 0.0886 0.1997 -0.0174, 0.0886 0.1574 0.0038, 0.0886 0.1572 -0.1022, 0.0886 0.115 -0.081, 0.0886 0.1112 -0.0869, 0.0098 0.0868 -0.1457, 0.0098 0.0868 -0.0984, 0.0098 0.1041 -0.1437, 0.0098 0.0937 -0.0977, 0.0098 0.1205 -0.1381, 0.0098 0.1003 -0.0954, 0.0098 0.1353 -0.1289, 0.0098 0.1062 -0.0917, 0.0098 0.1477 -0.1168, 0.0098 0.1112 -0.0869, 0.0098 0.1572 -0.1022, 0.0098 0.115 -0.081, 0.0098 0.1997 -0.0174, 0.0098 0.1574 0.0038, 0.0098 0.2034 -0.0116, 0.0098 0.1669 0.0184, 0.0098 0.2084 -0.0067, 0.0098 0.1793 0.0305, 0.0098 0.2143 -0.003, 0.0098 0.1941 0.0397, 0.0098 0.2209 -0.0008, 0.0098 0.2105 0.0453, 0.0886 0.1477 -0.1168, 0.0886 0.1353 -0.1289, 0.0886 0.1205 -0.1381, 0.0886 0.1041 -0.1437, 0.0886 0.0868 -0.1457, 0.0886 0.0332 -0.0984, 0.0886 0.0332 -0.1457, 0.0098 0.0121 -0.0984, 0.0098 0.0121 -0.1457, 0.1437 -1.5275 -0.1457, 0.0531 -1.5275 -0.1457, 0.0531 -0.8819 -0.1457, 0.0807 -0.8185 -0.1457, 0.0611 -0.8524 -0.1457, 0.0567 -0.8618 -0.1457, 0.054 -0.8717 -0.1457, 0.0119 -0.0032 -0.1457, 0.0906 0.0179 -0.1457, 0.0178 -0.0174 -0.1457, 0.0965 0.0037 -0.1457, 0.0452 -0.065 -0.1457, 0.1358 -0.0644 -0.1457, 0.0511 -0.0793 -0.1457, 0.1417 -0.0786 -0.1457, 0.0531 -0.0945 -0.1457, 0.1437 -0.0939 -0.1457, 0.0531 -0.5353 -0.1457, 0.0866 -0.8042 -0.1457, 0.0886 -0.7889 -0.1457, 0.0886 -0.6284 -0.1457, 0.0877 -0.6181 -0.1457, 0.085 -0.6082 -0.1457, 0.0807 -0.5988 -0.1457, 0.0611 -0.5649 -0.1457, 0.0567 -0.5555 -0.1457, 0.054 -0.5456 -0.1457, 0.0531 -0.8819 -0.0984, 0.0531 -1.5551 -0.0984, 0.1437 -1.5551 -0.0984, 0.0906 0.0179 -0.0984, 0.0119 -0.0032 -0.0984, 0.0965 0.0037 -0.0984, 0.0178 -0.0174 -0.0984, 0.1358 -0.0644 -0.0984, 0.0866 -0.8042 -0.0984, 0.0807 -0.8185 -0.0984, 0.0611 -0.8524 -0.0984, 0.0567 -0.8618 -0.0984, 0.054 -0.8717 -0.0984, 0.085 -0.6082 -0.0984, 0.0877 -0.6181 -0.0984, 0.1437 -0.0939 -0.0984, 0.0886 -0.6284 -0.0984, 0.0886 -0.7889 -0.0984, 0.0452 -0.065 -0.0984, 0.0511 -0.0793 -0.0984, 0.1417 -0.0786 -0.0984, 0.0531 -0.0945 -0.0984, 0.0807 -0.5988 -0.0984, 0.0531 -0.5353 -0.0984, 0.054 -0.5456 -0.0984, 0.0567 -0.5555 -0.0984, 0.0611 -0.5649 -0.0984, 0.0531 -1.5551 -0.1181, 0.1437 -1.5551 -0.1181
            ]
        }
        coordIndex [
            0,1,2,-1,2,1,3,-1,4,1,5,-1,5,1,0,-1,6,2,7,-1,7,2,3,-1,2,6,0,-1,0,6,8,-1,0,8,5,-1,5,8,9,-1,1,4,3,-1,3,4,10,-1,3,10,7,-1,7,10,11,-1,12,13,9,-1,9,13,10,-1,9,10,5,-1,5,10,4,-1,14,15,11,-1,11,15,8,-1,11,8,7,-1,7,8,6,-1,16,17,18,-1,18,17,19,-1,18,19,20,-1,9,8,12,-1,12,8,15,-1,12,15,21,-1,21,15,22,-1,21,22,23,-1,23,22,24,-1,23,24,25,-1,25,24,26,-1,25,26,27,-1,27,26,28,-1,27,28,29,-1,29,28,30,-1,29,30,31,-1,31,30,32,-1,31,32,18,-1,18,32,33,-1,18,33,16,-1,34,35,36,-1,36,35,37,-1,36,37,38,-1,38,37,39,-1,38,39,40,-1,40,39,41,-1,40,41,42,-1,42,41,43,-1,42,43,44,-1,44,43,45,-1,44,45,46,-1,46,45,47,-1,46,47,48,-1,48,47,49,-1,48,49,50,-1,50,49,51,-1,50,51,52,-1,52,51,53,-1,52,53,54,-1,54,53,55,-1,54,55,13,-1,13,55,14,-1,13,14,10,-1,10,14,11,-1,31,18,44,-1,44,18,42,-1,18,56,42,-1,42,56,57,-1,42,57,40,-1,40,57,58,-1,40,58,38,-1,38,58,59,-1,38,59,36,-1,36,59,60,-1,36,60,34,-1,44,46,31,-1,31,46,29,-1,13,12,54,-1,54,12,21,-1,54,21,52,-1,52,21,23,-1,52,23,50,-1,50,23,25,-1,50,25,48,-1,48,25,27,-1,48,27,46,-1,46,27,29,-1,47,30,28,-1,47,28,49,-1,49,28,26,-1,49,26,51,-1,51,26,24,-1,51,24,53,-1,53,24,22,-1,53,22,55,-1,55,22,15,-1,55,15,14,-1,47,45,30,-1,30,45,32,-1,35,20,37,-1,37,20,19,-1,37,19,39,-1,39,19,17,-1,39,17,41,-1,41,17,16,-1,41,16,43,-1,43,16,33,-1,43,33,45,-1,45,33,32,-1,20,61,62,-1,62,60,20,-1,20,60,59,-1,20,59,58,-1,58,57,20,-1,20,57,56,-1,20,56,18,-1,63,35,64,-1,64,35,34,-1,65,66,67,-1,68,65,69,-1,69,65,67,-1,69,67,70,-1,70,67,71,-1,34,60,64,-1,64,60,62,-1,64,62,72,-1,72,62,73,-1,72,73,74,-1,74,73,75,-1,74,75,76,-1,76,75,77,-1,76,77,78,-1,78,77,79,-1,78,79,80,-1,80,79,81,-1,80,81,82,-1,68,83,65,-1,65,83,84,-1,65,84,81,-1,81,84,85,-1,81,85,86,-1,86,87,81,-1,81,87,88,-1,81,88,89,-1,89,90,81,-1,81,90,91,-1,81,91,82,-1,92,93,94,-1,20,35,61,-1,61,35,63,-1,61,63,95,-1,95,63,96,-1,95,96,97,-1,97,96,98,-1,97,98,99,-1,100,101,94,-1,94,101,102,-1,94,102,92,-1,92,102,103,-1,92,103,104,-1,105,106,107,-1,107,106,108,-1,107,108,94,-1,94,108,109,-1,94,109,100,-1,98,110,99,-1,99,110,111,-1,99,111,112,-1,112,111,113,-1,112,113,107,-1,105,107,114,-1,114,107,113,-1,114,113,115,-1,116,117,115,-1,115,117,118,-1,115,118,114,-1,102,69,70,-1,102,70,103,-1,103,70,71,-1,103,71,104,-1,104,71,67,-1,104,67,92,-1,67,66,92,-1,92,66,119,-1,92,119,93,-1,94,93,120,-1,120,93,119,-1,65,81,120,-1,120,81,107,-1,120,107,94,-1,107,81,79,-1,107,79,112,-1,112,79,77,-1,112,77,99,-1,77,75,99,-1,99,75,97,-1,62,61,73,-1,73,61,95,-1,73,95,75,-1,75,95,97,-1,63,64,72,-1,63,72,96,-1,96,72,74,-1,96,74,98,-1,74,76,98,-1,98,76,110,-1,80,113,78,-1,78,113,111,-1,78,111,76,-1,76,111,110,-1,115,113,82,-1,82,113,80,-1,115,82,91,-1,115,91,116,-1,116,91,90,-1,116,90,117,-1,117,90,89,-1,117,89,118,-1,89,88,118,-1,118,88,114,-1,85,108,86,-1,86,108,106,-1,86,106,87,-1,87,106,105,-1,87,105,88,-1,88,105,114,-1,85,84,108,-1,108,84,109,-1,68,101,83,-1,83,101,100,-1,83,100,84,-1,84,100,109,-1,102,101,69,-1,69,101,68,-1,66,65,119,-1,119,65,120,-1,
        ]
    }
}
Shape{
    appearance Appearance {
        material  Material 	{
            diffuseColor 0.2235294117647059 0.2235294117647059 0.2235294117647059
            specularColor 0.11372549019607843 0.11372549019607843 0.11372549019607843
            ambientIntensity 0.2235
            transparency 0.0
            shininess 0.5
        }
    }
    geometry IndexedFaceSet {
        ccw TRUE
        solid FALSE
        coord DEF co Coordinate {
            point [
                -0.1575 0.1811 -0.4507, -0.187 0.1516 -0.4213, -0.2755 0.1811 -0.4507, -0.2461 0.1516 -0.4213, -0.2461 -0.0413 -0.4213, -0.2824 -0.0777 -0.4576, -0.2838 -0.0721 -0.459, -0.2854 0.1811 -0.4606, -0.2854 -0.059 -0.4606, -0.2847 -0.0685 -0.4599, -0.1493 -0.0721 -0.459, -0.1507 -0.0777 -0.4576, -0.187 -0.0413 -0.4213, -0.1484 -0.0685 -0.4599, -0.1476 0.1811 -0.4606, -0.1476 -0.059 -0.4606, 0.1575 0.1811 -0.4507, 0.187 0.1516 -0.4213, 0.187 -0.0413 -0.4213, 0.1507 -0.0777 -0.4576, 0.1493 -0.0721 -0.459, 0.1476 0.1811 -0.4606, 0.1476 -0.059 -0.4606, 0.1484 -0.0685 -0.4599, 0.2824 -0.0777 -0.4576, 0.2461 -0.0413 -0.4213, 0.2461 0.1516 -0.4213, 0.2755 0.1811 -0.4507, 0.2838 -0.0721 -0.459, 0.2847 -0.0685 -0.4599, 0.2854 0.1811 -0.4606, 0.2854 -0.059 -0.4606, -0.3346 0.1811 -0.4606, -0.3346 -0.059 -0.4606, -0.3499 -0.059 -0.4586, -0.3499 0.1811 -0.4586, -0.3642 -0.059 -0.4527, -0.3642 0.1811 -0.4527, -0.3764 -0.059 -0.4433, -0.3764 0.1811 -0.4433, -0.3858 -0.059 -0.4311, -0.3858 0.1811 -0.4311, -0.3917 -0.059 -0.4169, -0.3917 0.1811 -0.4169, -0.3937 -0.059 -0.4016, -0.3937 0.1811 -0.4016, -0.392 -0.0721 -0.4016, -0.3917 -0.0739 -0.405, -0.3346 -0.1181 -0.4016, -0.3478 -0.1164 -0.4016, -0.3346 -0.1166 -0.4147, -0.3499 -0.1147 -0.4143, -0.3499 -0.1161 -0.4016, -0.3601 -0.1119 -0.4016, -0.3642 -0.1089 -0.413, -0.3642 -0.1102 -0.4016, -0.3712 -0.1048 -0.4016, -0.3764 -0.0998 -0.4109, -0.3764 -0.1008 -0.4016, -0.3804 -0.0956 -0.4016, -0.3858 -0.0878 -0.4081, -0.3346 -0.0722 -0.4591, -0.3499 -0.0717 -0.4572, -0.3642 -0.0704 -0.4514, -0.3764 -0.0683 -0.4423, -0.3858 -0.0656 -0.4304, -0.3917 -0.0624 -0.4165, -0.3346 -0.0847 -0.4548, -0.3346 -0.0959 -0.4477, -0.3499 -0.0838 -0.453, -0.3499 -0.0946 -0.4462, -0.3642 -0.0812 -0.4477, -0.3642 -0.0909 -0.4416, -0.3764 -0.0772 -0.4392, -0.3764 -0.0851 -0.4342, -0.3858 -0.0719 -0.4282, -0.3858 -0.0774 -0.4247, -0.3917 -0.0657 -0.4153, -0.3917 -0.0686 -0.4135, -0.3346 -0.1052 -0.4384, -0.3499 -0.1036 -0.4371, -0.3642 -0.099 -0.4335, -0.3764 -0.0917 -0.4276, -0.3858 -0.0821 -0.42, -0.3917 -0.071 -0.4111, -0.3346 -0.1122 -0.4272, -0.3499 -0.1104 -0.4263, -0.3642 -0.1051 -0.4238, -0.3764 -0.0967 -0.4197, -0.3858 -0.0856 -0.4144, -0.3917 -0.0728 -0.4082, -0.3858 -0.0886 -0.4016, -0.3875 -0.0845 -0.4016, -0.3917 -0.0743 -0.4016, 0.3346 -0.0847 -0.4548, 0.3346 -0.0722 -0.4591, 0.3346 -0.059 -0.4606, 0.3346 -0.0959 -0.4477, 0.3346 -0.1052 -0.4384, 0.3346 -0.1122 -0.4272, 0.3346 -0.1166 -0.4147, 0.3346 -0.1181 -0.4016, 0.3499 -0.059 -0.4586, 0.3499 -0.0717 -0.4572, 0.3804 -0.0956 -0.4016, 0.3764 -0.1008 -0.4016, 0.3764 -0.0998 -0.4109, 0.3858 -0.0719 -0.4282, 0.3917 -0.0657 -0.4153, 0.3917 -0.0686 -0.4135, 0.3937 -0.059 -0.4016, 0.3917 -0.0728 -0.4082, 0.3917 -0.071 -0.4111, 0.3917 -0.0739 -0.405, 0.3917 -0.0624 -0.4165, 0.3858 -0.0656 -0.4304, 0.3764 -0.0683 -0.4423, 0.3917 -0.059 -0.4169, 0.392 -0.0721 -0.4016, 0.3917 -0.0743 -0.4016, 0.3875 -0.0845 -0.4016, 0.3858 -0.0774 -0.4247, 0.3858 -0.0821 -0.42, 0.3858 -0.0856 -0.4144, 0.3858 -0.0878 -0.4081, 0.3858 -0.0886 -0.4016, 0.3858 -0.059 -0.4311, 0.3764 -0.059 -0.4433, 0.3642 -0.059 -0.4527, 0.3764 -0.0772 -0.4392, 0.3764 -0.0851 -0.4342, 0.3764 -0.0917 -0.4276, 0.3764 -0.0967 -0.4197, 0.3642 -0.0704 -0.4514, 0.3642 -0.0812 -0.4477, 0.3642 -0.0909 -0.4416, 0.3642 -0.099 -0.4335, 0.3642 -0.1051 -0.4238, 0.3642 -0.1089 -0.413, 0.3712 -0.1048 -0.4016, 0.3499 -0.0838 -0.453, 0.3499 -0.0946 -0.4462, 0.3499 -0.1036 -0.4371, 0.3499 -0.1104 -0.4263, 0.3499 -0.1147 -0.4143, 0.3642 -0.1102 -0.4016, 0.3601 -0.1119 -0.4016, 0.3499 -0.1161 -0.4016, 0.3478 -0.1164 -0.4016, 0.3346 0.1811 -0.4606, 0.3499 0.1811 -0.4586, 0.3642 0.1811 -0.4527, 0.3764 0.1811 -0.4433, 0.3858 0.1811 -0.4311, 0.3917 0.1811 -0.4169, 0.3937 0.1811 -0.4016, 0.187 0.1516 -0.2047, 0.2461 0.1516 -0.2047, 0.187 -0.0413 -0.2047, 0.2461 -0.0413 -0.2047, -0.2461 0.1516 -0.2047, -0.187 0.1516 -0.2047, -0.2461 -0.0413 -0.2047, -0.187 -0.0413 -0.2047, 0.3937 -0.059 -0.2047, 0.3922 -0.0722 -0.2047, 0.3879 -0.0847 -0.2047, 0.3808 -0.0959 -0.2047, 0.3715 -0.1052 -0.2047, 0.3603 -0.1122 -0.2047, 0.3478 -0.1166 -0.2047, 0.3346 -0.1181 -0.2047, 0.3937 0.1811 -0.2047, -0.3937 -0.059 -0.2047, -0.3937 0.1811 -0.2047, -0.3346 -0.1181 -0.2047, -0.3478 -0.1166 -0.2047, -0.3603 -0.1122 -0.2047, -0.3715 -0.1052 -0.2047, -0.3808 -0.0959 -0.2047, -0.3879 -0.0847 -0.2047, -0.3922 -0.0722 -0.2047, -0.6929 -0.059 -0.235, -0.7323 -0.059 -0.3031, -0.6951 -0.0428 -0.235, -0.7331 -0.0499 -0.3031, -0.7334 -0.0488 -0.3031, -0.7093 -0.007 -0.235, -0.7053 -0.0124 -0.235, -0.7398 -0.0321 -0.3031, -0.7052 -0.0127 -0.235, -0.7376 -0.0356 -0.3031, -0.7007 -0.0233 -0.235, -0.736 -0.0394 -0.3031, -0.6983 -0.029 -0.235, -0.7353 -0.0418 -0.3031, -0.6964 -0.0335 -0.235, -0.6954 -0.0408 -0.235, -0.7147 0.0002 -0.235, -0.7448 -0.0241 -0.3031, -0.7196 0.0068 -0.235, -0.7449 -0.0241 -0.3031, -0.7205 0.0077 -0.235, -0.7233 0.0103 -0.235, -0.7495 -0.019 -0.3031, -0.7252 0.0117 -0.235, -0.7511 -0.0178 -0.3031, -0.7352 0.019 -0.235, -0.7587 -0.0122 -0.3031, -0.7385 0.0213 -0.235, -0.7595 -0.0116 -0.3031, -0.741 0.0232 -0.235, -0.7633 -0.0095 -0.3031, -0.7515 0.0275 -0.235, -0.7547 0.0288 -0.235, -0.7683 -0.0078 -0.3031, -0.7625 0.032 -0.235, -0.7761 -0.0052 -0.3031, -0.7691 0.033 -0.235, -0.7705 0.0332 -0.235, -0.7776 -0.0049 -0.3031, -0.7862 0.0354 -0.235, -0.7827 -0.0041 -0.3031, -0.7874 0.0354 -0.235, -0.7876 0.0354 -0.235, -0.7875 -0.0043 -0.3031, -0.7911 0.0354 -0.235, -0.7953 -0.0045 -0.3031, -0.8035 0.0334 -0.235, -0.7967 -0.0048 -0.3031, -0.8057 0.033 -0.235, -0.7997 -0.0054 -0.3031, -0.813 0.0318 -0.235, -0.8208 0.0285 -0.235, -0.8069 -0.008 -0.3031, -0.8233 0.0275 -0.235, -0.8123 -0.01 -0.3031, -0.8346 0.0228 -0.235, -0.816 -0.0121 -0.3031, -0.8361 0.0216 -0.235, -0.8396 0.019 -0.235, -0.8185 -0.0136 -0.3031, -0.8494 0.0116 -0.235, -0.8235 -0.0179 -0.3031, -0.8536 0.0083 -0.235, -0.8281 -0.0219 -0.3031, -0.8543 0.0077 -0.235, -0.8355 -0.0331 -0.3031, -0.8692 -0.0119 -0.235, -0.8328 -0.0279 -0.3031, -0.8655 -0.007 -0.235, -0.83 -0.0243 -0.3031, -0.8603 0.0001 -0.235, -0.8562 0.0058 -0.235, -0.88 -0.0449 -0.235, -0.8794 -0.0408 -0.235, -0.8411 -0.0464 -0.3031, -0.8784 -0.0335 -0.235, -0.84 -0.0428 -0.3031, -0.8773 -0.0308 -0.235, -0.839 -0.0398 -0.3031, -0.874 -0.0233 -0.235, -0.8702 -0.0144 -0.235, -0.8415 -0.05 -0.3031, -0.8425 -0.059 -0.3031, -0.8819 -0.059 -0.235, -0.8796 -0.0753 -0.235, -0.8417 -0.0682 -0.3031, -0.8414 -0.0692 -0.3031, -0.8783 -0.0851 -0.235, -0.8395 -0.0763 -0.3031, -0.8765 -0.0891 -0.235, -0.8388 -0.0787 -0.3031, -0.8695 -0.1054 -0.235, -0.8372 -0.0825 -0.3031, -0.835 -0.0859 -0.3031, -0.8689 -0.1066 -0.235, -0.83 -0.094 -0.3031, -0.8299 -0.094 -0.3031, -0.8253 -0.099 -0.3031, -0.8494 -0.1296 -0.235, -0.8538 -0.1263 -0.235, -0.8558 -0.1242 -0.235, -0.8602 -0.1183 -0.235, -0.8237 -0.1002 -0.3031, -0.8161 -0.1059 -0.3031, -0.8364 -0.1395 -0.235, -0.8153 -0.1065 -0.3031, -0.8347 -0.1408 -0.235, -0.8115 -0.1085 -0.3031, -0.8201 -0.1469 -0.235, -0.8065 -0.1102 -0.3031, -0.8132 -0.1499 -0.235, -0.7987 -0.1129 -0.3031, -0.8043 -0.1513 -0.235, -0.7972 -0.1132 -0.3031, -0.7913 -0.1534 -0.235, -0.7921 -0.1139 -0.3031, -0.7872 -0.1535 -0.235, -0.7873 -0.1138 -0.3031, -0.7861 -0.1535 -0.235, -0.7795 -0.1136 -0.3031, -0.7713 -0.1514 -0.235, -0.7781 -0.1133 -0.3031, -0.7624 -0.1501 -0.235, -0.7751 -0.1127 -0.3031, -0.754 -0.1466 -0.235, -0.7679 -0.1101 -0.3031, -0.741 -0.1413 -0.235, -0.7625 -0.1081 -0.3031, -0.7387 -0.1396 -0.235, -0.7588 -0.106 -0.3031, -0.7563 -0.1045 -0.3031, -0.7253 -0.1299 -0.235, -0.7513 -0.1001 -0.3031, -0.7232 -0.1284 -0.235, -0.7467 -0.0962 -0.3031, -0.7196 -0.1249 -0.235, -0.7146 -0.1181 -0.235, -0.7448 -0.0938 -0.3031, -0.7054 -0.1057 -0.235, -0.742 -0.0902 -0.3031, -0.7045 -0.1037 -0.235, -0.7393 -0.0849 -0.3031, -0.6975 -0.0872 -0.235, -0.7358 -0.0782 -0.3031, -0.7348 -0.0752 -0.3031, -0.6964 -0.0846 -0.235, -0.7337 -0.0717 -0.3031, -0.6949 -0.0732 -0.235, -0.7333 -0.0681 -0.3031, 0.8796 -0.0428 -0.235, 0.8819 -0.059 -0.235, 0.8425 -0.059 -0.3031, 0.8417 -0.0499 -0.3031, 0.8414 -0.0488 -0.3031, 0.8783 -0.033 -0.235, 0.8395 -0.0418 -0.3031, 0.8765 -0.029 -0.235, 0.8388 -0.0394 -0.3031, 0.8695 -0.0127 -0.235, 0.8372 -0.0356 -0.3031, 0.835 -0.0321 -0.3031, 0.8689 -0.0115 -0.235, 0.83 -0.0241 -0.3031, 0.8299 -0.0241 -0.3031, 0.8253 -0.019 -0.3031, 0.8494 0.0115 -0.235, 0.8538 0.0082 -0.235, 0.8558 0.0061 -0.235, 0.8602 0.0002 -0.235, 0.8237 -0.0178 -0.3031, 0.8161 -0.0122 -0.3031, 0.8364 0.0214 -0.235, 0.8153 -0.0116 -0.3031, 0.8347 0.0227 -0.235, 0.8115 -0.0095 -0.3031, 0.8201 0.0288 -0.235, 0.8065 -0.0078 -0.3031, 0.8132 0.0318 -0.235, 0.7987 -0.0052 -0.3031, 0.8043 0.0332 -0.235, 0.7972 -0.0049 -0.3031, 0.7913 0.0354 -0.235, 0.7921 -0.0041 -0.3031, 0.7872 0.0354 -0.235, 0.7873 -0.0043 -0.3031, 0.7861 0.0354 -0.235, 0.7795 -0.0045 -0.3031, 0.7713 0.0333 -0.235, 0.7781 -0.0048 -0.3031, 0.7624 0.032 -0.235, 0.7751 -0.0054 -0.3031, 0.754 0.0285 -0.235, 0.7679 -0.008 -0.3031, 0.741 0.0232 -0.235, 0.7625 -0.01 -0.3031, 0.7387 0.0215 -0.235, 0.7588 -0.0121 -0.3031, 0.7563 -0.0136 -0.3031, 0.7253 0.0118 -0.235, 0.7513 -0.0179 -0.3031, 0.7232 0.0103 -0.235, 0.7467 -0.0219 -0.3031, 0.7196 0.0068 -0.235, 0.7146 0.0 -0.235, 0.7448 -0.0243 -0.3031, 0.7053 -0.0124 -0.235, 0.742 -0.0279 -0.3031, 0.7045 -0.0144 -0.235, 0.7393 -0.0331 -0.3031, 0.6975 -0.0308 -0.235, 0.7358 -0.0398 -0.3031, 0.7348 -0.0428 -0.3031, 0.6964 -0.0335 -0.235, 0.7337 -0.0464 -0.3031, 0.6949 -0.0449 -0.235, 0.7333 -0.05 -0.3031, 0.7323 -0.059 -0.3031, 0.6929 -0.059 -0.235, 0.6952 -0.0753 -0.235, 0.7331 -0.0682 -0.3031, 0.7334 -0.0692 -0.3031, 0.6966 -0.0851 -0.235, 0.7353 -0.0763 -0.3031, 0.6983 -0.0891 -0.235, 0.736 -0.0787 -0.3031, 0.7053 -0.1054 -0.235, 0.7376 -0.0825 -0.3031, 0.7398 -0.0859 -0.3031, 0.7059 -0.1066 -0.235, 0.7448 -0.094 -0.3031, 0.7449 -0.094 -0.3031, 0.7495 -0.099 -0.3031, 0.7254 -0.1296 -0.235, 0.721 -0.1263 -0.235, 0.719 -0.1242 -0.235, 0.7146 -0.1183 -0.235, 0.7511 -0.1002 -0.3031, 0.7587 -0.1059 -0.3031, 0.7384 -0.1395 -0.235, 0.7595 -0.1065 -0.3031, 0.7401 -0.1408 -0.235, 0.7633 -0.1085 -0.3031, 0.7547 -0.1469 -0.235, 0.7683 -0.1102 -0.3031, 0.7616 -0.1499 -0.235, 0.7761 -0.1129 -0.3031, 0.7705 -0.1513 -0.235, 0.7776 -0.1132 -0.3031, 0.7835 -0.1534 -0.235, 0.7827 -0.1139 -0.3031, 0.7876 -0.1535 -0.235, 0.7875 -0.1138 -0.3031, 0.7887 -0.1535 -0.235, 0.7953 -0.1136 -0.3031, 0.8035 -0.1514 -0.235, 0.7967 -0.1133 -0.3031, 0.8124 -0.1501 -0.235, 0.7997 -0.1127 -0.3031, 0.8208 -0.1466 -0.235, 0.8069 -0.1101 -0.3031, 0.8338 -0.1413 -0.235, 0.8123 -0.1081 -0.3031, 0.8361 -0.1396 -0.235, 0.816 -0.106 -0.3031, 0.8185 -0.1045 -0.3031, 0.8495 -0.1299 -0.235, 0.8235 -0.1001 -0.3031, 0.8516 -0.1284 -0.235, 0.8281 -0.0962 -0.3031, 0.8552 -0.1249 -0.235, 0.8602 -0.1181 -0.235, 0.83 -0.0938 -0.3031, 0.8695 -0.1057 -0.235, 0.8328 -0.0902 -0.3031, 0.8703 -0.1037 -0.235, 0.8355 -0.0849 -0.3031, 0.8773 -0.0872 -0.235, 0.839 -0.0782 -0.3031, 0.84 -0.0752 -0.3031, 0.8784 -0.0846 -0.235, 0.8411 -0.0717 -0.3031, 0.88 -0.0732 -0.235, 0.8415 -0.0681 -0.3031, 0.8689 -0.0115 -0.2047, 0.6929 -0.059 -0.2047, 0.6964 -0.0335 -0.2047, 0.7053 -0.0124 -0.2047, 0.7232 0.0103 -0.2047, 0.7196 0.0068 -0.2047, 0.741 0.0232 -0.2047, 0.7624 0.032 -0.2047, 0.7624 0.032 -0.235, 0.7861 0.0354 -0.2047, 0.7913 0.0354 -0.2047, 0.8132 0.0318 -0.2047, 0.8347 0.0227 -0.2047, 0.8347 0.0227 -0.235, 0.8538 0.0082 -0.2047, 0.8558 0.0061 -0.2047, 0.8783 -0.033 -0.2047, 0.8819 -0.059 -0.2047, 0.7059 -0.1066 -0.2047, 0.8784 -0.0846 -0.2047, 0.8695 -0.1057 -0.2047, 0.8516 -0.1284 -0.2047, 0.8552 -0.1249 -0.2047, 0.8338 -0.1413 -0.2047, 0.8124 -0.1501 -0.2047, 0.8124 -0.1501 -0.235, 0.7887 -0.1535 -0.2047, 0.7835 -0.1534 -0.2047, 0.7616 -0.1499 -0.2047, 0.7401 -0.1408 -0.2047, 0.721 -0.1263 -0.2047, 0.719 -0.1242 -0.2047, 0.6966 -0.0851 -0.2047, -0.6929 -0.059 -0.2047, -0.6955 -0.0408 -0.2047, -0.6966 -0.033 -0.2047, -0.7007 -0.0233 -0.2047, -0.7059 -0.0115 -0.2047, -0.7092 -0.007 -0.2047, -0.719 0.0061 -0.2047, -0.7205 0.0077 -0.2047, -0.721 0.0082 -0.2047, -0.7352 0.019 -0.2047, -0.7401 0.0227 -0.2047, -0.7515 0.0275 -0.2047, -0.7616 0.0318 -0.2047, -0.7625 0.032 -0.235, -0.7691 0.033 -0.2047, -0.7835 0.0354 -0.2047, -0.7874 0.0354 -0.2047, -0.7887 0.0354 -0.2047, -0.7911 0.0354 -0.235, -0.8057 0.033 -0.2047, -0.8124 0.032 -0.2047, -0.813 0.0318 -0.235, -0.8233 0.0275 -0.2047, -0.8338 0.0232 -0.2047, -0.8396 0.019 -0.2047, -0.8516 0.0103 -0.2047, -0.8543 0.0077 -0.2047, -0.8552 0.0068 -0.2047, -0.8655 -0.007 -0.2047, -0.8695 -0.0124 -0.2047, -0.8741 -0.0233 -0.2047, -0.8784 -0.0335 -0.2047, -0.8794 -0.0408 -0.2047, -0.8819 -0.059 -0.2047, -0.8689 -0.1066 -0.2047, -0.6964 -0.0846 -0.2047, -0.7054 -0.1057 -0.2047, -0.7232 -0.1284 -0.2047, -0.7196 -0.1249 -0.2047, -0.741 -0.1413 -0.2047, -0.7624 -0.1501 -0.2047, -0.7624 -0.1501 -0.235, -0.7861 -0.1535 -0.2047, -0.7913 -0.1534 -0.2047, -0.8132 -0.1499 -0.2047, -0.8347 -0.1408 -0.2047, -0.8347 -0.1408 -0.235, -0.8538 -0.1263 -0.2047, -0.8558 -0.1242 -0.2047, -0.8783 -0.0851 -0.2047, -1.2008 -0.5472 -0.1457, -1.1417 -0.5472 -0.2047, -1.2008 -0.6614 -0.1457, -1.1417 -0.6614 -0.2047, 1.2008 -0.3268 -0.1457, 1.1417 -0.3268 -0.2047, 1.2008 -0.2126 -0.1457, 1.1417 -0.2126 -0.2047, -1.1024 -0.5472 -0.2047, -1.1614 -0.5472 -0.1457, -1.1024 -0.1732 -0.2047, -1.1614 -0.0394 -0.1457, -1.1024 -0.0394 -0.2047, 1.1614 -0.6614 -0.1457, 1.1024 -0.6614 -0.2047, 1.1614 -0.3268 -0.1457, 1.1024 -0.3268 -0.2047, 1.1024 -0.0394 -0.2047, 1.1614 -0.0394 -0.1457, 1.1024 -0.1732 -0.2047, 1.1614 -0.2126 -0.1457, 1.1024 -0.2126 -0.2047, -0.4528 -0.6614 -0.2047, -0.4528 -0.2677 -0.2047, -0.4528 -0.6614 -0.126, -0.4528 -0.2677 -0.126, -0.1772 -0.2677 -0.2047, -0.1772 -0.2677 -0.126, -0.1772 -0.6614 -0.2047, -0.1772 -0.6614 -0.126, 0.1772 -0.6614 -0.2047, 0.1772 -0.2677 -0.2047, 0.1772 -0.6614 -0.126, 0.1772 -0.2677 -0.126, 0.4528 -0.2677 -0.2047, 0.4528 -0.2677 -0.126, 0.4528 -0.6614 -0.2047, 0.4528 -0.6614 -0.126, -0.0984 -0.4252 -0.0472, -0.0984 -0.4646 -0.0079, 0.0984 -0.4252 -0.0472, 0.0984 -0.4646 -0.0079, -0.5472 -0.5433 -0.2047, -1.0276 -0.5433 -0.2047, -0.5472 -0.5433 -0.0472, -1.0276 -0.5433 -0.0472, -0.5472 -0.1929 -0.2047, -0.5472 -0.1929 -0.0472, -1.0276 -0.1929 -0.2047, -1.0276 -0.1929 -0.0472, 0.5472 -0.5433 -0.2047, 0.5472 -0.1929 -0.2047, 0.5472 -0.5433 -0.0472, 0.5472 -0.1929 -0.0472, 1.0276 -0.5433 -0.2047, 1.0276 -0.5433 -0.0472, 1.0276 -0.1929 -0.2047, 1.0276 -0.1929 -0.0472, 1.1614 -0.0394 -0.0472, 1.2598 -0.0394 -0.0472, 1.2598 0.189 -0.0472, 1.2008 -0.3268 -0.0472, 1.2008 -0.2126 -0.0472, 1.1614 -0.3268 -0.0472, 1.1614 -0.2126 -0.0472, -1.1614 -0.5472 -0.0472, -1.2008 -0.5472 -0.0472, -1.2008 -0.6614 -0.0472, -1.2598 0.189 -0.0472, -1.2598 -0.0394 -0.0472, -1.1614 -0.0394 -0.0472, 1.1614 -0.6614 -0.0472, 0.0984 -0.6614 -0.0472, -0.0984 -0.6614 -0.0472, -1.2598 0.189 -0.2047, 0.4705 0.189 -0.2047, 1.2598 0.189 -0.2047, -1.2598 -0.0394 -0.2047, 0.0984 -0.6614 -0.126, -0.0984 -0.6614 -0.126, 0.4705 -0.6614 -0.2047, 1.2598 -0.0394 -0.2047, -0.0984 -1.4567 -0.0079, 0.0984 -1.4567 -0.0079, 0.0984 -1.4567 -0.0472, -0.0984 -1.4567 -0.0472, 0.8406 -1.3779 -0.0472, 0.9311 -1.3779 -0.0472, 0.8406 -1.3779 -0.126, 0.9311 -1.3779 -0.126, 0.8406 -1.1338 -0.0472, 0.8406 -1.1338 -0.126, 0.9311 -1.1338 -0.0472, 0.9311 -1.1338 -0.126, -0.9311 -1.3779 -0.0472, -0.8406 -1.3779 -0.0472, -0.9311 -1.3779 -0.126, -0.8406 -1.3779 -0.126, -0.9311 -1.1338 -0.0472, -0.9311 -1.1338 -0.126, -0.8406 -1.1338 -0.0472, -0.8406 -1.1338 -0.126, -0.7343 -1.3779 -0.0472, -0.6437 -1.3779 -0.0472, -0.7343 -1.3779 -0.126, -0.6437 -1.3779 -0.126, -0.7343 -1.1338 -0.0472, -0.7343 -1.1338 -0.126, -0.6437 -1.1338 -0.0472, -0.6437 -1.1338 -0.126, 0.7343 -1.3779 -0.0472, 0.7343 -1.1338 -0.0472, 0.7343 -1.3779 -0.126, 0.7343 -1.1338 -0.126, 0.6437 -1.3779 -0.0472, 0.6437 -1.3779 -0.126, 0.6437 -1.1338 -0.0472, 0.6437 -1.1338 -0.126, -1.2008 -1.0551 -0.0472, -0.0984 -1.0551 -0.0472, -1.2008 -1.0551 -0.126, -0.0984 -1.0551 -0.126, 0.0984 -1.0551 -0.0472, 0.0984 -1.0551 -0.126, 1.2008 -1.0551 -0.0472, 1.2008 -1.0551 -0.126, 1.2008 -1.6535 -0.0472, 1.2008 -1.6535 -0.126, 1.0335 -1.6535 -0.0472, 1.0335 -1.6535 -0.126, 1.0335 -1.5394 -0.0472, 1.0335 -1.5394 -0.126, -1.0335 -1.5394 -0.0472, -1.0335 -1.5394 -0.126, -1.0335 -1.6535 -0.0472, -1.0335 -1.6535 -0.126, -1.2008 -1.6535 -0.0472, -1.2008 -1.6535 -0.126, 0.4705 -0.1732 -0.2047, 1.6299 0.7874 0.122, 1.6299 0.8556 0.0827, 1.748 0.7874 0.122, 1.748 0.8556 0.0827, -1.748 0.7874 0.122, -1.748 0.8556 0.0827, -1.6299 0.7874 0.122, -1.6299 0.8556 0.0827, 1.748 1.0983 0.0827, 1.748 1.0983 0.1732, 1.748 0.7874 0.1732, 1.6299 1.0983 0.0827, 1.6299 0.7874 0.0315, 1.6299 0.8012 0.0315, 1.6299 1.0044 0.0315, 1.6299 1.0983 0.0315, 1.747 1.0983 0.1911, 1.747 0.7874 0.1911, 1.7372 1.0983 0.2551, 1.7372 0.7874 0.2551, 1.7121 1.0983 0.3189, 1.7121 0.7874 0.3189, 1.6739 1.0983 0.3762, 1.6739 0.7874 0.3762, 1.624 1.0983 0.4237, 1.624 0.7874 0.4237, 1.5638 1.0983 0.4595, 1.5638 0.7874 0.4595, 1.4991 1.0983 0.4811, 1.4991 0.7874 0.4811, 1.4331 1.0983 0.4882, 1.4331 0.7874 0.4882, 1.3386 0.7874 0.0315, 1.3386 0.7874 0.4882, 1.4331 0.7874 0.4882, 1.2574 1.0983 0.4882, 1.2578 1.0983 0.0315, 1.2574 1.0236 0.4882, 1.2578 1.0236 0.0315, -1.748 1.0983 0.1732, -1.748 1.0983 0.0827, -1.748 0.7874 0.1732, -1.4331 0.7874 0.4882, -1.4331 1.0983 0.4882, -1.451 1.0983 0.4871, -1.451 0.7874 0.4871, -1.5149 1.0983 0.4774, -1.5149 0.7874 0.4774, -1.5787 1.0983 0.4522, -1.5787 0.7874 0.4522, -1.6361 1.0983 0.414, -1.6361 0.7874 0.414, -1.6835 1.0983 0.3642, -1.6835 0.7874 0.3642, -1.7193 1.0983 0.3039, -1.7193 0.7874 0.3039, -1.741 1.0983 0.2393, -1.741 0.7874 0.2393, -1.6299 0.7874 0.0315, -1.6299 0.8012 0.0315, -1.6299 1.0044 0.0315, -1.6299 1.0983 0.0827, -1.6299 1.0983 0.0315, -1.3386 0.7874 0.0315, -1.3386 0.7874 0.4882, -1.2575 0.9528 0.3701, -1.2577 0.9528 0.126, -1.2577 1.0236 0.126, -1.2575 0.9492 0.3993, -1.2574 1.0983 0.4882, -1.2578 1.0983 0.0315, -1.2578 1.0236 0.0315, -1.2574 0.8352 0.4882, -1.2574 0.8672 0.4836, -1.2574 0.8933 0.4724, -1.2574 0.9171 0.4546, -1.2574 0.9221 0.4494, -1.2574 0.9383 0.4267, -0.5846 0.5906 0.189, -0.5846 0.7166 0.189, -0.6949 0.7166 0.189, -0.9783 0.7166 0.189, -0.9843 0.7166 0.189, -0.9783 0.5906 0.189, -0.9843 0.4803 0.189, -0.6949 0.5906 0.189, 0.9843 0.4803 0.189, 0.9843 0.7166 0.189, 0.8799 0.7166 0.189, 0.8799 0.5906 0.189, 0.5965 0.5906 0.189, 0.5965 0.7166 0.189, 0.4862 0.7166 0.189, 0.4862 0.5906 0.189, 0.2028 0.5906 0.189, 0.2028 0.7166 0.189, 0.0925 0.7166 0.189, 0.0925 0.5906 0.189, -0.1909 0.5906 0.189, -0.1909 0.7166 0.189, -0.3012 0.7166 0.189, -0.3012 0.5906 0.189, 0.9843 0.4803 0.4882, -0.9843 0.4803 0.4882, 0.9843 0.7166 0.4882, -0.9843 0.7166 0.4882, 1.2574 0.9528 0.126, 1.2574 1.0236 0.126, 1.2574 0.9528 0.3701, -1.2574 0.8352 0.4882, 1.2574 0.8352 0.4882, 1.2574 0.8672 0.4836, 1.2574 0.8933 0.4724, 1.2574 0.9171 0.4546, 1.2574 0.9221 0.4494, 1.2574 0.9383 0.4267, 1.2574 0.9492 0.3993, -1.1516 0.8919 0.0709, -1.1516 0.8465 0.0709, -1.1516 0.8989 0.0501, -1.1516 0.8858 0.0315, -1.1516 0.9105 0.0315, 1.25 0.8465 0.0709, 1.25 0.8919 0.0709, 1.25 0.8858 0.0315, 1.25 0.8989 0.0501, 1.25 0.9105 0.0315, -0.4242 0.9105 0.0315, -0.6398 0.9105 0.0315, -0.2461 0.9105 0.0315, 0.1476 0.9105 0.0315, 0.5167 0.9105 0.0315, 0.9537 0.9105 0.0315, 1.1388 0.9105 0.0315, 1.1388 0.8858 0.0315, 0.9537 0.8858 0.0315, -0.2461 0.8858 0.0315, 0.1476 0.8858 0.0315, 0.5167 0.8858 0.0315, -0.4242 0.8858 0.0315, -0.6398 0.8858 0.0315, -0.9783 0.5906 0.0315, -0.9783 0.7166 0.0315, 0.5965 0.5906 0.0315, 0.5965 0.7166 0.0315, 0.2028 0.5906 0.0315, 0.2028 0.7166 0.0315, -0.1909 0.5906 0.0315, -0.1909 0.7166 0.0315, -0.5846 0.5906 0.0315, -0.5846 0.7166 0.0315, 1.3386 1.0983 0.4882, 1.1388 1.0236 0.0315, 0.9537 1.0236 0.0315, -0.2461 1.0236 0.0315, 0.1476 1.0236 0.0315, 0.5167 1.0236 0.0315, -0.4242 1.0236 0.0315, -0.6398 1.0236 0.0315, -1.3386 1.0983 0.4882, 0.8799 0.7166 0.0315, 0.8799 0.5906 0.0315, 0.4862 0.7166 0.0315, 0.4862 0.5906 0.0315, 0.0925 0.7166 0.0315, 0.0925 0.5906 0.0315, -0.3012 0.7166 0.0315, -0.3012 0.5906 0.0315, -0.4242 0.5906 0.0315, -0.6949 0.7166 0.0315, -0.4242 0.7166 0.0315, -0.6949 0.5906 0.0315, -1.4331 1.0983 0.4882, -1.4331 0.7874 0.4882, -1.3386 0.7874 0.4882, -1.2574 0.8352 0.4882, 1.2574 0.8352 0.4882, 1.4331 0.7874 0.4882, 1.4331 1.0983 0.4882, 1.3386 1.0983 0.4882, -1.3386 0.2559 0.4882, 1.3386 0.2559 0.4882, 1.2574 1.0236 0.4882, 1.2574 1.0983 0.4882, -1.2574 1.0983 0.4882, -1.3386 0.2559 0.189, -0.3937 0.2559 0.189, -0.3937 0.2559 0.3858, -0.3917 0.2559 0.4011, -0.3858 0.2559 0.4154, -0.3764 0.2559 0.4276, -0.3642 0.2559 0.437, 0.3499 0.2559 0.4429, 0.3642 0.2559 0.437, 0.3764 0.2559 0.4276, 0.3858 0.2559 0.4154, 0.3937 0.2559 0.189, 1.3386 0.2559 0.189, 0.3937 0.2559 0.3858, 0.3917 0.2559 0.4011, -0.3499 0.2559 0.4429, -0.3346 0.2559 0.4449, 0.3346 0.2559 0.4449, -1.3386 -0.0394 0.0315, -1.3386 -0.0394 0.189, -1.3386 0.1988 0.0315, 1.3386 0.1988 0.0315, 1.3386 -0.0394 0.189, 1.3386 -0.0394 0.0315, 0.2461 0.1516 0.4055, 0.2854 0.191 0.4449, 0.187 0.1516 0.4055, 0.1476 0.191 0.4449, 0.2461 -0.0413 0.4055, 0.2824 -0.0777 0.4419, 0.2838 -0.0721 0.4432, 0.2854 -0.059 0.4449, 0.2847 -0.0685 0.4441, 0.187 -0.0413 0.4055, 0.1476 -0.059 0.4449, 0.1484 -0.0685 0.4441, 0.1493 -0.0721 0.4432, 0.1507 -0.0777 0.4419, -0.187 -0.0413 0.4055, -0.1507 -0.0777 0.4419, -0.1493 -0.0721 0.4432, -0.1476 0.191 0.4449, -0.187 0.1516 0.4055, -0.1476 -0.059 0.4449, -0.1484 -0.0685 0.4441, -0.2824 -0.0777 0.4419, -0.2461 -0.0413 0.4055, -0.2461 0.1516 0.4055, -0.2854 0.191 0.4449, -0.2854 -0.059 0.4449, -0.2847 -0.0685 0.4441, -0.2838 -0.0721 0.4432, 0.392 -0.0721 0.3858, 0.3937 -0.059 0.3858, 0.3917 -0.0739 0.3892, 0.3346 -0.1181 0.3858, 0.3478 -0.1164 0.3858, 0.3346 -0.1166 0.399, 0.3499 -0.1147 0.3985, 0.3499 -0.1161 0.3858, 0.3601 -0.1119 0.3858, 0.3642 -0.1089 0.3972, 0.3642 -0.1102 0.3858, 0.3712 -0.1048 0.3858, 0.3764 -0.0998 0.3951, 0.3764 -0.1008 0.3858, 0.3804 -0.0956 0.3858, 0.3858 -0.0878 0.3924, 0.3346 -0.059 0.4449, 0.3346 -0.0722 0.4434, 0.3499 -0.059 0.4429, 0.3499 -0.0717 0.4414, 0.3642 -0.059 0.437, 0.3642 -0.0704 0.4357, 0.3764 -0.059 0.4276, 0.3764 -0.0683 0.4265, 0.3858 -0.059 0.4154, 0.3858 -0.0656 0.4146, 0.3917 -0.059 0.4011, 0.3917 -0.0624 0.4007, 0.3346 -0.0847 0.439, 0.3346 -0.0959 0.432, 0.3499 -0.0838 0.4372, 0.3499 -0.0946 0.4304, 0.3642 -0.0812 0.4319, 0.3642 -0.0909 0.4258, 0.3764 -0.0772 0.4235, 0.3764 -0.0851 0.4185, 0.3858 -0.0719 0.4124, 0.3858 -0.0774 0.4089, 0.3917 -0.0657 0.3996, 0.3917 -0.0686 0.3978, 0.3346 -0.1052 0.4226, 0.3499 -0.1036 0.4214, 0.3642 -0.099 0.4177, 0.3764 -0.0917 0.4119, 0.3858 -0.0821 0.4042, 0.3917 -0.071 0.3954, 0.3346 -0.1122 0.4115, 0.3499 -0.1104 0.4106, 0.3642 -0.1051 0.408, 0.3764 -0.0967 0.4039, 0.3858 -0.0856 0.3986, 0.3917 -0.0728 0.3925, 0.3858 -0.0886 0.3858, 0.3875 -0.0845 0.3858, 0.3917 -0.0743 0.3858, -0.3346 -0.0847 0.439, -0.3346 -0.0722 0.4434, -0.3346 -0.059 0.4449, -0.3346 -0.0959 0.432, -0.3346 -0.1052 0.4226, -0.3346 -0.1122 0.4115, -0.3346 -0.1166 0.399, -0.3346 -0.1181 0.3858, -0.3499 -0.059 0.4429, -0.3499 -0.0717 0.4414, -0.3804 -0.0956 0.3858, -0.3764 -0.1008 0.3858, -0.3764 -0.0998 0.3951, -0.3858 -0.0719 0.4124, -0.3917 -0.0657 0.3996, -0.3917 -0.0686 0.3978, -0.3937 -0.059 0.3858, -0.3917 -0.0728 0.3925, -0.3917 -0.071 0.3954, -0.3917 -0.0739 0.3892, -0.3917 -0.0624 0.4007, -0.3858 -0.0656 0.4146, -0.3764 -0.0683 0.4265, -0.3917 -0.059 0.4011, -0.392 -0.0721 0.3858, -0.3917 -0.0743 0.3858, -0.3875 -0.0845 0.3858, -0.3858 -0.0774 0.4089, -0.3858 -0.0821 0.4042, -0.3858 -0.0856 0.3986, -0.3858 -0.0878 0.3924, -0.3858 -0.0886 0.3858, -0.3858 -0.059 0.4154, -0.3764 -0.059 0.4276, -0.3642 -0.059 0.437, -0.3764 -0.0772 0.4235, -0.3764 -0.0851 0.4185, -0.3764 -0.0917 0.4119, -0.3764 -0.0967 0.4039, -0.3642 -0.0704 0.4357, -0.3642 -0.0812 0.4319, -0.3642 -0.0909 0.4258, -0.3642 -0.099 0.4177, -0.3642 -0.1051 0.408, -0.3642 -0.1089 0.3972, -0.3712 -0.1048 0.3858, -0.3499 -0.0838 0.4372, -0.3499 -0.0946 0.4304, -0.3499 -0.1036 0.4214, -0.3499 -0.1104 0.4106, -0.3499 -0.1147 0.3985, -0.3642 -0.1102 0.3858, -0.3601 -0.1119 0.3858, -0.3499 -0.1161 0.3858, -0.3478 -0.1164 0.3858, -0.187 0.1516 0.189, -0.2461 0.1516 0.189, -0.187 -0.0413 0.189, -0.2461 -0.0413 0.189, 0.2461 0.1516 0.189, 0.187 0.1516 0.189, 0.2461 -0.0413 0.189, 0.187 -0.0413 0.189, -0.3937 -0.059 0.189, -0.3922 -0.0722 0.189, -0.3879 -0.0847 0.189, -0.3808 -0.0959 0.189, -0.3715 -0.1052 0.189, -0.3603 -0.1122 0.189, -0.3478 -0.1166 0.189, -0.3346 -0.1181 0.189, 0.3346 -0.1181 0.189, 0.3478 -0.1166 0.189, 0.3603 -0.1122 0.189, 0.3715 -0.1052 0.189, 0.3808 -0.0959 0.189, 0.3879 -0.0847 0.189, 0.3922 -0.0722 0.189, 0.3937 -0.059 0.189, 0.6954 -0.0408 0.2192, 0.6951 -0.0428 0.2192, 0.7335 -0.0489 0.2874, 0.6929 -0.059 0.2192, 0.7323 -0.059 0.2874, 0.733 -0.0507 0.2874, 0.6964 -0.0335 0.2192, 0.7353 -0.0418 0.2874, 0.6983 -0.029 0.2192, 0.736 -0.0394 0.2874, 0.7007 -0.0233 0.2192, 0.7374 -0.036 0.2874, 0.7052 -0.0127 0.2192, 0.7398 -0.0322 0.2874, 0.7053 -0.0124 0.2192, 0.7449 -0.0241 0.2874, 0.7252 0.0117 0.2192, 0.7233 0.0103 0.2192, 0.7205 0.0077 0.2192, 0.7196 0.0068 0.2192, 0.7448 -0.0241 0.2874, 0.7147 0.0002 0.2192, 0.7093 -0.007 0.2192, 0.7495 -0.019 0.2874, 0.7511 -0.0178 0.2874, 0.7352 0.019 0.2192, 0.7587 -0.0122 0.2874, 0.7385 0.0213 0.2192, 0.7595 -0.0116 0.2874, 0.741 0.0232 0.2192, 0.7633 -0.0095 0.2874, 0.7515 0.0275 0.2192, 0.7547 0.0288 0.2192, 0.7683 -0.0078 0.2874, 0.7625 0.032 0.2192, 0.7761 -0.0052 0.2874, 0.7691 0.033 0.2192, 0.7705 0.0332 0.2192, 0.7776 -0.0049 0.2874, 0.7862 0.0354 0.2192, 0.7827 -0.0041 0.2874, 0.7874 0.0354 0.2192, 0.7876 0.0354 0.2192, 0.7875 -0.0043 0.2874, 0.7911 0.0354 0.2192, 0.7953 -0.0045 0.2874, 0.8035 0.0334 0.2192, 0.7967 -0.0048 0.2874, 0.8057 0.033 0.2192, 0.7997 -0.0054 0.2874, 0.813 0.0318 0.2192, 0.8208 0.0285 0.2192, 0.8069 -0.008 0.2874, 0.8233 0.0275 0.2192, 0.8123 -0.01 0.2874, 0.8346 0.0228 0.2192, 0.816 -0.0121 0.2874, 0.8361 0.0216 0.2192, 0.8396 0.019 0.2192, 0.8185 -0.0136 0.2874, 0.8494 0.0116 0.2192, 0.8235 -0.0179 0.2874, 0.8536 0.0083 0.2192, 0.8281 -0.0219 0.2874, 0.8543 0.0077 0.2192, 0.8353 -0.0328 0.2874, 0.8692 -0.0119 0.2192, 0.8326 -0.0276 0.2874, 0.8655 -0.007 0.2192, 0.83 -0.0243 0.2874, 0.8603 0.0001 0.2192, 0.8562 0.0058 0.2192, 0.88 -0.0449 0.2192, 0.8794 -0.0408 0.2192, 0.8406 -0.0445 0.2874, 0.8784 -0.0335 0.2192, 0.8399 -0.0426 0.2874, 0.8771 -0.0304 0.2192, 0.839 -0.0398 0.2874, 0.874 -0.0233 0.2192, 0.87 -0.0138 0.2192, 0.8413 -0.05 0.2874, 0.8425 -0.059 0.2874, 0.8819 -0.059 0.2192, 0.8796 -0.0753 0.2192, 0.8418 -0.0674 0.2874, 0.8413 -0.0692 0.2874, 0.8783 -0.0851 0.2192, 0.8395 -0.0763 0.2874, 0.8765 -0.0891 0.2192, 0.8388 -0.0787 0.2874, 0.8695 -0.1054 0.2192, 0.8374 -0.0821 0.2874, 0.835 -0.0859 0.2874, 0.8689 -0.1066 0.2192, 0.83 -0.094 0.2874, 0.8299 -0.094 0.2874, 0.8558 -0.1242 0.2192, 0.8602 -0.1183 0.2192, 0.8253 -0.099 0.2874, 0.8494 -0.1296 0.2192, 0.8538 -0.1263 0.2192, 0.8237 -0.1002 0.2874, 0.8161 -0.1059 0.2874, 0.8364 -0.1395 0.2192, 0.8153 -0.1065 0.2874, 0.8347 -0.1408 0.2192, 0.8115 -0.1085 0.2874, 0.8201 -0.1469 0.2192, 0.8065 -0.1102 0.2874, 0.8132 -0.1499 0.2192, 0.7987 -0.1129 0.2874, 0.8043 -0.1513 0.2192, 0.7972 -0.1132 0.2874, 0.7913 -0.1534 0.2192, 0.7921 -0.1139 0.2874, 0.7872 -0.1535 0.2192, 0.7873 -0.1138 0.2874, 0.7861 -0.1535 0.2192, 0.7795 -0.1136 0.2874, 0.7713 -0.1514 0.2192, 0.7781 -0.1133 0.2874, 0.7624 -0.1501 0.2192, 0.7751 -0.1127 0.2874, 0.754 -0.1466 0.2192, 0.7679 -0.1101 0.2874, 0.741 -0.1413 0.2192, 0.7625 -0.1081 0.2874, 0.7387 -0.1396 0.2192, 0.7588 -0.106 0.2874, 0.7563 -0.1045 0.2874, 0.7253 -0.1299 0.2192, 0.7513 -0.1001 0.2874, 0.7232 -0.1284 0.2192, 0.7467 -0.0962 0.2874, 0.7196 -0.1249 0.2192, 0.7146 -0.1181 0.2192, 0.7448 -0.0938 0.2874, 0.7053 -0.1057 0.2192, 0.7422 -0.0905 0.2874, 0.7047 -0.1043 0.2192, 0.7395 -0.0853 0.2874, 0.6977 -0.0877 0.2192, 0.7358 -0.0782 0.2874, 0.7349 -0.0755 0.2874, 0.6964 -0.0846 0.2192, 0.7342 -0.0736 0.2874, 0.6949 -0.0732 0.2192, 0.7335 -0.0681 0.2874, -0.8796 -0.0428 0.2192, -0.8819 -0.059 0.2192, -0.8425 -0.059 0.2874, -0.8418 -0.0507 0.2874, -0.8413 -0.0489 0.2874, -0.8783 -0.033 0.2192, -0.8395 -0.0418 0.2874, -0.8765 -0.029 0.2192, -0.8388 -0.0394 0.2874, -0.8695 -0.0127 0.2192, -0.8374 -0.036 0.2874, -0.835 -0.0322 0.2874, -0.8689 -0.0115 0.2192, -0.83 -0.0241 0.2874, -0.8299 -0.0241 0.2874, -0.8558 0.0061 0.2192, -0.8602 0.0002 0.2192, -0.8253 -0.019 0.2874, -0.8494 0.0115 0.2192, -0.8538 0.0082 0.2192, -0.8237 -0.0178 0.2874, -0.8161 -0.0122 0.2874, -0.8364 0.0214 0.2192, -0.8153 -0.0116 0.2874, -0.8347 0.0227 0.2192, -0.8115 -0.0095 0.2874, -0.8201 0.0288 0.2192, -0.8065 -0.0078 0.2874, -0.8132 0.0318 0.2192, -0.7987 -0.0052 0.2874, -0.8043 0.0332 0.2192, -0.7972 -0.0049 0.2874, -0.7913 0.0354 0.2192, -0.7921 -0.0041 0.2874, -0.7872 0.0354 0.2192, -0.7873 -0.0043 0.2874, -0.7861 0.0354 0.2192, -0.7795 -0.0045 0.2874, -0.7713 0.0333 0.2192, -0.7781 -0.0048 0.2874, -0.7624 0.032 0.2192, -0.7751 -0.0054 0.2874, -0.754 0.0285 0.2192, -0.7679 -0.008 0.2874, -0.741 0.0232 0.2192, -0.7625 -0.01 0.2874, -0.7387 0.0215 0.2192, -0.7588 -0.0121 0.2874, -0.7563 -0.0136 0.2874, -0.7253 0.0118 0.2192, -0.7513 -0.0179 0.2874, -0.7232 0.0103 0.2192, -0.7467 -0.0219 0.2874, -0.7196 0.0068 0.2192, -0.7146 0.0 0.2192, -0.7448 -0.0243 0.2874, -0.7054 -0.0124 0.2192, -0.7422 -0.0276 0.2874, -0.7048 -0.0138 0.2192, -0.7395 -0.0328 0.2874, -0.6977 -0.0304 0.2192, -0.7358 -0.0398 0.2874, -0.7349 -0.0426 0.2874, -0.6964 -0.0335 0.2192, -0.7342 -0.0445 0.2874, -0.6949 -0.0449 0.2192, -0.7335 -0.05 0.2874, -0.7323 -0.059 0.2874, -0.6929 -0.059 0.2192, -0.6952 -0.0753 0.2192, -0.733 -0.0674 0.2874, -0.7335 -0.0692 0.2874, -0.6966 -0.0851 0.2192, -0.7353 -0.0763 0.2874, -0.6983 -0.0891 0.2192, -0.736 -0.0787 0.2874, -0.7053 -0.1054 0.2192, -0.7375 -0.0821 0.2874, -0.7398 -0.0859 0.2874, -0.7059 -0.1066 0.2192, -0.7448 -0.094 0.2874, -0.7449 -0.094 0.2874, -0.719 -0.1242 0.2192, -0.7146 -0.1183 0.2192, -0.7495 -0.099 0.2874, -0.7254 -0.1296 0.2192, -0.721 -0.1263 0.2192, -0.7511 -0.1002 0.2874, -0.7587 -0.1059 0.2874, -0.7384 -0.1395 0.2192, -0.7595 -0.1065 0.2874, -0.7401 -0.1408 0.2192, -0.7633 -0.1085 0.2874, -0.7547 -0.1469 0.2192, -0.7683 -0.1102 0.2874, -0.7616 -0.1499 0.2192, -0.7761 -0.1129 0.2874, -0.7705 -0.1513 0.2192, -0.7776 -0.1132 0.2874, -0.7835 -0.1534 0.2192, -0.7827 -0.1139 0.2874, -0.7876 -0.1535 0.2192, -0.7875 -0.1138 0.2874, -0.7887 -0.1535 0.2192, -0.7953 -0.1136 0.2874, -0.8035 -0.1514 0.2192, -0.7967 -0.1133 0.2874, -0.8124 -0.1501 0.2192, -0.7997 -0.1127 0.2874, -0.8208 -0.1466 0.2192, -0.8069 -0.1101 0.2874, -0.8338 -0.1413 0.2192, -0.8123 -0.1081 0.2874, -0.8361 -0.1396 0.2192, -0.816 -0.106 0.2874, -0.8185 -0.1045 0.2874, -0.8495 -0.1299 0.2192, -0.8235 -0.1001 0.2874, -0.8516 -0.1284 0.2192, -0.8281 -0.0962 0.2874, -0.8552 -0.1249 0.2192, -0.8602 -0.1181 0.2192, -0.83 -0.0938 0.2874, -0.8695 -0.1057 0.2192, -0.8326 -0.0905 0.2874, -0.8701 -0.1043 0.2192, -0.8353 -0.0853 0.2874, -0.8771 -0.0877 0.2192, -0.839 -0.0782 0.2874, -0.8399 -0.0755 0.2874, -0.8784 -0.0846 0.2192, -0.8406 -0.0736 0.2874, -0.88 -0.0732 0.2192, -0.8413 -0.0681 0.2874, -0.8689 -0.0115 0.189, -0.6929 -0.059 0.189, -0.6964 -0.0335 0.189, -0.7054 -0.0124 0.189, -0.7232 0.0103 0.189, -0.7196 0.0068 0.189, -0.741 0.0232 0.189, -0.7624 0.032 0.189, -0.7624 0.032 0.2192, -0.7861 0.0354 0.189, -0.7913 0.0354 0.189, -0.8132 0.0318 0.189, -0.8347 0.0227 0.189, -0.8347 0.0227 0.2192, -0.8538 0.0082 0.189, -0.8558 0.0061 0.189, -0.8783 -0.033 0.189, -0.8819 -0.059 0.189, -0.7059 -0.1066 0.189, -0.8784 -0.0846 0.189, -0.8695 -0.1057 0.189, -0.8516 -0.1284 0.189, -0.8552 -0.1249 0.189, -0.8338 -0.1413 0.189, -0.8124 -0.1501 0.189, -0.8124 -0.1501 0.2192, -0.7887 -0.1535 0.189, -0.7835 -0.1534 0.189, -0.7616 -0.1499 0.189, -0.7401 -0.1408 0.189, -0.721 -0.1263 0.189, -0.719 -0.1242 0.189, -0.6966 -0.0851 0.189, 0.6929 -0.059 0.189, 0.6955 -0.0408 0.189, 0.6966 -0.033 0.189, 0.7007 -0.0233 0.189, 0.7059 -0.0115 0.189, 0.7092 -0.007 0.189, 0.719 0.0061 0.189, 0.7205 0.0077 0.189, 0.721 0.0082 0.189, 0.7352 0.019 0.189, 0.7401 0.0227 0.189, 0.7515 0.0275 0.189, 0.7616 0.0318 0.189, 0.7625 0.032 0.2192, 0.7691 0.033 0.189, 0.7835 0.0354 0.189, 0.7874 0.0354 0.189, 0.7887 0.0354 0.189, 0.7911 0.0354 0.2192, 0.8057 0.033 0.189, 0.8124 0.032 0.189, 0.813 0.0318 0.2192, 0.8233 0.0275 0.189, 0.8338 0.0232 0.189, 0.8396 0.019 0.189, 0.8516 0.0103 0.189, 0.8543 0.0077 0.189, 0.8552 0.0068 0.189, 0.8655 -0.007 0.189, 0.8695 -0.0124 0.189, 0.8741 -0.0233 0.189, 0.8784 -0.0335 0.189, 0.8794 -0.0408 0.189, 0.8819 -0.059 0.189, 0.8689 -0.1066 0.189, 0.6964 -0.0846 0.189, 0.7053 -0.1057 0.189, 0.7232 -0.1284 0.189, 0.7196 -0.1249 0.189, 0.741 -0.1413 0.189, 0.7624 -0.1501 0.189, 0.7624 -0.1501 0.2192, 0.7861 -0.1535 0.189, 0.7913 -0.1534 0.189, 0.8132 -0.1499 0.189, 0.8347 -0.1408 0.189, 0.8347 -0.1408 0.2192, 0.8538 -0.1263 0.189, 0.8558 -0.1242 0.189, 0.8783 -0.0851 0.189, 1.2008 -0.5472 0.1299, 1.1417 -0.5472 0.189, 1.2008 -0.6614 0.1299, 1.1417 -0.6614 0.189, -1.2008 -0.3268 0.1299, -1.1417 -0.3268 0.189, -1.2008 -0.2126 0.1299, -1.1417 -0.2126 0.189, 1.1614 -0.0394 0.1299, 1.1024 -0.0394 0.189, 1.1614 -0.5472 0.1299, 1.1024 -0.5472 0.189, -1.1614 -0.6614 0.1299, -1.1024 -0.6614 0.189, -1.1614 -0.3268 0.1299, -1.1024 -0.3268 0.189, -1.1614 -0.2126 0.1299, -1.1024 -0.2126 0.189, -1.1614 -0.0394 0.1299, -1.1024 -0.0394 0.189, 0.4528 -0.6614 0.189, 0.4528 -0.2677 0.189, 0.4528 -0.6614 0.1102, 0.4528 -0.2677 0.1102, 0.1772 -0.2677 0.189, 0.1772 -0.2677 0.1102, 0.1772 -0.6614 0.189, 0.1772 -0.6614 0.1102, -0.1772 -0.6614 0.189, -0.1772 -0.2677 0.189, -0.1772 -0.6614 0.1102, -0.1772 -0.2677 0.1102, -0.4528 -0.2677 0.189, -0.4528 -0.2677 0.1102, -0.4528 -0.6614 0.189, -0.4528 -0.6614 0.1102, 0.0984 -0.4252 0.0315, -0.0984 -0.4252 0.0315, 0.5472 -0.5433 0.0315, 0.5472 -0.5433 0.189, 0.9537 -0.5433 0.0315, 1.0276 -0.5433 0.189, 1.0276 -0.5433 0.0315, 0.5472 -0.1929 0.189, 0.5472 -0.1929 0.0315, 1.0276 -0.1929 0.0315, 1.0276 -0.1929 0.189, 0.9537 -0.1929 0.0315, -0.5472 -0.5433 0.189, -0.5472 -0.1929 0.189, -0.5472 -0.5433 0.0315, -0.5472 -0.1929 0.0315, -1.0276 -0.5433 0.0315, -1.0276 -0.5433 0.189, -0.6398 -0.5433 0.0315, -1.0276 -0.1929 0.189, -1.0276 -0.1929 0.0315, -0.6398 -0.1929 0.0315, -0.2461 0.8012 0.0315, -0.4242 0.8012 0.0315, 0.5167 0.8012 0.0315, 0.1476 0.8012 0.0315, -0.0984 -0.6614 0.0315, -0.2461 -0.6614 0.0315, -1.2008 -0.3268 0.0315, -1.2008 -0.2126 0.0315, -1.1614 -0.3268 0.0315, -1.1614 -0.2126 0.0315, -1.1614 -0.0394 0.0315, -0.6398 0.1988 0.0315, 1.1388 0.1988 0.0315, 1.1614 -0.0394 0.0315, 1.2008 -0.5472 0.0315, 1.2008 -0.6614 0.0315, 1.1614 -0.5472 0.0315, 1.1388 -0.6614 0.0315, 1.1388 1.0044 0.0315, -0.6398 1.0044 0.0315, -0.4242 1.0044 0.0315, -0.2461 1.0044 0.0315, 0.1476 1.0044 0.0315, 0.5167 1.0044 0.0315, 0.9537 1.0044 0.0315, -0.6398 0.8012 0.0315, 1.1388 0.8012 0.0315, 0.9537 0.8012 0.0315, 0.9537 0.1988 0.0315, 0.9537 -0.6614 0.0315, 0.5167 -0.6614 0.0315, -0.4242 0.1988 0.0315, -0.4242 -0.6614 0.0315, -0.6398 -0.6614 0.0315, -1.1614 -0.6614 0.0315, -0.2461 0.1988 0.0315, 0.1476 0.1988 0.0315, 0.0984 -0.6614 0.0315, 0.1476 -0.6614 0.0315, 0.5167 0.1988 0.0315, -0.0984 -0.6614 0.1102, 0.0984 -0.6614 0.1102, -0.0984 -1.4567 0.0315, 0.0984 -1.4567 0.0315, -0.8406 -1.3779 0.0315, -0.9311 -1.3779 0.0315, -0.8406 -1.3779 0.1102, -0.9311 -1.3779 0.1102, -0.8406 -1.1338 0.0315, -0.8406 -1.1338 0.1102, -0.9311 -1.1338 0.0315, -0.9311 -1.1338 0.1102, 0.9311 -1.3779 0.0315, 0.8406 -1.3779 0.0315, 0.9311 -1.3779 0.1102, 0.8406 -1.3779 0.1102, 0.9311 -1.1338 0.0315, 0.9311 -1.1338 0.1102, 0.8406 -1.1338 0.0315, 0.8406 -1.1338 0.1102, 0.7343 -1.3779 0.0315, 0.6437 -1.3779 0.0315, 0.7343 -1.3779 0.1102, 0.6437 -1.3779 0.1102, 0.7343 -1.1338 0.0315, 0.7343 -1.1338 0.1102, 0.6437 -1.1338 0.0315, 0.6437 -1.1338 0.1102, -0.7343 -1.3779 0.0315, -0.7343 -1.1338 0.0315, -0.7343 -1.3779 0.1102, -0.7343 -1.1338 0.1102, -0.6437 -1.3779 0.0315, -0.6437 -1.3779 0.1102, -0.6437 -1.1338 0.0315, -0.6437 -1.1338 0.1102, 1.2008 -1.0551 0.0315, 0.0984 -1.0551 0.0315, 1.2008 -1.0551 0.1102, 0.0984 -1.0551 0.1102, -0.0984 -1.0551 0.0315, -0.0984 -1.0551 0.1102, -1.2008 -1.0551 0.0315, -1.2008 -1.0551 0.1102, -1.2008 -1.6535 0.0315, -1.2008 -1.6535 0.1102, -1.0335 -1.6535 0.0315, -1.0335 -1.6535 0.1102, -1.0335 -1.5394 0.0315, -1.0335 -1.5394 0.1102, 1.0335 -1.5394 0.0315, 1.0335 -1.5394 0.1102, 1.0335 -1.6535 0.0315, 1.0335 -1.6535 0.1102, 1.2008 -1.6535 0.0315, 1.2008 -1.6535 0.1102
            ]
        }
        coordIndex [
            0,1,2,-1,2,1,3,-1,2,3,4,-1,4,5,6,-1,7,2,8,-1,8,2,4,-1,8,4,9,-1,9,4,6,-1,10,11,12,-1,10,12,13,-1,0,14,15,-1,13,12,15,-1,15,12,1,-1,15,1,0,-1,12,11,4,-1,4,11,5,-1,16,17,18,-1,18,19,20,-1,21,16,22,-1,22,16,18,-1,22,18,23,-1,23,18,20,-1,19,18,24,-1,24,18,25,-1,26,17,27,-1,27,17,16,-1,28,24,25,-1,28,25,29,-1,27,30,31,-1,29,25,31,-1,31,25,26,-1,31,26,27,-1,32,33,34,-1,32,34,35,-1,35,34,36,-1,35,36,37,-1,37,36,38,-1,37,38,39,-1,39,38,40,-1,39,40,41,-1,41,40,42,-1,41,42,43,-1,43,42,44,-1,43,44,45,-1,46,44,47,-1,48,49,50,-1,50,49,51,-1,49,52,51,-1,51,52,53,-1,51,53,54,-1,53,55,54,-1,54,55,56,-1,54,56,57,-1,56,58,57,-1,57,58,59,-1,57,59,60,-1,33,61,34,-1,34,61,62,-1,34,62,36,-1,36,62,63,-1,36,63,38,-1,38,63,64,-1,38,64,40,-1,40,64,65,-1,40,65,42,-1,42,65,66,-1,42,66,44,-1,67,68,69,-1,69,68,70,-1,69,70,71,-1,71,70,72,-1,71,72,73,-1,73,72,74,-1,73,74,75,-1,75,74,76,-1,75,76,77,-1,77,76,78,-1,77,78,44,-1,68,79,70,-1,70,79,80,-1,70,80,72,-1,72,80,81,-1,72,81,74,-1,74,81,82,-1,74,82,76,-1,76,82,83,-1,76,83,78,-1,78,83,84,-1,78,84,44,-1,61,67,62,-1,62,67,69,-1,62,69,63,-1,63,69,71,-1,63,71,64,-1,64,71,73,-1,64,73,65,-1,65,73,75,-1,65,75,66,-1,66,75,77,-1,66,77,44,-1,85,50,86,-1,86,50,51,-1,86,51,87,-1,87,51,54,-1,87,54,88,-1,88,54,57,-1,88,57,89,-1,89,57,60,-1,89,60,90,-1,90,60,47,-1,90,47,44,-1,59,91,60,-1,60,91,92,-1,60,92,47,-1,47,92,93,-1,47,93,46,-1,79,85,80,-1,80,85,86,-1,80,86,81,-1,81,86,87,-1,81,87,82,-1,82,87,88,-1,82,88,83,-1,83,88,89,-1,83,89,84,-1,84,89,90,-1,84,90,44,-1,20,10,13,-1,15,22,13,-1,13,22,23,-1,13,23,20,-1,10,20,11,-1,11,20,19,-1,11,19,67,-1,19,24,94,-1,94,24,95,-1,61,33,8,-1,8,9,61,-1,61,9,6,-1,61,6,67,-1,67,6,5,-1,67,5,11,-1,31,96,29,-1,29,96,95,-1,29,95,28,-1,28,95,24,-1,19,94,67,-1,67,94,97,-1,67,97,68,-1,68,97,98,-1,68,98,79,-1,79,98,99,-1,79,99,85,-1,85,99,100,-1,85,100,50,-1,50,100,101,-1,50,101,48,-1,96,102,103,-1,104,105,106,-1,107,108,109,-1,110,111,112,-1,113,111,110,-1,109,108,110,-1,114,110,108,-1,114,108,115,-1,115,108,107,-1,115,107,116,-1,117,110,114,-1,110,118,113,-1,113,118,119,-1,113,119,120,-1,121,112,122,-1,122,112,111,-1,122,111,123,-1,123,111,113,-1,123,113,124,-1,124,113,120,-1,124,120,125,-1,117,114,126,-1,126,114,115,-1,126,115,127,-1,127,115,116,-1,127,116,128,-1,129,121,130,-1,130,121,122,-1,130,122,131,-1,131,122,123,-1,131,123,132,-1,132,123,124,-1,132,124,106,-1,106,124,125,-1,106,125,104,-1,133,129,134,-1,134,129,130,-1,134,130,135,-1,135,130,131,-1,135,131,136,-1,136,131,132,-1,136,132,137,-1,137,132,106,-1,137,106,138,-1,138,106,105,-1,138,105,139,-1,102,133,103,-1,103,133,134,-1,103,134,140,-1,140,134,135,-1,140,135,141,-1,141,135,136,-1,141,136,142,-1,142,136,137,-1,142,137,143,-1,143,137,138,-1,143,138,144,-1,102,128,133,-1,133,128,116,-1,133,116,129,-1,129,116,107,-1,129,107,121,-1,121,107,109,-1,121,109,112,-1,112,109,110,-1,139,145,138,-1,138,145,146,-1,138,146,144,-1,144,146,147,-1,144,147,148,-1,96,103,95,-1,95,103,140,-1,95,140,94,-1,94,140,141,-1,94,141,97,-1,97,141,142,-1,97,142,98,-1,98,142,143,-1,98,143,99,-1,99,143,144,-1,99,144,100,-1,100,144,148,-1,100,148,101,-1,96,149,150,-1,96,150,102,-1,102,150,151,-1,102,151,128,-1,128,151,152,-1,128,152,127,-1,127,152,153,-1,127,153,126,-1,126,153,154,-1,126,154,117,-1,117,154,155,-1,117,155,110,-1,156,157,158,-1,158,157,159,-1,160,161,162,-1,162,161,163,-1,149,96,30,-1,30,96,31,-1,164,165,110,-1,110,165,118,-1,118,165,119,-1,119,165,166,-1,119,166,120,-1,120,166,125,-1,125,166,167,-1,125,167,104,-1,104,167,105,-1,105,167,168,-1,105,168,139,-1,139,168,145,-1,145,168,169,-1,145,169,146,-1,146,169,147,-1,147,169,170,-1,147,170,148,-1,148,170,171,-1,148,171,101,-1,1,161,3,-1,3,161,160,-1,26,157,17,-1,17,157,156,-1,12,163,1,-1,1,163,161,-1,4,162,12,-1,12,162,163,-1,3,160,4,-1,4,160,162,-1,25,159,26,-1,26,159,157,-1,18,158,25,-1,25,158,159,-1,17,156,18,-1,18,156,158,-1,155,172,110,-1,110,172,164,-1,44,173,45,-1,45,173,174,-1,175,176,48,-1,48,176,49,-1,49,176,52,-1,52,176,177,-1,52,177,53,-1,53,177,55,-1,55,177,178,-1,55,178,56,-1,56,178,58,-1,58,178,179,-1,58,179,59,-1,59,179,91,-1,91,179,180,-1,91,180,92,-1,92,180,93,-1,93,180,181,-1,93,181,46,-1,46,181,173,-1,46,173,44,-1,101,171,48,-1,48,171,175,-1,182,183,184,-1,184,183,185,-1,184,185,186,-1,187,188,189,-1,189,188,190,-1,189,190,191,-1,191,190,192,-1,191,192,193,-1,193,192,194,-1,193,194,195,-1,195,194,196,-1,195,196,186,-1,186,196,197,-1,186,197,184,-1,187,189,198,-1,198,189,199,-1,198,199,200,-1,200,199,201,-1,200,201,202,-1,202,201,203,-1,203,201,204,-1,203,204,205,-1,205,204,206,-1,205,206,207,-1,207,206,208,-1,207,208,209,-1,209,208,210,-1,209,210,211,-1,211,210,212,-1,211,212,213,-1,213,212,214,-1,214,212,215,-1,214,215,216,-1,216,215,217,-1,216,217,218,-1,218,217,219,-1,219,217,220,-1,219,220,221,-1,221,220,222,-1,221,222,223,-1,223,222,224,-1,224,222,225,-1,224,225,226,-1,226,225,227,-1,226,227,228,-1,228,227,229,-1,228,229,230,-1,230,229,231,-1,230,231,232,-1,232,231,233,-1,233,231,234,-1,233,234,235,-1,235,234,236,-1,235,236,237,-1,237,236,238,-1,237,238,239,-1,239,238,240,-1,240,238,241,-1,240,241,242,-1,242,241,243,-1,242,243,244,-1,244,243,245,-1,244,245,246,-1,247,248,249,-1,249,248,250,-1,249,250,251,-1,251,250,252,-1,251,252,245,-1,245,252,253,-1,245,253,246,-1,254,255,256,-1,256,255,257,-1,256,257,258,-1,258,257,259,-1,258,259,260,-1,260,259,261,-1,260,261,247,-1,247,261,262,-1,247,262,248,-1,256,263,254,-1,254,263,264,-1,254,264,265,-1,266,265,264,-1,264,267,266,-1,266,267,268,-1,266,268,269,-1,269,268,270,-1,269,270,271,-1,271,270,272,-1,271,272,273,-1,272,274,273,-1,273,274,275,-1,273,275,276,-1,276,275,277,-1,278,279,280,-1,280,281,278,-1,278,281,282,-1,278,282,277,-1,277,282,283,-1,277,283,276,-1,279,284,280,-1,280,284,285,-1,280,285,286,-1,286,285,287,-1,286,287,288,-1,288,287,289,-1,288,289,290,-1,290,289,291,-1,290,291,292,-1,292,291,293,-1,292,293,294,-1,294,293,295,-1,294,295,296,-1,296,295,297,-1,296,297,298,-1,298,297,299,-1,298,299,300,-1,300,299,301,-1,300,301,302,-1,302,301,303,-1,302,303,304,-1,304,303,305,-1,304,305,306,-1,306,305,307,-1,306,307,308,-1,308,307,309,-1,308,309,310,-1,309,311,310,-1,310,311,312,-1,310,312,313,-1,313,312,314,-1,313,314,315,-1,315,314,316,-1,315,316,317,-1,317,316,318,-1,318,316,319,-1,318,319,320,-1,320,319,321,-1,320,321,322,-1,322,321,323,-1,322,323,324,-1,323,325,324,-1,324,325,326,-1,324,326,327,-1,327,326,328,-1,327,328,329,-1,328,330,329,-1,329,330,183,-1,329,183,182,-1,331,332,333,-1,333,334,331,-1,331,334,335,-1,331,335,336,-1,336,335,337,-1,336,337,338,-1,338,337,339,-1,338,339,340,-1,339,341,340,-1,340,341,342,-1,340,342,343,-1,343,342,344,-1,345,346,347,-1,347,348,345,-1,345,348,349,-1,345,349,344,-1,344,349,350,-1,344,350,343,-1,346,351,347,-1,347,351,352,-1,347,352,353,-1,353,352,354,-1,353,354,355,-1,355,354,356,-1,355,356,357,-1,357,356,358,-1,357,358,359,-1,359,358,360,-1,359,360,361,-1,361,360,362,-1,361,362,363,-1,363,362,364,-1,363,364,365,-1,365,364,366,-1,365,366,367,-1,367,366,368,-1,367,368,369,-1,369,368,370,-1,369,370,371,-1,371,370,372,-1,371,372,373,-1,373,372,374,-1,373,374,375,-1,375,374,376,-1,375,376,377,-1,376,378,377,-1,377,378,379,-1,377,379,380,-1,380,379,381,-1,380,381,382,-1,382,381,383,-1,382,383,384,-1,384,383,385,-1,385,383,386,-1,385,386,387,-1,387,386,388,-1,387,388,389,-1,389,388,390,-1,389,390,391,-1,390,392,391,-1,391,392,393,-1,391,393,394,-1,394,393,395,-1,394,395,396,-1,395,397,396,-1,396,397,398,-1,396,398,399,-1,400,399,398,-1,398,401,400,-1,400,401,402,-1,400,402,403,-1,403,402,404,-1,403,404,405,-1,405,404,406,-1,405,406,407,-1,406,408,407,-1,407,408,409,-1,407,409,410,-1,410,409,411,-1,412,413,414,-1,414,415,412,-1,412,415,416,-1,412,416,411,-1,411,416,417,-1,411,417,410,-1,413,418,414,-1,414,418,419,-1,414,419,420,-1,420,419,421,-1,420,421,422,-1,422,421,423,-1,422,423,424,-1,424,423,425,-1,424,425,426,-1,426,425,427,-1,426,427,428,-1,428,427,429,-1,428,429,430,-1,430,429,431,-1,430,431,432,-1,432,431,433,-1,432,433,434,-1,434,433,435,-1,434,435,436,-1,436,435,437,-1,436,437,438,-1,438,437,439,-1,438,439,440,-1,440,439,441,-1,440,441,442,-1,442,441,443,-1,442,443,444,-1,443,445,444,-1,444,445,446,-1,444,446,447,-1,447,446,448,-1,447,448,449,-1,449,448,450,-1,449,450,451,-1,451,450,452,-1,452,450,453,-1,452,453,454,-1,454,453,455,-1,454,455,456,-1,456,455,457,-1,456,457,458,-1,457,459,458,-1,458,459,460,-1,458,460,461,-1,461,460,462,-1,461,462,463,-1,462,464,463,-1,463,464,333,-1,463,333,332,-1,376,374,393,-1,419,418,464,-1,411,409,464,-1,464,409,408,-1,335,334,397,-1,397,334,333,-1,397,333,398,-1,398,333,464,-1,398,464,401,-1,401,464,402,-1,397,395,370,-1,370,395,393,-1,370,393,372,-1,372,393,374,-1,352,351,397,-1,397,351,346,-1,397,346,345,-1,345,344,397,-1,397,344,342,-1,397,342,341,-1,464,462,437,-1,437,462,460,-1,437,460,459,-1,437,435,464,-1,464,435,433,-1,464,433,431,-1,408,406,464,-1,464,406,404,-1,464,404,402,-1,386,383,381,-1,341,339,397,-1,397,339,337,-1,397,337,335,-1,459,457,437,-1,437,457,455,-1,437,455,453,-1,445,443,441,-1,431,429,464,-1,464,429,427,-1,464,427,425,-1,418,413,464,-1,464,413,412,-1,464,412,411,-1,381,379,393,-1,393,379,378,-1,393,378,376,-1,370,368,397,-1,397,368,366,-1,397,366,364,-1,364,362,397,-1,397,362,360,-1,397,360,358,-1,358,356,397,-1,397,356,354,-1,397,354,352,-1,453,450,448,-1,425,423,464,-1,464,423,421,-1,464,421,419,-1,393,392,381,-1,381,392,390,-1,381,390,386,-1,386,390,388,-1,446,445,448,-1,448,445,441,-1,448,441,453,-1,453,441,439,-1,453,439,437,-1,340,343,465,-1,399,466,396,-1,396,466,467,-1,396,467,394,-1,394,467,391,-1,391,467,468,-1,391,468,389,-1,380,382,469,-1,469,382,384,-1,469,384,470,-1,470,384,385,-1,470,385,468,-1,468,385,387,-1,468,387,389,-1,380,469,377,-1,377,469,471,-1,377,471,375,-1,375,471,373,-1,373,471,472,-1,373,472,473,-1,473,472,369,-1,369,472,474,-1,369,474,367,-1,367,474,365,-1,365,474,475,-1,365,475,363,-1,363,475,361,-1,361,475,476,-1,361,476,359,-1,359,476,357,-1,357,476,477,-1,357,477,478,-1,478,477,353,-1,353,477,479,-1,353,479,347,-1,347,479,348,-1,348,479,480,-1,348,480,349,-1,465,343,480,-1,480,343,350,-1,480,350,349,-1,340,465,338,-1,338,465,481,-1,338,481,336,-1,336,481,331,-1,331,481,482,-1,331,482,332,-1,407,410,483,-1,332,482,463,-1,463,482,484,-1,463,484,461,-1,461,484,458,-1,458,484,485,-1,458,485,456,-1,447,449,486,-1,486,449,451,-1,486,451,487,-1,487,451,452,-1,487,452,485,-1,485,452,454,-1,485,454,456,-1,447,486,444,-1,444,486,488,-1,444,488,442,-1,442,488,440,-1,440,488,489,-1,440,489,490,-1,490,489,436,-1,436,489,491,-1,436,491,434,-1,434,491,432,-1,432,491,492,-1,432,492,430,-1,430,492,428,-1,428,492,493,-1,428,493,426,-1,426,493,424,-1,424,493,494,-1,424,494,422,-1,422,494,420,-1,420,494,495,-1,420,495,414,-1,414,495,415,-1,415,495,496,-1,415,496,416,-1,483,410,496,-1,496,410,417,-1,496,417,416,-1,407,483,405,-1,405,483,497,-1,405,497,403,-1,403,497,400,-1,400,497,466,-1,400,466,399,-1,287,285,330,-1,295,293,291,-1,263,183,264,-1,264,183,330,-1,264,330,267,-1,267,330,268,-1,263,256,183,-1,183,256,258,-1,183,258,185,-1,185,258,186,-1,287,330,289,-1,260,247,208,-1,208,247,249,-1,249,251,208,-1,208,251,245,-1,208,245,243,-1,285,284,330,-1,330,284,279,-1,330,279,278,-1,278,277,330,-1,330,277,275,-1,330,275,274,-1,258,189,191,-1,274,272,330,-1,330,272,270,-1,330,270,268,-1,215,212,243,-1,243,212,210,-1,243,210,208,-1,204,201,258,-1,258,201,199,-1,258,199,189,-1,191,193,258,-1,258,193,195,-1,258,195,186,-1,289,330,291,-1,291,330,328,-1,291,328,326,-1,326,325,291,-1,291,325,323,-1,291,323,321,-1,321,319,291,-1,291,319,316,-1,291,316,314,-1,229,227,225,-1,260,208,258,-1,258,208,206,-1,258,206,204,-1,314,312,291,-1,291,312,311,-1,291,311,309,-1,309,307,291,-1,291,307,305,-1,291,305,303,-1,303,301,291,-1,291,301,299,-1,291,299,295,-1,295,299,297,-1,241,220,243,-1,243,220,217,-1,243,217,215,-1,241,238,220,-1,220,238,236,-1,220,236,234,-1,222,220,225,-1,225,220,234,-1,225,234,229,-1,229,234,231,-1,498,182,184,-1,498,184,499,-1,499,184,197,-1,499,197,500,-1,197,196,500,-1,500,196,194,-1,500,194,501,-1,194,192,501,-1,501,192,190,-1,501,190,502,-1,502,190,188,-1,502,188,503,-1,503,188,187,-1,503,187,504,-1,187,198,504,-1,504,198,200,-1,504,200,505,-1,200,202,505,-1,505,202,203,-1,505,203,506,-1,506,203,205,-1,506,205,507,-1,205,207,507,-1,507,207,209,-1,507,209,508,-1,508,209,211,-1,508,211,509,-1,211,213,509,-1,509,213,214,-1,509,214,510,-1,510,214,511,-1,510,511,512,-1,511,218,512,-1,512,218,219,-1,512,219,513,-1,513,219,221,-1,513,221,514,-1,221,223,514,-1,514,223,224,-1,514,224,515,-1,224,516,515,-1,515,516,228,-1,515,228,517,-1,517,228,230,-1,517,230,518,-1,230,519,518,-1,518,519,233,-1,518,233,520,-1,520,233,235,-1,520,235,521,-1,235,237,521,-1,521,237,239,-1,521,239,522,-1,522,239,240,-1,522,240,523,-1,523,240,242,-1,523,242,524,-1,524,242,244,-1,244,246,524,-1,524,246,253,-1,524,253,525,-1,525,253,252,-1,525,252,526,-1,526,252,250,-1,526,250,527,-1,250,248,527,-1,527,248,262,-1,527,262,528,-1,262,261,528,-1,528,261,259,-1,528,259,529,-1,529,259,257,-1,529,257,530,-1,265,531,254,-1,254,531,530,-1,254,530,255,-1,255,530,257,-1,273,276,532,-1,182,498,329,-1,329,498,533,-1,329,533,327,-1,327,533,324,-1,324,533,534,-1,324,534,322,-1,313,315,535,-1,535,315,317,-1,535,317,536,-1,536,317,318,-1,536,318,534,-1,534,318,320,-1,534,320,322,-1,313,535,310,-1,310,535,537,-1,310,537,308,-1,308,537,306,-1,306,537,538,-1,306,538,539,-1,539,538,302,-1,302,538,540,-1,302,540,300,-1,300,540,298,-1,298,540,541,-1,298,541,296,-1,296,541,294,-1,294,541,542,-1,294,542,292,-1,292,542,290,-1,290,542,543,-1,290,543,544,-1,544,543,286,-1,286,543,545,-1,286,545,280,-1,280,545,281,-1,281,545,546,-1,281,546,282,-1,532,276,546,-1,546,276,283,-1,546,283,282,-1,273,532,271,-1,271,532,547,-1,271,547,269,-1,269,547,266,-1,266,547,531,-1,266,531,265,-1,548,549,550,-1,550,549,551,-1,552,553,554,-1,554,553,555,-1,556,557,558,-1,558,557,559,-1,558,559,560,-1,561,562,563,-1,563,562,564,-1,565,566,567,-1,567,566,568,-1,567,568,569,-1,570,571,572,-1,572,571,573,-1,571,574,573,-1,573,574,575,-1,574,576,575,-1,575,576,577,-1,578,579,580,-1,580,579,581,-1,579,582,581,-1,581,582,583,-1,582,584,583,-1,583,584,585,-1,586,587,588,-1,588,587,589,-1,590,591,592,-1,592,591,593,-1,594,590,595,-1,595,590,592,-1,596,594,597,-1,597,594,595,-1,591,596,593,-1,593,596,597,-1,598,599,600,-1,600,599,601,-1,602,598,603,-1,603,598,600,-1,604,602,605,-1,605,602,603,-1,599,604,601,-1,601,604,605,-1,606,607,608,-1,609,610,611,-1,611,610,612,-1,613,614,615,-1,616,617,618,-1,619,603,600,-1,601,588,600,-1,600,588,620,-1,600,620,619,-1,618,613,593,-1,593,613,615,-1,593,615,592,-1,592,615,621,-1,592,621,595,-1,595,621,586,-1,595,586,608,-1,608,616,595,-1,595,616,618,-1,595,618,597,-1,597,618,593,-1,586,588,608,-1,608,588,601,-1,608,601,606,-1,606,601,605,-1,606,605,612,-1,612,605,603,-1,612,603,611,-1,611,603,619,-1,622,616,623,-1,623,616,608,-1,623,608,624,-1,622,625,616,-1,616,625,617,-1,618,617,559,-1,559,617,625,-1,559,625,560,-1,557,613,559,-1,559,613,618,-1,556,549,557,-1,557,549,548,-1,557,548,613,-1,613,548,614,-1,550,615,548,-1,548,615,614,-1,620,626,578,-1,551,570,550,-1,550,570,572,-1,578,626,576,-1,576,626,627,-1,576,627,577,-1,577,627,621,-1,577,621,572,-1,572,621,615,-1,572,615,550,-1,584,628,585,-1,585,628,562,-1,578,580,620,-1,620,580,585,-1,620,585,619,-1,619,585,562,-1,619,562,561,-1,563,611,561,-1,561,611,619,-1,564,553,563,-1,563,553,552,-1,563,552,611,-1,611,552,609,-1,554,610,552,-1,552,610,609,-1,612,610,568,-1,568,610,554,-1,568,554,569,-1,569,554,555,-1,566,606,568,-1,568,606,612,-1,607,606,629,-1,629,606,566,-1,629,566,565,-1,629,624,607,-1,607,624,608,-1,587,630,589,-1,589,630,631,-1,632,631,633,-1,633,631,630,-1,634,635,636,-1,636,635,637,-1,638,634,639,-1,639,634,636,-1,640,638,641,-1,641,638,639,-1,635,640,637,-1,637,640,641,-1,642,643,644,-1,644,643,645,-1,646,642,647,-1,647,642,644,-1,648,646,649,-1,649,646,647,-1,643,648,645,-1,645,648,649,-1,650,651,652,-1,652,651,653,-1,654,650,655,-1,655,650,652,-1,656,654,657,-1,657,654,655,-1,651,656,653,-1,653,656,657,-1,658,659,660,-1,660,659,661,-1,662,658,663,-1,663,658,660,-1,664,662,665,-1,665,662,663,-1,659,664,661,-1,661,664,665,-1,666,667,668,-1,668,667,669,-1,667,633,630,-1,587,586,621,-1,627,669,621,-1,621,669,667,-1,621,667,587,-1,587,667,630,-1,589,631,670,-1,670,631,632,-1,588,589,620,-1,620,589,670,-1,620,670,626,-1,626,670,671,-1,670,672,671,-1,671,672,673,-1,672,674,673,-1,673,674,675,-1,674,676,675,-1,675,676,677,-1,676,678,677,-1,677,678,679,-1,678,680,679,-1,679,680,681,-1,680,682,681,-1,681,682,683,-1,682,684,683,-1,683,684,685,-1,684,666,685,-1,685,666,668,-1,684,682,666,-1,666,682,680,-1,634,638,659,-1,678,676,674,-1,666,646,648,-1,678,658,662,-1,664,670,662,-1,662,670,632,-1,662,632,678,-1,678,632,633,-1,651,650,680,-1,664,659,670,-1,670,659,638,-1,670,638,672,-1,672,638,640,-1,672,640,674,-1,674,640,635,-1,674,635,678,-1,678,635,634,-1,678,634,658,-1,658,634,659,-1,646,666,642,-1,642,666,680,-1,642,680,643,-1,643,680,650,-1,643,650,648,-1,648,650,654,-1,648,654,666,-1,666,654,656,-1,666,656,667,-1,667,656,651,-1,667,651,633,-1,633,651,680,-1,633,680,678,-1,577,572,575,-1,575,572,573,-1,675,677,679,-1,683,685,681,-1,681,685,668,-1,645,679,681,-1,669,649,668,-1,668,649,647,-1,668,647,681,-1,681,647,644,-1,681,644,645,-1,671,657,655,-1,637,641,673,-1,673,641,639,-1,663,660,679,-1,627,626,669,-1,669,626,671,-1,669,671,649,-1,649,671,655,-1,649,655,645,-1,645,655,652,-1,645,652,679,-1,679,652,653,-1,679,653,663,-1,653,657,663,-1,663,657,671,-1,663,671,665,-1,665,671,673,-1,665,673,661,-1,661,673,639,-1,661,639,660,-1,660,639,636,-1,660,636,679,-1,679,636,637,-1,679,637,675,-1,675,637,673,-1,585,580,583,-1,583,580,581,-1,560,625,622,-1,533,498,174,-1,164,172,623,-1,623,172,174,-1,623,174,622,-1,507,508,174,-1,535,536,174,-1,174,536,534,-1,174,534,533,-1,560,531,558,-1,558,531,547,-1,558,547,532,-1,526,527,622,-1,498,499,174,-1,174,499,500,-1,174,500,501,-1,558,543,542,-1,527,528,622,-1,622,528,529,-1,622,529,560,-1,560,529,530,-1,560,530,531,-1,508,509,174,-1,174,509,510,-1,174,510,512,-1,532,546,558,-1,558,546,545,-1,558,545,543,-1,517,518,622,-1,622,518,520,-1,501,502,174,-1,174,502,503,-1,174,503,504,-1,504,505,174,-1,174,505,506,-1,174,506,507,-1,512,513,174,-1,174,513,514,-1,174,514,622,-1,622,514,515,-1,622,515,517,-1,542,541,558,-1,558,541,540,-1,558,540,686,-1,686,540,538,-1,686,538,537,-1,520,521,622,-1,622,521,522,-1,622,522,523,-1,523,524,622,-1,622,524,525,-1,622,525,526,-1,177,537,178,-1,178,537,179,-1,170,169,686,-1,686,169,168,-1,168,167,686,-1,686,167,166,-1,686,166,165,-1,174,173,535,-1,535,173,181,-1,535,181,537,-1,537,181,180,-1,537,180,179,-1,177,176,537,-1,537,176,175,-1,537,175,686,-1,686,175,171,-1,686,171,170,-1,570,551,556,-1,556,551,549,-1,686,628,582,-1,582,628,584,-1,578,576,579,-1,579,576,574,-1,579,574,594,-1,594,574,571,-1,594,571,590,-1,590,571,570,-1,590,570,591,-1,591,570,556,-1,591,556,596,-1,596,556,558,-1,596,558,594,-1,594,558,686,-1,594,686,579,-1,579,686,582,-1,599,567,604,-1,604,567,569,-1,604,569,602,-1,555,553,569,-1,569,553,564,-1,569,564,602,-1,602,564,562,-1,602,562,598,-1,598,562,628,-1,598,628,599,-1,599,628,686,-1,599,686,567,-1,624,629,565,-1,484,482,565,-1,468,467,623,-1,623,467,686,-1,623,686,164,-1,164,686,165,-1,467,466,686,-1,686,466,497,-1,686,497,483,-1,686,494,493,-1,565,482,624,-1,624,482,481,-1,624,481,465,-1,623,472,471,-1,486,487,565,-1,565,487,485,-1,565,485,484,-1,483,496,686,-1,686,496,495,-1,686,495,494,-1,465,480,624,-1,624,480,479,-1,624,479,477,-1,477,476,624,-1,624,476,475,-1,624,475,623,-1,623,475,474,-1,623,474,472,-1,471,469,623,-1,623,469,470,-1,623,470,468,-1,493,492,686,-1,686,492,491,-1,686,491,567,-1,567,491,489,-1,567,489,565,-1,565,489,488,-1,565,488,486,-1,21,22,14,-1,14,22,15,-1,8,33,7,-1,7,33,32,-1,149,30,27,-1,7,45,2,-1,2,45,174,-1,2,174,0,-1,16,21,14,-1,7,32,45,-1,45,32,35,-1,45,35,37,-1,154,153,149,-1,37,39,45,-1,45,39,41,-1,45,41,43,-1,14,0,16,-1,16,0,174,-1,16,174,27,-1,27,174,172,-1,27,172,149,-1,149,172,155,-1,149,155,154,-1,153,152,149,-1,149,152,151,-1,149,151,150,-1,687,688,689,-1,689,688,690,-1,691,692,693,-1,693,692,694,-1,695,696,690,-1,690,696,697,-1,690,697,689,-1,688,698,690,-1,690,698,695,-1,687,699,688,-1,688,699,700,-1,688,700,698,-1,698,700,701,-1,698,701,702,-1,697,696,703,-1,697,703,704,-1,704,703,705,-1,704,705,706,-1,706,705,707,-1,706,707,708,-1,708,707,709,-1,708,709,710,-1,710,709,711,-1,710,711,712,-1,712,711,713,-1,712,713,714,-1,714,713,715,-1,714,715,716,-1,716,715,717,-1,716,717,718,-1,689,697,687,-1,687,697,704,-1,719,699,720,-1,720,699,687,-1,720,687,721,-1,721,687,716,-1,704,706,687,-1,687,706,708,-1,687,708,710,-1,710,712,687,-1,687,712,714,-1,687,714,716,-1,722,723,724,-1,724,723,725,-1,726,727,728,-1,728,727,692,-1,728,692,691,-1,729,730,731,-1,729,731,732,-1,732,731,733,-1,732,733,734,-1,734,733,735,-1,734,735,736,-1,736,735,737,-1,736,737,738,-1,738,737,739,-1,738,739,740,-1,740,739,741,-1,740,741,742,-1,742,741,743,-1,742,743,744,-1,744,743,726,-1,744,726,728,-1,745,693,746,-1,746,693,694,-1,746,694,747,-1,747,694,748,-1,747,748,749,-1,692,727,694,-1,694,727,748,-1,693,745,750,-1,728,691,693,-1,750,751,693,-1,693,751,729,-1,693,729,732,-1,728,693,744,-1,732,734,693,-1,693,734,736,-1,693,736,738,-1,738,740,693,-1,693,740,742,-1,693,742,744,-1,752,753,754,-1,755,752,756,-1,756,752,754,-1,756,754,757,-1,757,754,758,-1,759,760,756,-1,756,760,761,-1,756,761,762,-1,762,763,756,-1,756,763,764,-1,756,764,755,-1,765,766,767,-1,768,769,770,-1,770,769,771,-1,770,771,772,-1,772,771,773,-1,774,775,773,-1,773,775,776,-1,773,776,777,-1,778,779,777,-1,777,779,780,-1,777,780,773,-1,773,780,781,-1,782,783,781,-1,781,783,784,-1,781,784,773,-1,773,784,785,-1,786,787,785,-1,785,787,788,-1,785,788,773,-1,773,788,765,-1,773,765,772,-1,772,765,767,-1,773,771,789,-1,789,771,790,-1,774,773,791,-1,791,773,789,-1,771,769,790,-1,790,769,792,-1,793,794,753,-1,753,794,754,-1,795,793,752,-1,752,793,753,-1,796,797,798,-1,796,798,760,-1,760,798,799,-1,760,799,761,-1,761,799,800,-1,761,800,762,-1,762,800,801,-1,762,801,763,-1,763,801,802,-1,763,802,764,-1,764,802,803,-1,764,803,755,-1,755,803,795,-1,755,795,752,-1,798,797,724,-1,798,724,799,-1,724,794,793,-1,793,795,724,-1,724,795,803,-1,724,803,802,-1,802,801,724,-1,724,801,800,-1,724,800,799,-1,804,805,806,-1,806,805,807,-1,806,807,808,-1,809,810,811,-1,811,810,812,-1,811,812,813,-1,804,806,810,-1,810,806,812,-1,814,806,815,-1,815,806,808,-1,814,816,806,-1,806,816,817,-1,806,817,812,-1,812,817,818,-1,818,819,812,-1,812,819,820,-1,812,820,813,-1,810,809,804,-1,804,809,805,-1,811,821,809,-1,809,821,822,-1,823,805,824,-1,824,805,809,-1,824,809,825,-1,825,809,822,-1,823,826,805,-1,805,826,827,-1,805,827,807,-1,828,829,770,-1,770,829,768,-1,830,831,777,-1,777,831,778,-1,832,833,781,-1,781,833,782,-1,834,835,785,-1,785,835,786,-1,836,837,765,-1,765,837,766,-1,696,695,698,-1,702,723,698,-1,698,723,722,-1,698,722,838,-1,707,705,698,-1,698,705,703,-1,698,703,696,-1,838,717,698,-1,698,717,715,-1,698,715,713,-1,713,711,698,-1,698,711,709,-1,698,709,707,-1,724,725,794,-1,794,725,839,-1,794,839,840,-1,841,754,842,-1,842,754,794,-1,842,794,843,-1,843,794,840,-1,841,844,754,-1,754,844,845,-1,754,845,758,-1,757,749,756,-1,756,749,748,-1,756,748,846,-1,846,748,730,-1,735,733,748,-1,748,733,731,-1,748,731,730,-1,727,726,748,-1,748,726,743,-1,748,743,741,-1,741,739,748,-1,748,739,737,-1,748,737,735,-1,847,848,775,-1,775,848,776,-1,848,830,776,-1,776,830,777,-1,849,850,779,-1,779,850,780,-1,850,832,780,-1,780,832,781,-1,851,852,783,-1,783,852,784,-1,852,834,784,-1,784,834,785,-1,853,854,787,-1,787,854,788,-1,836,765,855,-1,855,765,788,-1,855,788,854,-1,775,774,791,-1,792,769,768,-1,829,856,768,-1,768,856,767,-1,768,767,792,-1,792,767,766,-1,792,766,791,-1,857,853,787,-1,857,787,837,-1,786,835,851,-1,783,782,791,-1,851,783,786,-1,786,783,791,-1,786,791,787,-1,787,791,766,-1,787,766,837,-1,778,831,847,-1,847,775,778,-1,778,775,791,-1,778,791,779,-1,779,791,782,-1,779,782,849,-1,849,782,833,-1,856,858,767,-1,767,858,772,-1,858,828,772,-1,772,828,770,-1,859,860,846,-1,846,860,861,-1,862,792,863,-1,863,792,791,-1,863,791,789,-1,864,865,720,-1,720,865,866,-1,790,867,789,-1,789,867,868,-1,789,868,863,-1,863,868,720,-1,863,720,869,-1,869,720,866,-1,869,866,870,-1,790,792,867,-1,867,792,862,-1,867,862,861,-1,861,862,871,-1,861,871,846,-1,872,873,867,-1,867,873,874,-1,867,874,875,-1,875,876,867,-1,867,876,877,-1,867,877,878,-1,879,880,868,-1,868,880,881,-1,868,881,882,-1,883,884,885,-1,885,884,868,-1,885,868,886,-1,886,868,882,-1,878,887,867,-1,867,887,888,-1,867,888,868,-1,868,888,889,-1,868,889,879,-1,872,867,751,-1,890,891,892,-1,892,891,872,-1,892,872,750,-1,750,872,751,-1,720,868,719,-1,719,868,884,-1,719,884,893,-1,893,884,894,-1,893,894,895,-1,896,897,898,-1,898,897,899,-1,900,901,902,-1,897,896,903,-1,903,896,900,-1,903,900,904,-1,904,900,902,-1,898,899,905,-1,905,899,906,-1,906,907,905,-1,905,907,908,-1,905,908,909,-1,905,909,900,-1,900,909,901,-1,910,911,912,-1,913,914,915,-1,915,914,910,-1,915,910,916,-1,916,910,912,-1,911,910,917,-1,917,910,918,-1,914,913,919,-1,919,913,920,-1,919,920,918,-1,918,920,921,-1,921,922,918,-1,918,922,923,-1,918,923,917,-1,924,925,926,-1,927,928,929,-1,929,928,930,-1,928,931,930,-1,930,931,932,-1,930,932,933,-1,932,934,933,-1,933,934,935,-1,933,935,936,-1,935,937,936,-1,936,937,938,-1,936,938,939,-1,940,941,942,-1,942,941,943,-1,942,943,944,-1,944,943,945,-1,944,945,946,-1,946,945,947,-1,946,947,948,-1,948,947,949,-1,948,949,950,-1,950,949,951,-1,950,951,925,-1,952,953,954,-1,954,953,955,-1,954,955,956,-1,956,955,957,-1,956,957,958,-1,958,957,959,-1,958,959,960,-1,960,959,961,-1,960,961,962,-1,962,961,963,-1,962,963,925,-1,953,964,955,-1,955,964,965,-1,955,965,957,-1,957,965,966,-1,957,966,959,-1,959,966,967,-1,959,967,961,-1,961,967,968,-1,961,968,963,-1,963,968,969,-1,963,969,925,-1,941,952,943,-1,943,952,954,-1,943,954,945,-1,945,954,956,-1,945,956,947,-1,947,956,958,-1,947,958,949,-1,949,958,960,-1,949,960,951,-1,951,960,962,-1,951,962,925,-1,970,929,971,-1,971,929,930,-1,971,930,972,-1,972,930,933,-1,972,933,973,-1,973,933,936,-1,973,936,974,-1,974,936,939,-1,974,939,975,-1,975,939,926,-1,975,926,925,-1,938,976,939,-1,939,976,977,-1,939,977,926,-1,926,977,978,-1,926,978,924,-1,964,970,965,-1,965,970,971,-1,965,971,966,-1,966,971,972,-1,966,972,967,-1,967,972,973,-1,967,973,968,-1,968,973,974,-1,968,974,969,-1,969,974,975,-1,969,975,925,-1,912,908,907,-1,906,915,907,-1,907,915,916,-1,907,916,912,-1,908,912,909,-1,909,912,911,-1,909,911,952,-1,911,917,979,-1,979,917,980,-1,941,940,903,-1,903,904,941,-1,941,904,902,-1,941,902,952,-1,952,902,901,-1,952,901,909,-1,921,981,922,-1,922,981,980,-1,922,980,923,-1,923,980,917,-1,911,979,952,-1,952,979,982,-1,952,982,953,-1,953,982,983,-1,953,983,964,-1,964,983,984,-1,964,984,970,-1,970,984,985,-1,970,985,929,-1,929,985,986,-1,929,986,927,-1,981,987,988,-1,989,990,991,-1,992,993,994,-1,995,996,997,-1,998,996,995,-1,994,993,995,-1,999,995,993,-1,999,993,1000,-1,1000,993,992,-1,1000,992,1001,-1,1002,995,999,-1,995,1003,998,-1,998,1003,1004,-1,998,1004,1005,-1,1006,997,1007,-1,1007,997,996,-1,1007,996,1008,-1,1008,996,998,-1,1008,998,1009,-1,1009,998,1005,-1,1009,1005,1010,-1,1002,999,1011,-1,1011,999,1000,-1,1011,1000,1012,-1,1012,1000,1001,-1,1012,1001,1013,-1,1014,1006,1015,-1,1015,1006,1007,-1,1015,1007,1016,-1,1016,1007,1008,-1,1016,1008,1017,-1,1017,1008,1009,-1,1017,1009,991,-1,991,1009,1010,-1,991,1010,989,-1,1018,1014,1019,-1,1019,1014,1015,-1,1019,1015,1020,-1,1020,1015,1016,-1,1020,1016,1021,-1,1021,1016,1017,-1,1021,1017,1022,-1,1022,1017,991,-1,1022,991,1023,-1,1023,991,990,-1,1023,990,1024,-1,987,1018,988,-1,988,1018,1019,-1,988,1019,1025,-1,1025,1019,1020,-1,1025,1020,1026,-1,1026,1020,1021,-1,1026,1021,1027,-1,1027,1021,1022,-1,1027,1022,1028,-1,1028,1022,1023,-1,1028,1023,1029,-1,987,1013,1018,-1,1018,1013,1001,-1,1018,1001,1014,-1,1014,1001,992,-1,1014,992,1006,-1,1006,992,994,-1,1006,994,997,-1,997,994,995,-1,1024,1030,1023,-1,1023,1030,1031,-1,1023,1031,1029,-1,1029,1031,1032,-1,1029,1032,1033,-1,981,988,980,-1,980,988,1025,-1,980,1025,979,-1,979,1025,1026,-1,979,1026,982,-1,982,1026,1027,-1,982,1027,983,-1,983,1027,1028,-1,983,1028,984,-1,984,1028,1029,-1,984,1029,985,-1,985,1029,1033,-1,985,1033,986,-1,1034,1035,1036,-1,1036,1035,1037,-1,1038,1039,1040,-1,1040,1039,1041,-1,1042,1043,995,-1,995,1043,1003,-1,1003,1043,1004,-1,1004,1043,1044,-1,1004,1044,1005,-1,1005,1044,1010,-1,1010,1044,1045,-1,1010,1045,989,-1,989,1045,990,-1,990,1045,1046,-1,990,1046,1024,-1,1024,1046,1030,-1,1030,1046,1047,-1,1030,1047,1031,-1,1031,1047,1032,-1,1032,1047,1048,-1,1032,1048,1033,-1,1033,1048,1049,-1,1033,1049,986,-1,898,1039,896,-1,896,1039,1038,-1,919,1035,914,-1,914,1035,1034,-1,905,1041,898,-1,898,1041,1039,-1,900,1040,905,-1,905,1040,1041,-1,896,1038,900,-1,900,1038,1040,-1,918,1037,919,-1,919,1037,1035,-1,910,1036,918,-1,918,1036,1037,-1,914,1034,910,-1,910,1034,1036,-1,1050,1051,927,-1,927,1051,928,-1,928,1051,931,-1,931,1051,1052,-1,931,1052,932,-1,932,1052,934,-1,934,1052,1053,-1,934,1053,935,-1,935,1053,937,-1,937,1053,1054,-1,937,1054,938,-1,938,1054,976,-1,976,1054,1055,-1,976,1055,977,-1,977,1055,978,-1,978,1055,1056,-1,978,1056,924,-1,924,1056,1057,-1,924,1057,925,-1,986,1049,927,-1,927,1049,1050,-1,1058,1059,1060,-1,1061,1062,1059,-1,1059,1062,1063,-1,1059,1063,1060,-1,1058,1060,1064,-1,1064,1060,1065,-1,1064,1065,1066,-1,1066,1065,1067,-1,1066,1067,1068,-1,1068,1067,1069,-1,1068,1069,1070,-1,1070,1069,1071,-1,1070,1071,1072,-1,1073,1074,1075,-1,1075,1076,1073,-1,1073,1076,1077,-1,1073,1077,1078,-1,1078,1077,1079,-1,1078,1079,1071,-1,1071,1079,1080,-1,1071,1080,1072,-1,1073,1081,1074,-1,1074,1081,1082,-1,1074,1082,1083,-1,1083,1082,1084,-1,1083,1084,1085,-1,1085,1084,1086,-1,1085,1086,1087,-1,1087,1086,1088,-1,1087,1088,1089,-1,1089,1088,1090,-1,1090,1088,1091,-1,1090,1091,1092,-1,1092,1091,1093,-1,1092,1093,1094,-1,1094,1093,1095,-1,1095,1093,1096,-1,1095,1096,1097,-1,1097,1096,1098,-1,1097,1098,1099,-1,1099,1098,1100,-1,1100,1098,1101,-1,1100,1101,1102,-1,1102,1101,1103,-1,1102,1103,1104,-1,1104,1103,1105,-1,1104,1105,1106,-1,1106,1105,1107,-1,1106,1107,1108,-1,1108,1107,1109,-1,1109,1107,1110,-1,1109,1110,1111,-1,1111,1110,1112,-1,1111,1112,1113,-1,1113,1112,1114,-1,1113,1114,1115,-1,1115,1114,1116,-1,1116,1114,1117,-1,1116,1117,1118,-1,1118,1117,1119,-1,1118,1119,1120,-1,1120,1119,1121,-1,1120,1121,1122,-1,1123,1124,1125,-1,1125,1124,1126,-1,1125,1126,1127,-1,1127,1126,1128,-1,1127,1128,1121,-1,1121,1128,1129,-1,1121,1129,1122,-1,1130,1131,1132,-1,1132,1131,1133,-1,1132,1133,1134,-1,1134,1133,1135,-1,1134,1135,1136,-1,1136,1135,1137,-1,1136,1137,1123,-1,1123,1137,1138,-1,1123,1138,1124,-1,1132,1139,1130,-1,1130,1139,1140,-1,1130,1140,1141,-1,1142,1141,1140,-1,1140,1143,1142,-1,1142,1143,1144,-1,1142,1144,1145,-1,1145,1144,1146,-1,1145,1146,1147,-1,1147,1146,1148,-1,1147,1148,1149,-1,1148,1150,1149,-1,1149,1150,1151,-1,1149,1151,1152,-1,1152,1151,1153,-1,1154,1155,1153,-1,1153,1155,1156,-1,1153,1156,1152,-1,1157,1158,1154,-1,1154,1158,1159,-1,1154,1159,1155,-1,1157,1160,1158,-1,1158,1160,1161,-1,1158,1161,1162,-1,1162,1161,1163,-1,1162,1163,1164,-1,1164,1163,1165,-1,1164,1165,1166,-1,1166,1165,1167,-1,1166,1167,1168,-1,1168,1167,1169,-1,1168,1169,1170,-1,1170,1169,1171,-1,1170,1171,1172,-1,1172,1171,1173,-1,1172,1173,1174,-1,1174,1173,1175,-1,1174,1175,1176,-1,1176,1175,1177,-1,1176,1177,1178,-1,1178,1177,1179,-1,1178,1179,1180,-1,1180,1179,1181,-1,1180,1181,1182,-1,1182,1181,1183,-1,1182,1183,1184,-1,1184,1183,1185,-1,1184,1185,1186,-1,1185,1187,1186,-1,1186,1187,1188,-1,1186,1188,1189,-1,1189,1188,1190,-1,1189,1190,1191,-1,1191,1190,1192,-1,1191,1192,1193,-1,1193,1192,1194,-1,1194,1192,1195,-1,1194,1195,1196,-1,1196,1195,1197,-1,1196,1197,1198,-1,1198,1197,1199,-1,1198,1199,1200,-1,1199,1201,1200,-1,1200,1201,1202,-1,1200,1202,1203,-1,1203,1202,1204,-1,1203,1204,1205,-1,1204,1206,1205,-1,1205,1206,1062,-1,1205,1062,1061,-1,1207,1208,1209,-1,1209,1210,1207,-1,1207,1210,1211,-1,1207,1211,1212,-1,1212,1211,1213,-1,1212,1213,1214,-1,1214,1213,1215,-1,1214,1215,1216,-1,1215,1217,1216,-1,1216,1217,1218,-1,1216,1218,1219,-1,1219,1218,1220,-1,1221,1222,1220,-1,1220,1222,1223,-1,1220,1223,1219,-1,1224,1225,1221,-1,1221,1225,1226,-1,1221,1226,1222,-1,1224,1227,1225,-1,1225,1227,1228,-1,1225,1228,1229,-1,1229,1228,1230,-1,1229,1230,1231,-1,1231,1230,1232,-1,1231,1232,1233,-1,1233,1232,1234,-1,1233,1234,1235,-1,1235,1234,1236,-1,1235,1236,1237,-1,1237,1236,1238,-1,1237,1238,1239,-1,1239,1238,1240,-1,1239,1240,1241,-1,1241,1240,1242,-1,1241,1242,1243,-1,1243,1242,1244,-1,1243,1244,1245,-1,1245,1244,1246,-1,1245,1246,1247,-1,1247,1246,1248,-1,1247,1248,1249,-1,1249,1248,1250,-1,1249,1250,1251,-1,1251,1250,1252,-1,1251,1252,1253,-1,1252,1254,1253,-1,1253,1254,1255,-1,1253,1255,1256,-1,1256,1255,1257,-1,1256,1257,1258,-1,1258,1257,1259,-1,1258,1259,1260,-1,1260,1259,1261,-1,1261,1259,1262,-1,1261,1262,1263,-1,1263,1262,1264,-1,1263,1264,1265,-1,1265,1264,1266,-1,1265,1266,1267,-1,1266,1268,1267,-1,1267,1268,1269,-1,1267,1269,1270,-1,1270,1269,1271,-1,1270,1271,1272,-1,1271,1273,1272,-1,1272,1273,1274,-1,1272,1274,1275,-1,1276,1275,1274,-1,1274,1277,1276,-1,1276,1277,1278,-1,1276,1278,1279,-1,1279,1278,1280,-1,1279,1280,1281,-1,1281,1280,1282,-1,1281,1282,1283,-1,1282,1284,1283,-1,1283,1284,1285,-1,1283,1285,1286,-1,1286,1285,1287,-1,1288,1289,1287,-1,1287,1289,1290,-1,1287,1290,1286,-1,1291,1292,1288,-1,1288,1292,1293,-1,1288,1293,1289,-1,1291,1294,1292,-1,1292,1294,1295,-1,1292,1295,1296,-1,1296,1295,1297,-1,1296,1297,1298,-1,1298,1297,1299,-1,1298,1299,1300,-1,1300,1299,1301,-1,1300,1301,1302,-1,1302,1301,1303,-1,1302,1303,1304,-1,1304,1303,1305,-1,1304,1305,1306,-1,1306,1305,1307,-1,1306,1307,1308,-1,1308,1307,1309,-1,1308,1309,1310,-1,1310,1309,1311,-1,1310,1311,1312,-1,1312,1311,1313,-1,1312,1313,1314,-1,1314,1313,1315,-1,1314,1315,1316,-1,1316,1315,1317,-1,1316,1317,1318,-1,1318,1317,1319,-1,1318,1319,1320,-1,1319,1321,1320,-1,1320,1321,1322,-1,1320,1322,1323,-1,1323,1322,1324,-1,1323,1324,1325,-1,1325,1324,1326,-1,1325,1326,1327,-1,1327,1326,1328,-1,1328,1326,1329,-1,1328,1329,1330,-1,1330,1329,1331,-1,1330,1331,1332,-1,1332,1331,1333,-1,1332,1333,1334,-1,1333,1335,1334,-1,1334,1335,1336,-1,1334,1336,1337,-1,1337,1336,1338,-1,1337,1338,1339,-1,1338,1340,1339,-1,1339,1340,1209,-1,1339,1209,1208,-1,1307,1305,1336,-1,1303,1340,1305,-1,1305,1340,1338,-1,1305,1338,1336,-1,1266,1264,1262,-1,1252,1250,1273,-1,1303,1301,1340,-1,1340,1301,1299,-1,1340,1299,1297,-1,1297,1295,1340,-1,1340,1295,1294,-1,1340,1294,1291,-1,1285,1284,1340,-1,1340,1284,1282,-1,1282,1280,1340,-1,1340,1280,1278,-1,1340,1278,1277,-1,1232,1230,1273,-1,1230,1228,1273,-1,1273,1228,1227,-1,1273,1227,1224,-1,1218,1217,1273,-1,1273,1217,1215,-1,1215,1213,1273,-1,1273,1213,1211,-1,1273,1211,1210,-1,1291,1288,1340,-1,1340,1288,1287,-1,1340,1287,1285,-1,1273,1271,1269,-1,1257,1273,1259,-1,1259,1273,1262,-1,1257,1255,1273,-1,1273,1255,1254,-1,1273,1254,1252,-1,1250,1248,1273,-1,1273,1248,1246,-1,1273,1246,1244,-1,1224,1221,1273,-1,1273,1221,1220,-1,1273,1220,1218,-1,1277,1274,1340,-1,1340,1274,1273,-1,1340,1273,1209,-1,1209,1273,1210,-1,1307,1336,1309,-1,1309,1336,1335,-1,1309,1335,1333,-1,1321,1319,1317,-1,1333,1331,1309,-1,1309,1331,1329,-1,1309,1329,1311,-1,1311,1329,1313,-1,1262,1273,1266,-1,1266,1273,1269,-1,1266,1269,1268,-1,1244,1242,1273,-1,1273,1242,1240,-1,1273,1240,1238,-1,1238,1236,1273,-1,1273,1236,1234,-1,1273,1234,1232,-1,1329,1326,1324,-1,1322,1321,1324,-1,1324,1321,1317,-1,1324,1317,1329,-1,1329,1317,1315,-1,1329,1315,1313,-1,1216,1219,1341,-1,1275,1342,1272,-1,1272,1342,1343,-1,1272,1343,1270,-1,1270,1343,1267,-1,1267,1343,1344,-1,1267,1344,1265,-1,1256,1258,1345,-1,1345,1258,1260,-1,1345,1260,1346,-1,1346,1260,1261,-1,1346,1261,1344,-1,1344,1261,1263,-1,1344,1263,1265,-1,1256,1345,1253,-1,1253,1345,1347,-1,1253,1347,1251,-1,1251,1347,1249,-1,1249,1347,1348,-1,1249,1348,1349,-1,1349,1348,1245,-1,1245,1348,1350,-1,1245,1350,1243,-1,1243,1350,1241,-1,1241,1350,1351,-1,1241,1351,1239,-1,1239,1351,1237,-1,1237,1351,1352,-1,1237,1352,1235,-1,1235,1352,1233,-1,1233,1352,1353,-1,1233,1353,1354,-1,1354,1353,1229,-1,1229,1353,1355,-1,1229,1355,1225,-1,1225,1355,1226,-1,1226,1355,1356,-1,1226,1356,1222,-1,1341,1219,1356,-1,1356,1219,1223,-1,1356,1223,1222,-1,1216,1341,1214,-1,1214,1341,1357,-1,1214,1357,1212,-1,1212,1357,1207,-1,1207,1357,1358,-1,1207,1358,1208,-1,1283,1286,1359,-1,1208,1358,1339,-1,1339,1358,1360,-1,1339,1360,1337,-1,1337,1360,1334,-1,1334,1360,1361,-1,1334,1361,1332,-1,1323,1325,1362,-1,1362,1325,1327,-1,1362,1327,1363,-1,1363,1327,1328,-1,1363,1328,1361,-1,1361,1328,1330,-1,1361,1330,1332,-1,1323,1362,1320,-1,1320,1362,1364,-1,1320,1364,1318,-1,1318,1364,1316,-1,1316,1364,1365,-1,1316,1365,1366,-1,1366,1365,1312,-1,1312,1365,1367,-1,1312,1367,1310,-1,1310,1367,1308,-1,1308,1367,1368,-1,1308,1368,1306,-1,1306,1368,1304,-1,1304,1368,1369,-1,1304,1369,1302,-1,1302,1369,1300,-1,1300,1369,1370,-1,1300,1370,1298,-1,1298,1370,1296,-1,1296,1370,1371,-1,1296,1371,1292,-1,1292,1371,1293,-1,1293,1371,1372,-1,1293,1372,1289,-1,1359,1286,1372,-1,1372,1286,1290,-1,1372,1290,1289,-1,1283,1359,1281,-1,1281,1359,1373,-1,1281,1373,1279,-1,1279,1373,1276,-1,1276,1373,1342,-1,1276,1342,1275,-1,1154,1153,1206,-1,1206,1153,1151,-1,1206,1151,1150,-1,1206,1144,1143,-1,1107,1105,1119,-1,1084,1082,1139,-1,1139,1082,1081,-1,1139,1071,1069,-1,1139,1060,1063,-1,1204,1160,1206,-1,1206,1160,1157,-1,1206,1157,1154,-1,1171,1169,1167,-1,1150,1148,1206,-1,1206,1148,1146,-1,1206,1146,1144,-1,1119,1105,1121,-1,1081,1073,1139,-1,1139,1073,1078,-1,1139,1078,1071,-1,1069,1067,1139,-1,1139,1067,1065,-1,1139,1065,1060,-1,1143,1140,1206,-1,1206,1140,1139,-1,1206,1139,1062,-1,1062,1139,1063,-1,1204,1202,1160,-1,1160,1202,1201,-1,1160,1201,1199,-1,1199,1197,1160,-1,1160,1197,1195,-1,1160,1195,1192,-1,1163,1161,1179,-1,1179,1161,1160,-1,1179,1160,1181,-1,1132,1134,1096,-1,1096,1134,1136,-1,1096,1136,1123,-1,1121,1105,1127,-1,1127,1105,1103,-1,1127,1103,1101,-1,1123,1125,1096,-1,1096,1125,1127,-1,1096,1127,1098,-1,1098,1127,1101,-1,1132,1096,1139,-1,1139,1096,1093,-1,1139,1093,1091,-1,1119,1117,1114,-1,1091,1088,1139,-1,1139,1088,1086,-1,1139,1086,1084,-1,1192,1190,1160,-1,1160,1190,1188,-1,1160,1188,1187,-1,1187,1185,1160,-1,1160,1185,1183,-1,1160,1183,1181,-1,1173,1171,1175,-1,1175,1171,1167,-1,1175,1167,1177,-1,1177,1167,1179,-1,1179,1167,1165,-1,1179,1165,1163,-1,1107,1119,1110,-1,1110,1119,1114,-1,1110,1114,1112,-1,1374,1061,1059,-1,1374,1059,1375,-1,1375,1059,1058,-1,1375,1058,1376,-1,1058,1064,1376,-1,1376,1064,1066,-1,1376,1066,1377,-1,1066,1068,1377,-1,1377,1068,1070,-1,1377,1070,1378,-1,1378,1070,1072,-1,1378,1072,1379,-1,1379,1072,1080,-1,1379,1080,1380,-1,1080,1079,1380,-1,1380,1079,1077,-1,1380,1077,1381,-1,1077,1076,1381,-1,1381,1076,1075,-1,1381,1075,1382,-1,1382,1075,1074,-1,1382,1074,1383,-1,1074,1083,1383,-1,1383,1083,1085,-1,1383,1085,1384,-1,1384,1085,1087,-1,1384,1087,1385,-1,1087,1089,1385,-1,1385,1089,1090,-1,1385,1090,1386,-1,1386,1090,1387,-1,1386,1387,1388,-1,1387,1094,1388,-1,1388,1094,1095,-1,1388,1095,1389,-1,1389,1095,1097,-1,1389,1097,1390,-1,1097,1099,1390,-1,1390,1099,1100,-1,1390,1100,1391,-1,1100,1392,1391,-1,1391,1392,1104,-1,1391,1104,1393,-1,1393,1104,1106,-1,1393,1106,1394,-1,1106,1395,1394,-1,1394,1395,1109,-1,1394,1109,1396,-1,1396,1109,1111,-1,1396,1111,1397,-1,1111,1113,1397,-1,1397,1113,1115,-1,1397,1115,1398,-1,1398,1115,1116,-1,1398,1116,1399,-1,1399,1116,1118,-1,1399,1118,1400,-1,1400,1118,1120,-1,1120,1122,1400,-1,1400,1122,1129,-1,1400,1129,1401,-1,1401,1129,1128,-1,1401,1128,1402,-1,1402,1128,1126,-1,1402,1126,1403,-1,1126,1124,1403,-1,1403,1124,1138,-1,1403,1138,1404,-1,1138,1137,1404,-1,1404,1137,1135,-1,1404,1135,1405,-1,1405,1135,1133,-1,1405,1133,1406,-1,1141,1407,1130,-1,1130,1407,1406,-1,1130,1406,1131,-1,1131,1406,1133,-1,1149,1152,1408,-1,1061,1374,1205,-1,1205,1374,1409,-1,1205,1409,1203,-1,1203,1409,1200,-1,1200,1409,1410,-1,1200,1410,1198,-1,1189,1191,1411,-1,1411,1191,1193,-1,1411,1193,1412,-1,1412,1193,1194,-1,1412,1194,1410,-1,1410,1194,1196,-1,1410,1196,1198,-1,1189,1411,1186,-1,1186,1411,1413,-1,1186,1413,1184,-1,1184,1413,1182,-1,1182,1413,1414,-1,1182,1414,1415,-1,1415,1414,1178,-1,1178,1414,1416,-1,1178,1416,1176,-1,1176,1416,1174,-1,1174,1416,1417,-1,1174,1417,1172,-1,1172,1417,1170,-1,1170,1417,1418,-1,1170,1418,1168,-1,1168,1418,1166,-1,1166,1418,1419,-1,1166,1419,1420,-1,1420,1419,1162,-1,1162,1419,1421,-1,1162,1421,1158,-1,1158,1421,1159,-1,1159,1421,1422,-1,1159,1422,1155,-1,1408,1152,1422,-1,1422,1152,1156,-1,1422,1156,1155,-1,1149,1408,1147,-1,1147,1408,1423,-1,1147,1423,1145,-1,1145,1423,1142,-1,1142,1423,1407,-1,1142,1407,1141,-1,1424,1425,1426,-1,1426,1425,1427,-1,1428,1429,1430,-1,1430,1429,1431,-1,1432,1433,1434,-1,1434,1433,1435,-1,1436,1437,1438,-1,1438,1437,1439,-1,1440,1441,1442,-1,1442,1441,1443,-1,1444,1445,1446,-1,1446,1445,1447,-1,1445,1448,1447,-1,1447,1448,1449,-1,1448,1450,1449,-1,1449,1450,1451,-1,1452,1453,1454,-1,1454,1453,1455,-1,1453,1456,1455,-1,1455,1456,1457,-1,1456,1458,1457,-1,1457,1458,1459,-1,1460,589,1461,-1,1461,589,587,-1,1462,1463,1464,-1,1464,1463,1465,-1,1464,1465,1466,-1,1467,1463,1468,-1,1468,1463,1462,-1,1469,1470,1471,-1,1471,1470,1467,-1,1471,1467,1468,-1,1465,1470,1466,-1,1466,1470,1469,-1,1472,1473,1474,-1,1474,1473,1475,-1,1476,1477,1478,-1,1478,1477,1472,-1,1478,1472,1474,-1,1479,1477,1480,-1,1480,1477,1476,-1,1479,1480,1473,-1,1473,1480,1481,-1,1473,1481,1475,-1,1482,1483,826,-1,1484,1485,824,-1,1461,1486,1487,-1,1488,1489,1490,-1,1490,1489,1491,-1,890,892,1492,-1,1492,892,1493,-1,719,893,1494,-1,1494,893,895,-1,1494,895,1495,-1,1496,1497,1498,-1,1498,1497,1499,-1,1498,1499,1495,-1,723,702,725,-1,725,702,701,-1,725,701,1500,-1,1501,845,1502,-1,1502,845,844,-1,1502,844,1503,-1,1503,844,841,-1,1503,841,1504,-1,1504,841,842,-1,1504,842,1505,-1,1505,842,843,-1,1505,843,1506,-1,1506,843,840,-1,1506,840,1500,-1,1500,840,839,-1,1500,839,725,-1,749,757,747,-1,747,757,758,-1,750,745,746,-1,1507,856,829,-1,858,1493,828,-1,828,1493,892,-1,828,892,829,-1,829,892,750,-1,829,750,1507,-1,1507,750,746,-1,1508,821,811,-1,821,1508,822,-1,822,1508,1509,-1,822,1509,825,-1,824,1485,823,-1,1501,815,808,-1,826,1483,827,-1,827,1483,1507,-1,827,1507,807,-1,807,1507,746,-1,807,746,808,-1,808,746,747,-1,808,747,1501,-1,1501,747,758,-1,1501,758,845,-1,815,1501,814,-1,814,1501,1502,-1,814,1502,816,-1,816,1502,1503,-1,816,1503,817,-1,817,1503,1504,-1,817,1504,818,-1,818,1504,1505,-1,818,1505,819,-1,819,1505,1506,-1,819,1506,820,-1,820,1506,1500,-1,820,1500,813,-1,813,1500,701,-1,813,701,811,-1,811,701,700,-1,811,700,1508,-1,1499,1466,1469,-1,1495,1499,1494,-1,1494,1499,1469,-1,1494,1469,1510,-1,1466,1499,1464,-1,1464,1499,1511,-1,1464,1511,1462,-1,1462,1511,1512,-1,1462,1512,1468,-1,1513,1475,1493,-1,1493,1475,1481,-1,1493,1481,1492,-1,1492,1481,1480,-1,1492,1480,1491,-1,1491,1480,1476,-1,1491,1476,1490,-1,1474,1514,1478,-1,1478,1514,1515,-1,1478,1515,1476,-1,1476,1515,1516,-1,1476,1516,1490,-1,1507,837,836,-1,837,1507,857,-1,857,1507,1483,-1,857,1483,853,-1,853,1483,1482,-1,853,1482,854,-1,854,1482,1517,-1,854,1517,855,-1,855,1517,1513,-1,855,1513,836,-1,836,1513,1493,-1,836,1493,1507,-1,1507,1493,858,-1,1507,858,856,-1,1474,1475,1514,-1,1514,1475,1513,-1,1514,1513,1487,-1,1487,1513,1517,-1,1487,1517,1461,-1,1461,1517,1460,-1,834,852,1518,-1,852,851,1485,-1,1485,851,1482,-1,1485,1482,823,-1,823,1482,826,-1,851,835,1482,-1,1482,835,834,-1,1482,834,1517,-1,1517,834,1518,-1,1517,1518,1460,-1,1519,1460,1520,-1,1520,1460,1518,-1,1520,1518,1512,-1,1512,1518,1521,-1,1512,1521,1468,-1,1468,1521,1471,-1,852,1485,1518,-1,1518,1485,832,-1,1518,832,1521,-1,1521,832,850,-1,1521,850,1484,-1,1484,850,849,-1,1484,849,1485,-1,1485,849,833,-1,1485,833,832,-1,848,847,1509,-1,1509,847,1484,-1,1509,1484,825,-1,825,1484,824,-1,847,831,1484,-1,1484,831,830,-1,1484,830,1521,-1,1521,830,1510,-1,1521,1510,1471,-1,1471,1510,1469,-1,830,848,1510,-1,1510,848,1509,-1,1510,1509,1494,-1,1494,1509,1508,-1,1494,1508,719,-1,719,1508,700,-1,719,700,699,-1,1495,895,1432,-1,1432,895,894,-1,1432,894,1433,-1,1434,1498,1432,-1,1432,1498,1495,-1,1435,1425,1434,-1,1434,1425,1424,-1,1434,1424,1498,-1,1498,1424,1496,-1,1426,1497,1424,-1,1424,1497,1496,-1,1459,1515,1514,-1,1427,1444,1446,-1,1459,1514,1454,-1,1459,1458,1515,-1,1515,1458,1437,-1,1515,1437,1516,-1,1516,1437,1436,-1,1497,1426,1499,-1,1499,1426,1427,-1,1499,1427,1511,-1,1511,1427,1446,-1,1451,1520,1446,-1,1446,1520,1512,-1,1446,1512,1511,-1,1514,1487,1454,-1,1454,1487,1486,-1,1454,1486,1452,-1,1452,1486,1522,-1,1452,1522,1450,-1,1450,1522,1523,-1,1450,1523,1451,-1,1451,1523,1519,-1,1451,1519,1520,-1,1438,1490,1436,-1,1436,1490,1516,-1,1439,1429,1438,-1,1438,1429,1428,-1,1438,1428,1490,-1,1490,1428,1488,-1,1430,1489,1428,-1,1428,1489,1488,-1,1491,1489,1440,-1,1440,1489,1430,-1,1440,1430,1441,-1,1441,1430,1431,-1,1442,1492,1440,-1,1440,1492,1491,-1,890,1492,891,-1,891,1492,1442,-1,891,1442,1443,-1,589,631,587,-1,587,631,630,-1,1524,630,1525,-1,1525,630,631,-1,1526,1527,1528,-1,1528,1527,1529,-1,1530,1526,1531,-1,1531,1526,1528,-1,1532,1530,1533,-1,1533,1530,1531,-1,1527,1532,1529,-1,1529,1532,1533,-1,1534,1535,1536,-1,1536,1535,1537,-1,1538,1534,1539,-1,1539,1534,1536,-1,1540,1538,1541,-1,1541,1538,1539,-1,1535,1540,1537,-1,1537,1540,1541,-1,1542,1543,1544,-1,1544,1543,1545,-1,1546,1542,1547,-1,1547,1542,1544,-1,1548,1546,1549,-1,1549,1546,1547,-1,1543,1548,1545,-1,1545,1548,1549,-1,1550,1551,1552,-1,1552,1551,1553,-1,1554,1550,1555,-1,1555,1550,1552,-1,1556,1554,1557,-1,1557,1554,1555,-1,1551,1556,1553,-1,1553,1556,1557,-1,1558,1559,1560,-1,1560,1559,1561,-1,1559,1525,631,-1,589,1460,1519,-1,1523,1561,1519,-1,1519,1561,1559,-1,1519,1559,589,-1,589,1559,631,-1,587,630,1562,-1,1562,630,1524,-1,1461,587,1486,-1,1486,587,1562,-1,1486,1562,1522,-1,1522,1562,1563,-1,1562,1564,1563,-1,1563,1564,1565,-1,1564,1566,1565,-1,1565,1566,1567,-1,1566,1568,1567,-1,1567,1568,1569,-1,1568,1570,1569,-1,1569,1570,1571,-1,1570,1572,1571,-1,1571,1572,1573,-1,1572,1574,1573,-1,1573,1574,1575,-1,1574,1576,1575,-1,1575,1576,1577,-1,1576,1558,1577,-1,1577,1558,1560,-1,1530,1532,1564,-1,1568,1566,1570,-1,1570,1566,1564,-1,1576,1574,1558,-1,1558,1574,1572,-1,1548,1543,1525,-1,1525,1543,1542,-1,1558,1538,1540,-1,1564,1532,1570,-1,1570,1532,1527,-1,1570,1527,1526,-1,1538,1558,1534,-1,1534,1558,1572,-1,1534,1572,1535,-1,1564,1562,1530,-1,1530,1562,1551,-1,1530,1551,1526,-1,1526,1551,1550,-1,1526,1550,1570,-1,1570,1550,1554,-1,1525,1570,1524,-1,1524,1570,1554,-1,1524,1554,1562,-1,1562,1554,1556,-1,1562,1556,1551,-1,1525,1559,1548,-1,1548,1559,1558,-1,1548,1558,1546,-1,1546,1558,1540,-1,1546,1540,1542,-1,1542,1540,1535,-1,1542,1535,1525,-1,1525,1535,1572,-1,1525,1572,1570,-1,1451,1446,1449,-1,1449,1446,1447,-1,1567,1569,1565,-1,1565,1569,1571,-1,1528,1529,1571,-1,1531,1563,1565,-1,1571,1529,1565,-1,1565,1529,1533,-1,1565,1533,1531,-1,1573,1575,1577,-1,1571,1573,1528,-1,1528,1573,1552,-1,1528,1552,1531,-1,1531,1552,1553,-1,1531,1553,1563,-1,1544,1545,1573,-1,1573,1545,1555,-1,1573,1555,1552,-1,1547,1537,1541,-1,1523,1522,1561,-1,1561,1522,1563,-1,1553,1557,1563,-1,1563,1557,1555,-1,1563,1555,1561,-1,1561,1555,1545,-1,1561,1545,1549,-1,1547,1544,1537,-1,1537,1544,1573,-1,1537,1573,1536,-1,1536,1573,1577,-1,1536,1577,1539,-1,1539,1577,1560,-1,1539,1560,1541,-1,1541,1560,1561,-1,1541,1561,1547,-1,1547,1561,1549,-1,1459,1454,1457,-1,1457,1454,1455,-1,889,940,942,-1,889,942,879,-1,879,942,944,-1,879,944,880,-1,880,944,946,-1,880,946,881,-1,881,946,948,-1,881,948,882,-1,882,948,950,-1,882,950,886,-1,886,950,925,-1,886,925,885,-1,981,888,887,-1,981,887,987,-1,987,887,878,-1,987,878,1013,-1,1013,878,877,-1,1013,877,1012,-1,1012,877,876,-1,1012,876,1011,-1,1011,876,875,-1,1011,875,1002,-1,1002,875,874,-1,1002,874,995,-1,888,981,921,-1,921,920,888,-1,888,920,913,-1,888,913,889,-1,903,940,897,-1,897,940,889,-1,897,889,899,-1,899,889,913,-1,899,913,906,-1,906,913,915,-1,873,1042,874,-1,874,1042,995,-1,885,925,883,-1,883,925,1057,-1,872,891,873,-1,873,891,1443,-1,1431,1429,1441,-1,1441,1429,1439,-1,894,884,1433,-1,1433,884,883,-1,1465,1435,1470,-1,1470,1435,1433,-1,1425,1435,1427,-1,1427,1435,1465,-1,1427,1465,1444,-1,1444,1465,1463,-1,1444,1463,1445,-1,1445,1463,1467,-1,1479,1361,1360,-1,1452,1450,1453,-1,1453,1450,1448,-1,1406,1407,1433,-1,1042,1342,1473,-1,1473,1342,1373,-1,1473,1373,1359,-1,1473,1370,1369,-1,1046,1045,1473,-1,1056,1467,1057,-1,1057,1467,883,-1,1048,1047,1456,-1,1045,1044,1473,-1,1473,1044,1043,-1,1473,1043,1042,-1,1410,1409,1467,-1,1467,1409,1374,-1,1467,1374,883,-1,1364,1362,1479,-1,1479,1362,1363,-1,1479,1363,1361,-1,1359,1372,1473,-1,1473,1372,1371,-1,1473,1371,1370,-1,1369,1368,1473,-1,1473,1368,1367,-1,1473,1367,1479,-1,1479,1367,1365,-1,1479,1365,1364,-1,1383,1384,883,-1,1433,1407,1470,-1,1470,1407,1423,-1,1470,1423,1408,-1,1470,1419,1418,-1,1357,1341,1443,-1,1443,1341,1356,-1,1443,1356,1355,-1,1350,1348,873,-1,873,1348,1347,-1,873,1344,1042,-1,1042,1344,1343,-1,1042,1343,1342,-1,1048,1456,1049,-1,1047,1046,1456,-1,1456,1046,1473,-1,1456,1473,1458,-1,1458,1473,1472,-1,1458,1472,1437,-1,1437,1472,1477,-1,1437,1477,1439,-1,1439,1477,1479,-1,1439,1479,1441,-1,1441,1479,1360,-1,1441,1360,1443,-1,1443,1360,1358,-1,1443,1358,1357,-1,1056,1055,1467,-1,1467,1055,1054,-1,1467,1054,1445,-1,1445,1054,1053,-1,1445,1053,1052,-1,1355,1353,1443,-1,1443,1353,1352,-1,1443,1352,873,-1,873,1352,1351,-1,873,1351,1350,-1,1052,1051,1445,-1,1445,1051,1050,-1,1445,1050,1448,-1,1448,1050,1049,-1,1448,1049,1453,-1,1453,1049,1456,-1,1413,1411,1467,-1,1467,1411,1412,-1,1467,1412,1410,-1,1374,1375,883,-1,883,1375,1376,-1,883,1376,1377,-1,1402,1403,1433,-1,1408,1422,1470,-1,1470,1422,1421,-1,1470,1421,1419,-1,1418,1417,1470,-1,1470,1417,1416,-1,1470,1416,1467,-1,1467,1416,1414,-1,1467,1414,1413,-1,1347,1345,873,-1,873,1345,1346,-1,873,1346,1344,-1,1403,1404,1433,-1,1433,1404,1405,-1,1433,1405,1406,-1,1377,1378,883,-1,883,1378,1379,-1,883,1379,1380,-1,1380,1381,883,-1,883,1381,1382,-1,883,1382,1383,-1,1384,1385,883,-1,883,1385,1386,-1,883,1386,1388,-1,1388,1389,883,-1,883,1389,1390,-1,883,1390,1391,-1,1396,1433,1394,-1,1394,1433,883,-1,1394,883,1393,-1,1393,883,1391,-1,1396,1397,1433,-1,1433,1397,1398,-1,1433,1398,1399,-1,1399,1400,1433,-1,1433,1400,1401,-1,1433,1401,1402,-1,
        ]
    }
}
Shape{
    appearance Appearance {
        material  Material 	{
            diffuseColor 0.9686274509803922 0.8784313725490196 0.6
            specularColor 0.6784313725490196 0.615686274509804 0.4196078431372549
            ambientIntensity 0.8737
            transparency 0.0
            shininess 0.5
        }
    }
    geometry IndexedFaceSet {
        ccw TRUE
        solid FALSE
        coord DEF co Coordinate {
            point [
                0.6791 0.6496 0.0157, 0.6004 0.6496 0.0157, 0.6791 0.6496 0.0315, 0.6004 0.6496 0.0315, 0.6004 0.6339 0.0, 0.6791 0.6339 0.0, 0.6791 0.6339 0.0472, 0.6004 0.6339 0.0472, 0.6791 0.464 0.0472, 0.6791 0.464 0.0, 0.6004 0.464 0.0, 0.6004 0.464 0.0472, 0.6791 0.2278 0.0, 0.6004 0.2278 0.0, 0.6791 0.2278 0.0472, 0.6004 0.2278 0.0472, 0.6791 0.2209 -0.0008, 0.6791 0.2105 0.0453, 0.6791 0.2143 -0.003, 0.6791 0.1941 0.0397, 0.6791 0.2084 -0.0067, 0.6791 0.1793 0.0305, 0.6791 0.2034 -0.0116, 0.6791 0.1669 0.0184, 0.6791 0.1997 -0.0174, 0.6791 0.1574 0.0038, 0.6791 0.1572 -0.1022, 0.6791 0.115 -0.081, 0.6791 0.1477 -0.1168, 0.6791 0.1112 -0.0869, 0.6791 0.1353 -0.1289, 0.6791 0.1062 -0.0917, 0.6791 0.1205 -0.1381, 0.6791 0.1003 -0.0954, 0.6791 0.1041 -0.1437, 0.6791 0.0937 -0.0977, 0.6791 0.0868 -0.1457, 0.6791 0.0868 -0.0984, 0.6004 0.0868 -0.1457, 0.6004 0.0868 -0.0984, 0.6004 0.1041 -0.1437, 0.6004 0.0937 -0.0977, 0.6004 0.1205 -0.1381, 0.6004 0.1003 -0.0954, 0.6004 0.1353 -0.1289, 0.6004 0.1062 -0.0917, 0.6004 0.1477 -0.1168, 0.6004 0.1112 -0.0869, 0.6004 0.1572 -0.1022, 0.6004 0.115 -0.081, 0.6004 0.1997 -0.0174, 0.6004 0.1574 0.0038, 0.6004 0.2034 -0.0116, 0.6004 0.1669 0.0184, 0.6004 0.2084 -0.0067, 0.6004 0.1793 0.0305, 0.6004 0.2143 -0.003, 0.6004 0.1941 0.0397, 0.6004 0.2209 -0.0008, 0.6004 0.2105 0.0453, 0.6791 0.0174 -0.1457, 0.6791 0.0174 -0.0984, 0.6004 0.0121 -0.0984, 0.6004 0.0121 -0.1457, 0.6013 0.0019 -0.1457, 0.604 -0.0081 -0.1457, 0.7263 -0.5649 -0.1457, 0.7067 -0.5988 -0.1457, 0.7263 -0.0644 -0.1457, 0.6437 -0.0945 -0.1457, 0.6417 -0.0793 -0.1457, 0.6358 -0.065 -0.1457, 0.6083 -0.0174 -0.1457, 0.7334 -0.5456 -0.1457, 0.7307 -0.5555 -0.1457, 0.7067 -0.8185 -0.1457, 0.7263 -0.8524 -0.1457, 0.7307 -0.8618 -0.1457, 0.7334 -0.0837 -0.1457, 0.7343 -0.0939 -0.1457, 0.7307 -0.0737 -0.1457, 0.7024 -0.6082 -0.1457, 0.6997 -0.6181 -0.1457, 0.6988 -0.6284 -0.1457, 0.6988 -0.7889 -0.1457, 0.6437 -1.5275 -0.1457, 0.6997 -0.7992 -0.1457, 0.7024 -0.8091 -0.1457, 0.7334 -0.8717 -0.1457, 0.7343 -0.8819 -0.1457, 0.7343 -1.5275 -0.1457, 0.7343 -0.5353 -0.1457, 0.6013 0.0019 -0.0984, 0.7067 -0.8185 -0.0984, 0.7024 -0.8091 -0.0984, 0.6437 -1.5551 -0.0984, 0.6997 -0.6181 -0.0984, 0.7024 -0.6082 -0.0984, 0.6437 -0.0945 -0.0984, 0.604 -0.0081 -0.0984, 0.6083 -0.0174 -0.0984, 0.7263 -0.0644 -0.0984, 0.7263 -0.8524 -0.0984, 0.7343 -1.5551 -0.0984, 0.7343 -0.8819 -0.0984, 0.7334 -0.8717 -0.0984, 0.7307 -0.8618 -0.0984, 0.6997 -0.7992 -0.0984, 0.6988 -0.7889 -0.0984, 0.6988 -0.6284 -0.0984, 0.6358 -0.065 -0.0984, 0.6417 -0.0793 -0.0984, 0.7307 -0.0737 -0.0984, 0.7334 -0.0837 -0.0984, 0.7343 -0.0939 -0.0984, 0.7067 -0.5988 -0.0984, 0.7263 -0.5649 -0.0984, 0.7307 -0.5555 -0.0984, 0.7334 -0.5456 -0.0984, 0.7343 -0.5353 -0.0984, 0.6437 -1.5551 -0.1181, 0.7343 -1.5551 -0.1181, 0.876 0.6496 0.0157, 0.7972 0.6496 0.0157, 0.876 0.6496 0.0315, 0.7972 0.6496 0.0315, 0.7972 0.6339 0.0, 0.876 0.6339 0.0, 0.876 0.6339 0.0472, 0.7972 0.6339 0.0472, 0.876 0.464 0.0472, 0.876 0.464 0.0, 0.7972 0.464 0.0, 0.7972 0.464 0.0472, 0.876 0.2278 0.0, 0.7972 0.2278 0.0, 0.876 0.2278 0.0472, 0.7972 0.2278 0.0472, 0.876 0.2209 -0.0008, 0.876 0.2105 0.0453, 0.876 0.2143 -0.003, 0.876 0.1941 0.0397, 0.876 0.2084 -0.0067, 0.876 0.1793 0.0305, 0.876 0.2034 -0.0116, 0.876 0.1669 0.0184, 0.876 0.1997 -0.0174, 0.876 0.1574 0.0038, 0.876 0.1572 -0.1022, 0.876 0.115 -0.081, 0.876 0.1477 -0.1168, 0.876 0.1112 -0.0869, 0.876 0.1353 -0.1289, 0.876 0.1062 -0.0917, 0.876 0.1205 -0.1381, 0.876 0.1003 -0.0954, 0.876 0.1041 -0.1437, 0.876 0.0937 -0.0977, 0.876 0.0868 -0.1457, 0.876 0.0868 -0.0984, 0.7972 0.0868 -0.1457, 0.7972 0.0868 -0.0984, 0.7972 0.1041 -0.1437, 0.7972 0.0937 -0.0977, 0.7972 0.1205 -0.1381, 0.7972 0.1003 -0.0954, 0.7972 0.1353 -0.1289, 0.7972 0.1062 -0.0917, 0.7972 0.1477 -0.1168, 0.7972 0.1112 -0.0869, 0.7972 0.1572 -0.1022, 0.7972 0.115 -0.081, 0.7972 0.1997 -0.0174, 0.7972 0.1574 0.0038, 0.7972 0.2034 -0.0116, 0.7972 0.1669 0.0184, 0.7972 0.2084 -0.0067, 0.7972 0.1793 0.0305, 0.7972 0.2143 -0.003, 0.7972 0.1941 0.0397, 0.7972 0.2209 -0.0008, 0.7972 0.2105 0.0453, 0.876 0.0174 -0.1457, 0.876 0.0174 -0.0984, 0.7972 0.0121 -0.0984, 0.7972 0.0121 -0.1457, 0.8681 -0.8185 -0.1457, 0.8724 -0.8091 -0.1457, 0.9311 -1.5275 -0.1457, 0.8751 -0.6181 -0.1457, 0.8724 -0.6082 -0.1457, 0.9311 -0.0939 -0.1457, 0.8485 -0.8524 -0.1457, 0.8052 -0.0174 -0.1457, 0.8008 -0.0081 -0.1457, 0.7981 0.0019 -0.1457, 0.8406 -1.5275 -0.1457, 0.8406 -0.8819 -0.1457, 0.8414 -0.8717 -0.1457, 0.8441 -0.8618 -0.1457, 0.8751 -0.7992 -0.1457, 0.876 -0.7889 -0.1457, 0.876 -0.6284 -0.1457, 0.8681 -0.5988 -0.1457, 0.8485 -0.5649 -0.1457, 0.8441 -0.5555 -0.1457, 0.8326 -0.065 -0.1457, 0.9232 -0.0644 -0.1457, 0.8385 -0.0793 -0.1457, 0.9275 -0.0737 -0.1457, 0.8406 -0.0945 -0.1457, 0.9302 -0.0837 -0.1457, 0.8414 -0.5456 -0.1457, 0.8406 -0.5353 -0.1457, 0.8406 -0.8819 -0.0984, 0.8406 -1.5551 -0.0984, 0.9311 -1.5551 -0.0984, 0.7981 0.0019 -0.0984, 0.8751 -0.7992 -0.0984, 0.8724 -0.8091 -0.0984, 0.8008 -0.0081 -0.0984, 0.8052 -0.0174 -0.0984, 0.9232 -0.0644 -0.0984, 0.8681 -0.5988 -0.0984, 0.8724 -0.6082 -0.0984, 0.9311 -0.0939 -0.0984, 0.8681 -0.8185 -0.0984, 0.8485 -0.8524 -0.0984, 0.8441 -0.8618 -0.0984, 0.8414 -0.8717 -0.0984, 0.8326 -0.065 -0.0984, 0.8385 -0.0793 -0.0984, 0.9275 -0.0737 -0.0984, 0.8406 -0.0945 -0.0984, 0.9302 -0.0837 -0.0984, 0.8751 -0.6181 -0.0984, 0.876 -0.6284 -0.0984, 0.876 -0.7889 -0.0984, 0.8406 -0.5353 -0.0984, 0.8414 -0.5456 -0.0984, 0.8441 -0.5555 -0.0984, 0.8485 -0.5649 -0.0984, 0.8406 -1.5551 -0.1181, 0.9311 -1.5551 -0.1181, -0.502 0.6496 0.0157, -0.5807 0.6496 0.0157, -0.502 0.6496 0.0315, -0.5807 0.6496 0.0315, -0.5807 0.6339 0.0, -0.502 0.6339 0.0, -0.502 0.6339 0.0472, -0.5807 0.6339 0.0472, -0.502 0.464 0.0472, -0.502 0.464 0.0, -0.5807 0.464 0.0, -0.5807 0.464 0.0472, -0.5807 0.2278 0.0, -0.502 0.2278 0.0, -0.502 0.2278 0.0472, -0.5807 0.2278 0.0472, -0.502 0.2209 -0.0008, -0.502 0.2105 0.0453, -0.502 0.2143 -0.003, -0.502 0.1941 0.0397, -0.502 0.2084 -0.0067, -0.502 0.1793 0.0305, -0.502 0.2034 -0.0116, -0.502 0.1669 0.0184, -0.502 0.1997 -0.0174, -0.502 0.1574 0.0038, -0.502 0.1572 -0.1022, -0.502 0.115 -0.081, -0.502 0.1477 -0.1168, -0.502 0.1112 -0.0869, -0.502 0.1353 -0.1289, -0.502 0.1062 -0.0917, -0.502 0.1205 -0.1381, -0.502 0.1003 -0.0954, -0.502 0.1041 -0.1437, -0.502 0.0937 -0.0977, -0.502 0.0868 -0.1457, -0.502 0.0868 -0.0984, -0.5807 0.0868 -0.1457, -0.5807 0.0868 -0.0984, -0.5807 0.1041 -0.1437, -0.5807 0.0937 -0.0977, -0.5807 0.1205 -0.1381, -0.5807 0.1003 -0.0954, -0.5807 0.1353 -0.1289, -0.5807 0.1062 -0.0917, -0.5807 0.1477 -0.1168, -0.5807 0.1112 -0.0869, -0.5807 0.1572 -0.1022, -0.5807 0.115 -0.081, -0.5807 0.1997 -0.0174, -0.5807 0.1574 0.0038, -0.5807 0.2034 -0.0116, -0.5807 0.1669 0.0184, -0.5807 0.2084 -0.0067, -0.5807 0.1793 0.0305, -0.5807 0.2143 -0.003, -0.5807 0.1941 0.0397, -0.5807 0.2209 -0.0008, -0.5807 0.2105 0.0453, -0.502 0.0093 -0.1457, -0.502 0.0093 -0.0984, -0.5807 -0.0118 -0.0984, -0.5807 -0.0118 -0.1457, -0.5728 -0.0413 -0.1457, -0.5 -0.0059 -0.1457, -0.5591 -0.065 -0.1457, -0.4941 -0.0202 -0.1457, -0.5532 -0.0793 -0.1457, -0.5798 -0.022 -0.1457, -0.5771 -0.032 -0.1457, -0.4429 -1.6063 -0.1457, -0.5413 -1.6063 -0.1457, -0.4429 -0.5957 -0.1457, -0.5413 -0.5957 -0.1457, -0.4424 -0.588 -0.1457, -0.5418 -0.588 -0.1457, -0.4409 -0.5804 -0.1457, -0.5512 -0.0945 -0.1457, -0.441 -0.1121 -0.1457, -0.4366 -0.1214 -0.1457, -0.4351 -0.5587 -0.1457, -0.5434 -0.5804 -0.1457, -0.4336 -0.5511 -0.1457, -0.5492 -0.5587 -0.1457, -0.4331 -0.5434 -0.1457, -0.5507 -0.5511 -0.1457, -0.5512 -0.5434 -0.1457, -0.4331 -0.1416 -0.1457, -0.434 -0.1314 -0.1457, -0.5434 -0.5804 -0.0984, -0.5418 -0.588 -0.0984, -0.4409 -0.5804 -0.0984, -0.5 -0.0059 -0.0984, -0.5798 -0.022 -0.0984, -0.5771 -0.032 -0.0984, -0.5728 -0.0413 -0.0984, -0.4941 -0.0202 -0.0984, -0.5413 -1.6338 -0.0984, -0.4429 -1.6338 -0.0984, -0.5413 -0.5957 -0.0984, -0.4429 -0.5957 -0.0984, -0.4424 -0.588 -0.0984, -0.5512 -0.5434 -0.0984, -0.4331 -0.5434 -0.0984, -0.5512 -0.0945 -0.0984, -0.4331 -0.1416 -0.0984, -0.434 -0.1314 -0.0984, -0.5507 -0.5511 -0.0984, -0.5492 -0.5587 -0.0984, -0.4336 -0.5511 -0.0984, -0.4351 -0.5587 -0.0984, -0.5591 -0.065 -0.0984, -0.5532 -0.0793 -0.0984, -0.441 -0.1121 -0.0984, -0.4366 -0.1214 -0.0984, -0.5413 -1.6338 -0.1181, -0.4429 -1.6338 -0.1181, -0.876 1.1811 0.0315, -0.7972 1.1811 0.0315, -0.876 1.1811 0.0157, -0.7972 1.1811 0.0157, -0.876 1.1654 0.0, -0.7972 1.1654 0.0, -0.7972 1.1654 0.0472, -0.876 1.1654 0.0472, -0.876 0.9843 0.0472, -0.876 0.9843 0.0, -0.7972 0.9843 0.0, -0.7972 0.9843 0.0472, -0.7972 0.9684 0.0016, -0.7972 0.9779 0.0479, -0.7972 0.9531 0.0064, -0.7972 0.9718 0.0498, -0.7972 0.782 0.0801, -0.7972 0.8006 0.1235, -0.7972 0.7759 0.082, -0.7972 0.7854 0.1283, -0.7972 0.7695 0.0827, -0.7972 0.7695 0.1299, -0.876 0.7695 0.0827, -0.876 0.7695 0.1299, -0.876 0.7759 0.082, -0.876 0.7854 0.1283, -0.876 0.782 0.0801, -0.876 0.8006 0.1235, -0.876 0.9531 0.0064, -0.876 0.9718 0.0498, -0.876 0.9684 0.0016, -0.876 0.9779 0.0479, -0.876 0.5724 0.1299, -0.876 0.5724 0.0827, -0.7972 0.5724 0.0827, -0.7972 0.5724 0.1299, -0.8724 -0.8091 0.1299, -0.9311 -1.5315 0.1299, -0.8681 -0.8185 0.1299, -0.8406 -1.5315 0.1299, -0.8406 -0.8819 0.1299, -0.9232 0.0144 0.1299, -0.9275 0.005 0.1299, -0.8397 -0.0056 0.1299, -0.9302 -0.0049 0.1299, -0.8406 -0.0158 0.1299, -0.9311 -0.0152 0.1299, -0.8406 -0.5353 0.1299, -0.8414 -0.8717 0.1299, -0.8441 -0.8618 0.1299, -0.8485 -0.8524 0.1299, -0.8751 -0.7992 0.1299, -0.876 -0.7889 0.1299, -0.876 -0.6284 0.1299, -0.8751 -0.6181 0.1299, -0.8441 -0.5555 0.1299, -0.8414 -0.5456 0.1299, -0.7972 0.1616 0.1299, -0.876 0.2937 0.1299, -0.7972 0.075 0.1299, -0.876 0.0961 0.1299, -0.8326 0.0137 0.1299, -0.837 0.0044 0.1299, -0.8724 -0.6082 0.1299, -0.8681 -0.5988 0.1299, -0.8485 -0.5649 0.1299, -0.8406 -0.8819 0.0827, -0.8406 -1.5551 0.0827, -0.9311 -1.5551 0.0827, -0.8751 -0.7992 0.0827, -0.8724 -0.8091 0.0827, -0.876 0.2937 0.0827, -0.7972 0.1616 0.0827, -0.876 0.0961 0.0827, -0.7972 0.075 0.0827, -0.9232 0.0144 0.0827, -0.8724 -0.6082 0.0827, -0.8751 -0.6181 0.0827, -0.9311 -0.0152 0.0827, -0.876 -0.6284 0.0827, -0.876 -0.7889 0.0827, -0.8681 -0.8185 0.0827, -0.8485 -0.8524 0.0827, -0.8441 -0.8618 0.0827, -0.8414 -0.8717 0.0827, -0.8326 0.0137 0.0827, -0.837 0.0044 0.0827, -0.9275 0.005 0.0827, -0.8397 -0.0056 0.0827, -0.9302 -0.0049 0.0827, -0.8406 -0.0158 0.0827, -0.8681 -0.5988 0.0827, -0.8406 -0.5353 0.0827, -0.8414 -0.5456 0.0827, -0.8441 -0.5555 0.0827, -0.8485 -0.5649 0.0827, -0.8406 -1.5551 0.1063, -0.9311 -1.5551 0.1063, 0.3051 1.1811 0.0157, 0.3051 1.1654 0.0, 0.3051 1.1811 0.0315, 0.3051 0.9843 0.0, 0.3051 1.1654 0.0472, 0.3051 0.9843 0.0472, 0.3839 0.9843 0.0, 0.3839 1.1654 0.0, 0.3839 1.1654 0.0472, 0.3839 0.9843 0.0472, 0.3839 1.1811 0.0315, 0.3839 1.1811 0.0157, 0.3839 0.9684 0.0016, 0.3839 0.9779 0.0479, 0.3839 0.9531 0.0064, 0.3839 0.9718 0.0498, 0.3839 0.782 0.0801, 0.3839 0.8006 0.1235, 0.3839 0.7759 0.082, 0.3839 0.7854 0.1283, 0.3839 0.7695 0.0827, 0.3839 0.7695 0.1299, 0.3051 0.7695 0.0827, 0.3051 0.7695 0.1299, 0.3051 0.7759 0.082, 0.3051 0.7854 0.1283, 0.3051 0.782 0.0801, 0.3051 0.8006 0.1235, 0.3051 0.9531 0.0064, 0.3051 0.9718 0.0498, 0.3051 0.9684 0.0016, 0.3051 0.9779 0.0479, 0.2461 -1.5551 0.0827, 0.3445 -1.5551 0.0827, 0.2461 -1.5551 0.1063, 0.3445 -1.5551 0.1063, 0.2461 -1.5315 0.1299, 0.2461 -0.0288 0.1299, 0.2461 -0.0288 0.0827, 0.247 -0.0186 0.1299, 0.247 -0.0186 0.0827, 0.2496 -0.0086 0.1299, 0.2496 -0.0086 0.0827, 0.254 0.0007 0.1299, 0.254 0.0007 0.0827, 0.2972 0.0756 0.1299, 0.2972 0.0756 0.0827, 0.3051 0.1051 0.1299, 0.3051 0.1051 0.0827, 0.3042 0.0949 0.1299, 0.3042 0.0949 0.0827, 0.3016 0.0849 0.1299, 0.3016 0.0849 0.0827, 0.3839 0.084 0.0827, 0.3839 0.084 0.1299, 0.383 0.0738 0.1299, 0.383 0.0738 0.0827, 0.3803 0.0638 0.1299, 0.3803 0.0638 0.0827, 0.3759 0.0545 0.1299, 0.3759 0.0545 0.0827, 0.3524 0.0137 0.1299, 0.3524 0.0137 0.0827, 0.3445 -0.0158 0.1299, 0.3445 -0.0158 0.0827, 0.3454 -0.0056 0.1299, 0.3454 -0.0056 0.0827, 0.348 0.0044 0.1299, 0.348 0.0044 0.0827, 0.3445 -1.5315 0.1299, -0.9941 1.1811 0.0157, -1.0728 1.1811 0.0157, -0.9941 1.1811 0.0315, -1.0728 1.1811 0.0315, -0.9941 1.1654 0.0472, -1.0728 1.1654 0.0472, -1.0728 1.1654 0.0, -0.9941 1.1654 0.0, -1.0728 0.9843 0.0472, -1.0728 0.9843 0.0, -0.9941 0.9843 0.0472, -0.9941 0.9843 0.0, -0.9941 0.9684 0.0016, -0.9941 0.9779 0.0479, -0.9941 0.9531 0.0064, -0.9941 0.9718 0.0498, -0.9941 0.782 0.0801, -0.9941 0.8006 0.1235, -0.9941 0.7759 0.082, -0.9941 0.7854 0.1283, -0.9941 0.7695 0.0827, -0.9941 0.7695 0.1299, -1.0728 0.7695 0.0827, -1.0728 0.7695 0.1299, -1.0728 0.7759 0.082, -1.0728 0.7854 0.1283, -1.0728 0.782 0.0801, -1.0728 0.8006 0.1235, -1.0728 0.9531 0.0064, -1.0728 0.9718 0.0498, -1.0728 0.9684 0.0016, -1.0728 0.9779 0.0479, -1.0728 0.0881 0.1299, -1.0728 0.0881 0.0827, -0.9941 0.067 0.0827, -0.9941 0.067 0.1299, -1.1319 -0.5879 0.1299, -1.1319 -1.748 0.1299, -1.0335 -1.748 0.1299, -1.002 0.0375 0.1299, -1.0748 0.0728 0.1299, -1.0157 0.0137 0.1299, -1.0807 0.0586 0.1299, -1.0216 -0.0005 0.1299, -0.995 0.0567 0.1299, -0.9977 0.0468 0.1299, -1.0335 -0.5957 0.1299, -1.0315 -0.5804 0.1299, -1.1397 -0.5587 0.1299, -1.0256 -0.5587 0.1299, -1.1417 -0.5434 0.1299, -1.0236 -0.0158 0.1299, -1.1338 -0.0334 0.1299, -1.1382 -0.0427 0.1299, -1.0241 -0.5511 0.1299, -1.0236 -0.5434 0.1299, -1.1417 -0.0629 0.1299, -1.1408 -0.0526 0.1299, -1.0748 0.0728 0.0827, -0.995 0.0567 0.0827, -0.9977 0.0468 0.0827, -1.002 0.0375 0.0827, -1.0807 0.0586 0.0827, -1.0335 -1.7716 0.0827, -1.1319 -1.7716 0.0827, -1.0335 -0.5957 0.0827, -1.1319 -0.5879 0.0827, -1.0315 -0.5804 0.0827, -1.1397 -0.5587 0.0827, -1.0256 -0.5587 0.0827, -1.1417 -0.5434 0.0827, -1.0241 -0.5511 0.0827, -1.0236 -0.5434 0.0827, -1.0236 -0.0158 0.0827, -1.1417 -0.0629 0.0827, -1.1408 -0.0526 0.0827, -1.0157 0.0137 0.0827, -1.0216 -0.0005 0.0827, -1.1338 -0.0334 0.0827, -1.1382 -0.0427 0.0827, -1.1319 -1.7716 0.1063, -1.0335 -1.7716 0.1063, -0.1083 0.6496 0.0157, -0.187 0.6496 0.0157, -0.1083 0.6496 0.0315, -0.187 0.6496 0.0315, -0.187 0.6339 0.0, -0.1083 0.6339 0.0, -0.1083 0.6339 0.0472, -0.187 0.6339 0.0472, -0.1083 0.464 0.0472, -0.1083 0.464 0.0, -0.187 0.464 0.0, -0.187 0.464 0.0472, -0.1083 0.2278 0.0, -0.187 0.2278 0.0, -0.1083 0.2278 0.0472, -0.187 0.2278 0.0472, -0.1083 0.2209 -0.0008, -0.1083 0.2105 0.0453, -0.1083 0.2143 -0.003, -0.1083 0.1941 0.0397, -0.1083 0.2084 -0.0067, -0.1083 0.1793 0.0305, -0.1083 0.2034 -0.0116, -0.1083 0.1669 0.0184, -0.1083 0.1997 -0.0174, -0.1083 0.1574 0.0038, -0.1083 0.1572 -0.1022, -0.1083 0.115 -0.081, -0.1083 0.1477 -0.1168, -0.1083 0.1112 -0.0869, -0.1083 0.1353 -0.1289, -0.1083 0.1062 -0.0917, -0.1083 0.1205 -0.1381, -0.1083 0.1003 -0.0954, -0.1083 0.1041 -0.1437, -0.1083 0.0937 -0.0977, -0.1083 0.0868 -0.1457, -0.1083 0.0868 -0.0984, -0.187 0.0868 -0.1457, -0.187 0.0868 -0.0984, -0.187 0.1041 -0.1437, -0.187 0.0937 -0.0977, -0.187 0.1205 -0.1381, -0.187 0.1003 -0.0954, -0.187 0.1353 -0.1289, -0.187 0.1062 -0.0917, -0.187 0.1477 -0.1168, -0.187 0.1112 -0.0869, -0.187 0.1572 -0.1022, -0.187 0.115 -0.081, -0.187 0.1997 -0.0174, -0.187 0.1574 0.0038, -0.187 0.2034 -0.0116, -0.187 0.1669 0.0184, -0.187 0.2084 -0.0067, -0.187 0.1793 0.0305, -0.187 0.2143 -0.003, -0.187 0.1941 0.0397, -0.187 0.2209 -0.0008, -0.187 0.2105 0.0453, -0.1083 0.0174 -0.1457, -0.1083 0.0174 -0.0984, -0.187 0.0121 -0.0984, -0.187 0.0121 -0.1457, -0.0531 -0.8819 -0.1457, -0.0531 -1.5275 -0.1457, -0.1437 -1.5275 -0.1457, -0.0877 -0.7992 -0.1457, -0.085 -0.8091 -0.1457, -0.0807 -0.5988 -0.1457, -0.085 -0.6082 -0.1457, -0.1437 -0.0945 -0.1457, -0.0611 -0.0644 -0.1457, -0.1446 -0.0843 -0.1457, -0.1473 -0.0743 -0.1457, -0.0807 -0.8185 -0.1457, -0.0611 -0.8524 -0.1457, -0.0567 -0.8618 -0.1457, -0.054 -0.8717 -0.1457, -0.0611 -0.5649 -0.1457, -0.1516 -0.065 -0.1457, -0.1791 -0.0174 -0.1457, -0.185 -0.0032 -0.1457, -0.0531 -0.0939 -0.1457, -0.0531 -0.5353 -0.1457, -0.0877 -0.6181 -0.1457, -0.0886 -0.6284 -0.1457, -0.0886 -0.7889 -0.1457, -0.0552 -0.0786 -0.1457, -0.054 -0.5456 -0.1457, -0.0567 -0.5555 -0.1457, -0.0877 -0.6181 -0.0984, -0.085 -0.6082 -0.0984, -0.1437 -0.0945 -0.0984, -0.1446 -0.0843 -0.0984, -0.085 -0.8091 -0.0984, -0.1437 -1.5551 -0.0984, -0.0807 -0.8185 -0.0984, -0.0531 -1.5551 -0.0984, -0.0531 -0.8819 -0.0984, -0.0877 -0.7992 -0.0984, -0.0886 -0.7889 -0.0984, -0.0886 -0.6284 -0.0984, -0.054 -0.8717 -0.0984, -0.0567 -0.8618 -0.0984, -0.0611 -0.8524 -0.0984, -0.1516 -0.065 -0.0984, -0.0611 -0.0644 -0.0984, -0.1791 -0.0174 -0.0984, -0.185 -0.0032 -0.0984, -0.0807 -0.5988 -0.0984, -0.0611 -0.5649 -0.0984, -0.0567 -0.5555 -0.0984, -0.054 -0.5456 -0.0984, -0.0531 -0.5353 -0.0984, -0.0531 -0.0939 -0.0984, -0.1473 -0.0743 -0.0984, -0.0552 -0.0786 -0.0984, -0.1437 -1.5551 -0.1181, -0.0531 -1.5551 -0.1181, -0.3051 0.6496 0.0157, -0.3839 0.6496 0.0157, -0.3051 0.6496 0.0315, -0.3839 0.6496 0.0315, -0.3839 0.6339 0.0, -0.3051 0.6339 0.0, -0.3051 0.2278 0.0, -0.3839 0.2278 0.0, -0.3051 0.464 0.0, -0.3839 0.464 0.0, -0.3051 0.6339 0.0472, -0.3839 0.6339 0.0472, -0.3051 0.464 0.0472, -0.3839 0.464 0.0472, -0.3839 0.2278 0.0472, -0.3051 0.2278 0.0472, -0.3051 0.2209 -0.0008, -0.3051 0.2105 0.0453, -0.3051 0.2143 -0.003, -0.3051 0.1941 0.0397, -0.3051 0.2084 -0.0067, -0.3051 0.1793 0.0305, -0.3051 0.2034 -0.0116, -0.3051 0.1669 0.0184, -0.3051 0.1997 -0.0174, -0.3051 0.1574 0.0038, -0.3051 0.1572 -0.1022, -0.3051 0.115 -0.081, -0.3051 0.1477 -0.1168, -0.3051 0.1112 -0.0869, -0.3051 0.1353 -0.1289, -0.3051 0.1062 -0.0917, -0.3051 0.1205 -0.1381, -0.3051 0.1003 -0.0954, -0.3051 0.1041 -0.1437, -0.3051 0.0937 -0.0977, -0.3051 0.0868 -0.1457, -0.3051 0.0868 -0.0984, -0.3839 0.0868 -0.1457, -0.3839 0.0868 -0.0984, -0.3839 0.1041 -0.1437, -0.3839 0.0937 -0.0977, -0.3839 0.1205 -0.1381, -0.3839 0.1003 -0.0954, -0.3839 0.1353 -0.1289, -0.3839 0.1062 -0.0917, -0.3839 0.1477 -0.1168, -0.3839 0.1112 -0.0869, -0.3839 0.1572 -0.1022, -0.3839 0.115 -0.081, -0.3839 0.1997 -0.0174, -0.3839 0.1574 0.0038, -0.3839 0.2034 -0.0116, -0.3839 0.1669 0.0184, -0.3839 0.2084 -0.0067, -0.3839 0.1793 0.0305, -0.3839 0.2143 -0.003, -0.3839 0.1941 0.0397, -0.3839 0.2209 -0.0008, -0.3839 0.2105 0.0453, -0.254 -0.078 -0.1457, -0.2496 -0.0873 -0.1457, -0.3445 -0.0945 -0.1457, -0.2461 -1.5275 -0.1457, -0.3445 -1.5275 -0.1457, -0.2461 -0.1075 -0.1457, -0.247 -0.0973 -0.1457, -0.3454 -0.0843 -0.1457, -0.348 -0.0743 -0.1457, -0.2972 -0.0031 -0.1457, -0.3839 0.0053 -0.1457, -0.3051 0.0264 -0.1457, -0.3818 -0.01 -0.1457, -0.3031 0.0111 -0.1457, -0.3759 -0.0242 -0.1457, -0.3524 -0.065 -0.1457, -0.3051 0.0264 -0.0984, -0.3839 0.0053 -0.0984, -0.3031 0.0111 -0.0984, -0.3818 -0.01 -0.0984, -0.2972 -0.0031 -0.0984, -0.3445 -1.5551 -0.0984, -0.2461 -1.5551 -0.0984, -0.3445 -0.0945 -0.0984, -0.2461 -0.1075 -0.0984, -0.254 -0.078 -0.0984, -0.3454 -0.0843 -0.0984, -0.2496 -0.0873 -0.0984, -0.247 -0.0973 -0.0984, -0.3759 -0.0242 -0.0984, -0.3524 -0.065 -0.0984, -0.348 -0.0743 -0.0984, -0.3445 -1.5551 -0.1181, -0.2461 -1.5551 -0.1181, 0.6988 1.1811 0.0315, 0.7776 1.1811 0.0315, 0.6988 1.1811 0.0157, 0.7776 1.1811 0.0157, 0.6988 1.1654 0.0, 0.7776 1.1654 0.0, 0.7776 1.1654 0.0472, 0.6988 1.1654 0.0472, 0.6988 0.9843 0.0472, 0.6988 0.9843 0.0, 0.7776 0.9843 0.0, 0.7776 0.9843 0.0472, 0.7776 0.9684 0.0016, 0.7776 0.9779 0.0479, 0.7776 0.9531 0.0064, 0.7776 0.9718 0.0498, 0.7776 0.782 0.0801, 0.7776 0.8006 0.1235, 0.7776 0.7759 0.082, 0.7776 0.7854 0.1283, 0.7776 0.7695 0.0827, 0.7776 0.7695 0.1299, 0.6988 0.7695 0.0827, 0.6988 0.7695 0.1299, 0.6988 0.7759 0.082, 0.6988 0.7854 0.1283, 0.6988 0.782 0.0801, 0.6988 0.8006 0.1235, 0.6988 0.9531 0.0064, 0.6988 0.9718 0.0498, 0.6988 0.9684 0.0016, 0.6988 0.9779 0.0479, 0.6988 0.5724 0.1299, 0.6988 0.5724 0.0827, 0.7776 0.5724 0.0827, 0.7776 0.5724 0.1299, 0.7024 -0.8091 0.1299, 0.6437 -1.5315 0.1299, 0.7067 -0.8185 0.1299, 0.7343 -1.5315 0.1299, 0.7343 -0.8819 0.1299, 0.6516 0.0144 0.1299, 0.6473 0.005 0.1299, 0.7351 -0.0056 0.1299, 0.6446 -0.0049 0.1299, 0.7343 -0.0158 0.1299, 0.6437 -0.0152 0.1299, 0.7343 -0.5353 0.1299, 0.7334 -0.8717 0.1299, 0.7307 -0.8618 0.1299, 0.7263 -0.8524 0.1299, 0.6997 -0.7992 0.1299, 0.6988 -0.7889 0.1299, 0.6988 -0.6284 0.1299, 0.6997 -0.6181 0.1299, 0.7307 -0.5555 0.1299, 0.7334 -0.5456 0.1299, 0.7776 0.1616 0.1299, 0.6988 0.2937 0.1299, 0.7776 0.075 0.1299, 0.6988 0.0961 0.1299, 0.7422 0.0137 0.1299, 0.7378 0.0044 0.1299, 0.7024 -0.6082 0.1299, 0.7067 -0.5988 0.1299, 0.7263 -0.5649 0.1299, 0.7343 -0.8819 0.0827, 0.7343 -1.5551 0.0827, 0.6437 -1.5551 0.0827, 0.6997 -0.7992 0.0827, 0.7024 -0.8091 0.0827, 0.7067 -0.8185 0.0827, 0.7263 -0.8524 0.0827, 0.7307 -0.8618 0.0827, 0.7334 -0.8717 0.0827, 0.6988 0.2937 0.0827, 0.7776 0.1616 0.0827, 0.6988 0.0961 0.0827, 0.7776 0.075 0.0827, 0.6516 0.0144 0.0827, 0.7024 -0.6082 0.0827, 0.6997 -0.6181 0.0827, 0.6437 -0.0152 0.0827, 0.6988 -0.6284 0.0827, 0.6988 -0.7889 0.0827, 0.7422 0.0137 0.0827, 0.7378 0.0044 0.0827, 0.6473 0.005 0.0827, 0.7351 -0.0056 0.0827, 0.6446 -0.0049 0.0827, 0.7343 -0.0158 0.0827, 0.7067 -0.5988 0.0827, 0.7343 -0.5353 0.0827, 0.7334 -0.5456 0.0827, 0.7307 -0.5555 0.0827, 0.7263 -0.5649 0.0827, 0.7343 -1.5551 0.1063, 0.6437 -1.5551 0.1063
            ]
        }
        coordIndex [
            0,1,2,-1,2,1,3,-1,4,1,5,-1,5,1,0,-1,6,2,7,-1,7,2,3,-1,2,6,0,-1,0,6,8,-1,0,8,5,-1,5,8,9,-1,1,4,3,-1,3,4,10,-1,3,10,7,-1,7,10,11,-1,12,13,9,-1,9,13,10,-1,9,10,5,-1,5,10,4,-1,6,7,8,-1,8,7,11,-1,8,11,14,-1,14,11,15,-1,9,8,12,-1,12,8,14,-1,12,14,16,-1,16,14,17,-1,16,17,18,-1,18,17,19,-1,18,19,20,-1,20,19,21,-1,20,21,22,-1,22,21,23,-1,22,23,24,-1,24,23,25,-1,24,25,26,-1,26,25,27,-1,26,27,28,-1,28,27,29,-1,28,29,30,-1,30,29,31,-1,30,31,32,-1,32,31,33,-1,32,33,34,-1,34,33,35,-1,34,35,36,-1,36,35,37,-1,38,39,40,-1,40,39,41,-1,40,41,42,-1,42,41,43,-1,42,43,44,-1,44,43,45,-1,44,45,46,-1,46,45,47,-1,46,47,48,-1,48,47,49,-1,48,49,50,-1,50,49,51,-1,50,51,52,-1,52,51,53,-1,52,53,54,-1,54,53,55,-1,54,55,56,-1,56,55,57,-1,56,57,58,-1,58,57,59,-1,58,59,13,-1,13,59,15,-1,13,15,10,-1,10,15,11,-1,48,26,28,-1,48,28,46,-1,46,28,30,-1,46,30,44,-1,44,30,32,-1,44,32,42,-1,42,32,34,-1,42,34,40,-1,40,34,36,-1,40,36,38,-1,48,50,26,-1,26,50,24,-1,13,12,58,-1,58,12,16,-1,58,16,56,-1,56,16,18,-1,56,18,54,-1,54,18,20,-1,54,20,52,-1,52,20,22,-1,52,22,50,-1,50,22,24,-1,51,25,23,-1,51,23,53,-1,53,23,21,-1,53,21,55,-1,55,21,19,-1,55,19,57,-1,57,19,17,-1,57,17,59,-1,59,17,14,-1,59,14,15,-1,51,49,25,-1,25,49,27,-1,39,37,41,-1,41,37,35,-1,41,35,43,-1,43,35,33,-1,43,33,45,-1,45,33,31,-1,45,31,47,-1,47,31,29,-1,47,29,49,-1,49,29,27,-1,36,37,60,-1,60,37,61,-1,62,39,63,-1,63,39,38,-1,38,36,63,-1,63,36,60,-1,63,60,64,-1,64,60,65,-1,66,67,68,-1,69,70,68,-1,68,70,71,-1,68,71,60,-1,60,71,72,-1,60,72,65,-1,73,74,66,-1,75,76,77,-1,78,79,80,-1,80,79,68,-1,67,81,68,-1,68,81,82,-1,68,82,69,-1,82,83,69,-1,69,83,84,-1,69,84,85,-1,85,84,86,-1,85,86,87,-1,77,88,75,-1,75,88,89,-1,75,89,87,-1,87,89,90,-1,87,90,85,-1,68,79,66,-1,66,79,91,-1,66,91,73,-1,92,61,62,-1,62,61,37,-1,62,37,39,-1,93,94,95,-1,96,97,98,-1,92,99,61,-1,61,99,100,-1,61,100,101,-1,93,95,102,-1,95,103,104,-1,95,104,102,-1,102,104,105,-1,102,105,106,-1,94,107,95,-1,95,107,108,-1,95,108,98,-1,98,108,109,-1,98,109,96,-1,100,110,101,-1,101,110,111,-1,101,111,112,-1,112,111,98,-1,112,98,113,-1,113,98,114,-1,97,115,98,-1,98,115,116,-1,98,116,117,-1,117,118,98,-1,98,118,119,-1,98,119,114,-1,116,115,66,-1,66,115,67,-1,116,66,74,-1,116,74,117,-1,117,74,73,-1,117,73,118,-1,118,73,91,-1,118,91,119,-1,114,119,79,-1,79,119,91,-1,114,79,78,-1,114,78,113,-1,113,78,80,-1,113,80,112,-1,112,80,68,-1,112,68,101,-1,60,61,68,-1,68,61,101,-1,62,63,64,-1,62,64,92,-1,92,64,65,-1,92,65,99,-1,99,65,72,-1,99,72,100,-1,72,71,100,-1,100,71,110,-1,69,98,70,-1,70,98,111,-1,70,111,71,-1,71,111,110,-1,69,85,98,-1,98,85,120,-1,98,120,95,-1,103,95,121,-1,121,95,120,-1,90,89,121,-1,121,89,104,-1,121,104,103,-1,104,89,88,-1,104,88,105,-1,105,88,77,-1,105,77,106,-1,106,77,76,-1,106,76,102,-1,76,75,102,-1,102,75,93,-1,84,108,86,-1,86,108,107,-1,86,107,87,-1,87,107,94,-1,87,94,75,-1,75,94,93,-1,84,83,108,-1,108,83,109,-1,67,115,81,-1,81,115,97,-1,81,97,82,-1,82,97,96,-1,82,96,83,-1,83,96,109,-1,90,121,85,-1,85,121,120,-1,122,123,124,-1,124,123,125,-1,126,123,127,-1,127,123,122,-1,128,124,129,-1,129,124,125,-1,124,128,122,-1,122,128,130,-1,122,130,127,-1,127,130,131,-1,123,126,125,-1,125,126,132,-1,125,132,129,-1,129,132,133,-1,134,135,131,-1,131,135,132,-1,131,132,127,-1,127,132,126,-1,128,129,130,-1,130,129,133,-1,130,133,136,-1,136,133,137,-1,131,130,134,-1,134,130,136,-1,134,136,138,-1,138,136,139,-1,138,139,140,-1,140,139,141,-1,140,141,142,-1,142,141,143,-1,142,143,144,-1,144,143,145,-1,144,145,146,-1,146,145,147,-1,146,147,148,-1,148,147,149,-1,148,149,150,-1,150,149,151,-1,150,151,152,-1,152,151,153,-1,152,153,154,-1,154,153,155,-1,154,155,156,-1,156,155,157,-1,156,157,158,-1,158,157,159,-1,160,161,162,-1,162,161,163,-1,162,163,164,-1,164,163,165,-1,164,165,166,-1,166,165,167,-1,166,167,168,-1,168,167,169,-1,168,169,170,-1,170,169,171,-1,170,171,172,-1,172,171,173,-1,172,173,174,-1,174,173,175,-1,174,175,176,-1,176,175,177,-1,176,177,178,-1,178,177,179,-1,178,179,180,-1,180,179,181,-1,180,181,135,-1,135,181,137,-1,135,137,132,-1,132,137,133,-1,170,148,150,-1,170,150,168,-1,168,150,152,-1,168,152,166,-1,166,152,154,-1,166,154,164,-1,164,154,156,-1,164,156,162,-1,162,156,158,-1,162,158,160,-1,170,172,148,-1,148,172,146,-1,135,134,180,-1,180,134,138,-1,180,138,178,-1,178,138,140,-1,178,140,176,-1,176,140,142,-1,176,142,174,-1,174,142,144,-1,174,144,172,-1,172,144,146,-1,173,147,145,-1,173,145,175,-1,175,145,143,-1,175,143,177,-1,177,143,141,-1,177,141,179,-1,179,141,139,-1,179,139,181,-1,181,139,136,-1,181,136,137,-1,173,171,147,-1,147,171,149,-1,161,159,163,-1,163,159,157,-1,163,157,165,-1,165,157,155,-1,165,155,167,-1,167,155,153,-1,167,153,169,-1,169,153,151,-1,169,151,171,-1,171,151,149,-1,158,159,182,-1,182,159,183,-1,184,161,185,-1,185,161,160,-1,160,158,185,-1,185,158,182,-1,186,187,188,-1,189,190,191,-1,186,188,192,-1,193,194,182,-1,182,194,195,-1,182,195,185,-1,188,196,197,-1,188,197,192,-1,192,197,198,-1,192,198,199,-1,187,200,188,-1,188,200,201,-1,188,201,191,-1,191,201,202,-1,191,202,189,-1,190,203,191,-1,191,203,204,-1,191,204,205,-1,193,182,206,-1,206,182,207,-1,206,207,208,-1,208,207,209,-1,208,209,210,-1,210,209,211,-1,210,211,191,-1,205,212,191,-1,191,212,213,-1,191,213,210,-1,214,215,216,-1,217,183,184,-1,184,183,159,-1,184,159,161,-1,218,219,216,-1,217,220,183,-1,183,220,221,-1,183,221,222,-1,223,224,225,-1,219,226,216,-1,216,226,227,-1,216,227,214,-1,214,227,228,-1,214,228,229,-1,221,230,222,-1,222,230,231,-1,222,231,232,-1,232,231,233,-1,232,233,234,-1,224,235,225,-1,225,235,236,-1,225,236,216,-1,216,236,237,-1,216,237,218,-1,234,233,225,-1,225,233,238,-1,225,238,239,-1,239,240,225,-1,225,240,241,-1,225,241,223,-1,197,196,214,-1,214,196,242,-1,214,242,215,-1,216,215,243,-1,243,215,242,-1,188,191,243,-1,243,191,225,-1,243,225,216,-1,225,191,211,-1,225,211,234,-1,234,211,209,-1,234,209,232,-1,232,209,207,-1,232,207,222,-1,182,183,207,-1,207,183,222,-1,184,185,195,-1,184,195,217,-1,217,195,194,-1,217,194,220,-1,220,194,193,-1,220,193,221,-1,193,206,221,-1,221,206,230,-1,210,233,208,-1,208,233,231,-1,208,231,206,-1,206,231,230,-1,238,233,213,-1,213,233,210,-1,238,213,212,-1,238,212,239,-1,239,212,205,-1,239,205,240,-1,240,205,204,-1,240,204,241,-1,204,203,241,-1,241,203,223,-1,202,236,189,-1,189,236,235,-1,189,235,190,-1,190,235,224,-1,190,224,203,-1,203,224,223,-1,237,236,201,-1,201,236,202,-1,186,226,187,-1,187,226,219,-1,187,219,200,-1,200,219,218,-1,200,218,201,-1,201,218,237,-1,227,226,192,-1,192,226,186,-1,227,192,199,-1,227,199,228,-1,228,199,198,-1,228,198,229,-1,229,198,197,-1,229,197,214,-1,196,188,242,-1,242,188,243,-1,244,245,246,-1,246,245,247,-1,248,245,249,-1,249,245,244,-1,250,246,251,-1,251,246,247,-1,246,250,244,-1,244,250,252,-1,244,252,249,-1,249,252,253,-1,245,248,247,-1,247,248,254,-1,247,254,251,-1,251,254,255,-1,248,249,254,-1,254,249,253,-1,254,253,256,-1,256,253,257,-1,250,251,252,-1,252,251,255,-1,252,255,258,-1,258,255,259,-1,253,252,257,-1,257,252,258,-1,257,258,260,-1,260,258,261,-1,260,261,262,-1,262,261,263,-1,262,263,264,-1,264,263,265,-1,264,265,266,-1,266,265,267,-1,266,267,268,-1,268,267,269,-1,268,269,270,-1,270,269,271,-1,270,271,272,-1,272,271,273,-1,272,273,274,-1,274,273,275,-1,274,275,276,-1,276,275,277,-1,276,277,278,-1,278,277,279,-1,278,279,280,-1,280,279,281,-1,282,283,284,-1,284,283,285,-1,284,285,286,-1,286,285,287,-1,286,287,288,-1,288,287,289,-1,288,289,290,-1,290,289,291,-1,290,291,292,-1,292,291,293,-1,292,293,294,-1,294,293,295,-1,294,295,296,-1,296,295,297,-1,296,297,298,-1,298,297,299,-1,298,299,300,-1,300,299,301,-1,300,301,302,-1,302,301,303,-1,302,303,256,-1,256,303,259,-1,256,259,254,-1,254,259,255,-1,292,270,272,-1,292,272,290,-1,290,272,274,-1,290,274,288,-1,288,274,276,-1,288,276,286,-1,286,276,278,-1,286,278,284,-1,284,278,280,-1,284,280,282,-1,292,294,270,-1,270,294,268,-1,256,257,302,-1,302,257,260,-1,302,260,300,-1,300,260,262,-1,300,262,298,-1,298,262,264,-1,298,264,296,-1,296,264,266,-1,296,266,294,-1,294,266,268,-1,295,269,267,-1,295,267,297,-1,297,267,265,-1,297,265,299,-1,299,265,263,-1,299,263,301,-1,301,263,261,-1,301,261,303,-1,303,261,258,-1,303,258,259,-1,295,293,269,-1,269,293,271,-1,283,281,285,-1,285,281,279,-1,285,279,287,-1,287,279,277,-1,287,277,289,-1,289,277,275,-1,289,275,291,-1,291,275,273,-1,291,273,293,-1,293,273,271,-1,304,280,305,-1,305,280,281,-1,306,283,307,-1,307,283,282,-1,308,309,310,-1,310,309,311,-1,310,311,312,-1,282,280,307,-1,307,280,304,-1,307,304,313,-1,313,304,309,-1,313,309,314,-1,314,309,308,-1,315,316,317,-1,317,316,318,-1,317,318,319,-1,319,318,320,-1,319,320,321,-1,312,311,322,-1,322,311,323,-1,322,323,324,-1,321,320,325,-1,325,320,326,-1,325,326,327,-1,327,326,328,-1,327,328,329,-1,328,330,329,-1,329,330,331,-1,329,331,332,-1,332,331,322,-1,332,322,333,-1,333,322,324,-1,334,335,336,-1,281,283,305,-1,305,283,306,-1,305,306,337,-1,337,306,338,-1,338,339,337,-1,337,339,340,-1,337,340,341,-1,342,343,344,-1,344,343,345,-1,344,345,335,-1,335,345,346,-1,335,346,336,-1,347,348,349,-1,349,348,350,-1,349,350,351,-1,347,352,348,-1,348,352,353,-1,348,353,354,-1,354,353,334,-1,354,334,355,-1,355,334,336,-1,340,356,341,-1,341,356,357,-1,341,357,358,-1,358,357,349,-1,358,349,359,-1,359,349,351,-1,321,336,319,-1,319,336,346,-1,319,346,317,-1,317,346,345,-1,355,336,325,-1,325,336,321,-1,355,325,327,-1,355,327,354,-1,354,327,329,-1,354,329,348,-1,350,348,332,-1,332,348,329,-1,350,332,333,-1,350,333,351,-1,351,333,324,-1,351,324,359,-1,359,324,323,-1,359,323,358,-1,323,311,358,-1,358,311,341,-1,304,305,309,-1,309,305,337,-1,309,337,311,-1,311,337,341,-1,306,307,313,-1,306,313,338,-1,338,313,314,-1,338,314,339,-1,339,314,308,-1,339,308,340,-1,308,310,340,-1,340,310,356,-1,322,349,312,-1,312,349,357,-1,312,357,310,-1,310,357,356,-1,347,349,331,-1,331,349,322,-1,347,331,330,-1,347,330,352,-1,352,330,328,-1,352,328,353,-1,328,326,353,-1,353,326,334,-1,318,344,320,-1,320,344,335,-1,320,335,326,-1,326,335,334,-1,318,316,344,-1,344,316,360,-1,344,360,342,-1,361,343,360,-1,360,343,342,-1,315,317,361,-1,361,317,345,-1,361,345,343,-1,316,315,360,-1,360,315,361,-1,362,363,364,-1,364,363,365,-1,366,364,367,-1,367,364,365,-1,368,363,369,-1,369,363,362,-1,362,364,369,-1,369,364,366,-1,369,366,370,-1,370,366,371,-1,365,363,367,-1,367,363,368,-1,367,368,372,-1,372,368,373,-1,372,371,367,-1,367,371,366,-1,369,370,368,-1,368,370,373,-1,372,373,374,-1,374,373,375,-1,374,375,376,-1,376,375,377,-1,376,377,378,-1,378,377,379,-1,378,379,380,-1,380,379,381,-1,380,381,382,-1,382,381,383,-1,384,385,386,-1,386,385,387,-1,386,387,388,-1,388,387,389,-1,388,389,390,-1,390,389,391,-1,390,391,392,-1,392,391,393,-1,392,393,371,-1,371,393,370,-1,391,377,393,-1,393,377,375,-1,393,375,370,-1,370,375,373,-1,391,389,377,-1,377,389,379,-1,385,383,381,-1,385,381,387,-1,387,381,379,-1,387,379,389,-1,388,378,386,-1,386,378,380,-1,386,380,384,-1,384,380,382,-1,388,390,378,-1,378,390,376,-1,371,372,374,-1,371,374,392,-1,392,374,376,-1,392,376,390,-1,394,385,395,-1,395,385,384,-1,396,382,397,-1,397,382,383,-1,398,399,400,-1,400,399,401,-1,400,401,402,-1,403,404,405,-1,405,404,406,-1,405,406,407,-1,407,406,408,-1,407,408,409,-1,410,411,402,-1,402,411,412,-1,402,412,400,-1,398,413,399,-1,399,413,414,-1,399,414,408,-1,408,414,415,-1,408,415,416,-1,417,418,409,-1,383,385,397,-1,397,385,394,-1,397,394,419,-1,419,394,420,-1,419,420,421,-1,421,420,422,-1,421,422,423,-1,423,422,403,-1,423,403,424,-1,424,403,405,-1,416,425,408,-1,408,425,426,-1,408,426,409,-1,409,426,427,-1,409,427,417,-1,428,429,430,-1,431,432,430,-1,384,382,395,-1,395,382,396,-1,395,396,433,-1,433,396,434,-1,433,434,435,-1,435,434,436,-1,435,436,437,-1,438,439,440,-1,440,439,441,-1,440,441,430,-1,430,441,442,-1,430,442,431,-1,432,443,430,-1,430,443,444,-1,430,444,428,-1,428,444,445,-1,428,445,446,-1,436,447,437,-1,437,447,448,-1,437,448,449,-1,449,448,450,-1,449,450,451,-1,451,450,452,-1,451,452,440,-1,438,440,453,-1,453,440,452,-1,453,452,454,-1,455,456,454,-1,454,456,457,-1,454,457,453,-1,401,399,458,-1,458,399,459,-1,458,429,401,-1,401,429,428,-1,401,428,402,-1,444,412,411,-1,444,411,445,-1,445,411,410,-1,445,410,446,-1,446,410,402,-1,446,402,428,-1,443,400,444,-1,444,400,412,-1,400,443,398,-1,398,443,432,-1,398,432,413,-1,413,432,431,-1,413,431,414,-1,414,431,442,-1,414,442,415,-1,415,442,441,-1,415,441,416,-1,416,441,439,-1,416,439,425,-1,425,439,438,-1,425,438,426,-1,426,438,453,-1,426,453,427,-1,427,453,457,-1,454,409,418,-1,454,418,455,-1,455,418,417,-1,455,417,456,-1,456,417,427,-1,456,427,457,-1,454,452,409,-1,409,452,407,-1,407,452,405,-1,405,452,450,-1,405,450,424,-1,424,450,448,-1,424,448,423,-1,423,448,447,-1,447,436,423,-1,423,436,421,-1,419,421,434,-1,434,421,436,-1,434,396,419,-1,419,396,397,-1,395,433,394,-1,394,433,420,-1,433,435,420,-1,420,435,422,-1,422,435,403,-1,403,435,437,-1,440,408,406,-1,440,406,451,-1,451,406,404,-1,451,404,449,-1,449,404,403,-1,449,403,437,-1,408,440,399,-1,399,440,430,-1,399,430,459,-1,430,429,459,-1,459,429,458,-1,460,461,462,-1,462,461,463,-1,462,463,464,-1,464,463,465,-1,466,463,467,-1,467,463,461,-1,464,465,468,-1,468,465,469,-1,470,468,471,-1,471,468,469,-1,471,469,467,-1,467,469,466,-1,468,470,464,-1,464,470,462,-1,461,460,467,-1,467,460,471,-1,462,470,460,-1,460,470,471,-1,466,469,472,-1,472,469,473,-1,472,473,474,-1,474,473,475,-1,474,475,476,-1,476,475,477,-1,476,477,478,-1,478,477,479,-1,478,479,480,-1,480,479,481,-1,482,483,484,-1,484,483,485,-1,484,485,486,-1,486,485,487,-1,486,487,488,-1,488,487,489,-1,488,489,490,-1,490,489,491,-1,490,491,463,-1,463,491,465,-1,489,475,491,-1,491,475,473,-1,491,473,465,-1,465,473,469,-1,489,487,475,-1,475,487,477,-1,483,481,479,-1,483,479,485,-1,485,479,477,-1,485,477,487,-1,486,476,484,-1,484,476,478,-1,484,478,482,-1,482,478,480,-1,486,488,476,-1,476,488,474,-1,463,466,472,-1,463,472,490,-1,490,472,474,-1,490,474,488,-1,492,493,494,-1,494,493,495,-1,496,497,494,-1,494,497,498,-1,494,498,492,-1,498,497,499,-1,498,499,500,-1,500,499,501,-1,500,501,502,-1,502,501,503,-1,502,503,504,-1,503,505,504,-1,504,505,506,-1,507,508,509,-1,509,508,510,-1,509,510,511,-1,511,510,512,-1,511,512,505,-1,505,512,506,-1,513,514,515,-1,513,515,516,-1,516,515,517,-1,516,517,518,-1,518,517,519,-1,518,519,520,-1,519,521,520,-1,520,521,522,-1,523,524,525,-1,525,524,526,-1,525,526,527,-1,527,526,528,-1,527,528,521,-1,521,528,522,-1,523,529,524,-1,524,529,495,-1,524,495,493,-1,496,494,529,-1,529,494,495,-1,507,483,508,-1,508,483,482,-1,513,480,514,-1,514,480,481,-1,482,480,508,-1,508,480,513,-1,508,513,510,-1,513,516,510,-1,510,516,518,-1,510,518,512,-1,512,518,520,-1,512,520,506,-1,506,520,522,-1,506,522,504,-1,493,492,524,-1,524,492,498,-1,522,528,504,-1,504,528,526,-1,504,526,502,-1,502,526,524,-1,502,524,500,-1,500,524,498,-1,514,481,483,-1,483,507,514,-1,514,507,509,-1,514,509,515,-1,503,501,523,-1,496,529,497,-1,497,529,523,-1,497,523,499,-1,499,523,501,-1,523,525,503,-1,503,525,527,-1,503,527,505,-1,505,527,521,-1,505,521,511,-1,511,521,519,-1,511,519,509,-1,509,519,517,-1,509,517,515,-1,530,531,532,-1,532,531,533,-1,534,532,535,-1,535,532,533,-1,536,531,537,-1,537,531,530,-1,533,531,535,-1,535,531,536,-1,535,536,538,-1,538,536,539,-1,540,541,534,-1,534,541,537,-1,534,537,532,-1,532,537,530,-1,535,538,534,-1,534,538,540,-1,541,539,537,-1,537,539,536,-1,541,540,542,-1,542,540,543,-1,542,543,544,-1,544,543,545,-1,544,545,546,-1,546,545,547,-1,546,547,548,-1,548,547,549,-1,548,549,550,-1,550,549,551,-1,552,553,554,-1,554,553,555,-1,554,555,556,-1,556,555,557,-1,556,557,558,-1,558,557,559,-1,558,559,560,-1,560,559,561,-1,560,561,539,-1,539,561,538,-1,559,545,561,-1,561,545,543,-1,561,543,538,-1,538,543,540,-1,559,557,545,-1,545,557,547,-1,553,551,549,-1,553,549,555,-1,555,549,547,-1,555,547,557,-1,556,546,554,-1,554,546,548,-1,554,548,552,-1,552,548,550,-1,556,558,546,-1,546,558,544,-1,539,541,542,-1,539,542,560,-1,560,542,544,-1,560,544,558,-1,562,553,563,-1,563,553,552,-1,564,550,565,-1,565,550,551,-1,566,567,568,-1,569,570,571,-1,571,570,572,-1,571,572,573,-1,551,553,565,-1,565,553,562,-1,565,562,574,-1,574,562,570,-1,574,570,575,-1,575,570,569,-1,568,576,566,-1,566,576,577,-1,566,577,578,-1,578,577,579,-1,578,579,580,-1,573,572,581,-1,581,572,582,-1,581,582,583,-1,579,584,580,-1,580,584,585,-1,580,585,586,-1,586,585,581,-1,586,581,587,-1,587,581,583,-1,552,550,563,-1,563,550,564,-1,563,564,588,-1,588,564,589,-1,589,590,588,-1,588,590,591,-1,588,591,592,-1,593,594,595,-1,595,594,596,-1,595,596,597,-1,597,596,598,-1,597,598,599,-1,599,598,600,-1,599,600,601,-1,601,600,602,-1,602,600,603,-1,603,600,604,-1,603,604,605,-1,591,606,592,-1,592,606,607,-1,592,607,608,-1,608,607,603,-1,608,603,609,-1,609,603,605,-1,567,566,610,-1,610,566,596,-1,610,596,594,-1,596,566,598,-1,598,566,578,-1,578,580,598,-1,598,580,600,-1,604,600,586,-1,586,600,580,-1,604,586,587,-1,604,587,605,-1,605,587,583,-1,605,583,609,-1,609,583,582,-1,609,582,608,-1,582,572,608,-1,608,572,592,-1,562,563,570,-1,570,563,588,-1,570,588,572,-1,572,588,592,-1,564,565,574,-1,564,574,589,-1,589,574,575,-1,589,575,590,-1,590,575,569,-1,590,569,591,-1,569,571,591,-1,591,571,606,-1,581,603,573,-1,573,603,607,-1,573,607,571,-1,571,607,606,-1,602,603,585,-1,585,603,581,-1,602,585,584,-1,602,584,601,-1,601,584,579,-1,601,579,599,-1,577,597,579,-1,579,597,599,-1,576,595,577,-1,577,595,597,-1,576,568,595,-1,595,568,611,-1,595,611,593,-1,593,611,594,-1,594,611,610,-1,567,610,568,-1,568,610,611,-1,612,613,614,-1,614,613,615,-1,616,613,617,-1,617,613,612,-1,618,614,619,-1,619,614,615,-1,614,618,612,-1,612,618,620,-1,612,620,617,-1,617,620,621,-1,613,616,615,-1,615,616,622,-1,615,622,619,-1,619,622,623,-1,624,625,621,-1,621,625,622,-1,621,622,617,-1,617,622,616,-1,618,619,620,-1,620,619,623,-1,620,623,626,-1,626,623,627,-1,621,620,624,-1,624,620,626,-1,624,626,628,-1,628,626,629,-1,628,629,630,-1,630,629,631,-1,630,631,632,-1,632,631,633,-1,632,633,634,-1,634,633,635,-1,634,635,636,-1,636,635,637,-1,636,637,638,-1,638,637,639,-1,638,639,640,-1,640,639,641,-1,640,641,642,-1,642,641,643,-1,642,643,644,-1,644,643,645,-1,644,645,646,-1,646,645,647,-1,646,647,648,-1,648,647,649,-1,650,651,652,-1,652,651,653,-1,652,653,654,-1,654,653,655,-1,654,655,656,-1,656,655,657,-1,656,657,658,-1,658,657,659,-1,658,659,660,-1,660,659,661,-1,660,661,662,-1,662,661,663,-1,662,663,664,-1,664,663,665,-1,664,665,666,-1,666,665,667,-1,666,667,668,-1,668,667,669,-1,668,669,670,-1,670,669,671,-1,670,671,625,-1,625,671,627,-1,625,627,622,-1,622,627,623,-1,660,638,640,-1,660,640,658,-1,658,640,642,-1,658,642,656,-1,656,642,644,-1,656,644,654,-1,654,644,646,-1,654,646,652,-1,652,646,648,-1,652,648,650,-1,660,662,638,-1,638,662,636,-1,625,624,670,-1,670,624,628,-1,670,628,668,-1,668,628,630,-1,668,630,666,-1,666,630,632,-1,666,632,664,-1,664,632,634,-1,664,634,662,-1,662,634,636,-1,663,637,635,-1,663,635,665,-1,665,635,633,-1,665,633,667,-1,667,633,631,-1,667,631,669,-1,669,631,629,-1,669,629,671,-1,671,629,626,-1,671,626,627,-1,663,661,637,-1,637,661,639,-1,651,649,653,-1,653,649,647,-1,653,647,655,-1,655,647,645,-1,655,645,657,-1,657,645,643,-1,657,643,659,-1,659,643,641,-1,659,641,661,-1,661,641,639,-1,648,649,672,-1,672,649,673,-1,674,651,675,-1,675,651,650,-1,676,677,678,-1,679,680,678,-1,650,648,675,-1,675,648,672,-1,681,682,683,-1,684,685,686,-1,680,687,678,-1,678,687,688,-1,678,688,676,-1,676,688,689,-1,676,689,690,-1,681,683,691,-1,686,692,684,-1,684,692,693,-1,684,693,672,-1,672,693,694,-1,672,694,675,-1,695,696,683,-1,682,697,683,-1,683,697,698,-1,683,698,678,-1,678,698,699,-1,678,699,679,-1,685,684,683,-1,683,684,700,-1,683,700,695,-1,696,701,683,-1,683,701,702,-1,683,702,691,-1,651,674,649,-1,649,674,673,-1,703,704,705,-1,705,704,706,-1,707,708,709,-1,709,708,710,-1,709,710,711,-1,707,712,708,-1,708,712,713,-1,708,713,705,-1,705,713,714,-1,705,714,703,-1,715,716,711,-1,711,716,717,-1,711,717,709,-1,718,719,720,-1,720,719,673,-1,720,673,721,-1,721,673,674,-1,704,722,706,-1,706,722,723,-1,706,723,724,-1,724,725,706,-1,706,725,726,-1,706,726,727,-1,718,728,719,-1,719,728,706,-1,719,706,729,-1,729,706,727,-1,723,722,691,-1,691,722,681,-1,723,691,702,-1,723,702,724,-1,724,702,701,-1,724,701,725,-1,725,701,696,-1,725,696,726,-1,727,726,695,-1,695,726,696,-1,727,695,700,-1,727,700,729,-1,729,700,684,-1,729,684,719,-1,672,673,684,-1,684,673,719,-1,674,675,694,-1,674,694,721,-1,721,694,693,-1,721,693,720,-1,693,692,720,-1,720,692,718,-1,683,705,685,-1,685,705,706,-1,685,706,686,-1,686,706,728,-1,686,728,692,-1,692,728,718,-1,683,678,705,-1,705,678,730,-1,705,730,708,-1,710,708,731,-1,731,708,730,-1,677,676,731,-1,731,676,711,-1,731,711,710,-1,711,676,690,-1,711,690,715,-1,715,690,689,-1,715,689,716,-1,716,689,688,-1,716,688,717,-1,688,687,717,-1,717,687,709,-1,699,713,679,-1,679,713,712,-1,679,712,680,-1,680,712,707,-1,680,707,687,-1,687,707,709,-1,699,698,713,-1,713,698,714,-1,681,722,682,-1,682,722,704,-1,682,704,697,-1,697,704,703,-1,697,703,698,-1,698,703,714,-1,677,731,678,-1,678,731,730,-1,732,733,734,-1,734,733,735,-1,736,733,737,-1,737,733,732,-1,738,739,740,-1,740,739,741,-1,740,741,737,-1,737,741,736,-1,742,734,743,-1,743,734,735,-1,734,742,732,-1,732,742,744,-1,732,744,737,-1,737,744,740,-1,733,736,735,-1,735,736,741,-1,735,741,743,-1,743,741,745,-1,746,747,745,-1,745,747,744,-1,745,744,743,-1,743,744,742,-1,740,744,738,-1,738,744,747,-1,738,747,748,-1,748,747,749,-1,748,749,750,-1,750,749,751,-1,750,751,752,-1,752,751,753,-1,752,753,754,-1,754,753,755,-1,754,755,756,-1,756,755,757,-1,756,757,758,-1,758,757,759,-1,758,759,760,-1,760,759,761,-1,760,761,762,-1,762,761,763,-1,762,763,764,-1,764,763,765,-1,764,765,766,-1,766,765,767,-1,766,767,768,-1,768,767,769,-1,770,771,772,-1,772,771,773,-1,772,773,774,-1,774,773,775,-1,774,775,776,-1,776,775,777,-1,776,777,778,-1,778,777,779,-1,778,779,780,-1,780,779,781,-1,780,781,782,-1,782,781,783,-1,782,783,784,-1,784,783,785,-1,784,785,786,-1,786,785,787,-1,786,787,788,-1,788,787,789,-1,788,789,790,-1,790,789,791,-1,790,791,739,-1,739,791,746,-1,739,746,741,-1,741,746,745,-1,780,758,760,-1,780,760,778,-1,778,760,762,-1,778,762,776,-1,776,762,764,-1,776,764,774,-1,774,764,766,-1,774,766,772,-1,772,766,768,-1,772,768,770,-1,780,782,758,-1,758,782,756,-1,739,738,790,-1,790,738,748,-1,790,748,788,-1,788,748,750,-1,788,750,786,-1,786,750,752,-1,786,752,784,-1,784,752,754,-1,784,754,782,-1,782,754,756,-1,783,757,755,-1,783,755,785,-1,785,755,753,-1,785,753,787,-1,787,753,751,-1,787,751,789,-1,789,751,749,-1,789,749,791,-1,791,749,747,-1,791,747,746,-1,783,781,757,-1,757,781,759,-1,771,769,773,-1,773,769,767,-1,773,767,775,-1,775,767,765,-1,775,765,777,-1,777,765,763,-1,777,763,779,-1,779,763,761,-1,779,761,781,-1,781,761,759,-1,792,793,794,-1,795,796,797,-1,797,796,794,-1,797,794,798,-1,798,794,793,-1,794,799,792,-1,792,799,800,-1,792,800,801,-1,770,768,802,-1,802,768,803,-1,802,803,804,-1,804,803,805,-1,804,805,806,-1,806,805,801,-1,806,801,807,-1,807,801,800,-1,803,768,808,-1,808,768,769,-1,809,771,802,-1,802,771,770,-1,769,771,808,-1,808,771,809,-1,808,809,810,-1,810,809,811,-1,810,811,812,-1,813,814,815,-1,815,814,816,-1,817,818,819,-1,819,818,815,-1,819,815,820,-1,820,815,816,-1,811,821,812,-1,812,821,822,-1,812,822,817,-1,817,822,823,-1,817,823,818,-1,794,815,799,-1,799,815,818,-1,799,818,800,-1,800,818,823,-1,800,823,807,-1,807,823,822,-1,815,794,813,-1,813,794,796,-1,813,796,824,-1,814,813,825,-1,825,813,824,-1,797,816,795,-1,795,816,814,-1,795,814,825,-1,816,797,798,-1,816,798,820,-1,820,798,793,-1,820,793,819,-1,819,793,792,-1,819,792,817,-1,792,801,817,-1,817,801,812,-1,803,808,805,-1,805,808,810,-1,805,810,801,-1,801,810,812,-1,809,802,804,-1,809,804,811,-1,811,804,806,-1,811,806,821,-1,806,807,821,-1,821,807,822,-1,795,825,796,-1,796,825,824,-1,826,827,828,-1,828,827,829,-1,830,828,831,-1,831,828,829,-1,832,827,833,-1,833,827,826,-1,826,828,833,-1,833,828,830,-1,833,830,834,-1,834,830,835,-1,829,827,831,-1,831,827,832,-1,831,832,836,-1,836,832,837,-1,836,835,831,-1,831,835,830,-1,833,834,832,-1,832,834,837,-1,836,837,838,-1,838,837,839,-1,838,839,840,-1,840,839,841,-1,840,841,842,-1,842,841,843,-1,842,843,844,-1,844,843,845,-1,844,845,846,-1,846,845,847,-1,848,849,850,-1,850,849,851,-1,850,851,852,-1,852,851,853,-1,852,853,854,-1,854,853,855,-1,854,855,856,-1,856,855,857,-1,856,857,835,-1,835,857,834,-1,855,841,857,-1,857,841,839,-1,857,839,834,-1,834,839,837,-1,855,853,841,-1,841,853,843,-1,849,847,845,-1,849,845,851,-1,851,845,843,-1,851,843,853,-1,852,842,850,-1,850,842,844,-1,850,844,848,-1,848,844,846,-1,852,854,842,-1,842,854,840,-1,835,836,838,-1,835,838,856,-1,856,838,840,-1,856,840,854,-1,858,849,859,-1,859,849,848,-1,860,846,861,-1,861,846,847,-1,862,863,864,-1,864,863,865,-1,864,865,866,-1,867,868,869,-1,869,868,870,-1,869,870,871,-1,871,870,872,-1,871,872,873,-1,874,875,866,-1,866,875,876,-1,866,876,864,-1,862,877,863,-1,863,877,878,-1,863,878,872,-1,872,878,879,-1,872,879,880,-1,881,882,873,-1,847,849,861,-1,861,849,858,-1,861,858,883,-1,883,858,884,-1,883,884,885,-1,885,884,886,-1,885,886,887,-1,887,886,867,-1,887,867,888,-1,888,867,869,-1,880,889,872,-1,872,889,890,-1,872,890,873,-1,873,890,891,-1,873,891,881,-1,892,893,894,-1,895,896,894,-1,896,897,894,-1,894,897,898,-1,894,898,892,-1,892,898,899,-1,892,899,900,-1,848,846,859,-1,859,846,860,-1,859,860,901,-1,901,860,902,-1,901,902,903,-1,903,902,904,-1,903,904,905,-1,906,907,908,-1,908,907,909,-1,908,909,894,-1,894,909,910,-1,894,910,895,-1,904,911,905,-1,905,911,912,-1,905,912,913,-1,913,912,914,-1,913,914,915,-1,915,914,916,-1,915,916,908,-1,906,908,917,-1,917,908,916,-1,917,916,918,-1,919,920,918,-1,918,920,921,-1,918,921,917,-1,865,863,922,-1,922,863,923,-1,922,893,865,-1,865,893,892,-1,865,892,866,-1,898,876,875,-1,898,875,899,-1,899,875,874,-1,899,874,900,-1,900,874,866,-1,900,866,892,-1,897,864,898,-1,898,864,876,-1,864,897,862,-1,862,897,896,-1,862,896,877,-1,877,896,895,-1,877,895,878,-1,878,895,910,-1,909,879,910,-1,910,879,878,-1,879,909,880,-1,880,909,907,-1,880,907,889,-1,889,907,906,-1,889,906,890,-1,890,906,917,-1,890,917,891,-1,891,917,921,-1,918,873,882,-1,918,882,919,-1,919,882,881,-1,919,881,920,-1,920,881,891,-1,920,891,921,-1,918,916,873,-1,873,916,871,-1,871,916,869,-1,869,916,914,-1,869,914,888,-1,888,914,912,-1,888,912,887,-1,887,912,911,-1,911,904,887,-1,887,904,885,-1,883,885,902,-1,902,885,904,-1,902,860,883,-1,883,860,861,-1,859,901,858,-1,858,901,884,-1,901,903,884,-1,884,903,886,-1,886,903,867,-1,867,903,905,-1,908,872,870,-1,908,870,915,-1,915,870,868,-1,915,868,913,-1,913,868,867,-1,913,867,905,-1,872,908,863,-1,863,908,894,-1,863,894,923,-1,894,893,923,-1,923,893,922,-1,
        ]
    }
}
Shape{
    appearance Appearance {
        material  Material 	{
            diffuseColor 0.8509803921568627 0.8509803921568627 0.8509803921568627
            specularColor 0.4235294117647059 0.4235294117647059 0.4235294117647059
            ambientIntensity 0.851
            transparency 0.0
            shininess 0.5
        }
    }
    geometry IndexedFaceSet {
        ccw TRUE
        solid FALSE
        coord DEF co Coordinate {
            point [
                0.6615 0.0197 -0.315, 0.7361 0.0197 -0.315, 0.6615 0.0197 -0.4331, 0.7361 0.0197 -0.4331, 0.7361 -0.1771 -0.4331, 0.7361 -0.1771 -0.315, 0.6615 -0.1771 -0.4331, 0.6615 -0.1771 -0.315, 0.6255 0.0197 -0.4566, 0.5174 0.0197 -0.409, 0.6301 0.0197 -0.4487, 0.5357 0.0197 -0.3777, 0.6363 0.0197 -0.4422, 0.5608 0.0197 -0.3514, 0.6439 0.0197 -0.4372, 0.5912 0.0197 -0.3315, 0.6525 0.0197 -0.4341, 0.6254 0.0197 -0.3192, 0.6525 -0.1771 -0.4341, 0.6254 -0.1771 -0.3192, 0.6439 -0.1771 -0.4372, 0.5912 -0.1771 -0.3315, 0.6363 -0.1771 -0.4422, 0.5608 -0.1771 -0.3514, 0.6301 -0.1771 -0.4487, 0.5357 -0.1771 -0.3777, 0.6255 -0.1771 -0.4566, 0.5174 -0.1771 -0.409, 0.7451 0.0197 -0.4341, 0.7722 0.0197 -0.3192, 0.7537 0.0197 -0.4372, 0.8064 0.0197 -0.3315, 0.7613 0.0197 -0.4422, 0.8368 0.0197 -0.3514, 0.7676 0.0197 -0.4487, 0.8619 0.0197 -0.3777, 0.7722 0.0197 -0.4566, 0.8803 0.0197 -0.409, 0.7722 -0.1771 -0.4566, 0.8803 -0.1771 -0.409, 0.7676 -0.1771 -0.4487, 0.8619 -0.1771 -0.3777, 0.7613 -0.1771 -0.4422, 0.8368 -0.1771 -0.3514, 0.7537 -0.1771 -0.4372, 0.8064 -0.1771 -0.3315, 0.7451 -0.1771 -0.4341, 0.7722 -0.1771 -0.3192, 0.4825 0.0197 -0.4883, 0.5906 0.0197 -0.5359, 0.5906 -0.1771 -0.5359, 0.4825 -0.1771 -0.4883, 0.9151 0.0197 -0.4883, 0.807 0.0197 -0.5359, 0.807 -0.1771 -0.5359, 0.9151 -0.1771 -0.4883, -0.7361 0.0197 -0.315, -0.6615 0.0197 -0.315, -0.7361 0.0197 -0.4331, -0.6615 0.0197 -0.4331, -0.6615 -0.1771 -0.4331, -0.6615 -0.1771 -0.315, -0.7361 -0.1771 -0.4331, -0.7361 -0.1771 -0.315, 0.1496 -1.6454 -0.5905, 0.1964 -1.6731 -0.5905, 0.1496 -1.6732 -0.5905, 0.1496 -1.6454 -0.6299, 0.1496 -1.6732 -0.6299, 0.3071 -1.6732 -0.5905, 0.2598 -1.6732 -0.5905, 0.2684 -1.6678 -0.5905, 0.2808 -1.6557 -0.5905, 0.2897 -1.6409 -0.5905, 0.2945 -1.6244 -0.5905, 0.2897 -1.1149 -0.5905, 0.2808 -1.1001 -0.5905, 0.3071 -1.0827 -0.5905, 0.2684 -1.0881 -0.5905, 0.2598 -1.0827 -0.5905, 0.2953 -1.6142 -0.5905, 0.2953 -1.1417 -0.5905, 0.2945 -1.1315 -0.5905, 0.1496 -1.0827 -0.6299, 0.1496 -1.0827 -0.5905, 0.1496 -1.1105 -0.6299, 0.1496 -1.1105 -0.5905, 0.1964 -1.0828 -0.5905, 0.1496 -0.7556 -0.5905, 0.1964 -0.7833 -0.5905, 0.1496 -0.7834 -0.5905, 0.1496 -0.7556 -0.6299, 0.1496 -0.7834 -0.6299, 0.3071 -0.7834 -0.5905, 0.2598 -0.7834 -0.5905, 0.2684 -0.778 -0.5905, 0.2897 -0.2252 -0.5905, 0.2808 -0.2104 -0.5905, 0.3071 -0.1929 -0.5905, 0.2684 -0.1983 -0.5905, 0.2598 -0.1929 -0.5905, 0.2808 -0.766 -0.5905, 0.2897 -0.7512 -0.5905, 0.2945 -0.7346 -0.5905, 0.2953 -0.7244 -0.5905, 0.2953 -0.252 -0.5905, 0.2945 -0.2418 -0.5905, 0.1496 -0.1929 -0.6299, 0.1496 -0.1929 -0.5905, 0.1496 -0.2207 -0.6299, 0.1496 -0.2207 -0.5905, 0.1964 -0.193 -0.5905, 0.5754 0.0197 -0.5628, 0.4779 0.0197 -0.4961, 0.575 0.0197 -0.5636, 0.5545 0.0197 -0.5871, 0.4716 0.0197 -0.5027, 0.5483 0.0197 -0.592, 0.5325 0.0197 -0.6043, 0.464 0.0197 -0.5077, 0.4465 0.0197 -0.6299, 0.4465 0.0197 -0.5118, 0.4744 0.0197 -0.6275, 0.4555 0.0197 -0.5108, 0.5148 0.0197 -0.6136, 0.5043 0.0197 -0.6191, 0.4772 0.0197 -0.6268, 0.5772 -0.1771 -0.5605, 0.4779 -0.1771 -0.4961, 0.5753 -0.1771 -0.5627, 0.5574 -0.1771 -0.5844, 0.4716 -0.1771 -0.5027, 0.5481 -0.1771 -0.5918, 0.5325 -0.1771 -0.6043, 0.464 -0.1771 -0.5077, 0.5149 -0.1771 -0.6138, 0.5079 -0.1771 -0.6175, 0.4555 -0.1771 -0.5108, 0.4781 -0.1771 -0.6268, 0.4772 -0.1771 -0.6269, 0.4465 -0.1771 -0.5118, 0.4465 -0.1771 -0.6299, 0.8222 -0.1771 -0.5628, 0.9197 -0.1771 -0.4961, 0.8226 -0.1771 -0.5636, 0.8432 -0.1771 -0.5871, 0.926 -0.1771 -0.5027, 0.8494 -0.1771 -0.592, 0.8651 -0.1771 -0.6043, 0.9336 -0.1771 -0.5077, 0.9512 -0.1771 -0.6299, 0.9512 -0.1771 -0.5118, 0.9232 -0.1771 -0.6275, 0.9422 -0.1771 -0.5108, 0.8829 -0.1771 -0.6136, 0.8933 -0.1771 -0.6191, 0.9205 -0.1771 -0.6268, 0.8205 0.0197 -0.5605, 0.9197 0.0197 -0.4961, 0.8223 0.0197 -0.5627, 0.8402 0.0197 -0.5844, 0.926 0.0197 -0.5027, 0.8495 0.0197 -0.5918, 0.8651 0.0197 -0.6043, 0.9336 0.0197 -0.5077, 0.8828 0.0197 -0.6138, 0.8897 0.0197 -0.6175, 0.9422 0.0197 -0.5108, 0.9196 0.0197 -0.6268, 0.9204 0.0197 -0.6269, 0.9512 0.0197 -0.5118, 0.9512 0.0197 -0.6299, -0.7722 0.0197 -0.4566, -0.8803 0.0197 -0.409, -0.7676 0.0197 -0.4487, -0.8619 0.0197 -0.3777, -0.7613 0.0197 -0.4422, -0.8368 0.0197 -0.3514, -0.7537 0.0197 -0.4372, -0.8064 0.0197 -0.3315, -0.7451 0.0197 -0.4341, -0.7722 0.0197 -0.3192, -0.7451 -0.1771 -0.4341, -0.7722 -0.1771 -0.3192, -0.7537 -0.1771 -0.4372, -0.8064 -0.1771 -0.3315, -0.7613 -0.1771 -0.4422, -0.8368 -0.1771 -0.3514, -0.7676 -0.1771 -0.4487, -0.8619 -0.1771 -0.3777, -0.7722 -0.1771 -0.4566, -0.8803 -0.1771 -0.409, -0.6525 0.0197 -0.4341, -0.6254 0.0197 -0.3192, -0.6439 0.0197 -0.4372, -0.5912 0.0197 -0.3315, -0.6363 0.0197 -0.4422, -0.5608 0.0197 -0.3514, -0.6301 0.0197 -0.4487, -0.5357 0.0197 -0.3777, -0.6255 0.0197 -0.4566, -0.5174 0.0197 -0.409, -0.6255 -0.1771 -0.4566, -0.5174 -0.1771 -0.409, -0.6301 -0.1771 -0.4487, -0.5357 -0.1771 -0.3777, -0.6363 -0.1771 -0.4422, -0.5608 -0.1771 -0.3514, -0.6439 -0.1771 -0.4372, -0.5912 -0.1771 -0.3315, -0.6525 -0.1771 -0.4341, -0.6254 -0.1771 -0.3192, 1.1638 0.1614 -0.5157, 1.1568 0.1741 -0.5284, 1.1465 0.1844 -0.5387, 1.1102 0.1969 -0.5512, -0.0984 0.1969 -0.5512, -0.0984 0.1575 -0.5118, 1.1659 0.1575 -0.5118, 1.1405 0.1885 -0.5428, 1.1341 0.1919 -0.5462, 1.1272 0.1944 -0.5487, 1.1201 0.196 -0.5503, 0.2953 -1.6142 -0.5118, 0.2953 -1.1417 -0.5118, 0.2953 -0.7244 -0.5118, 0.2953 -0.252 -0.5118, -0.0984 -2.0079 -0.5512, 1.2559 -2.0079 -0.5512, -0.0984 -1.8897 -0.5118, 1.2559 -1.8897 -0.5118, 1.2283 -0.0394 -0.5118, 1.2559 -0.0394 -0.5118, 1.2283 -0.0394 -0.6299, 1.2559 -0.0394 -0.6299, 2.1142 -0.9449 -0.315, 2.2323 -0.9449 -0.315, 2.1142 -1.1417 -0.315, 2.2323 -1.1417 -0.315, 2.1142 -0.8858 -0.2559, 2.2323 -0.8858 -0.2559, 2.1142 -0.8866 -0.2653, 2.2323 -0.8861 -0.2615, 2.1142 -0.9349 -0.3141, 2.2323 -0.935 -0.3137, 2.2323 -0.8869 -0.2652, 2.2323 -0.8893 -0.2759, 2.1142 -0.8907 -0.2793, 2.2323 -0.891 -0.2792, 2.2323 -0.8961 -0.2893, 2.1142 -0.8981 -0.2919, 2.2323 -0.8983 -0.2917, 2.2323 -0.906 -0.3003, 2.1142 -0.9084 -0.3023, 2.2323 -0.9085 -0.3021, 2.2323 -0.9175 -0.3084, 2.1142 -0.9209 -0.3099, 2.2323 -0.921 -0.3097, 2.2323 -0.9296 -0.3131, 2.2323 -0.8858 -0.0039, 2.1142 -0.8858 -0.0047, 2.1142 -0.8851 0.0092, 2.2323 -0.8848 0.0092, 2.1142 -0.7684 0.0092, 2.1142 -0.7677 0.0, 2.2323 -0.7677 0.0, 2.2323 -0.768 0.006, 2.2323 -0.7686 0.0091, 2.1142 -0.7717 0.0213, 2.2323 -0.7709 0.0196, 2.2323 -0.7717 0.0213, 2.1142 -0.7776 0.0328, 2.2323 -0.7758 0.0301, 2.2323 -0.7778 0.0326, 2.1142 -0.787 0.0437, 2.2323 -0.7852 0.042, 2.2323 -0.7871 0.0435, 2.1142 -0.7982 0.0517, 2.2323 -0.7961 0.0505, 2.2323 -0.7983 0.0515, 2.1142 -0.8113 0.057, 2.2323 -0.81 0.0566, 2.2323 -0.8113 0.0569, 2.1142 -0.8258 0.059, 2.2323 -0.8236 0.059, 2.2323 -0.8257 0.0589, 2.1142 -0.8402 0.0575, 2.2323 -0.8383 0.0579, 2.2323 -0.8402 0.0573, 2.1142 -0.8533 0.0528, 2.2323 -0.8522 0.0534, 2.2323 -0.8532 0.0527, 2.1142 -0.8648 0.0452, 2.2323 -0.8639 0.0459, 2.2323 -0.8647 0.0451, 2.1142 -0.8742 0.0351, 2.2323 -0.873 0.0368, 2.2323 -0.8741 0.035, 2.1142 -0.8815 0.0221, 2.2323 -0.8803 0.0249, 2.2323 -0.8813 0.022, 2.2323 -0.8846 0.012, -0.0984 -0.2638 -0.5118, -0.0984 -0.2638 -0.6299, -0.0984 0.1969 -0.6299, 1.1102 0.1969 -0.6299, 1.1685 0.1477 -0.6299, 1.1685 0.1477 -0.5118, 1.1686 0.1473 -0.6299, 1.1693 0.1378 -0.5118, 1.1693 0.1378 -0.6299, 1.165 0.1606 -0.6299, 1.1644 0.1617 -0.6299, 1.1593 0.171 -0.6299, 1.1566 0.1739 -0.6299, 1.1491 0.1822 -0.6299, 1.1464 0.1842 -0.6299, 1.1376 0.1903 -0.6299, 1.134 0.1917 -0.6299, 1.1255 0.195 -0.6299, 1.1201 0.1957 -0.6299, 1.1693 0.0197 -0.5118, 1.1693 0.0197 -0.6299, 1.2188 -0.0387 -0.6299, 1.2185 -0.0385 -0.5118, 1.2184 -0.0386 -0.6299, 1.2056 -0.035 -0.6299, 1.2045 -0.0343 -0.5118, 1.2045 -0.0344 -0.6299, 1.1952 -0.0293 -0.6299, 1.192 -0.0269 -0.5118, 1.1922 -0.0267 -0.6299, 1.1839 -0.0192 -0.6299, 1.1818 -0.0166 -0.5118, 1.182 -0.0164 -0.6299, 1.1759 -0.0077 -0.6299, 1.1743 -0.0041 -0.5118, 1.1705 0.0099 -0.6299, 1.1701 0.0098 -0.5118, 1.1712 0.0045 -0.6299, 1.1745 -0.0041 -0.6299, 1.0709 -0.4527 -0.6299, 1.2559 -0.4527 -0.6299, 1.0709 -0.4527 -0.5118, 1.2559 -0.4527 -0.5118, 1.0118 -0.5118 -0.6299, 1.0125 -0.5023 -0.6299, 1.0118 -0.5118 -0.5118, 1.0126 -0.5019 -0.5118, 1.0126 -0.5019 -0.6299, 1.0161 -0.489 -0.6299, 1.0168 -0.488 -0.5118, 1.0167 -0.4879 -0.6299, 1.0218 -0.4786 -0.6299, 1.0243 -0.4755 -0.5118, 1.0245 -0.4757 -0.6299, 1.032 -0.4674 -0.6299, 1.0346 -0.4652 -0.5118, 1.0347 -0.4654 -0.6299, 1.0435 -0.4593 -0.6299, 1.047 -0.4578 -0.5118, 1.061 -0.4539 -0.6299, 1.061 -0.4536 -0.5118, 1.0556 -0.4546 -0.6299, 1.0471 -0.4579 -0.6299, 1.0118 -1.2598 -0.6299, 1.0118 -1.2598 -0.5118, 1.061 -1.3178 -0.5118, 1.0709 -1.3189 -0.5118, 1.0709 -1.3189 -0.6299, 1.0614 -1.3182 -0.6299, 1.061 -1.3181 -0.6299, 1.0577 -1.3174 -0.5118, 1.0481 -1.3146 -0.6299, 1.0471 -1.3137 -0.5118, 1.047 -1.3139 -0.6299, 1.0452 -1.313 -0.5118, 1.0377 -1.3089 -0.6299, 1.0346 -1.3063 -0.5118, 1.0348 -1.3062 -0.6299, 1.034 -1.306 -0.5118, 1.0264 -1.2987 -0.6299, 1.013 -1.2697 -0.6299, 1.0129 -1.2697 -0.5118, 1.0137 -1.2751 -0.6299, 1.0133 -1.273 -0.5118, 1.017 -1.2836 -0.6299, 1.017 -1.2836 -0.5118, 1.0184 -1.2872 -0.6299, 1.0177 -1.2854 -0.5118, 1.0245 -1.296 -0.6299, 1.0243 -1.2961 -0.5118, 1.0247 -1.2966 -0.5118, -0.0984 -1.6023 -0.5118, -0.0984 -1.6023 -0.6299, -0.0984 -2.0079 -0.6299, -0.0973 -1.5935 -0.6299, -0.0974 -1.5934 -0.5118, -0.0093 -1.5515 -0.6299, -0.0174 -1.5476 -0.6299, -0.0093 -1.5515 -0.5118, -0.0175 -1.5479 -0.5118, -0.0219 -1.5459 -0.5118, -0.0187 -1.547 -0.6299, -0.0321 -1.544 -0.5118, -0.032 -1.5437 -0.6299, -0.0355 -1.5434 -0.5118, -0.0855 -1.566 -0.6299, -0.0845 -1.5642 -0.5118, -0.083 -1.5625 -0.6299, -0.0749 -1.5553 -0.5118, -0.0748 -1.5555 -0.6299, -0.0744 -1.5548 -0.5118, -0.072 -1.5532 -0.6299, -0.0625 -1.548 -0.5118, -0.0617 -1.548 -0.6299, -0.0618 -1.5478 -0.5118, -0.0588 -1.5465 -0.6299, -0.0492 -1.5441 -0.5118, -0.0472 -1.5438 -0.6299, -0.0472 -1.544 -0.5118, -0.0469 -1.5438 -0.6299, -0.0323 -1.5437 -0.6299, -0.0966 -1.5879 -0.6299, -0.0968 -1.5887 -0.5118, -0.0932 -1.579 -0.6299, -0.0933 -1.579 -0.5118, -0.0913 -1.5743 -0.6299, -0.0921 -1.5757 -0.5118, -0.0856 -1.566 -0.5118, 0.1943 -1.6718 -0.5118, 0.1966 -1.6732 -0.6148, 0.1969 -1.6732 -0.6299, 0.1967 -1.6732 -0.6071, 0.2598 -1.6732 -0.6299, 0.2534 -1.6762 -0.6299, 0.2027 -1.676 -0.5118, 0.2027 -1.676 -0.6299, 0.2945 -1.6244 -0.5118, 0.2897 -1.6409 -0.5118, 0.2808 -1.6557 -0.5118, 0.2684 -1.6678 -0.5118, 0.2534 -1.6762 -0.5118, 0.2194 -1.6805 -0.6299, 0.2194 -1.6805 -0.5118, 0.2366 -1.6806 -0.6299, 0.2366 -1.6806 -0.5118, 0.3071 -1.6732 -0.6299, 0.3071 -1.0827 -0.6299, 0.2598 -1.0827 -0.6299, 0.1969 -1.0827 -0.6299, 0.2027 -1.0799 -0.6299, 0.2945 -1.1315 -0.5118, 0.2897 -1.1149 -0.5118, 0.2808 -1.1001 -0.5118, 0.2684 -1.0881 -0.5118, 0.2534 -1.0796 -0.5118, 0.2534 -1.0796 -0.6299, 0.2366 -1.0753 -0.6299, 0.2366 -1.0753 -0.5118, 0.2194 -1.0754 -0.6299, 0.2194 -1.0754 -0.5118, 0.2027 -1.0799 -0.5118, 0.1943 -1.0841 -0.5118, -0.0093 -1.2044 -0.5118, -0.0093 -1.2044 -0.6299, -0.0984 -1.1535 -0.5118, -0.0984 -1.1535 -0.6299, -0.0977 -1.1625 -0.6299, -0.0174 -1.2083 -0.5118, -0.0977 -1.1625 -0.5118, -0.0975 -1.1639 -0.6299, -0.0936 -1.177 -0.5118, -0.0936 -1.177 -0.6299, -0.0858 -1.19 -0.5118, -0.0935 -1.1772 -0.6299, -0.086 -1.1898 -0.6299, -0.0858 -1.19 -0.6299, -0.0775 -1.1987 -0.6299, -0.075 -1.2006 -0.5118, -0.0748 -1.2004 -0.6299, -0.0651 -1.2067 -0.6299, -0.0618 -1.2081 -0.5118, -0.0617 -1.2078 -0.6299, -0.0515 -1.2114 -0.6299, -0.0472 -1.2121 -0.5118, -0.0472 -1.2117 -0.6299, -0.0371 -1.2125 -0.6299, -0.032 -1.2121 -0.5118, -0.0321 -1.2117 -0.6299, -0.0227 -1.2102 -0.6299, -0.0175 -1.208 -0.6299, -0.0984 -0.7126 -0.5118, -0.0984 -0.7126 -0.6299, -0.0977 -0.7036 -0.5118, -0.0174 -0.6578 -0.5118, -0.0093 -0.6617 -0.5118, -0.0093 -0.6617 -0.6299, -0.0174 -0.6578 -0.6299, -0.0187 -0.6572 -0.6299, -0.032 -0.654 -0.5118, -0.032 -0.654 -0.6299, -0.0472 -0.654 -0.5118, -0.0323 -0.6539 -0.6299, -0.0469 -0.654 -0.6299, -0.0472 -0.6541 -0.6299, -0.0588 -0.6568 -0.6299, -0.0618 -0.658 -0.5118, -0.0617 -0.6582 -0.6299, -0.072 -0.6634 -0.6299, -0.075 -0.6655 -0.5118, -0.0748 -0.6657 -0.6299, -0.083 -0.6727 -0.6299, -0.0858 -0.6761 -0.5118, -0.0855 -0.6763 -0.6299, -0.0913 -0.6846 -0.6299, -0.0936 -0.6891 -0.5118, -0.0932 -0.6892 -0.6299, -0.0966 -0.6981 -0.6299, -0.0973 -0.7037 -0.6299, 0.1943 -0.782 -0.5118, 0.1966 -0.7834 -0.6148, 0.1969 -0.7834 -0.6299, 0.1967 -0.7834 -0.6071, 0.2598 -0.7834 -0.6299, 0.2534 -0.7865 -0.6299, 0.2027 -0.7862 -0.5118, 0.2027 -0.7862 -0.6299, 0.2945 -0.7346 -0.5118, 0.2897 -0.7512 -0.5118, 0.2808 -0.766 -0.5118, 0.2684 -0.778 -0.5118, 0.2534 -0.7865 -0.5118, 0.2194 -0.7907 -0.6299, 0.2194 -0.7907 -0.5118, 0.2366 -0.7908 -0.6299, 0.2366 -0.7908 -0.5118, 0.3071 -0.7834 -0.6299, 0.3071 -0.1929 -0.6299, 0.2598 -0.1929 -0.6299, 0.1969 -0.1929 -0.6299, 0.2027 -0.1901 -0.6299, 0.2945 -0.2418 -0.5118, 0.2897 -0.2252 -0.5118, 0.2808 -0.2104 -0.5118, 0.2684 -0.1983 -0.5118, 0.2534 -0.1899 -0.5118, 0.2534 -0.1899 -0.6299, 0.2366 -0.1855 -0.6299, 0.2366 -0.1855 -0.5118, 0.2194 -0.1856 -0.6299, 0.2194 -0.1856 -0.5118, 0.2027 -0.1901 -0.5118, 0.1943 -0.1943 -0.5118, -0.0093 -0.3146 -0.5118, -0.0093 -0.3146 -0.6299, -0.0977 -0.2727 -0.6299, -0.0174 -0.3186 -0.5118, -0.0977 -0.2727 -0.5118, -0.0975 -0.2742 -0.6299, -0.0936 -0.2873 -0.5118, -0.0936 -0.2873 -0.6299, -0.0858 -0.3003 -0.5118, -0.0935 -0.2875 -0.6299, -0.086 -0.3 -0.6299, -0.0858 -0.3002 -0.6299, -0.0775 -0.3089 -0.6299, -0.075 -0.3109 -0.5118, -0.0748 -0.3106 -0.6299, -0.0651 -0.3169 -0.6299, -0.0618 -0.3184 -0.5118, -0.0617 -0.3181 -0.6299, -0.0515 -0.3216 -0.6299, -0.0472 -0.3223 -0.5118, -0.0472 -0.322 -0.6299, -0.0371 -0.3228 -0.6299, -0.032 -0.3224 -0.5118, -0.0321 -0.322 -0.6299, -0.0227 -0.3204 -0.6299, -0.0175 -0.3182 -0.6299, 1.2559 -1.3189 -0.5118, 1.2559 -1.3189 -0.6299, 0.7361 0.0197 0.2992, 0.6615 0.0197 0.2992, 0.7361 0.0197 0.4173, 0.6615 0.0197 0.4173, 0.6615 -0.1771 0.4173, 0.6615 -0.1771 0.2992, 0.7361 -0.1771 0.4173, 0.7361 -0.1771 0.2992, -0.6615 0.0197 0.2992, -0.7361 0.0197 0.2992, -0.6615 0.0197 0.4173, -0.7361 0.0197 0.4173, -0.7361 -0.1771 0.4173, -0.7361 -0.1771 0.2992, -0.6615 -0.1771 0.4173, -0.6615 -0.1771 0.2992, 1.2559 -2.0079 -0.6299, -0.9151 0.0197 -0.4883, -0.807 0.0197 -0.5359, -0.807 -0.1771 -0.5359, -0.9151 -0.1771 -0.4883, -0.4825 0.0197 -0.4883, -0.5906 0.0197 -0.5359, -0.5906 -0.1771 -0.5359, -0.4825 -0.1771 -0.4883, 1.3392 -1.8897 -0.5027, 1.3477 -2.0079 -0.5411, 1.4219 -1.8897 -0.4743, 1.4388 -2.0079 -0.5098, 1.4961 -1.8897 -0.428, 1.5206 -2.0079 -0.4588, 1.5579 -1.8897 -0.3661, 1.5887 -2.0079 -0.3906, 1.6042 -1.8897 -0.292, 1.6397 -2.0079 -0.3089, 1.6326 -1.8897 -0.2093, 1.6711 -2.0079 -0.2178, 1.6417 -1.8897 -0.126, 1.6811 -2.0079 -0.126, 0.5315 0.9528 0.4567, 0.8071 0.9528 0.4567, 0.5315 0.9517 0.4658, 0.8071 0.9517 0.4658, 0.5315 0.9485 0.4744, 0.8071 0.9485 0.4744, 0.5315 0.9435 0.4821, 0.8071 0.9435 0.4821, 0.5315 0.9528 0.311, 0.5327 0.9528 0.3012, 0.5334 0.9528 0.2958, 0.5574 0.9528 0.262, 0.5667 0.9528 0.2569, 0.5678 0.9528 0.2563, 0.5806 0.9528 0.2528, 0.5367 0.9528 0.2873, 0.5381 0.9528 0.2837, 0.5442 0.9528 0.2749, 0.5461 0.9528 0.2721, 0.5544 0.9528 0.2647, 0.581 0.9528 0.2527, 0.5906 0.9528 0.252, 0.748 0.9528 0.252, 0.7579 0.9528 0.2532, 0.7633 0.9528 0.2538, 0.7718 0.9528 0.2571, 0.7754 0.9528 0.2585, 0.7842 0.9528 0.2647, 0.7869 0.9528 0.2666, 0.7944 0.9528 0.2749, 0.7971 0.9528 0.2779, 0.8022 0.9528 0.2872, 0.8028 0.9528 0.2883, 0.8063 0.9528 0.3011, 0.8071 0.9528 0.311, 0.8064 0.9528 0.3015, -0.8071 0.9528 0.4567, -0.5315 0.9528 0.4567, -0.8071 0.9517 0.4658, -0.5315 0.9517 0.4658, -0.8071 0.9485 0.4744, -0.5315 0.9485 0.4744, -0.8071 0.9435 0.4821, -0.5315 0.9435 0.4821, -0.7812 0.9528 0.262, -0.7719 0.9528 0.2569, -0.5358 0.9528 0.2883, -0.5323 0.9528 0.3011, -0.5807 0.9528 0.2532, -0.5753 0.9528 0.2538, -0.5668 0.9528 0.2571, -0.8071 0.9528 0.311, -0.8059 0.9528 0.3012, -0.8052 0.9528 0.2958, -0.8019 0.9528 0.2873, -0.8005 0.9528 0.2837, -0.7944 0.9528 0.2749, -0.7925 0.9528 0.2721, -0.7841 0.9528 0.2647, -0.5632 0.9528 0.2585, -0.5544 0.9528 0.2647, -0.5517 0.9528 0.2666, -0.5442 0.9528 0.2749, -0.5415 0.9528 0.2779, -0.5364 0.9528 0.2872, -0.5322 0.9528 0.3015, -0.5315 0.9528 0.311, -0.7708 0.9528 0.2563, -0.7579 0.9528 0.2528, -0.7575 0.9528 0.2527, -0.748 0.9528 0.252, -0.5906 0.9528 0.252, 1.6417 1.0433 0.0827, 1.6417 1.0236 0.0827, 1.7598 1.0433 0.0827, 1.7598 1.0236 0.0827, 1.7546 -0.0394 -0.1949, 1.6321 -0.0394 -0.2118, 1.7567 -0.0394 -0.1826, 1.6417 -0.0394 -0.126, 1.7598 -0.0394 -0.126, 1.5243 -0.0394 -0.5527, 1.4752 -0.0394 -0.5797, 1.4233 -0.0394 -0.4736, 1.7088 -0.0394 -0.3472, 1.6804 -0.0394 -0.3977, 1.6035 -0.0394 -0.2934, 1.6804 -0.0394 -0.3977, 1.5576 -0.0394 -0.3665, 1.6477 -0.0394 -0.443, 1.6122 -0.0394 -0.4823, 1.4965 -0.0394 -0.4276, 1.57 -0.0394 -0.5202, 1.5275 -0.0394 -0.5503, 1.7473 -0.0394 -0.238, 1.7317 -0.0394 -0.292, 1.7283 -0.0394 -0.3002, 1.3728 -0.0394 -0.6163, 1.3418 -0.0394 -0.5021, 1.4242 -0.0394 -0.601, 1.4302 -0.0394 -0.5985, 1.3249 -0.0394 -0.6249, 1.3177 -0.0394 -0.6262, 1.2642 -0.0394 -0.6299, 1.6826 -0.4527 -0.3943, 1.7097 -0.4527 -0.3453, 1.6035 -0.4527 -0.2934, 1.4965 -0.4527 -0.4276, 1.6122 -0.4527 -0.4823, 1.5576 -0.4527 -0.3665, 1.6501 -0.4527 -0.4401, 1.6802 -0.4527 -0.3976, 1.4771 -0.4527 -0.5788, 1.5276 -0.4527 -0.5505, 1.4233 -0.4527 -0.4736, 1.5277 -0.4527 -0.5505, 1.573 -0.4527 -0.5177, 1.3249 -0.4527 -0.6247, 1.3418 -0.4527 -0.5021, 1.3125 -0.4527 -0.6268, 1.7462 -0.4527 -0.2429, 1.6321 -0.4527 -0.2118, 1.7309 -0.4527 -0.2943, 1.7284 -0.4527 -0.3003, 1.3679 -0.4527 -0.6174, 1.4219 -0.4527 -0.6018, 1.4302 -0.4527 -0.5984, 1.7548 -0.4527 -0.195, 1.7561 -0.4527 -0.1878, 1.6417 -0.4527 -0.126, 1.7598 -0.4527 -0.1343, 1.7598 -0.4527 -0.126, 2.2323 -0.5709 0.0, 2.1142 -0.5709 0.0, 2.0748 -0.5709 0.2282, 1.7785 -0.5709 0.2282, 2.0748 -1.2008 0.2282, 1.7785 -1.2008 0.2282, 2.2323 -0.5709 0.0707, 2.2302 -0.5709 0.0968, 2.2323 -1.2008 0.0707, 2.2301 -1.2008 0.0971, 2.2301 -0.5709 0.0971, 2.2218 -0.5709 0.1272, 2.2189 -1.2008 0.1342, 2.2184 -0.5709 0.134, 2.2075 -0.5709 0.1555, 2.199 -1.2008 0.1675, 2.1984 -0.5709 0.167, 2.1881 -0.5709 0.1801, 2.1716 -1.2008 0.1949, 2.1011 -0.5709 0.2255, 2.1012 -1.2008 0.226, 2.106 -0.5709 0.2251, 2.1712 -0.5709 0.1944, 2.1639 -0.5709 0.2006, 2.1383 -1.2008 0.2148, 2.1382 -0.5709 0.2147, 2.1364 -0.5709 0.2157, 2.2323 -1.1851 -0.2957, 2.2323 -1.1761 -0.3037, 2.2323 -1.1749 -0.3047, 2.2323 -1.1637 -0.3106, 2.2323 -1.1627 -0.3111, 2.2323 -1.1503 -0.3143, 2.2323 -1.1989 -0.2711, 2.2323 -1.1942 -0.2833, 2.2323 -1.199 -0.2705, 2.2323 -1.194 -0.2835, 2.2323 -1.2008 -0.2559, 2.2323 -1.1862 -0.2948, 2.2323 -1.1495 -0.3145, 2.1142 -1.1989 -0.2705, 2.1142 -1.2008 -0.2559, 2.1142 -1.194 -0.2834, 2.1142 -1.1852 -0.2958, 2.1142 -1.1763 -0.3038, 2.1142 -1.1637 -0.3107, 2.1142 -1.1503 -0.3143, 2.1142 -0.5709 0.0707, 2.1142 -1.2008 0.0707, 2.0748 -1.2008 0.1101, 2.075 -0.5709 0.1101, 2.085 -1.2008 0.1087, 2.085 -0.5709 0.1087, 2.0945 -1.2008 0.1048, 2.0945 -0.5709 0.1048, 2.1026 -1.2008 0.0986, 2.1026 -0.5709 0.0986, 2.1089 -1.2008 0.0904, 2.1089 -0.5709 0.0904, 2.1128 -1.2008 0.0809, 2.1128 -0.5709 0.0809, 1.7785 -1.2008 0.1101, 1.7785 -0.5709 0.1101, 1.7553 -1.3189 -0.1907, 1.7473 -1.3189 -0.238, 1.6326 -1.3189 -0.2093, 1.5243 -1.3189 -0.5527, 1.4752 -1.3189 -0.5797, 1.4219 -1.3189 -0.4743, 1.6138 -1.3189 -0.4806, 1.4961 -1.3189 -0.428, 1.6477 -1.3189 -0.443, 1.5579 -1.3189 -0.3661, 1.6804 -1.3189 -0.3977, 1.6122 -1.3189 -0.4823, 1.57 -1.3189 -0.5202, 1.5289 -1.3189 -0.5493, 1.7317 -1.3189 -0.292, 1.7297 -1.3189 -0.2968, 1.6042 -1.3189 -0.292, 1.7088 -1.3189 -0.3472, 1.6819 -1.3189 -0.3951, 1.7567 -1.3189 -0.1826, 1.6417 -1.3189 -0.126, 1.7598 -1.3189 -0.126, 1.3728 -1.3189 -0.6163, 1.3392 -1.3189 -0.5027, 1.4242 -1.3189 -0.601, 1.4312 -1.3189 -0.5981, 1.3253 -1.3189 -0.6248, 1.3177 -1.3189 -0.6262, 1.2642 -1.3189 -0.6299, 0.8803 0.0197 0.3933, 0.8651 0.0197 0.3663, 0.7722 0.0197 0.4408, 0.7676 0.0197 0.433, 0.7641 0.0197 0.3016, 0.7451 0.0197 0.4184, 0.7537 0.0197 0.4215, 0.794 0.0197 0.31, 0.7668 0.0197 0.3024, 0.8647 0.0197 0.3656, 0.8441 0.0197 0.342, 0.7613 0.0197 0.4264, 0.8379 0.0197 0.3372, 0.8222 0.0197 0.3248, 0.8045 0.0197 0.3155, 0.8803 -0.1771 0.3933, 0.7722 -0.1771 0.4408, 0.8668 -0.1771 0.3686, 0.7676 -0.1771 0.433, 0.7669 -0.1771 0.3022, 0.7451 -0.1771 0.4184, 0.7677 -0.1771 0.3023, 0.7976 -0.1771 0.3116, 0.7537 -0.1771 0.4215, 0.7613 -0.1771 0.4264, 0.8471 -0.1771 0.3447, 0.865 -0.1771 0.3664, 0.8045 -0.1771 0.3154, 0.8222 -0.1771 0.3248, 0.8378 -0.1771 0.3373, 0.5174 0.0197 0.3933, 0.6255 0.0197 0.4408, 0.5308 0.0197 0.3686, 0.6301 0.0197 0.433, 0.5326 0.0197 0.3664, 0.5506 0.0197 0.3447, 0.6363 0.0197 0.4264, 0.5598 0.0197 0.3373, 0.5755 0.0197 0.3248, 0.6439 0.0197 0.4215, 0.5931 0.0197 0.3154, 0.6001 0.0197 0.3116, 0.6525 0.0197 0.4184, 0.6299 0.0197 0.3023, 0.6308 0.0197 0.3022, 0.533 -0.1771 0.3656, 0.5535 -0.1771 0.342, 0.6301 -0.1771 0.433, 0.6363 -0.1771 0.4264, 0.5325 -0.1771 0.3663, 0.6255 -0.1771 0.4408, 0.5174 -0.1771 0.3933, 0.5597 -0.1771 0.3372, 0.5755 -0.1771 0.3248, 0.6439 -0.1771 0.4215, 0.6336 -0.1771 0.3016, 0.6525 -0.1771 0.4184, 0.5932 -0.1771 0.3155, 0.6037 -0.1771 0.31, 0.6308 -0.1771 0.3024, -0.5174 0.0197 0.3933, -0.5325 0.0197 0.3663, -0.6255 0.0197 0.4408, -0.6301 0.0197 0.433, -0.6336 0.0197 0.3016, -0.6525 0.0197 0.4184, -0.533 0.0197 0.3656, -0.5535 0.0197 0.342, -0.6363 0.0197 0.4264, -0.6439 0.0197 0.4215, -0.6037 0.0197 0.31, -0.6308 0.0197 0.3024, -0.5597 0.0197 0.3372, -0.5755 0.0197 0.3248, -0.5932 0.0197 0.3155, -0.5174 -0.1771 0.3933, -0.6255 -0.1771 0.4408, -0.5308 -0.1771 0.3686, -0.6301 -0.1771 0.433, -0.6308 -0.1771 0.3022, -0.6525 -0.1771 0.4184, -0.6363 -0.1771 0.4264, -0.5506 -0.1771 0.3447, -0.5326 -0.1771 0.3664, -0.6299 -0.1771 0.3023, -0.6001 -0.1771 0.3116, -0.6439 -0.1771 0.4215, -0.5931 -0.1771 0.3154, -0.5755 -0.1771 0.3248, -0.5598 -0.1771 0.3373, -0.8803 0.0197 0.3933, -0.7722 0.0197 0.4408, -0.8668 0.0197 0.3686, -0.7676 0.0197 0.433, -0.865 0.0197 0.3664, -0.8471 0.0197 0.3447, -0.7613 0.0197 0.4264, -0.8378 0.0197 0.3373, -0.8222 0.0197 0.3248, -0.7537 0.0197 0.4215, -0.8045 0.0197 0.3154, -0.7976 0.0197 0.3116, -0.7451 0.0197 0.4184, -0.7677 0.0197 0.3023, -0.7669 0.0197 0.3022, -0.8647 -0.1771 0.3656, -0.8441 -0.1771 0.342, -0.7676 -0.1771 0.433, -0.7613 -0.1771 0.4264, -0.8651 -0.1771 0.3663, -0.7722 -0.1771 0.4408, -0.8803 -0.1771 0.3933, -0.8379 -0.1771 0.3372, -0.8222 -0.1771 0.3248, -0.7537 -0.1771 0.4215, -0.7641 -0.1771 0.3016, -0.7451 -0.1771 0.4184, -0.8045 -0.1771 0.3155, -0.794 -0.1771 0.31, -0.7668 -0.1771 0.3024, 1.3253 -2.0079 -0.6246, 1.3679 -2.0079 -0.6174, 1.4219 -2.0079 -0.6018, 1.4311 -2.0079 -0.598, 1.4771 -2.0079 -0.5788, 1.3125 -2.0079 -0.6268, 1.7097 -2.0079 -0.3453, 1.6826 -2.0079 -0.3943, 1.682 -2.0079 -0.3951, 1.7462 -2.0079 -0.2429, 1.7309 -2.0079 -0.2943, 1.7298 -2.0079 -0.2969, 1.6501 -2.0079 -0.4401, 1.6138 -2.0079 -0.4806, 1.6122 -2.0079 -0.4823, 1.5276 -2.0079 -0.5505, 1.5291 -2.0079 -0.5495, 1.573 -2.0079 -0.5177, 1.7556 -2.0079 -0.1907, 1.7561 -2.0079 -0.1878, 1.7598 -2.0079 -0.1343, 1.7598 -2.0079 -0.126, 0.1983 -0.7752 -0.5905, 0.1496 -0.7465 -0.5905, 0.1496 -0.2299 -0.5905, 0.2502 -0.7793 -0.5905, 0.2362 -0.7829 -0.5905, 0.2362 -0.1936 -0.5905, 0.2391 -0.1938 -0.5905, 0.2507 -0.1975 -0.5905, 0.221 -0.783 -0.5905, 0.2076 -0.7797 -0.5905, 0.2064 -0.7791 -0.5905, 0.2527 -0.1982 -0.5905, 0.1983 -0.2011 -0.5905, 0.2065 -0.1975 -0.5905, 0.2359 -0.783 -0.5905, 0.2212 -0.783 -0.5905, 0.2639 -0.2049 -0.5905, 0.2645 -0.2052 -0.5905, 0.2748 -0.2155 -0.5905, 0.2825 -0.2285 -0.5905, 0.2865 -0.2417 -0.5905, 0.2867 -0.243 -0.5905, 0.2874 -0.252 -0.5905, 0.2856 -0.7388 -0.5905, 0.2822 -0.7478 -0.5905, 0.2805 -0.752 -0.5905, 0.2116 -0.1953 -0.5905, 0.2211 -0.1937 -0.5905, 0.2256 -0.193 -0.5905, 0.2749 -0.2156 -0.5905, 0.2825 -0.2283 -0.5905, 0.2874 -0.7244 -0.5905, 0.2863 -0.7333 -0.5905, 0.2746 -0.7608 -0.5905, 0.2729 -0.7632 -0.5905, 0.2638 -0.7713 -0.5905, 0.2622 -0.7727 -0.5905, 0.2508 -0.779 -0.5905, 0.1496 -1.6362 -0.5905, 0.1496 -1.1196 -0.5905, 0.1983 -1.0909 -0.5905, 0.2746 -1.6505 -0.5905, 0.2729 -1.6529 -0.5905, 0.2638 -1.6611 -0.5905, 0.2065 -1.0873 -0.5905, 0.2116 -1.0851 -0.5905, 0.2211 -1.0835 -0.5905, 0.2748 -1.1052 -0.5905, 0.2622 -1.6625 -0.5905, 0.2508 -1.6687 -0.5905, 0.2502 -1.6691 -0.5905, 0.2362 -1.6727 -0.5905, 0.2064 -1.6689 -0.5905, 0.2076 -1.6695 -0.5905, 0.221 -1.6728 -0.5905, 0.2256 -1.0827 -0.5905, 0.2362 -1.0834 -0.5905, 0.2391 -1.0836 -0.5905, 0.2507 -1.0873 -0.5905, 0.2527 -1.0879 -0.5905, 0.2639 -1.0946 -0.5905, 0.1983 -1.665 -0.5905, 0.2645 -1.095 -0.5905, 0.2359 -1.6727 -0.5905, 0.2212 -1.6728 -0.5905, 0.2749 -1.1054 -0.5905, 0.2825 -1.1181 -0.5905, 0.2825 -1.1182 -0.5905, 0.2865 -1.1315 -0.5905, 0.2863 -1.623 -0.5905, 0.2856 -1.6286 -0.5905, 0.2822 -1.6375 -0.5905, 0.2805 -1.6418 -0.5905, 0.2867 -1.1328 -0.5905, 0.2874 -1.1417 -0.5905, 0.2874 -1.6142 -0.5905, -0.8222 0.0197 -0.5628, -0.9197 0.0197 -0.4961, -0.8226 0.0197 -0.5636, -0.8432 0.0197 -0.5871, -0.926 0.0197 -0.5027, -0.9512 0.0197 -0.6299, -0.9512 0.0197 -0.5118, -0.9232 0.0197 -0.6275, -0.9422 0.0197 -0.5108, -0.9336 0.0197 -0.5077, -0.8933 0.0197 -0.6191, -0.9205 0.0197 -0.6268, -0.8494 0.0197 -0.592, -0.8651 0.0197 -0.6043, -0.8829 0.0197 -0.6136, -0.8205 -0.1771 -0.5605, -0.9197 -0.1771 -0.4961, -0.9196 -0.1771 -0.6268, -0.8897 -0.1771 -0.6175, -0.9422 -0.1771 -0.5108, -0.9336 -0.1771 -0.5077, -0.9204 -0.1771 -0.6269, -0.9512 -0.1771 -0.5118, -0.9512 -0.1771 -0.6299, -0.926 -0.1771 -0.5027, -0.8402 -0.1771 -0.5844, -0.8223 -0.1771 -0.5627, -0.8828 -0.1771 -0.6138, -0.8651 -0.1771 -0.6043, -0.8495 -0.1771 -0.5918, -0.5754 -0.1771 -0.5628, -0.4779 -0.1771 -0.4961, -0.575 -0.1771 -0.5636, -0.5545 -0.1771 -0.5871, -0.4716 -0.1771 -0.5027, -0.5483 -0.1771 -0.592, -0.5325 -0.1771 -0.6043, -0.464 -0.1771 -0.5077, -0.4465 -0.1771 -0.6299, -0.4465 -0.1771 -0.5118, -0.4744 -0.1771 -0.6275, -0.4555 -0.1771 -0.5108, -0.5148 -0.1771 -0.6136, -0.5043 -0.1771 -0.6191, -0.4772 -0.1771 -0.6268, -0.5772 0.0197 -0.5605, -0.4779 0.0197 -0.4961, -0.5753 0.0197 -0.5627, -0.5574 0.0197 -0.5844, -0.4716 0.0197 -0.5027, -0.5481 0.0197 -0.5918, -0.5325 0.0197 -0.6043, -0.464 0.0197 -0.5077, -0.5149 0.0197 -0.6138, -0.5079 0.0197 -0.6175, -0.4555 0.0197 -0.5108, -0.4781 0.0197 -0.6268, -0.4772 0.0197 -0.6269, -0.4465 0.0197 -0.5118, -0.4465 0.0197 -0.6299, 1.6417 1.063 0.0793, 1.6456 1.0669 0.0772, 1.6417 1.063 -0.2953, 1.6582 1.0795 0.0703, 1.6583 1.0796 0.0702, 1.6682 1.0895 0.0604, 1.6686 1.0899 0.0599, 1.6724 1.0936 -0.2561, 1.6749 1.0962 0.0502, 1.676 1.0973 0.0474, 1.6788 1.1 0.0405, 1.6801 1.1014 0.0335, 1.6663 1.0875 -0.2686, 1.6598 1.0811 -0.2767, 1.6524 1.0737 -0.286, 1.6431 1.0644 -0.2941, 1.6796 1.1009 -0.2339, 1.675 1.0963 -0.2506, 1.6797 1.1009 -0.233, 1.6811 1.1024 -0.2165, 1.6811 1.1024 0.0236, 1.6808 1.102 0.0302, 1.6345 -0.5707 0.2039, 1.6356 -0.5709 0.2013, 1.6356 -1.2008 0.2013, 1.6433 -1.2008 0.1868, 1.6327 -0.5704 0.2081, 1.634 -1.201 0.2051, 1.6327 -1.2012 0.2081, 1.6436 -0.5709 0.1869, 1.6466 -0.5709 0.1814, 1.664 -1.2008 0.1594, 1.664 -0.5709 0.1594, 1.6902 -1.2008 0.1372, 1.6647 -0.5709 0.1585, 1.6888 -0.5709 0.1381, 1.6902 -0.5709 0.1373, 1.717 -0.5709 0.1225, 1.7205 -1.2008 0.1211, 1.7206 -0.5709 0.1214, 1.7469 -0.5709 0.1132, 1.7536 -1.2008 0.1121, 1.7536 -0.5709 0.1125, 1.6811 -2.0079 0.1102, 1.6417 -1.8897 0.1102, -0.1063 0.1575 -0.5118, -1.134 0.1917 -0.546, -1.1393 0.1892 -0.5436, -1.121 0.1959 -0.5503, -1.1297 0.1937 -0.548, -1.1201 0.196 -0.5503, -1.1102 0.1969 -0.5512, -0.1063 0.1969 -0.5512, -1.1463 0.1841 -0.5384, -1.1507 0.1808 -0.5351, -1.1565 0.1738 -0.5281, -1.1606 0.1688 -0.5231, -1.164 0.1615 -0.5158, -1.1659 0.1575 -0.5118, 0.2874 -0.252 -0.5118, 0.2867 -0.243 -0.5118, 0.2825 -0.2285 -0.5118, 0.2748 -0.2154 -0.5118, 0.264 -0.2048 -0.5118, 0.2508 -0.1973 -0.5118, 0.2362 -0.1934 -0.5118, 0.221 -0.1934 -0.5118, 0.1983 -0.2011 -0.5118, 0.2064 -0.1971 -0.5118, 0.2874 -0.7244 -0.5118, 0.1983 -0.7752 -0.5118, 0.2867 -0.7333 -0.5118, 0.2064 -0.7792 -0.5118, 0.221 -0.783 -0.5118, 0.2362 -0.7829 -0.5118, 0.2508 -0.779 -0.5118, 0.264 -0.7715 -0.5118, 0.2748 -0.7609 -0.5118, 0.2825 -0.7479 -0.5118, 0.2874 -1.1417 -0.5118, 0.2867 -1.1328 -0.5118, 0.2825 -1.1182 -0.5118, 0.2748 -1.1052 -0.5118, 0.264 -1.0946 -0.5118, 0.2508 -1.0871 -0.5118, 0.2362 -1.0832 -0.5118, 0.221 -1.0831 -0.5118, 0.1983 -1.0909 -0.5118, 0.2064 -1.0869 -0.5118, 0.2874 -1.6142 -0.5118, 0.1983 -1.665 -0.5118, 0.2867 -1.6231 -0.5118, 0.2064 -1.669 -0.5118, 0.221 -1.6728 -0.5118, 0.2362 -1.6727 -0.5118, 0.2508 -1.6688 -0.5118, 0.264 -1.6613 -0.5118, 0.2748 -1.6507 -0.5118, 0.2825 -1.6377 -0.5118, -1.2559 -2.0079 -0.5512, -0.1063 -2.0079 -0.5512, -1.2559 -1.8897 -0.5118, -0.1063 -1.8897 -0.5118, -1.2283 -0.0394 -0.6299, -1.2559 -0.0394 -0.6299, -1.2283 -0.0394 -0.5118, -1.2559 -0.0394 -0.5118, 0.8071 1.0709 0.311, 0.8059 1.0709 0.3012, 0.8052 1.0709 0.2958, 0.8019 1.0709 0.2873, 0.8005 1.0709 0.2837, 0.7944 1.0709 0.2749, 0.7925 1.0709 0.2721, 0.7841 1.0709 0.2647, 0.7812 1.0709 0.262, 0.7719 1.0709 0.2569, 0.7708 1.0709 0.2563, 0.7579 1.0709 0.2528, 0.7575 1.0709 0.2527, 0.748 1.0709 0.252, 0.5906 1.0709 0.252, 0.5807 1.0709 0.2532, 0.5753 1.0709 0.2538, 0.5668 1.0709 0.2571, 0.5632 1.0709 0.2585, 0.5544 1.0709 0.2647, 0.5517 1.0709 0.2666, 0.5442 1.0709 0.2749, 0.5415 1.0709 0.2779, 0.5364 1.0709 0.2872, 0.5358 1.0709 0.2883, 0.5323 1.0709 0.3011, 0.5322 1.0709 0.3015, 0.5315 1.0709 0.311, 0.5315 1.0709 0.4567, 0.5315 0.9886 0.5202, 0.8071 0.9886 0.5202, 0.5315 0.9769 0.531, 0.8071 0.9769 0.5309, 0.5315 0.9705 0.5369, 0.8071 0.9701 0.5372, 0.5315 0.962 0.5415, 0.8071 0.962 0.5414, 0.5315 0.9496 0.5482, 0.8071 0.9479 0.5489, 0.5315 0.9479 0.5489, 0.8071 1.0709 0.4567, -0.5315 1.0709 0.311, -0.5327 1.0709 0.3012, -0.5334 1.0709 0.2958, -0.5367 1.0709 0.2873, -0.5381 1.0709 0.2837, -0.5442 1.0709 0.2749, -0.5461 1.0709 0.2721, -0.5544 1.0709 0.2647, -0.5574 1.0709 0.262, -0.5667 1.0709 0.2569, -0.5678 1.0709 0.2563, -0.5806 1.0709 0.2528, -0.581 1.0709 0.2527, -0.5906 1.0709 0.252, -0.748 1.0709 0.252, -0.7579 1.0709 0.2532, -0.7633 1.0709 0.2538, -0.7718 1.0709 0.2571, -0.7754 1.0709 0.2585, -0.7842 1.0709 0.2647, -0.7869 1.0709 0.2666, -0.7944 1.0709 0.2749, -0.7971 1.0709 0.2779, -0.8022 1.0709 0.2872, -0.8028 1.0709 0.2883, -0.8063 1.0709 0.3011, -0.8064 1.0709 0.3015, -0.8071 1.0709 0.311, -0.8071 1.0709 0.4567, -0.8071 0.9886 0.5202, -0.5315 0.9886 0.5202, -0.8071 0.9769 0.531, -0.5315 0.9769 0.5309, -0.8071 0.9705 0.5369, -0.5315 0.9701 0.5372, -0.8071 0.962 0.5415, -0.5315 0.962 0.5414, -0.8071 0.9496 0.5482, -0.5315 0.9479 0.5489, -0.8071 0.9479 0.5489, -0.5315 1.0709 0.4567, 1.7598 1.004 -0.315, 1.6417 1.004 -0.315, 1.6417 1.0204 -0.3136, 1.7598 1.1024 -0.2165, 1.7598 1.1002 -0.2329, 1.7598 1.099 -0.242, 1.7598 1.0933 -0.2559, 1.7598 1.0892 -0.2657, 1.7598 1.0809 -0.2765, 1.7598 1.0639 -0.2935, 1.7598 1.0736 -0.2861, 1.7598 1.0532 -0.3018, 1.6417 1.0436 -0.3066, 1.7598 1.0433 -0.3058, 1.7598 1.0294 -0.3116, 1.7598 1.0203 -0.3128, 1.7598 1.1024 0.0236, 1.7598 1.0532 0.0819, 1.6417 1.0532 0.0818, 1.7598 1.0528 0.082, 1.7598 1.1012 0.0335, 1.7598 1.0661 0.0784, 1.7598 1.0672 0.0777, 1.7598 1.0765 0.0727, 1.7598 1.0794 0.07, 1.7598 1.0878 0.0625, 1.7598 1.0897 0.0598, 1.7598 1.0958 0.051, 1.7598 1.0972 0.0474, 1.7598 1.1005 0.0389, 1.6417 0.8465 0.0827, 1.7598 0.8465 0.0827, 1.7598 -0.0394 -0.0276, 1.6417 -0.0394 -0.0276, 1.7598 0.0197 0.0315, 1.7598 0.0102 0.0308, 1.6417 0.0197 0.0315, 1.6417 0.0098 0.0307, 1.7598 0.0098 0.0307, 1.7598 -0.003 0.0272, 1.6417 -0.0041 0.0265, 1.7598 -0.0042 0.0266, 1.7598 -0.0134 0.0215, 1.6417 -0.0166 0.019, 1.7598 -0.0164 0.0188, 1.7598 -0.0247 0.0113, 1.6417 -0.0269 0.0087, 1.7598 -0.0267 0.0086, 1.7598 -0.0328 -0.0002, 1.6417 -0.0343 -0.0037, 1.7598 -0.0381 -0.0177, 1.6417 -0.0385 -0.0177, 1.7598 -0.0375 -0.0123, 1.7598 -0.0342 -0.0038, 1.6417 0.1969 0.0315, 1.7598 0.1969 0.0315, 1.7598 0.5315 0.0315, 1.6417 0.5315 0.0315, 1.7598 0.5906 -0.0276, 1.7598 0.5899 -0.0181, 1.6417 0.5906 -0.0276, 1.6417 0.5897 -0.0177, 1.7598 0.5414 0.0303, 1.6417 0.5414 0.0307, 1.7598 0.5467 0.0296, 1.6417 0.5553 0.0265, 1.6417 0.5678 0.019, 1.7598 0.5589 0.0249, 1.7598 0.5553 0.0263, 1.6417 0.5781 0.0087, 1.7598 0.5704 0.0169, 1.7598 0.5677 0.0188, 1.6417 0.5856 -0.0037, 1.7598 0.5805 0.0056, 1.7598 0.5779 0.0086, 1.7598 0.5898 -0.0177, 1.7598 0.5862 -0.0048, 1.7598 0.5856 -0.0037, 1.7598 0.5906 -0.2165, 1.6417 0.5906 -0.2165, 1.6417 0.689 -0.315, 1.7598 0.689 -0.315, 1.7598 0.6671 -0.3125, 1.6417 0.6671 -0.3125, 1.7598 0.6463 -0.3052, 1.6417 0.6463 -0.3052, 1.7598 0.6276 -0.2935, 1.6417 0.6276 -0.2935, 1.7598 0.612 -0.2779, 1.6417 0.612 -0.2779, 1.7598 0.6003 -0.2592, 1.6417 0.6003 -0.2592, 1.7598 0.593 -0.2384, 1.6417 0.593 -0.2384, 1.7598 -0.4527 0.1102, 1.6417 -0.4527 0.1102, 1.7564 -0.5709 0.235, 1.764 -0.5709 0.231, 1.7723 -0.5709 0.2287, 1.7499 -0.5709 0.2405, 1.7455 -0.5709 0.2461, 1.7448 -1.2009 0.2474, 1.7455 -1.2008 0.2461, 1.7499 -1.2008 0.2405, 1.7564 -1.2008 0.235, 1.764 -1.2008 0.231, 1.7723 -1.2008 0.2287, 1.7448 -0.5708 0.2474, 1.7435 -1.201 0.2498, 1.7441 -0.5707 0.2487, 1.742 -1.2012 0.2527, 1.742 -0.5704 0.2527, 1.6417 -1.3189 0.1102, 1.7598 -1.3189 0.1102, 0.9151 0.0197 0.4726, 0.807 0.0197 0.5201, 0.807 -0.1771 0.5201, 0.9151 -0.1771 0.4726, 0.4825 0.0197 0.4726, 0.5906 0.0197 0.5201, 0.5906 -0.1771 0.5201, 0.4825 -0.1771 0.4726, -0.4825 0.0197 0.4726, -0.5906 0.0197 0.5201, -0.5906 -0.1771 0.5201, -0.4825 -0.1771 0.4726, -0.9151 0.0197 0.4726, -0.807 0.0197 0.5201, -0.807 -0.1771 0.5201, -0.9151 -0.1771 0.4726, 1.7598 -2.0079 0.1102, -1.1693 0.0197 -0.6299, -1.17 0.0102 -0.6299, -1.1693 0.0197 -0.5118, -1.1701 0.0098 -0.5118, -1.1701 0.0098 -0.6299, -1.1736 -0.003 -0.6299, -1.1743 -0.0041 -0.5118, -1.1742 -0.0042 -0.6299, -1.1793 -0.0134 -0.6299, -1.1818 -0.0166 -0.5118, -1.182 -0.0164 -0.6299, -1.1895 -0.0247 -0.6299, -1.192 -0.0269 -0.5118, -1.1922 -0.0267 -0.6299, -1.201 -0.0328 -0.6299, -1.2045 -0.0343 -0.5118, -1.2185 -0.0381 -0.6299, -1.2185 -0.0385 -0.5118, -1.2131 -0.0375 -0.6299, -1.2046 -0.0342 -0.6299, -1.1693 0.1378 -0.6299, -1.1693 0.1378 -0.5118, -1.1685 0.1477 -0.5118, -1.1102 0.1969 -0.6299, -1.1197 0.1962 -0.6299, -1.1341 0.1919 -0.6299, -1.133 0.1925 -0.6299, -1.1201 0.1961 -0.6299, -1.1463 0.1842 -0.6299, -1.1434 0.1868 -0.6299, -1.1566 0.174 -0.6299, -1.1547 0.1767 -0.6299, -1.1641 0.1616 -0.6299, -1.1627 0.1652 -0.6299, -1.1674 0.153 -0.6299, -1.1681 0.1477 -0.6299, -0.1063 0.1969 -0.6299, -0.1063 -0.2638 -0.5118, -0.1063 -0.2638 -0.6299, -0.0144 -0.3259 -0.5118, -0.0053 -0.3214 -0.5118, -0.0053 -0.3214 -0.6299, -0.1051 -0.2738 -0.6299, -0.1055 -0.2739 -0.5118, -0.1043 -0.2802 -0.6299, -0.1008 -0.2904 -0.5118, -0.092 -0.3051 -0.5118, -0.0983 -0.2955 -0.6299, -0.1003 -0.2902 -0.6299, -0.0797 -0.3172 -0.5118, -0.0888 -0.3089 -0.6299, -0.0917 -0.3049 -0.6299, -0.0648 -0.3257 -0.5118, -0.0764 -0.3195 -0.6299, -0.0795 -0.3169 -0.6299, -0.0479 -0.3302 -0.6299, -0.0482 -0.3301 -0.6299, -0.0482 -0.3301 -0.5118, -0.0614 -0.327 -0.6299, -0.0647 -0.3254 -0.6299, -0.0145 -0.3258 -0.6299, -0.016 -0.3265 -0.6299, -0.0311 -0.3302 -0.5118, -0.0311 -0.3302 -0.6299, -0.0313 -0.3303 -0.6299, 0.1496 -0.2299 -0.6299, 0.1496 -0.7465 -0.6299, -0.0053 -0.655 -0.5118, -0.0053 -0.655 -0.6299, -0.1055 -0.7024 -0.5118, -0.1063 -0.7126 -0.5118, -0.1063 -0.7126 -0.6299, -0.0146 -0.6509 -0.6299, -0.0144 -0.6505 -0.5118, -0.0205 -0.6484 -0.6299, -0.0311 -0.6462 -0.5118, -0.0482 -0.6462 -0.5118, -0.0368 -0.6457 -0.6299, -0.0311 -0.6466 -0.6299, -0.0648 -0.6507 -0.5118, -0.0531 -0.647 -0.6299, -0.0482 -0.6466 -0.6299, -0.0797 -0.6592 -0.5118, -0.0685 -0.6524 -0.6299, -0.0647 -0.651 -0.6299, -0.0922 -0.6715 -0.6299, -0.092 -0.6712 -0.6299, -0.092 -0.6712 -0.5118, -0.0826 -0.6614 -0.6299, -0.0796 -0.6595 -0.6299, -0.1054 -0.7025 -0.6299, -0.1053 -0.7008 -0.6299, -0.1008 -0.686 -0.5118, -0.1008 -0.6859 -0.6299, -0.1007 -0.6857 -0.6299, -0.1063 -1.1535 -0.5118, -0.1063 -1.1535 -0.6299, -0.0144 -1.2156 -0.5118, -0.0053 -1.2112 -0.5118, -0.0053 -1.2112 -0.6299, -0.1051 -1.1636 -0.6299, -0.1055 -1.1637 -0.5118, -0.1043 -1.1699 -0.6299, -0.1008 -1.1802 -0.5118, -0.092 -1.1949 -0.5118, -0.0983 -1.1853 -0.6299, -0.1003 -1.18 -0.6299, -0.0797 -1.2069 -0.5118, -0.0888 -1.1987 -0.6299, -0.0917 -1.1947 -0.6299, -0.0648 -1.2154 -0.5118, -0.0764 -1.2093 -0.6299, -0.0795 -1.2066 -0.6299, -0.0479 -1.2199 -0.6299, -0.0482 -1.2198 -0.6299, -0.0482 -1.2199 -0.5118, -0.0614 -1.2168 -0.6299, -0.0647 -1.2151 -0.6299, -0.0145 -1.2156 -0.6299, -0.016 -1.2163 -0.6299, -0.0311 -1.2199 -0.5118, -0.0311 -1.22 -0.6299, -0.0313 -1.22 -0.6299, 0.1496 -1.1196 -0.6299, 0.1496 -1.6362 -0.6299, -0.0053 -1.5447 -0.5118, -0.0053 -1.5447 -0.6299, -0.1051 -1.5923 -0.5118, -0.1063 -1.6023 -0.5118, -0.1063 -1.6023 -0.6299, -0.0146 -1.5407 -0.6299, -0.0146 -1.5406 -0.5118, -0.0205 -1.5381 -0.6299, -0.0196 -1.5384 -0.5118, -0.0311 -1.5364 -0.6299, -0.0311 -1.5363 -0.5118, -0.0368 -1.5355 -0.6299, -0.035 -1.5356 -0.5118, -0.0482 -1.5364 -0.6299, -0.0482 -1.5362 -0.5118, -0.0506 -1.5364 -0.5118, -0.0531 -1.5368 -0.6299, -0.0648 -1.5405 -0.5118, -0.0647 -1.5408 -0.6299, -0.0655 -1.5407 -0.5118, -0.0685 -1.5421 -0.6299, -0.0791 -1.5485 -0.5118, -0.0796 -1.5492 -0.6299, -0.0797 -1.549 -0.5118, -0.0826 -1.5512 -0.6299, -0.0905 -1.5592 -0.5118, -0.092 -1.561 -0.6299, -0.0918 -1.5611 -0.5118, -0.0922 -1.5613 -0.6299, -0.1007 -1.5755 -0.6299, -0.0991 -1.5722 -0.5118, -0.1008 -1.5757 -0.6299, -0.1054 -1.5922 -0.6299, -0.1053 -1.5906 -0.6299, -0.1045 -1.5868 -0.5118, -0.1005 -1.5758 -0.5118, -0.1063 -2.0079 -0.6299, -1.0709 -1.3189 -0.6299, -1.0709 -1.3189 -0.5118, -1.061 -1.3177 -0.6299, -1.061 -1.3176 -0.5118, -1.0556 -1.317 -0.6299, -1.0556 -1.3169 -0.5118, -1.0471 -1.3137 -0.6299, -1.0472 -1.3134 -0.5118, -1.0435 -1.3123 -0.6299, -1.0413 -1.311 -0.5118, -1.0347 -1.3062 -0.6299, -1.0349 -1.306 -0.5118, -1.032 -1.3043 -0.6299, -1.0291 -1.3016 -0.5118, -1.0245 -1.2959 -0.6299, -1.0247 -1.2958 -0.5118, -1.0218 -1.293 -0.6299, -1.0197 -1.2894 -0.5118, -1.0167 -1.2837 -0.6299, -1.0173 -1.2835 -0.5118, -1.0161 -1.2826 -0.6299, -1.0138 -1.2751 -0.5118, -1.0126 -1.2697 -0.6299, -1.0131 -1.2697 -0.5118, -1.0125 -1.2693 -0.6299, -1.0118 -1.2598 -0.5118, -1.0118 -1.2598 -0.6299, -1.0118 -0.5118 -0.6299, -1.0118 -0.5118 -0.5118, -1.2559 -2.0079 -0.6299, -1.2559 -1.3189 -0.6299, -1.2559 -1.3189 -0.5118, -1.0709 -0.4527 -0.6299, -1.0614 -0.4534 -0.6299, -1.0709 -0.4527 -0.5118, -1.061 -0.4536 -0.5118, -1.061 -0.4535 -0.6299, -1.0481 -0.4571 -0.6299, -1.047 -0.4578 -0.5118, -1.047 -0.4577 -0.6299, -1.0377 -0.4628 -0.6299, -1.0346 -0.4652 -0.5118, -1.0348 -0.4654 -0.6299, -1.0264 -0.4729 -0.6299, -1.0243 -0.4755 -0.5118, -1.0245 -0.4757 -0.6299, -1.0184 -0.4844 -0.6299, -1.0168 -0.488 -0.5118, -1.013 -0.5019 -0.6299, -1.0126 -0.5019 -0.5118, -1.0137 -0.4966 -0.6299, -1.017 -0.488 -0.6299, 0.8071 0.9272 0.4936, 0.5315 0.9272 0.4936, -0.5315 0.9272 0.4936, -0.8071 0.9272 0.4936, 1.6417 0.7874 0.1102, 1.6417 0.7965 0.1102, 1.6417 0.7999 0.1054, 1.6417 0.8227 0.0877, 1.6417 0.8102 0.0952, 1.6417 0.8366 0.0835, 1.6132 -1.2593 0.2558, 1.6132 -1.2598 0.2559, 1.6132 -0.5118 0.2559, 1.6235 -1.21 0.2306, 1.6192 -1.2194 0.2411, 1.616 -1.2312 0.2491, 1.6139 -1.2448 0.2541, 1.6134 -0.5203 0.2553, 1.6148 -0.5341 0.2518, 1.6174 -0.5463 0.2456, 1.6298 -0.5689 0.2153, 1.6285 -1.2038 0.2184, 1.6253 -0.5643 0.2263, 1.6208 -0.5564 0.2371, 1.3505 -2.0079 0.5248, 1.2559 -2.0079 0.5354, 1.2559 -1.8897 0.4961, 1.3171 -1.8897 0.4892, 1.3418 -1.8897 0.4864, 1.4404 -2.0079 0.4933, 1.4086 -1.8897 0.463, 1.4233 -1.8897 0.4579, 1.521 -2.0079 0.4427, 1.491 -1.8897 0.4153, 1.4965 -1.8897 0.4119, 1.5883 -2.0079 0.3753, 1.5576 -1.8897 0.3508, 1.559 -1.8897 0.3484, 1.639 -2.0079 0.2947, 1.6035 -1.8897 0.2776, 1.6075 -1.8897 0.2663, 1.6704 -2.0079 0.2049, 1.6344 -1.8897 0.175, 1.6321 -1.8897 0.1961, -1.2559 -0.4527 -0.5118, -1.6308 -1.8897 -0.2088, -1.6362 -1.8897 -0.191, -1.6743 -2.0079 -0.1975, -1.3079 -2.0079 -0.548, -1.3173 -1.8897 -0.5069, -1.6786 -2.0079 -0.1721, -1.6417 -1.8897 -0.126, -1.6811 -2.0079 -0.126, -1.4091 -1.8897 -0.4801, -1.4079 -2.0079 -0.5231, -1.3386 -1.8897 -0.5007, -1.3586 -2.0079 -0.5387, -1.3235 -2.0079 -0.5452, -1.4956 -1.8897 -0.4275, -1.515 -2.0079 -0.4622, -1.4914 -1.8897 -0.4316, -1.4994 -2.0079 -0.4747, -1.4211 -1.8897 -0.473, -1.4553 -2.0079 -0.5016, -1.4244 -2.0079 -0.5156, -1.6032 -1.8897 -0.2914, -1.608 -2.0079 -0.3645, -1.5593 -1.8897 -0.3643, -1.5897 -2.0079 -0.3882, -1.5577 -1.8897 -0.3659, -1.5764 -2.0079 -0.4055, -1.5398 -2.0079 -0.4426, -1.67 -2.0079 -0.2228, -1.6551 -2.0079 -0.2725, -1.6086 -1.8897 -0.2825, -1.6439 -2.0079 -0.2981, -1.6342 -2.0079 -0.3202, -2.1142 -0.7677 -0.0, -2.1142 -0.7684 0.009, -2.2323 -0.7677 -0.0, -2.2323 -0.7688 0.0089, -2.2323 -0.7696 0.0149, -2.1142 -0.7716 0.0211, -2.2323 -0.772 0.021, -2.2323 -0.7745 0.0276, -2.1142 -0.7775 0.0326, -2.2323 -0.7779 0.0324, -2.2323 -0.783 0.0397, -2.1142 -0.7868 0.0434, -2.2323 -0.787 0.0432, -2.2323 -0.7934 0.0488, -2.1142 -0.7979 0.0515, -2.2323 -0.7981 0.0512, -2.2323 -0.8057 0.0552, -2.1142 -0.811 0.0569, -2.2323 -0.8111 0.0565, -2.2323 -0.8206 0.0587, -2.1142 -0.8254 0.059, -2.2323 -0.8254 0.0586, -2.2323 -0.8351 0.0585, -2.1142 -0.8399 0.0576, -2.2323 -0.8398 0.0572, -2.2323 -0.849 0.0547, -2.1142 -0.853 0.0529, -2.2323 -0.8528 0.0526, -2.2323 -0.8612 0.048, -2.1142 -0.8646 0.0454, -2.2323 -0.8643 0.0451, -2.2323 -0.8712 0.0388, -2.1142 -0.874 0.0354, -2.2323 -0.8737 0.0352, -2.2323 -0.8792 0.0271, -2.1142 -0.8814 0.0224, -2.2323 -0.8811 0.0223, -2.2323 -0.8838 0.0152, -2.1142 -0.885 0.0095, -2.2323 -0.8847 0.0095, -2.2323 -0.8857 0.003, -2.1142 -0.8858 -0.0, -2.2323 -0.8858 -0.0042, -2.1142 -0.8858 -0.2559, -2.2323 -0.8858 -0.2559, -2.1142 -0.9449 -0.315, -2.2323 -0.9449 -0.315, -2.2323 -0.9317 -0.3135, -2.1142 -0.9317 -0.3135, -2.2323 -0.9192 -0.3091, -2.1142 -0.9192 -0.3091, -2.2323 -0.908 -0.3021, -2.1142 -0.908 -0.3021, -2.2323 -0.8987 -0.2927, -2.1142 -0.8987 -0.2927, -2.2323 -0.8917 -0.2815, -2.1142 -0.8917 -0.2815, -2.2323 -0.8873 -0.269, -2.1142 -0.8873 -0.269, -2.1142 -1.1417 -0.315, -2.2323 -1.1417 -0.315, -2.1142 -1.2008 -0.2559, -2.2323 -1.2008 -0.2559, -2.2323 -1.1993 -0.269, -2.1142 -1.1993 -0.269, -2.2323 -1.1949 -0.2815, -2.1142 -1.1949 -0.2815, -2.2323 -1.1879 -0.2927, -2.1142 -1.1879 -0.2927, -2.2323 -1.1785 -0.3021, -2.1142 -1.1785 -0.3021, -2.2323 -1.1673 -0.3091, -2.1142 -1.1673 -0.3091, -2.2323 -1.1549 -0.3135, -2.1142 -1.1549 -0.3135, -2.2323 -1.2008 0.0707, -2.1142 -1.2008 0.0707, -2.2296 -1.2008 0.097, -2.1132 -1.2008 0.0795, -2.106 -1.2008 0.2251, -2.1367 -1.2008 0.2155, -2.0836 -1.2008 0.1091, -2.0919 -1.2008 0.1062, -2.1056 -1.2008 0.0953, -2.0994 -1.2008 0.1015, -2.1856 -1.2008 0.1826, -2.1383 -1.2008 0.2147, -2.161 -1.2008 0.2026, -2.1711 -1.2008 0.1943, -1.6645 -1.2008 0.1586, -1.7499 -1.2008 0.2405, -1.6888 -1.2008 0.1381, -1.7564 -1.2008 0.235, -1.764 -1.2008 0.231, -1.717 -1.2008 0.1225, -1.6902 -1.2008 0.1373, -2.1103 -1.2008 0.0878, -2.2204 -1.2008 0.1308, -2.229 -1.2008 0.1028, -2.1985 -1.2008 0.1671, -2.2054 -1.2008 0.1588, -2.2186 -1.2008 0.1341, -1.664 -1.2008 0.1593, -1.6466 -1.2008 0.1813, -1.7455 -1.2008 0.2461, -1.6436 -1.2008 0.1869, -1.6356 -1.2008 0.2013, -1.7723 -1.2008 0.2287, -1.7469 -1.2008 0.1132, -1.7206 -1.2008 0.1214, -2.1011 -1.2008 0.2255, -2.0748 -1.2008 0.1101, -2.0748 -1.2008 0.2282, -1.7785 -1.2008 0.2282, -1.7785 -1.2008 0.1101, -1.7536 -1.2008 0.1125, -1.6826 -0.0394 -0.3943, -1.7097 -0.0394 -0.3453, -1.6035 -0.0394 -0.2934, -1.4965 -0.0394 -0.4276, -1.6122 -0.0394 -0.4823, -1.5576 -0.0394 -0.3665, -1.6501 -0.0394 -0.4401, -1.6802 -0.0394 -0.3976, -1.4771 -0.0394 -0.5788, -1.5276 -0.0394 -0.5505, -1.4233 -0.0394 -0.4736, -1.5277 -0.0394 -0.5505, -1.573 -0.0394 -0.5177, -1.7462 -0.0394 -0.2429, -1.6321 -0.0394 -0.2118, -1.7309 -0.0394 -0.2943, -1.7284 -0.0394 -0.3003, -1.3249 -0.0394 -0.6247, -1.3418 -0.0394 -0.5021, -1.3125 -0.0394 -0.6268, -1.7548 -0.0394 -0.195, -1.7561 -0.0394 -0.1878, -1.6417 -0.0394 -0.126, -1.7598 -0.0394 -0.1343, -1.7598 -0.0394 -0.126, -1.3679 -0.0394 -0.6174, -1.4219 -0.0394 -0.6018, -1.4302 -0.0394 -0.5984, -1.7598 1.0236 0.0827, -1.6417 1.0236 0.0827, -1.7598 1.0433 0.0827, -1.6417 1.0433 0.0827, 0.9449 0.9646 0.6142, 0.9449 0.9646 0.4961, 0.9449 0.9567 0.6142, 0.9449 0.9567 0.4961, 0.8071 0.8977 0.4961, 0.8071 0.9134 0.4961, 0.8071 0.8977 0.6142, 0.8071 0.9134 0.6142, 0.5315 1.0682 0.483, 0.5315 1.0676 0.4888, 0.5315 0.9134 0.6142, 0.5315 0.9204 0.4954, 0.5315 0.9134 0.4961, 0.5315 1.059 0.5168, 0.5315 1.0572 0.5201, 0.5315 1.044 0.5448, 0.5315 0.9769 0.6007, 0.5315 0.9996 0.5885, 0.5315 1.0097 0.5803, 0.5315 1.0242 0.5686, 0.5315 1.0371 0.5531, 0.5315 0.9397 0.6115, 0.5315 0.9446 0.611, 0.5315 0.9753 0.6015, 0.8071 0.9204 0.4954, 0.8071 1.0682 0.483, 0.8071 1.0677 0.4879, 0.8071 1.0582 0.5186, 0.8071 1.0015 0.5873, 0.8071 0.9768 0.6005, 0.8071 0.9735 0.6023, 0.8071 1.0574 0.5201, 0.8071 1.0453 0.5429, 0.8071 1.0098 0.5804, 0.8071 1.0253 0.5675, 0.8071 1.037 0.553, 0.8071 0.9455 0.6109, 0.8071 0.9397 0.6115, 0.5315 0.8977 0.4961, 0.5315 0.8977 0.6142, 0.3937 0.9567 0.6142, 0.3937 0.9567 0.4961, 0.3937 0.9843 0.4961, 0.3937 0.9843 0.6142, 0.3937 1.0236 0.5748, 0.3937 1.0236 0.5354, -0.3937 1.0236 0.5748, -0.3937 1.0236 0.5354, -0.3937 0.9843 0.4961, -0.3937 0.9567 0.4961, -0.3937 0.9567 0.6142, -0.3937 0.9843 0.6142, -0.5315 0.8977 0.4961, -0.5315 0.9134 0.4961, -0.5315 0.8977 0.6142, -0.5315 0.9134 0.6142, -0.8071 1.0682 0.483, -0.8071 1.0676 0.4888, -0.8071 0.9134 0.6142, -0.8071 0.9204 0.4954, -0.8071 0.9134 0.4961, -0.8071 1.059 0.5168, -0.8071 1.0572 0.5201, -0.8071 1.044 0.5448, -0.8071 0.9769 0.6007, -0.8071 0.9996 0.5885, -0.8071 1.0097 0.5803, -0.8071 1.0242 0.5686, -0.8071 1.0371 0.5531, -0.8071 0.9397 0.6115, -0.8071 0.9446 0.611, -0.8071 0.9753 0.6015, -0.5315 0.9204 0.4954, -0.5315 1.0682 0.483, -0.5315 1.0677 0.4879, -0.5315 1.0582 0.5186, -0.5315 1.0015 0.5873, -0.5315 0.9768 0.6005, -0.5315 0.9735 0.6023, -0.5315 1.0574 0.5201, -0.5315 1.0453 0.5429, -0.5315 1.0098 0.5804, -0.5315 1.0253 0.5675, -0.5315 1.037 0.553, -0.5315 0.9455 0.6109, -0.5315 0.9397 0.6115, -0.8071 0.8977 0.4961, -0.8071 0.8977 0.6142, -0.9449 0.9567 0.4961, -0.9449 0.9646 0.4961, -0.9449 0.9567 0.6142, -0.9449 0.9646 0.6142, 1.6485 0.7874 0.4263, 1.5593 0.7874 0.3486, 1.6106 0.7874 0.4682, 1.4914 0.7874 0.4159, 1.6104 0.7874 0.4685, 1.5678 0.7874 0.5061, 1.4268 0.7874 0.5841, 1.4717 0.7874 0.5657, 1.4091 0.7874 0.4644, 1.522 0.7874 0.5383, 1.525 0.7874 0.5362, 1.2559 0.7874 0.6142, 1.3125 0.7874 0.611, 1.2559 0.7874 0.4961, 1.3173 0.7874 0.4911, 1.7589 0.7874 0.1417, 1.6404 0.7874 0.1417, 1.7558 0.7874 0.1739, 1.6362 0.7874 0.1753, 1.6793 0.7874 0.3833, 1.6811 0.7874 0.3808, 1.6086 0.7874 0.2667, 1.7086 0.7874 0.3317, 1.7282 0.7874 0.2856, 1.7297 0.7874 0.2821, 1.7457 0.7874 0.229, 1.7548 0.7874 0.1796, 1.3206 0.7874 0.6097, 1.3678 0.7874 0.6016, 1.4219 0.7874 0.586, 1.7592 0.7886 0.1319, 1.6411 0.7886 0.1319, 1.7598 0.7974 0.1089, 1.6414 0.7892 0.1272, 1.7593 0.7892 0.1273, 1.6416 0.7927 0.118, 1.7596 0.7928 0.1181, 1.6417 0.7943 0.1141, 1.7597 0.7945 0.1137, 1.7598 0.7965 0.1102, 1.7598 0.8002 0.1057, 1.7598 0.8066 0.0981, 1.7598 0.8104 0.0954, 1.7598 0.8184 0.0898, 1.7598 0.8228 0.0881, 1.7598 0.832 0.0845, 1.7598 0.8366 0.0839, 1.7598 0.7874 0.1102, 1.7416 -0.4527 0.2445, 1.6313 -0.4527 0.1995, 1.7473 -0.4527 0.2221, 1.6362 -0.4527 0.1753, 1.7545 -0.4527 0.1796, 1.7567 -0.4527 0.1666, 1.7264 -0.4773 0.29, 1.7261 -0.4786 0.2907, 1.6169 -0.4784 0.2465, 1.6168 -0.4786 0.2467, 1.7392 -0.5684 0.2597, 1.7366 -0.5667 0.266, 1.7347 -0.564 0.2707, 1.7325 -0.5611 0.276, 1.7303 -0.556 0.2814, 1.7281 -0.5509 0.2869, 1.7268 -0.5462 0.29, 1.7254 -0.5411 0.2936, 1.7242 -0.5341 0.2964, 1.7236 -0.5302 0.298, 1.7228 -0.5202 0.2998, 1.6146 -0.4902 0.2524, 1.724 -0.4896 0.2964, 1.6145 -0.4908 0.2525, 1.7239 -0.4909 0.2967, 1.6134 -0.5038 0.2554, 1.7227 -0.5041 0.3, 1.6133 -0.5057 0.2556, 1.7227 -0.5057 0.3001, 1.7225 -0.5118 0.3005, 1.7227 -0.5182 0.3002, 1.7373 -0.4547 0.2588, 1.7333 -0.4597 0.2708, 1.6239 -0.4596 0.2263, 1.733 -0.4601 0.2717, 1.6202 -0.4675 0.2373, 1.7294 -0.4676 0.2819, 1.62 -0.4682 0.2378, 1.7292 -0.4682 0.2823, 1.728 -0.472 0.2855, 1.624 -0.4593 0.2259, 1.6275 -0.4546 0.2141, 1.7374 -0.4546 0.2586, 1.6275 -0.4545 0.2139, 1.7253 -1.2312 0.2936, 1.7286 -1.2194 0.2857, 1.7225 -1.2598 0.3005, 1.7328 -1.21 0.2752, 1.7378 -1.2038 0.263, 1.7226 -1.2593 0.3004, 1.7233 -1.2448 0.2987, 1.7401 -1.3184 0.2496, 1.7416 -1.3189 0.2445, 1.6313 -1.3189 0.1995, 1.63 -1.3186 0.2047, 1.6297 -1.3186 0.2057, 1.7389 -1.3181 0.254, 1.6262 -1.3156 0.2186, 1.736 -1.3153 0.2633, 1.7353 -1.3147 0.2656, 1.6261 -1.3155 0.2189, 1.7319 -1.3088 0.2758, 1.6223 -1.309 0.2311, 1.7314 -1.3081 0.2771, 1.6223 -1.309 0.2312, 1.7283 -1.3 0.2856, 1.7281 -1.2994 0.2862, 1.6186 -1.2996 0.2417, 1.7279 -1.299 0.2867, 1.6186 -1.2995 0.2418, 1.7251 -1.2875 0.2941, 1.6158 -1.2886 0.2493, 1.6156 -1.2875 0.2497, 1.725 -1.2873 0.2942, 1.614 -1.2761 0.254, 1.7232 -1.2739 0.2989, 1.7232 -1.2738 0.2989, 1.6138 -1.2738 0.2542, 1.7286 -1.2194 0.2857, 1.6362 -1.3189 0.1753, 1.7536 -1.3189 0.1893, 1.7593 -1.3189 0.1334, 1.7546 -1.3189 0.1797, 1.2402 0.7874 0.6142, 1.2402 0.7874 0.4961, 0.8222 0.0197 0.547, 0.9197 0.0197 0.4804, 0.8226 0.0197 0.5478, 0.8432 0.0197 0.5714, 0.926 0.0197 0.487, 0.9512 0.0197 0.6142, 0.9512 0.0197 0.4961, 0.9232 0.0197 0.6118, 0.9422 0.0197 0.495, 0.9336 0.0197 0.4919, 0.8933 0.0197 0.6033, 0.9205 0.0197 0.611, 0.8494 0.0197 0.5762, 0.8651 0.0197 0.5886, 0.8829 0.0197 0.5979, 0.8205 -0.1771 0.5447, 0.9197 -0.1771 0.4804, 0.9512 -0.1771 0.6142, 0.9204 -0.1771 0.6111, 0.9512 -0.1771 0.4961, 0.9422 -0.1771 0.495, 0.926 -0.1771 0.487, 0.8402 -0.1771 0.5687, 0.8223 -0.1771 0.547, 0.9196 -0.1771 0.6111, 0.8897 -0.1771 0.6017, 0.9336 -0.1771 0.4919, 0.8828 -0.1771 0.598, 0.8651 -0.1771 0.5886, 0.8495 -0.1771 0.5761, 0.5754 -0.1771 0.547, 0.4779 -0.1771 0.4804, 0.575 -0.1771 0.5478, 0.5545 -0.1771 0.5714, 0.4716 -0.1771 0.487, 0.5483 -0.1771 0.5762, 0.5325 -0.1771 0.5886, 0.464 -0.1771 0.4919, 0.4465 -0.1771 0.6142, 0.4465 -0.1771 0.4961, 0.4744 -0.1771 0.6118, 0.4555 -0.1771 0.495, 0.5148 -0.1771 0.5979, 0.5043 -0.1771 0.6033, 0.4772 -0.1771 0.611, 0.5772 0.0197 0.5447, 0.4779 0.0197 0.4804, 0.5753 0.0197 0.547, 0.5574 0.0197 0.5687, 0.4716 0.0197 0.487, 0.5481 0.0197 0.5761, 0.5325 0.0197 0.5886, 0.464 0.0197 0.4919, 0.5149 0.0197 0.598, 0.5079 0.0197 0.6017, 0.4555 0.0197 0.495, 0.4781 0.0197 0.6111, 0.4772 0.0197 0.6111, 0.4465 0.0197 0.4961, 0.4465 0.0197 0.6142, -0.5754 0.0197 0.547, -0.4779 0.0197 0.4804, -0.575 0.0197 0.5478, -0.5545 0.0197 0.5714, -0.4716 0.0197 0.487, -0.5483 0.0197 0.5762, -0.5325 0.0197 0.5886, -0.464 0.0197 0.4919, -0.4465 0.0197 0.6142, -0.4465 0.0197 0.4961, -0.4744 0.0197 0.6118, -0.4555 0.0197 0.495, -0.5148 0.0197 0.5979, -0.5043 0.0197 0.6033, -0.4772 0.0197 0.611, -0.5772 -0.1771 0.5447, -0.4779 -0.1771 0.4804, -0.4465 -0.1771 0.6142, -0.4772 -0.1771 0.6111, -0.4465 -0.1771 0.4961, -0.4555 -0.1771 0.495, -0.4716 -0.1771 0.487, -0.5574 -0.1771 0.5687, -0.5753 -0.1771 0.547, -0.4781 -0.1771 0.6111, -0.5079 -0.1771 0.6017, -0.464 -0.1771 0.4919, -0.5149 -0.1771 0.598, -0.5325 -0.1771 0.5886, -0.5481 -0.1771 0.5761, -0.8222 -0.1771 0.547, -0.9197 -0.1771 0.4804, -0.8226 -0.1771 0.5478, -0.8432 -0.1771 0.5714, -0.926 -0.1771 0.487, -0.8494 -0.1771 0.5762, -0.8651 -0.1771 0.5886, -0.9336 -0.1771 0.4919, -0.9512 -0.1771 0.6142, -0.9512 -0.1771 0.4961, -0.9232 -0.1771 0.6118, -0.9422 -0.1771 0.495, -0.8829 -0.1771 0.5979, -0.8933 -0.1771 0.6033, -0.9205 -0.1771 0.611, -0.8205 0.0197 0.5447, -0.9197 0.0197 0.4804, -0.8223 0.0197 0.547, -0.8402 0.0197 0.5687, -0.926 0.0197 0.487, -0.8495 0.0197 0.5761, -0.8651 0.0197 0.5886, -0.9336 0.0197 0.4919, -0.8828 0.0197 0.598, -0.8897 0.0197 0.6017, -0.9422 0.0197 0.495, -0.9196 0.0197 0.6111, -0.9204 0.0197 0.6111, -0.9512 0.0197 0.4961, -0.9512 0.0197 0.6142, 1.4242 -2.0079 0.5853, 1.3728 -2.0079 0.6005, 1.7545 -2.0079 0.1796, 1.7567 -2.0079 0.1668, 1.3206 -2.0079 0.6099, 1.3177 -2.0079 0.6104, 1.2642 -2.0079 0.6141, 1.2559 -2.0079 0.6142, 1.5251 -2.0079 0.5363, 1.5243 -2.0079 0.5369, 1.4752 -2.0079 0.564, 1.4268 -2.0079 0.5842, 1.57 -2.0079 0.5044, 1.6105 -2.0079 0.4682, 1.6122 -2.0079 0.4666, 1.7088 -2.0079 0.3314, 1.6804 -2.0079 0.3819, 1.6794 -2.0079 0.3834, 1.6477 -2.0079 0.4273, 1.7473 -2.0079 0.2222, 1.7317 -2.0079 0.2762, 1.7279 -2.0079 0.2855, -1.2559 -0.4527 -0.6299, -1.7598 -2.0079 -0.126, -1.2642 -2.0079 -0.6299, -1.7567 -2.0079 -0.1826, -1.7553 -2.0079 -0.1907, -1.7473 -2.0079 -0.238, -1.7317 -2.0079 -0.292, -1.7297 -2.0079 -0.2968, -1.7088 -2.0079 -0.3472, -1.6819 -2.0079 -0.3951, -1.6804 -2.0079 -0.3977, -1.6477 -2.0079 -0.443, -1.6138 -2.0079 -0.4806, -1.6122 -2.0079 -0.4823, -1.57 -2.0079 -0.5202, -1.5289 -2.0079 -0.5493, -1.5243 -2.0079 -0.5527, -1.4752 -2.0079 -0.5797, -1.4312 -2.0079 -0.5981, -1.4242 -2.0079 -0.601, -1.3728 -2.0079 -0.6163, -1.3253 -2.0079 -0.6248, -1.3177 -2.0079 -0.6262, -1.7309 -1.3189 -0.2943, -1.7462 -1.3189 -0.2429, -1.6326 -1.3189 -0.2093, -1.573 -1.3189 -0.5177, -1.4961 -1.3189 -0.428, -1.5291 -1.3189 -0.5495, -1.4219 -1.3189 -0.4743, -1.5276 -1.3189 -0.5505, -1.4771 -1.3189 -0.5788, -1.6122 -1.3189 -0.4823, -1.6138 -1.3189 -0.4806, -1.5579 -1.3189 -0.3661, -1.6501 -1.3189 -0.4401, -1.6042 -1.3189 -0.292, -1.682 -1.3189 -0.3951, -1.3253 -1.3189 -0.6246, -1.3679 -1.3189 -0.6174, -1.3392 -1.3189 -0.5027, -1.4219 -1.3189 -0.6018, -1.4311 -1.3189 -0.598, -1.3125 -1.3189 -0.6268, -1.6826 -1.3189 -0.3943, -1.7097 -1.3189 -0.3453, -1.7298 -1.3189 -0.2969, -1.7556 -1.3189 -0.1907, -1.7561 -1.3189 -0.1878, -1.6417 -1.3189 -0.126, -1.7598 -1.3189 -0.1343, -1.7598 -1.3189 -0.126, -1.6457 1.067 0.0774, -1.6417 1.063 0.0793, -1.6759 1.0972 0.0474, -1.6683 1.0896 0.0597, -1.6651 1.0863 0.0641, -1.658 1.0793 0.0699, -1.6601 1.0814 -0.2769, -1.6712 1.0925 -0.2596, -1.6725 1.0938 -0.2561, -1.6802 1.1015 0.0335, -1.6802 1.1014 0.0344, -1.6779 1.0992 0.0431, -1.6735 1.0948 0.0527, -1.653 1.0743 0.074, -1.6587 1.08 -0.2791, -1.643 1.0643 -0.294, -1.6417 1.063 -0.2953, -1.6776 1.0989 -0.2428, -1.6794 1.1007 -0.233, -1.6807 1.102 -0.2256, -1.6811 1.1024 -0.2165, -1.6811 1.1024 0.0236, -1.3418 -0.4527 -0.5021, -1.4233 -0.4527 -0.4736, -1.4965 -0.4527 -0.4276, -1.5576 -0.4527 -0.3665, -1.6035 -0.4527 -0.2934, -1.6321 -0.4527 -0.2118, -1.6417 -0.4527 -0.126, 1.1724 0.9956 0.5074, 1.1758 0.9883 0.5001, 1.1458 1.0184 0.5302, 0.9774 1.0174 0.5292, 0.9801 1.0185 0.5303, 0.9504 0.9881 0.4999, 1.1415 1.0204 0.5322, 0.9483 0.9843 0.4961, 0.9871 1.0213 0.5331, 0.9941 1.0227 0.5345, 0.9973 1.0233 0.5351, 1.0039 1.0236 0.5354, 1.1777 0.9843 0.4961, 1.1581 1.0108 0.5226, 1.1626 1.0076 0.5194, 1.1683 1.0006 0.5124, 1.122 1.0236 0.5354, 1.1319 1.0228 0.5346, 1.1328 1.0227 0.5345, 0.9573 1.0009 0.5127, 0.9671 1.0108 0.5226, 0.9677 1.0111 0.5229, 1.1511 1.016 0.5278, 0.9572 1.0008 0.5126, 0.7874 0.9134 0.4961, -0.0 0.9843 0.4961, -0.7874 0.9134 0.4961, -1.0415 0.9843 0.4961, -1.1777 0.9843 0.4961, -1.1756 0.9881 0.4999, -1.1687 1.0008 0.5126, -1.1686 1.0009 0.5127, -1.1589 1.0108 0.5226, -0.9802 1.0184 0.5302, -0.9749 1.016 0.5278, -0.9679 1.0108 0.5226, -0.9634 1.0076 0.5194, -0.9577 1.0006 0.5124, -0.9536 0.9956 0.5074, -0.9502 0.9883 0.5001, -0.9483 0.9843 0.4961, -1.1583 1.0111 0.5229, -1.1486 1.0174 0.5292, -1.1459 1.0185 0.5303, -1.1389 1.0213 0.5331, -1.1319 1.0227 0.5345, -1.1286 1.0233 0.5351, -1.122 1.0236 0.5354, -1.0039 1.0236 0.5354, -0.994 1.0228 0.5346, -0.9932 1.0227 0.5345, -0.9845 1.0204 0.5322, 1.2559 0.2461 0.4961, 1.2559 -1.0334 0.4961, 0.7874 -1.8897 0.4961, 0.4447 -1.8897 0.4961, -1.2559 -1.8897 0.4961, -1.0415 -1.8897 0.4961, -1.2559 -2.0079 0.5354, -0.7874 -1.8897 0.4961, -0.4447 -1.8897 0.4961, -0.3937 -1.8897 0.4961, -0.0 -1.8897 0.4961, 0.3937 -1.8897 0.4961, -1.6811 -2.0079 0.1102, -1.6417 -1.8897 0.1102, -2.1142 -0.5709 -0.0, -2.2323 -0.5709 -0.0, -2.2323 -0.5709 0.0707, -2.2323 -1.1879 -0.2927, -2.2323 -1.1949 -0.2815, -2.2323 -1.1993 -0.269, -2.2323 -1.1549 -0.3135, -2.2323 -1.1673 -0.3091, -2.2323 -1.1785 -0.3021, -2.2323 -0.9317 -0.3135, -2.2323 -0.8873 -0.269, -2.2323 -0.8917 -0.2815, -2.2323 -0.8987 -0.2927, -2.2323 -0.908 -0.3021, -2.2323 -0.9192 -0.3091, -2.2296 -0.5709 0.097, -2.1313 -0.5709 0.2177, -2.1012 -0.5709 0.226, -2.1009 -0.5709 0.2261, -2.0748 -0.5709 0.2282, -2.2291 -0.5709 0.102, -2.2197 -0.5709 0.1323, -2.2187 -0.5709 0.1341, -2.2047 -0.5709 0.1599, -2.1985 -0.5709 0.1671, -2.1842 -0.5709 0.184, -2.1711 -0.5709 0.1943, -2.1596 -0.5709 0.2034, -2.1381 -0.5709 0.2143, -1.7785 -0.5709 0.2282, -1.7785 -0.5709 0.1101, -1.7558 -0.5709 0.1116, -1.7536 -0.5709 0.1122, -1.7275 -0.5709 0.1184, -1.7207 -0.5709 0.1215, -1.6987 -0.5709 0.1317, -1.6906 -0.5709 0.1377, -1.6728 -0.5709 0.1508, -1.644 -0.5709 0.1871, -1.6645 -0.5709 0.1599, -1.6518 -0.5709 0.1739, -1.6327 -0.5704 0.2081, -1.6327 -1.2012 0.2081, -1.6356 -0.5709 0.2013, -2.0748 -0.5709 0.1101, -2.0836 -0.5709 0.1091, -2.0919 -0.5709 0.1062, -2.0994 -0.5709 0.1015, -2.1056 -0.5709 0.0953, -2.1103 -0.5709 0.0878, -2.1132 -0.5709 0.0795, -2.1142 -0.5709 0.0707, -2.1142 -0.885 0.0095, -2.1142 -0.8814 0.0224, -2.1142 -0.874 0.0354, -2.1142 -0.811 0.0569, -2.1142 -0.8254 0.059, -2.1142 -0.8399 0.0576, -2.1142 -0.7979 0.0515, -2.1142 -0.7868 0.0434, -2.1142 -0.7775 0.0326, -2.1142 -0.8646 0.0454, -2.1142 -0.853 0.0529, -2.1142 -0.7684 0.009, -2.1142 -0.7716 0.0211, -1.742 -1.2012 0.2527, -1.742 -0.5704 0.2527, -1.7448 -1.2009 0.2474, -1.7448 -0.5708 0.2474, -1.7723 -0.5709 0.2287, -1.764 -0.5709 0.231, -1.7564 -0.5709 0.235, -1.7499 -0.5709 0.2405, -1.7455 -0.5709 0.2461, -1.7413 -1.2017 0.2545, -1.6319 -1.2015 0.2099, -1.7365 -1.205 0.2663, -1.6266 -1.2056 0.2229, -1.736 -1.2057 0.2675, -1.7317 -1.2121 0.2781, -1.6219 -1.213 0.2346, -1.7313 -1.2131 0.2791, -1.7275 -1.2228 0.2884, -1.6179 -1.2233 0.2442, -1.7273 -1.2234 0.2888, -1.7247 -1.2343 0.2953, -1.6151 -1.2359 0.2512, -1.7245 -1.2359 0.2958, -1.723 -1.2478 0.2994, -1.6135 -1.2499 0.2551, -1.7229 -1.2499 0.2996, -1.6132 -1.2598 0.2559, -1.7225 -1.2598 0.3005, -1.6417 1.0532 0.0818, -1.7598 1.1024 0.0236, -1.7598 1.1017 0.0331, -1.7598 1.0974 0.0475, -1.7598 1.0981 0.0464, -1.7598 1.1016 0.0335, -1.7598 1.0897 0.0597, -1.7598 1.0924 0.0568, -1.7598 1.0795 0.07, -1.7598 1.0822 0.0681, -1.7598 1.0671 0.0775, -1.7598 1.0707 0.0761, -1.7598 1.0586 0.0808, -1.7598 1.0532 0.0815, -1.7598 1.1024 -0.2165, -1.6417 1.0436 -0.3066, -1.7598 1.0467 -0.3052, -1.7598 1.0435 -0.3063, -1.7598 1.0644 -0.2941, -1.7598 1.0653 -0.2935, -1.7598 1.1005 -0.233, -1.7598 1.0809 -0.2779, -1.7598 1.0815 -0.277, -1.7598 1.0926 -0.2592, -1.7598 1.0937 -0.2561, -1.7598 1.0999 -0.2384, -1.7598 1.0259 -0.3125, -1.6417 1.0204 -0.3136, -1.7598 1.0204 -0.3131, -1.6417 1.004 -0.315, -1.7598 1.004 -0.315, -1.6417 0.689 -0.315, -1.7598 0.689 -0.315, -1.6417 0.5906 -0.2165, -1.7598 0.5906 -0.2165, -1.7598 0.593 -0.2384, -1.6417 0.593 -0.2384, -1.7598 0.6003 -0.2592, -1.6417 0.6003 -0.2592, -1.7598 0.612 -0.2779, -1.6417 0.612 -0.2779, -1.7598 0.6276 -0.2935, -1.6417 0.6276 -0.2935, -1.7598 0.6463 -0.3052, -1.6417 0.6463 -0.3052, -1.7598 0.6671 -0.3125, -1.6417 0.6671 -0.3125, -1.6417 0.5906 -0.0276, -1.7598 0.5906 -0.0276, -1.7598 0.5315 0.0315, -1.7598 0.541 0.0308, -1.6417 0.5315 0.0315, -1.6417 0.5414 0.0307, -1.7598 0.5894 -0.0177, -1.6417 0.5897 -0.0177, -1.7598 0.5887 -0.0123, -1.6417 0.5856 -0.0037, -1.6417 0.5781 0.0087, -1.7598 0.584 -0.0002, -1.7598 0.5854 -0.0038, -1.6417 0.5678 0.019, -1.7598 0.576 0.0113, -1.7598 0.5779 0.0086, -1.6417 0.5553 0.0265, -1.7598 0.5647 0.0215, -1.7598 0.5676 0.0188, -1.7598 0.5414 0.0307, -1.7598 0.5543 0.0272, -1.7598 0.5554 0.0266, -1.6417 0.1969 0.0315, -1.7598 0.1969 0.0315, -1.7598 0.0197 0.0315, -1.6417 0.0197 0.0315, -1.7598 -0.0394 -0.0276, -1.7598 -0.0387 -0.0181, -1.6417 -0.0394 -0.0276, -1.6417 -0.0385 -0.0177, -1.7598 -0.0386 -0.0177, -1.7598 -0.035 -0.0048, -1.6417 -0.0343 -0.0037, -1.7598 -0.0344 -0.0037, -1.7598 -0.0293 0.0056, -1.6417 -0.0269 0.0087, -1.7598 -0.0267 0.0086, -1.7598 -0.0192 0.0169, -1.6417 -0.0166 0.019, -1.7598 -0.0164 0.0188, -1.7598 -0.0077 0.0249, -1.6417 -0.0041 0.0265, -1.7598 0.0099 0.0303, -1.6417 0.0098 0.0307, -1.7598 0.0045 0.0296, -1.7598 -0.0041 0.0263, -1.7551 -0.4527 -0.195, -1.325 -0.4527 -0.6252, -1.7598 -0.4527 -0.126, -1.7287 -0.4527 -0.3004, -1.6803 -0.4527 -0.3977, -1.6122 -0.4527 -0.4823, -1.5276 -0.4527 -0.5504, -1.4303 -0.4527 -0.5988, -1.7598 0.8465 0.0827, -1.6417 0.8465 0.0827, -1.2559 0.7874 0.4961, -1.2559 0.7874 0.6142, -1.2402 0.7874 0.4961, -1.2402 0.7874 0.6142, 1.1811 0.8465 0.6142, 1.1811 0.8465 0.4961, 1.1811 0.9646 0.6142, 1.1811 0.9646 0.4961, 1.1803 0.9745 0.4961, 1.122 1.0236 0.6142, 1.1316 1.023 0.6142, 1.1459 1.0187 0.6142, 1.1448 1.0193 0.6142, 1.132 1.0228 0.6142, 1.1582 1.011 0.6142, 1.1552 1.0136 0.6142, 1.1684 1.0007 0.6142, 1.1665 1.0035 0.6142, 1.1759 0.9883 0.6142, 1.1745 0.9919 0.6142, 1.1792 0.9798 0.6142, 1.1799 0.9744 0.6142, 1.0039 1.0236 0.6142, 0.9457 0.9745 0.6142, 0.9457 0.9745 0.4961, 0.9456 0.9741 0.6142, 0.9941 1.0224 0.6142, 0.9492 0.9873 0.6142, 0.9498 0.9884 0.6142, 0.9549 0.9977 0.6142, 0.9576 1.0007 0.6142, 0.965 1.009 0.6142, 0.9678 1.0109 0.6142, 0.9766 1.0171 0.6142, 0.9802 1.0185 0.6142, 0.9887 1.0218 0.6142, 0.8858 0.8977 0.6142, 0.8953 0.8983 0.6142, 0.8858 0.8977 0.4961, 0.8957 0.8985 0.4961, 0.8957 0.8984 0.6142, 0.9086 0.902 0.6142, 0.9096 0.9027 0.4961, 0.9097 0.9026 0.6142, 0.919 0.9077 0.6142, 0.9221 0.9101 0.4961, 0.9219 0.9103 0.6142, 0.9303 0.9178 0.6142, 0.9324 0.9204 0.4961, 0.9322 0.9206 0.6142, 0.9383 0.9293 0.6142, 0.9399 0.9329 0.4961, 0.9437 0.9469 0.6142, 0.944 0.9468 0.4961, 0.943 0.9415 0.6142, 0.9397 0.933 0.6142, 0.7874 0.9134 0.6142, 0.4528 0.8977 0.6142, 0.4528 0.8977 0.4961, 0.3944 0.9472 0.6142, 0.3945 0.9468 0.4961, 0.3945 0.9468 0.6142, 0.398 0.934 0.6142, 0.3987 0.9329 0.4961, 0.3986 0.9328 0.6142, 0.4037 0.9236 0.6142, 0.4062 0.9204 0.4961, 0.4064 0.9206 0.6142, 0.4139 0.9123 0.6142, 0.4165 0.9101 0.4961, 0.4166 0.9104 0.6142, 0.4254 0.9042 0.6142, 0.4289 0.9027 0.4961, 0.4447 0.8986 0.6142, 0.4447 0.8983 0.4961, 0.4429 0.8989 0.6142, 0.4429 0.8985 0.4961, 0.4375 0.8995 0.6142, 0.429 0.9028 0.6142, -0.0 0.9843 0.6142, -0.4433 0.8983 0.6142, -0.4429 0.8985 0.4961, -0.4447 0.8983 0.4961, -0.4528 0.8977 0.4961, -0.4528 0.8977 0.6142, -0.4447 0.8982 0.6142, -0.4429 0.8984 0.6142, -0.43 0.902 0.6142, -0.4289 0.9027 0.4961, -0.4289 0.9026 0.6142, -0.4196 0.9077 0.6142, -0.4165 0.9101 0.4961, -0.4166 0.9103 0.6142, -0.4083 0.9178 0.6142, -0.4062 0.9204 0.4961, -0.4064 0.9206 0.6142, -0.4003 0.9293 0.6142, -0.3987 0.9329 0.4961, -0.3949 0.9469 0.6142, -0.3945 0.9468 0.4961, -0.3956 0.9415 0.6142, -0.3989 0.933 0.6142, -0.7874 0.9134 0.6142, -0.8858 0.8977 0.6142, -0.8858 0.8977 0.4961, -0.9442 0.9472 0.6142, -0.944 0.9468 0.4961, -0.9441 0.9468 0.6142, -0.9406 0.934 0.6142, -0.9399 0.9329 0.4961, -0.9399 0.9328 0.6142, -0.9349 0.9236 0.6142, -0.9324 0.9204 0.4961, -0.9322 0.9206 0.6142, -0.9247 0.9123 0.6142, -0.9221 0.9101 0.4961, -0.922 0.9104 0.6142, -0.9132 0.9042 0.6142, -0.9096 0.9027 0.4961, -0.8957 0.8989 0.6142, -0.8957 0.8985 0.4961, -0.9011 0.8995 0.6142, -0.9096 0.9028 0.6142, -0.9457 0.9745 0.4961, -1.0039 1.0236 0.6142, -0.9944 1.023 0.6142, -0.9801 1.0187 0.6142, -0.9812 1.0193 0.6142, -0.994 1.0228 0.6142, -0.9678 1.011 0.6142, -0.9708 1.0136 0.6142, -0.9576 1.0007 0.6142, -0.9595 1.0035 0.6142, -0.9501 0.9883 0.6142, -0.9515 0.9919 0.6142, -0.9467 0.9798 0.6142, -0.9461 0.9744 0.6142, -1.0415 1.0236 0.6142, -1.122 1.0236 0.6142, -1.1803 0.9745 0.6142, -1.1803 0.9745 0.4961, -1.1804 0.9741 0.6142, -1.1811 0.9646 0.4961, -1.1811 0.9646 0.6142, -1.1319 1.0224 0.6142, -1.1768 0.9873 0.6142, -1.1762 0.9884 0.6142, -1.1711 0.9977 0.6142, -1.1684 1.0007 0.6142, -1.1609 1.009 0.6142, -1.1582 1.0109 0.6142, -1.1494 1.0171 0.6142, -1.1458 1.0185 0.6142, -1.1373 1.0218 0.6142, -1.1811 0.8465 0.4961, -1.1811 0.8465 0.6142, -1.2303 0.7885 0.4961, -1.1938 0.8103 0.6142, -1.194 0.8097 0.4961, -1.1957 0.8076 0.6142, -1.2033 0.8003 0.4961, -1.204 0.8001 0.6142, -1.2039 0.8 0.4961, -1.207 0.7974 0.6142, -1.2145 0.7933 0.4961, -1.2163 0.7924 0.6142, -1.2164 0.7926 0.4961, -1.2174 0.7917 0.6142, -1.227 0.7889 0.4961, -1.2303 0.7882 0.6142, -1.2307 0.7881 0.6142, -1.1823 0.8366 0.6142, -1.1822 0.8366 0.4961, -1.183 0.8312 0.6142, -1.1826 0.8333 0.4961, -1.1863 0.8227 0.6142, -1.1863 0.8227 0.4961, -1.1877 0.8191 0.6142, -1.187 0.8208 0.4961, -1.1936 0.8102 0.4961, 1.2559 0.2461 0.6142, 1.2559 -1.0925 0.6142, 1.2013 0.802 0.6142, 1.194 0.8097 0.4961, 1.1938 0.8104 0.6142, 1.1936 0.8102 0.4961, 1.1911 0.8133 0.6142, 1.187 0.8208 0.4961, 1.186 0.8226 0.6142, 1.1863 0.8227 0.4961, 1.1854 0.8237 0.6142, 1.1826 0.8333 0.4961, 1.1819 0.8366 0.6142, 1.1822 0.8366 0.4961, 1.1818 0.837 0.6142, 1.2303 0.7886 0.6142, 1.2303 0.7885 0.4961, 1.2249 0.7893 0.6142, 1.227 0.7889 0.4961, 1.2164 0.7926 0.6142, 1.2164 0.7926 0.4961, 1.2128 0.794 0.6142, 1.2145 0.7933 0.4961, 1.204 0.8001 0.6142, 1.2039 0.8 0.4961, 1.2033 0.8003 0.4961, -0.502 0.6693 0.6142, -0.6791 0.6693 0.6142, -0.502 0.6693 0.4961, -0.6791 0.6693 0.4961, -0.4429 0.6103 0.4961, -0.4429 0.6103 0.6142, -0.4436 0.6198 0.6142, -0.4472 0.633 0.6142, -0.4479 0.6341 0.4961, -0.4447 0.6233 0.4961, -0.4437 0.6201 0.4961, -0.4437 0.6202 0.6142, -0.4447 0.6237 0.6142, -0.4478 0.6341 0.6142, -0.4529 0.6434 0.6142, -0.4554 0.6466 0.4961, -0.4556 0.6464 0.6142, -0.4631 0.6547 0.6142, -0.4657 0.6568 0.4961, -0.4658 0.6566 0.6142, -0.4746 0.6627 0.6142, -0.4782 0.6643 0.4961, -0.4921 0.6681 0.6142, -0.4921 0.6685 0.4961, -0.4867 0.6674 0.6142, -0.4782 0.6641 0.6142, -0.4429 0.5315 0.4961, -0.4429 0.5315 0.6142, -0.502 0.4725 0.6142, -0.4925 0.4731 0.6142, -0.502 0.4725 0.4961, -0.4921 0.4733 0.4961, -0.4921 0.4733 0.6142, -0.4792 0.4768 0.6142, -0.4782 0.4775 0.4961, -0.4781 0.4774 0.6142, -0.4688 0.4825 0.6142, -0.4657 0.4849 0.4961, -0.4659 0.4851 0.6142, -0.4575 0.4926 0.6142, -0.4554 0.4952 0.4961, -0.4556 0.4954 0.6142, -0.4495 0.5042 0.6142, -0.4479 0.5077 0.4961, -0.4441 0.5217 0.6142, -0.4437 0.5216 0.4961, -0.4447 0.5171 0.6142, -0.4447 0.5185 0.4961, -0.4448 0.5163 0.6142, -0.4481 0.5078 0.6142, -0.6791 0.4725 0.4961, -0.6791 0.4725 0.6142, -0.7382 0.5315 0.6142, -0.7375 0.522 0.6142, -0.7382 0.5315 0.4961, -0.7374 0.5216 0.4961, -0.7374 0.5216 0.6142, -0.7339 0.5088 0.6142, -0.7332 0.5077 0.4961, -0.7333 0.5076 0.6142, -0.7282 0.4984 0.6142, -0.7257 0.4952 0.4961, -0.7255 0.4954 0.6142, -0.718 0.4871 0.6142, -0.7154 0.4849 0.4961, -0.7153 0.4852 0.6142, -0.7065 0.479 0.6142, -0.703 0.4775 0.4961, -0.689 0.4737 0.6142, -0.689 0.4733 0.4961, -0.6944 0.4743 0.6142, -0.7029 0.4776 0.6142, -0.7382 0.6103 0.6142, -0.7382 0.6103 0.4961, -0.6886 0.6686 0.6142, -0.689 0.6685 0.4961, -0.689 0.6685 0.6142, -0.7019 0.665 0.6142, -0.703 0.6643 0.4961, -0.703 0.6644 0.6142, -0.7123 0.6593 0.6142, -0.7154 0.6568 0.4961, -0.7152 0.6566 0.6142, -0.7236 0.6491 0.6142, -0.7257 0.6466 0.4961, -0.7255 0.6464 0.6142, -0.7316 0.6376 0.6142, -0.7332 0.6341 0.4961, -0.737 0.6201 0.6142, -0.7374 0.6201 0.4961, -0.7363 0.6255 0.6142, -0.733 0.634 0.6142, -0.1083 0.6693 0.6142, -0.2854 0.6693 0.6142, -0.1083 0.6693 0.4961, -0.2854 0.6693 0.4961, -0.0492 0.6103 0.6142, -0.0499 0.6198 0.6142, -0.0492 0.6103 0.4961, -0.05 0.6201 0.4961, -0.05 0.6202 0.6142, -0.0535 0.633 0.6142, -0.0542 0.6341 0.4961, -0.0541 0.6341 0.6142, -0.0592 0.6434 0.6142, -0.0617 0.6466 0.4961, -0.0619 0.6464 0.6142, -0.0694 0.6547 0.6142, -0.072 0.6568 0.4961, -0.0721 0.6566 0.6142, -0.0809 0.6627 0.6142, -0.0844 0.6643 0.4961, -0.0984 0.6681 0.6142, -0.0984 0.6685 0.4961, -0.093 0.6674 0.6142, -0.0845 0.6641 0.6142, -0.0492 0.5315 0.6142, -0.0492 0.5315 0.4961, -0.1083 0.4725 0.6142, -0.0988 0.4731 0.6142, -0.1083 0.4725 0.4961, -0.0984 0.4733 0.4961, -0.0984 0.4733 0.6142, -0.0855 0.4768 0.6142, -0.0844 0.4775 0.4961, -0.0844 0.4774 0.6142, -0.0751 0.4825 0.6142, -0.072 0.4849 0.4961, -0.0722 0.4851 0.6142, -0.0638 0.4926 0.6142, -0.0617 0.4952 0.4961, -0.0619 0.4954 0.6142, -0.0558 0.5042 0.6142, -0.0542 0.5077 0.4961, -0.0504 0.5217 0.6142, -0.05 0.5216 0.4961, -0.0511 0.5163 0.6142, -0.0544 0.5078 0.6142, -0.2854 0.4725 0.4961, -0.2854 0.4725 0.6142, -0.3445 0.5315 0.6142, -0.3438 0.522 0.6142, -0.3445 0.5315 0.4961, -0.3437 0.5216 0.4961, -0.3437 0.5216 0.6142, -0.3402 0.5088 0.6142, -0.3395 0.5077 0.4961, -0.3396 0.5076 0.6142, -0.3345 0.4984 0.6142, -0.332 0.4952 0.4961, -0.3318 0.4954 0.6142, -0.3243 0.4871 0.6142, -0.3217 0.4849 0.4961, -0.3216 0.4852 0.6142, -0.3128 0.479 0.6142, -0.3093 0.4775 0.4961, -0.2953 0.4737 0.6142, -0.2953 0.4733 0.4961, -0.3007 0.4743 0.6142, -0.3092 0.4776 0.6142, -0.3445 0.6103 0.6142, -0.3445 0.6103 0.4961, -0.2949 0.6686 0.6142, -0.2953 0.6685 0.4961, -0.2953 0.6685 0.6142, -0.3082 0.665 0.6142, -0.3093 0.6643 0.4961, -0.3093 0.6644 0.6142, -0.3186 0.6593 0.6142, -0.3217 0.6568 0.4961, -0.3215 0.6566 0.6142, -0.3299 0.6491 0.6142, -0.332 0.6466 0.4961, -0.3318 0.6464 0.6142, -0.3379 0.6376 0.6142, -0.3395 0.6341 0.4961, -0.3433 0.6201 0.6142, -0.3437 0.6201 0.4961, -0.3426 0.6255 0.6142, -0.3393 0.634 0.6142, -0.8957 0.6693 0.4961, -0.8957 0.6693 0.6142, -1.0415 0.6693 0.4961, -1.0415 0.6693 0.6142, -1.0728 0.6693 0.4961, -1.0728 0.6693 0.6142, -0.8366 0.6103 0.6142, -0.8373 0.6198 0.6142, -0.8366 0.6103 0.4961, -0.8374 0.6201 0.4961, -0.8374 0.6202 0.6142, -0.8409 0.633 0.6142, -0.8416 0.6341 0.4961, -0.8415 0.6341 0.6142, -0.8466 0.6434 0.6142, -0.8491 0.6466 0.4961, -0.8493 0.6464 0.6142, -0.8568 0.6547 0.6142, -0.8594 0.6568 0.4961, -0.8595 0.6566 0.6142, -0.8683 0.6627 0.6142, -0.8719 0.6643 0.4961, -0.8858 0.6681 0.6142, -0.8858 0.6685 0.4961, -0.8804 0.6674 0.6142, -0.8719 0.6641 0.6142, -0.8366 0.5315 0.6142, -0.8366 0.5315 0.4961, -0.8957 0.4725 0.6142, -0.8862 0.4731 0.6142, -0.8957 0.4725 0.4961, -0.8858 0.4733 0.4961, -0.8858 0.4733 0.6142, -0.8729 0.4768 0.6142, -0.8719 0.4775 0.4961, -0.8718 0.4774 0.6142, -0.8625 0.4825 0.6142, -0.8594 0.4849 0.4961, -0.8596 0.4851 0.6142, -0.8512 0.4926 0.6142, -0.8491 0.4952 0.4961, -0.8493 0.4954 0.6142, -0.8432 0.5042 0.6142, -0.8416 0.5077 0.4961, -0.8378 0.5217 0.6142, -0.8374 0.5216 0.4961, -0.8385 0.5163 0.6142, -0.8418 0.5078 0.6142, -1.0728 0.4725 0.4961, -1.0728 0.4725 0.6142, -1.0415 0.4725 0.4961, -1.0415 0.4725 0.6142, -1.1319 0.5315 0.6142, -1.1312 0.522 0.6142, -1.1319 0.5315 0.4961, -1.1311 0.5216 0.4961, -1.1311 0.5216 0.6142, -1.1276 0.5088 0.6142, -1.1269 0.5077 0.4961, -1.127 0.5076 0.6142, -1.1219 0.4984 0.6142, -1.1194 0.4952 0.4961, -1.1192 0.4954 0.6142, -1.1117 0.4871 0.6142, -1.1091 0.4849 0.4961, -1.109 0.4852 0.6142, -1.1002 0.479 0.6142, -1.0967 0.4775 0.4961, -1.0827 0.4737 0.6142, -1.0827 0.4733 0.4961, -1.0881 0.4743 0.6142, -1.0966 0.4776 0.6142, -1.1319 0.6103 0.4961, -1.1319 0.6103 0.6142, -1.0823 0.6686 0.6142, -1.0827 0.6685 0.4961, -1.0827 0.6685 0.6142, -1.0956 0.665 0.6142, -1.0967 0.6643 0.4961, -1.0967 0.6644 0.6142, -1.106 0.6593 0.6142, -1.1091 0.6568 0.4961, -1.1089 0.6566 0.6142, -1.1173 0.6491 0.6142, -1.1194 0.6466 0.4961, -1.1192 0.6464 0.6142, -1.1253 0.6376 0.6142, -1.1269 0.6341 0.4961, -1.1307 0.6201 0.6142, -1.1311 0.6201 0.4961, -1.13 0.6255 0.6142, -1.1267 0.634 0.6142, 0.2854 0.6693 0.6142, 0.1083 0.6693 0.6142, 0.2854 0.6693 0.4961, 0.1083 0.6693 0.4961, 0.3445 0.6103 0.6142, 0.3438 0.6198 0.6142, 0.3445 0.6103 0.4961, 0.3437 0.6201 0.4961, 0.3437 0.6202 0.6142, 0.3402 0.633 0.6142, 0.3395 0.6341 0.4961, 0.3396 0.6341 0.6142, 0.3345 0.6434 0.6142, 0.332 0.6466 0.4961, 0.3318 0.6464 0.6142, 0.3243 0.6547 0.6142, 0.3217 0.6568 0.4961, 0.3216 0.6566 0.6142, 0.3128 0.6627 0.6142, 0.3093 0.6643 0.4961, 0.2953 0.6681 0.6142, 0.2953 0.6685 0.4961, 0.3007 0.6674 0.6142, 0.3092 0.6641 0.6142, 0.3445 0.5315 0.4961, 0.3445 0.5315 0.6142, 0.2854 0.4725 0.6142, 0.2949 0.4731 0.6142, 0.2854 0.4725 0.4961, 0.2953 0.4733 0.4961, 0.2953 0.4733 0.6142, 0.3082 0.4768 0.6142, 0.3093 0.4775 0.4961, 0.3093 0.4774 0.6142, 0.3186 0.4825 0.6142, 0.3217 0.4849 0.4961, 0.3215 0.4851 0.6142, 0.3299 0.4926 0.6142, 0.332 0.4952 0.4961, 0.3318 0.4954 0.6142, 0.3379 0.5042 0.6142, 0.3395 0.5077 0.4961, 0.3433 0.5217 0.6142, 0.3437 0.5216 0.4961, 0.3426 0.5163 0.6142, 0.3393 0.5078 0.6142, 0.1083 0.4725 0.4961, 0.1083 0.4725 0.6142, 0.0492 0.5315 0.6142, 0.0499 0.522 0.6142, 0.0492 0.5315 0.4961, 0.05 0.5216 0.4961, 0.05 0.5216 0.6142, 0.0535 0.5088 0.6142, 0.0542 0.5077 0.4961, 0.0541 0.5076 0.6142, 0.0592 0.4984 0.6142, 0.0617 0.4952 0.4961, 0.0619 0.4954 0.6142, 0.0694 0.4871 0.6142, 0.072 0.4849 0.4961, 0.0721 0.4852 0.6142, 0.0809 0.479 0.6142, 0.0844 0.4775 0.4961, 0.0984 0.4737 0.6142, 0.0984 0.4733 0.4961, 0.093 0.4743 0.6142, 0.0845 0.4776 0.6142, 0.0492 0.6103 0.6142, 0.0492 0.6103 0.4961, 0.0988 0.6686 0.6142, 0.0984 0.6685 0.4961, 0.0984 0.6685 0.6142, 0.0855 0.665 0.6142, 0.0844 0.6643 0.4961, 0.0844 0.6644 0.6142, 0.0751 0.6593 0.6142, 0.072 0.6568 0.4961, 0.0722 0.6566 0.6142, 0.0638 0.6491 0.6142, 0.0617 0.6466 0.4961, 0.0619 0.6464 0.6142, 0.0558 0.6376 0.6142, 0.0542 0.6341 0.4961, 0.0504 0.6201 0.6142, 0.05 0.6201 0.4961, 0.0511 0.6255 0.6142, 0.0544 0.634 0.6142, 0.6791 0.6693 0.6142, 0.502 0.6693 0.6142, 0.6791 0.6693 0.4961, 0.502 0.6693 0.4961, 0.7382 0.6103 0.6142, 0.7375 0.6198 0.6142, 0.7382 0.6103 0.4961, 0.7374 0.6201 0.4961, 0.7374 0.6202 0.6142, 0.7339 0.633 0.6142, 0.7332 0.6341 0.4961, 0.7333 0.6341 0.6142, 0.7282 0.6434 0.6142, 0.7257 0.6466 0.4961, 0.7255 0.6464 0.6142, 0.718 0.6547 0.6142, 0.7154 0.6568 0.4961, 0.7153 0.6566 0.6142, 0.7065 0.6627 0.6142, 0.703 0.6643 0.4961, 0.689 0.6681 0.6142, 0.689 0.6685 0.4961, 0.6944 0.6674 0.6142, 0.7029 0.6641 0.6142, 0.7382 0.5315 0.4961, 0.7382 0.5315 0.6142, 0.6791 0.4725 0.6142, 0.6886 0.4731 0.6142, 0.6791 0.4725 0.4961, 0.689 0.4733 0.4961, 0.689 0.4733 0.6142, 0.7019 0.4768 0.6142, 0.703 0.4775 0.4961, 0.703 0.4774 0.6142, 0.7123 0.4825 0.6142, 0.7154 0.4849 0.4961, 0.7152 0.4851 0.6142, 0.7236 0.4926 0.6142, 0.7257 0.4952 0.4961, 0.7255 0.4954 0.6142, 0.7316 0.5042 0.6142, 0.7332 0.5077 0.4961, 0.737 0.5217 0.6142, 0.7374 0.5216 0.4961, 0.7363 0.5163 0.6142, 0.733 0.5078 0.6142, 0.502 0.4725 0.4961, 0.502 0.4725 0.6142, 0.4429 0.5315 0.4961, 0.4429 0.5315 0.6142, 0.4436 0.522 0.6142, 0.4472 0.5088 0.6142, 0.4479 0.5077 0.4961, 0.4447 0.5185 0.4961, 0.4437 0.5216 0.4961, 0.4437 0.5216 0.6142, 0.4447 0.5181 0.6142, 0.4478 0.5076 0.6142, 0.4529 0.4984 0.6142, 0.4554 0.4952 0.4961, 0.4556 0.4954 0.6142, 0.4631 0.4871 0.6142, 0.4657 0.4849 0.4961, 0.4658 0.4852 0.6142, 0.4746 0.479 0.6142, 0.4782 0.4775 0.4961, 0.4921 0.4737 0.6142, 0.4921 0.4733 0.4961, 0.4867 0.4743 0.6142, 0.4782 0.4776 0.6142, 0.4429 0.6103 0.4961, 0.4429 0.6103 0.6142, 0.4925 0.6686 0.6142, 0.4921 0.6685 0.4961, 0.4921 0.6685 0.6142, 0.4792 0.665 0.6142, 0.4782 0.6643 0.4961, 0.4781 0.6644 0.6142, 0.4688 0.6593 0.6142, 0.4657 0.6568 0.4961, 0.4659 0.6566 0.6142, 0.4575 0.6491 0.6142, 0.4554 0.6466 0.4961, 0.4556 0.6464 0.6142, 0.4495 0.6376 0.6142, 0.4479 0.6341 0.4961, 0.4441 0.6201 0.6142, 0.4437 0.6201 0.4961, 0.4447 0.6247 0.6142, 0.4447 0.6233 0.4961, 0.4448 0.6255 0.6142, 0.4481 0.634 0.6142, 1.1319 0.5315 0.6142, 1.1319 0.6103 0.6142, 1.1319 0.5315 0.4961, 1.1319 0.6103 0.4961, 1.0728 0.4725 0.6142, 1.0823 0.4731 0.6142, 1.0728 0.4725 0.4961, 1.0827 0.4733 0.4961, 1.0827 0.4733 0.6142, 1.0956 0.4768 0.6142, 1.0967 0.4775 0.4961, 1.0967 0.4774 0.6142, 1.106 0.4825 0.6142, 1.1091 0.4849 0.4961, 1.1089 0.4851 0.6142, 1.1173 0.4926 0.6142, 1.1194 0.4952 0.4961, 1.1192 0.4954 0.6142, 1.1253 0.5042 0.6142, 1.1269 0.5077 0.4961, 1.1307 0.5217 0.6142, 1.1311 0.5216 0.4961, 1.13 0.5163 0.6142, 1.1267 0.5078 0.6142, 0.8957 0.4725 0.4961, 0.8957 0.4725 0.6142, 0.8366 0.5315 0.6142, 0.8373 0.522 0.6142, 0.8366 0.5315 0.4961, 0.8374 0.5216 0.4961, 0.8374 0.5216 0.6142, 0.8409 0.5088 0.6142, 0.8416 0.5077 0.4961, 0.8415 0.5076 0.6142, 0.8466 0.4984 0.6142, 0.8491 0.4952 0.4961, 0.8493 0.4954 0.6142, 0.8568 0.4871 0.6142, 0.8594 0.4849 0.4961, 0.8595 0.4852 0.6142, 0.8683 0.479 0.6142, 0.8719 0.4775 0.4961, 0.8858 0.4737 0.6142, 0.8858 0.4733 0.4961, 0.8804 0.4743 0.6142, 0.8719 0.4776 0.6142, 0.8366 0.6103 0.4961, 0.8366 0.6103 0.6142, 0.8957 0.6693 0.6142, 0.8862 0.6686 0.6142, 0.8957 0.6693 0.4961, 0.8858 0.6685 0.4961, 0.8858 0.6685 0.6142, 0.8729 0.665 0.6142, 0.8719 0.6643 0.4961, 0.8718 0.6644 0.6142, 0.8625 0.6593 0.6142, 0.8594 0.6568 0.4961, 0.8596 0.6566 0.6142, 0.8512 0.6491 0.6142, 0.8491 0.6466 0.4961, 0.8493 0.6464 0.6142, 0.8432 0.6376 0.6142, 0.8416 0.6341 0.4961, 0.8378 0.6201 0.6142, 0.8374 0.6201 0.4961, 0.8385 0.6255 0.6142, 0.8418 0.634 0.6142, 1.0728 0.6693 0.4961, 1.0728 0.6693 0.6142, 1.1312 0.6198 0.6142, 1.1311 0.6201 0.4961, 1.1311 0.6202 0.6142, 1.1276 0.633 0.6142, 1.1269 0.6341 0.4961, 1.127 0.6341 0.6142, 1.1219 0.6434 0.6142, 1.1194 0.6466 0.4961, 1.1192 0.6464 0.6142, 1.1117 0.6547 0.6142, 1.1091 0.6568 0.4961, 1.109 0.6566 0.6142, 1.1002 0.6627 0.6142, 1.0967 0.6643 0.4961, 1.0827 0.6681 0.6142, 1.0827 0.6685 0.4961, 1.0881 0.6674 0.6142, 1.0966 0.6641 0.6142, 0.7874 0.0197 0.4961, 0.7874 0.0197 0.6142, 0.7874 -0.1771 0.4961, 0.7874 -0.1771 0.6142, -0.7874 0.0197 0.4961, -0.7874 0.0197 0.6142, -0.7874 -0.1771 0.4961, -0.7874 -0.1771 0.6142, 0.7874 -2.0079 0.6142, 0.4447 -2.0079 0.6142, 0.3937 -2.0079 0.6142, -0.0 -2.0079 0.6142, -0.3937 -2.0079 0.6142, -0.4447 -2.0079 0.6142, -0.7874 -2.0079 0.6142, -1.0415 -2.0079 0.6142, -1.2559 -2.0079 0.6142, -1.7598 -2.0079 0.1102, -1.7598 -1.3189 0.1102, -1.6417 -1.3189 0.1102, -1.6417 -0.4527 0.1102, -1.6417 0.7874 0.1102, -1.6417 0.7999 0.1054, -1.6417 0.7965 0.1102, -1.6417 0.8227 0.0877, -1.6417 0.8102 0.0952, -1.6417 0.8366 0.0835, -1.0415 -1.0334 0.4961, -1.2559 -1.0334 0.4961, -1.2559 0.2461 0.4961, 0.4447 -1.0334 0.4961, 0.3937 -1.0334 0.4961, 0.3937 0.2461 0.4961, -0.3937 -1.0334 0.4961, -0.0 -1.0334 0.4961, -0.3937 0.2461 0.4961, 0.7874 0.2461 0.4961, 0.4447 0.2461 0.4961, -0.7874 0.2461 0.4961, -0.4447 0.2461 0.4961, -1.0415 0.2461 0.4961, 0.7874 -1.0334 0.4961, -0.7874 -1.0334 0.4961, -0.4447 -1.0334 0.4961, -0.0 0.2461 0.4961, -1.6315 -2.0079 0.3097, -1.6455 -2.0079 0.2787, -1.6095 -1.8897 0.2642, -1.678 -2.0079 0.1622, -1.6368 -1.8897 0.1717, -1.6751 -2.0079 0.1778, -1.6686 -2.0079 0.2129, -1.6367 -1.8897 0.172, -1.653 -2.0079 0.2622, -1.61 -1.8897 0.2634, -1.6046 -2.0079 0.3537, -1.5615 -1.8897 0.3457, -1.5922 -2.0079 0.3693, -1.5605 -1.8897 0.3468, -1.5725 -2.0079 0.3941, -1.5354 -2.0079 0.4307, -1.4943 -1.8897 0.4136, -1.5182 -2.0079 0.444, -1.4925 -1.8897 0.4147, -1.4945 -2.0079 0.4623, -1.4124 -1.8897 0.4629, -1.4501 -2.0079 0.4885, -1.4281 -2.0079 0.4982, -1.4099 -1.8897 0.4637, -1.4024 -2.0079 0.5094, -1.3527 -2.0079 0.5243, -1.3209 -1.8897 0.4905, -1.3274 -2.0079 0.5287, -1.3177 -1.8897 0.4908, -1.3021 -2.0079 0.533, -1.6135 -0.5217 0.2551, -1.6132 -0.5118 0.2559, -1.6266 -0.566 0.2229, -1.6219 -0.5586 0.2346, -1.6179 -0.5483 0.2442, -1.6151 -0.5357 0.2512, -1.6319 -0.5701 0.2099, -1.7416 -1.3189 0.2445, -1.7388 -1.3177 0.254, -1.6313 -1.3189 0.1995, -1.6288 -1.3177 0.2091, -1.6275 -1.3171 0.2139, -1.7375 -1.3171 0.2585, -1.625 -1.3136 0.2225, -1.7347 -1.3136 0.2673, -1.624 -1.3123 0.2259, -1.7336 -1.3122 0.2707, -1.6212 -1.3062 0.2344, -1.7307 -1.3061 0.279, -1.6202 -1.3041 0.2373, -1.7297 -1.304 0.282, -1.6177 -1.296 0.2442, -1.7283 -1.2995 0.2856, -1.7272 -1.2959 0.2886, -1.6168 -1.2931 0.2467, -1.7262 -1.2927 0.2912, -1.615 -1.2837 0.2513, -1.7244 -1.2836 0.2957, -1.6146 -1.2814 0.2524, -1.7241 -1.2818 0.2965, -1.6135 -1.2697 0.255, -1.7229 -1.2697 0.2996, -1.6134 -1.2678 0.2554, -1.7228 -1.268 0.3, -1.7229 -0.5217 0.2997, -1.7225 -0.5118 0.3005, -1.7245 -0.5357 0.2958, -1.7273 -0.5483 0.2888, -1.7312 -0.5586 0.2792, -1.736 -0.566 0.2675, -1.7413 -0.5701 0.2545, -1.7598 -0.4527 0.1102, -1.7598 0.7874 0.1102, -1.7598 0.7965 0.1102, -1.7598 0.7999 0.1054, -1.7598 0.8102 0.0952, -1.7598 0.8227 0.0877, -1.7598 0.8366 0.0835, -1.6416 0.7928 0.1181, -1.7596 0.7928 0.1181, -1.6415 0.7903 0.1235, -1.7594 0.7903 0.1234, -1.6411 0.7886 0.1319, -1.7592 0.7887 0.1319, -1.759 0.7876 0.1377, -1.6408 0.7876 0.1373, -1.7589 0.7874 0.1417, -1.6404 0.7874 0.1417, -1.5871 0.7874 0.4901, -1.5427 0.7874 0.5247, -1.4926 0.7874 0.4149, -1.7544 0.7874 0.1796, -1.6367 0.7874 0.172, -1.7276 0.7874 0.2854, -1.6096 0.7874 0.2643, -1.7393 0.7874 0.2527, -1.7522 0.7874 0.198, -1.2838 0.7874 0.6134, -1.3177 0.7874 0.4911, -1.3206 0.7874 0.6094, -1.3396 0.7874 0.6073, -1.3935 0.7874 0.5951, -1.4099 0.7874 0.464, -1.4267 0.7874 0.5837, -1.5247 0.7874 0.5357, -1.495 0.7874 0.5539, -1.4439 0.7874 0.5778, -1.6788 0.7874 0.383, -1.5606 0.7874 0.3469, -1.6941 0.7874 0.3592, -1.7204 0.7874 0.3057, -1.6631 0.7874 0.4073, -1.6276 0.7874 0.4506, -1.61 0.7874 0.4677, 0.7874 -1.0925 0.6142, -1.2559 0.2461 0.6142, -0.7874 0.2461 0.6142, -1.0415 0.2461 0.6142, -0.4447 0.2461 0.6142, -0.3937 0.2461 0.6142, -0.0 0.2461 0.6142, 0.3937 0.2461 0.6142, 0.4447 0.2461 0.6142, 0.7874 0.2461 0.6142, 0.4447 -1.0925 0.6142, -1.0415 -1.0925 0.6142, -0.7874 -1.0925 0.6142, -0.4447 -1.0925 0.6142, -0.3937 -1.0925 0.6142, -0.0 -1.0925 0.6142, 0.3937 -1.0925 0.6142, -1.2559 -1.0925 0.6142, -1.7598 -2.0079 0.1185, -1.3125 -2.0079 0.611, -1.3206 -2.0079 0.6097, -1.3679 -2.0079 0.6016, -1.4219 -2.0079 0.5861, -1.4268 -2.0079 0.584, -1.4771 -2.0079 0.5631, -1.525 -2.0079 0.5362, -1.5276 -2.0079 0.5348, -1.573 -2.0079 0.502, -1.6105 -2.0079 0.4682, -1.6122 -2.0079 0.4666, -1.6501 -2.0079 0.4243, -1.6793 -2.0079 0.3833, -1.6826 -2.0079 0.3786, -1.7097 -2.0079 0.3295, -1.728 -2.0079 0.2855, -1.7309 -2.0079 0.2785, -1.7462 -2.0079 0.2271, -1.7547 -2.0079 0.1796, -1.7561 -2.0079 0.172, -1.7473 -1.3189 0.2221, -1.6367 -1.3189 0.172, -1.7545 -1.3189 0.1796, -1.7567 -1.3189 0.1666, -1.6134 -0.5036 0.2554, -1.6135 -0.502 0.255, -1.6147 -0.4898 0.2519, -1.6151 -0.4881 0.2511, -1.6168 -0.4788 0.2465, -1.6178 -0.4757 0.244, -1.6202 -0.4676 0.2373, -1.6212 -0.4655 0.2344, -1.624 -0.4594 0.2259, -1.625 -0.4581 0.2225, -1.6276 -0.4545 0.2136, -1.6367 -0.4527 0.172, -1.6288 -0.454 0.2091, -1.6313 -0.4527 0.1995, -1.7249 -0.4842 0.2941, -1.727 -0.4757 0.2885, -1.7277 -0.4725 0.2864, -1.7244 -0.4881 0.2955, -1.7232 -0.4975 0.2989, -1.723 -0.5019 0.2994, -1.755 -0.4527 0.1797, -1.7416 -0.4527 0.2445, -1.7389 -0.4535 0.2536, -1.7388 -0.4536 0.254, -1.7352 -0.4569 0.2653, -1.7345 -0.4579 0.2672, -1.7314 -0.463 0.2762, -1.7281 -0.4716 0.2855, -1.7304 -0.4655 0.2789
            ]
        }
        coordIndex [
            0,1,2,-1,2,1,3,-1,4,5,6,-1,6,5,7,-1,0,7,1,-1,1,7,5,-1,8,9,10,-1,10,9,11,-1,10,11,12,-1,12,11,13,-1,12,13,14,-1,14,13,15,-1,14,15,16,-1,16,15,17,-1,16,17,2,-1,2,17,0,-1,6,7,18,-1,18,7,19,-1,18,19,20,-1,20,19,21,-1,20,21,22,-1,22,21,23,-1,22,23,24,-1,24,23,25,-1,24,25,26,-1,26,25,27,-1,3,1,28,-1,28,1,29,-1,28,29,30,-1,30,29,31,-1,30,31,32,-1,32,31,33,-1,32,33,34,-1,34,33,35,-1,34,35,36,-1,36,35,37,-1,4,6,3,-1,3,6,2,-1,38,39,40,-1,40,39,41,-1,40,41,42,-1,42,41,43,-1,42,43,44,-1,44,43,45,-1,44,45,46,-1,46,45,47,-1,46,47,4,-1,4,47,5,-1,9,27,25,-1,9,25,11,-1,11,25,23,-1,11,23,13,-1,13,23,21,-1,13,21,15,-1,15,21,19,-1,15,19,17,-1,17,19,7,-1,17,7,0,-1,1,5,47,-1,1,47,29,-1,29,47,45,-1,29,45,31,-1,31,45,43,-1,31,43,33,-1,33,43,41,-1,33,41,35,-1,35,41,39,-1,35,39,37,-1,2,6,16,-1,16,6,18,-1,16,18,14,-1,14,18,20,-1,14,20,12,-1,12,20,22,-1,12,22,10,-1,10,22,24,-1,10,24,8,-1,8,24,26,-1,48,9,49,-1,49,9,8,-1,26,27,50,-1,50,27,51,-1,37,52,36,-1,36,52,53,-1,36,38,34,-1,34,38,40,-1,34,40,32,-1,32,40,42,-1,32,42,30,-1,30,42,44,-1,30,44,28,-1,28,44,46,-1,28,46,3,-1,3,46,4,-1,54,55,38,-1,38,55,39,-1,56,57,58,-1,58,57,59,-1,60,61,62,-1,62,61,63,-1,48,51,9,-1,9,51,27,-1,55,52,39,-1,39,52,37,-1,56,63,57,-1,57,63,61,-1,64,65,66,-1,67,64,68,-1,68,64,66,-1,69,70,71,-1,71,72,69,-1,69,72,73,-1,69,73,74,-1,75,76,77,-1,77,76,78,-1,77,78,79,-1,74,80,69,-1,69,80,81,-1,69,81,77,-1,77,81,82,-1,77,82,75,-1,83,84,85,-1,85,84,86,-1,87,86,84,-1,88,89,90,-1,91,88,92,-1,92,88,90,-1,93,94,95,-1,96,97,98,-1,98,97,99,-1,98,99,100,-1,95,101,93,-1,93,101,102,-1,93,102,103,-1,103,104,93,-1,93,104,105,-1,93,105,98,-1,98,105,106,-1,98,106,96,-1,107,108,109,-1,109,108,110,-1,111,110,108,-1,49,112,48,-1,48,112,113,-1,112,114,113,-1,113,114,115,-1,113,115,116,-1,115,117,116,-1,116,117,118,-1,116,118,119,-1,120,121,122,-1,122,121,123,-1,118,124,119,-1,119,124,125,-1,119,125,123,-1,123,125,126,-1,123,126,122,-1,26,50,8,-1,8,50,49,-1,50,51,127,-1,127,51,128,-1,127,128,129,-1,129,128,130,-1,130,128,131,-1,130,131,132,-1,132,131,133,-1,133,131,134,-1,133,134,135,-1,135,134,136,-1,136,134,137,-1,136,137,138,-1,138,137,139,-1,139,137,140,-1,139,140,141,-1,54,142,55,-1,55,142,143,-1,142,144,143,-1,143,144,145,-1,143,145,146,-1,145,147,146,-1,146,147,148,-1,146,148,149,-1,150,151,152,-1,152,151,153,-1,148,154,149,-1,149,154,155,-1,149,155,153,-1,153,155,156,-1,153,156,152,-1,53,52,157,-1,157,52,158,-1,157,158,159,-1,159,158,160,-1,160,158,161,-1,160,161,162,-1,162,161,163,-1,163,161,164,-1,163,164,165,-1,165,164,166,-1,166,164,167,-1,166,167,168,-1,168,167,169,-1,169,167,170,-1,169,170,171,-1,36,53,38,-1,38,53,54,-1,172,173,174,-1,174,173,175,-1,174,175,176,-1,176,175,177,-1,176,177,178,-1,178,177,179,-1,178,179,180,-1,180,179,181,-1,180,181,58,-1,58,181,56,-1,62,63,182,-1,182,63,183,-1,182,183,184,-1,184,183,185,-1,184,185,186,-1,186,185,187,-1,186,187,188,-1,188,187,189,-1,188,189,190,-1,190,189,191,-1,59,57,192,-1,192,57,193,-1,192,193,194,-1,194,193,195,-1,194,195,196,-1,196,195,197,-1,196,197,198,-1,198,197,199,-1,198,199,200,-1,200,199,201,-1,60,62,59,-1,59,62,58,-1,202,203,204,-1,204,203,205,-1,204,205,206,-1,206,205,207,-1,206,207,208,-1,208,207,209,-1,208,209,210,-1,210,209,211,-1,210,211,60,-1,60,211,61,-1,121,140,123,-1,123,140,137,-1,123,137,119,-1,119,137,134,-1,119,134,116,-1,116,134,131,-1,116,131,113,-1,113,131,128,-1,113,128,48,-1,48,128,51,-1,151,170,153,-1,153,170,167,-1,153,167,149,-1,149,167,164,-1,149,164,146,-1,146,164,161,-1,146,161,143,-1,143,161,158,-1,143,158,55,-1,55,158,52,-1,212,213,214,-1,215,216,217,-1,217,218,212,-1,217,212,215,-1,215,212,214,-1,215,214,219,-1,219,220,215,-1,215,220,221,-1,215,221,222,-1,223,224,80,-1,80,224,81,-1,225,226,104,-1,104,226,105,-1,227,228,229,-1,229,228,230,-1,173,191,189,-1,173,189,175,-1,175,189,187,-1,175,187,177,-1,177,187,185,-1,177,185,179,-1,179,185,183,-1,179,183,181,-1,181,183,63,-1,181,63,56,-1,57,61,211,-1,57,211,193,-1,193,211,209,-1,193,209,195,-1,195,209,207,-1,195,207,197,-1,197,207,205,-1,197,205,199,-1,199,205,203,-1,199,203,201,-1,231,232,233,-1,233,232,234,-1,235,236,237,-1,237,236,238,-1,239,240,241,-1,241,240,242,-1,243,244,235,-1,235,244,236,-1,242,245,241,-1,241,245,246,-1,241,246,247,-1,246,248,247,-1,247,248,249,-1,247,249,250,-1,249,251,250,-1,250,251,252,-1,250,252,253,-1,252,254,253,-1,253,254,255,-1,253,255,256,-1,256,255,257,-1,256,257,243,-1,243,257,258,-1,243,258,244,-1,259,240,260,-1,260,240,239,-1,261,262,260,-1,260,262,259,-1,263,264,265,-1,265,266,263,-1,263,266,267,-1,263,267,268,-1,267,269,268,-1,268,269,270,-1,268,270,271,-1,270,272,271,-1,271,272,273,-1,271,273,274,-1,273,275,274,-1,274,275,276,-1,274,276,277,-1,276,278,277,-1,277,278,279,-1,277,279,280,-1,279,281,280,-1,280,281,282,-1,280,282,283,-1,282,284,283,-1,283,284,285,-1,283,285,286,-1,285,287,286,-1,286,287,288,-1,286,288,289,-1,288,290,289,-1,289,290,291,-1,289,291,292,-1,291,293,292,-1,292,293,294,-1,292,294,295,-1,294,296,295,-1,295,296,297,-1,295,297,298,-1,297,299,298,-1,298,299,300,-1,298,300,261,-1,261,300,301,-1,261,301,262,-1,302,217,303,-1,303,217,216,-1,303,216,304,-1,304,216,305,-1,305,216,215,-1,212,218,306,-1,306,218,307,-1,306,307,308,-1,308,307,309,-1,308,309,310,-1,306,311,212,-1,212,311,312,-1,212,312,213,-1,312,313,213,-1,213,313,314,-1,213,314,214,-1,314,315,214,-1,214,315,316,-1,214,316,219,-1,219,316,317,-1,219,317,220,-1,220,317,318,-1,220,318,221,-1,221,318,319,-1,221,319,222,-1,319,320,222,-1,222,320,305,-1,222,305,215,-1,321,322,309,-1,309,322,310,-1,233,323,231,-1,231,323,324,-1,323,325,324,-1,324,325,326,-1,324,326,327,-1,326,328,327,-1,327,328,329,-1,327,329,330,-1,329,331,330,-1,330,331,332,-1,330,332,333,-1,332,334,333,-1,333,334,335,-1,333,335,336,-1,322,321,337,-1,337,321,338,-1,337,338,339,-1,339,338,336,-1,339,336,340,-1,340,336,335,-1,341,342,343,-1,343,342,344,-1,345,346,347,-1,347,346,348,-1,346,349,348,-1,348,349,350,-1,348,350,351,-1,350,352,351,-1,351,352,353,-1,351,353,354,-1,353,355,354,-1,354,355,356,-1,354,356,357,-1,356,358,357,-1,357,358,359,-1,357,359,360,-1,341,343,361,-1,361,343,362,-1,361,362,363,-1,363,362,360,-1,363,360,364,-1,364,360,359,-1,365,345,366,-1,366,345,347,-1,367,368,369,-1,369,370,367,-1,367,370,371,-1,367,371,372,-1,372,371,373,-1,372,373,374,-1,374,373,375,-1,374,375,376,-1,376,375,377,-1,376,377,378,-1,378,377,379,-1,378,379,380,-1,380,379,381,-1,365,366,382,-1,382,366,383,-1,382,383,384,-1,384,383,385,-1,384,385,386,-1,386,385,387,-1,386,387,388,-1,388,387,389,-1,388,389,390,-1,390,389,391,-1,390,391,381,-1,381,391,392,-1,381,392,380,-1,393,394,229,-1,229,394,395,-1,229,395,227,-1,396,394,397,-1,397,394,393,-1,398,399,400,-1,400,399,401,-1,401,399,402,-1,402,399,403,-1,402,403,404,-1,404,403,405,-1,404,405,406,-1,407,408,409,-1,409,408,410,-1,409,410,411,-1,411,410,412,-1,411,412,413,-1,413,412,414,-1,413,414,415,-1,415,414,416,-1,415,416,417,-1,417,416,418,-1,417,418,419,-1,419,418,420,-1,419,420,421,-1,421,420,406,-1,421,406,422,-1,422,406,405,-1,396,397,423,-1,423,397,424,-1,423,424,425,-1,425,424,426,-1,425,426,427,-1,427,426,428,-1,427,428,407,-1,407,428,429,-1,407,429,408,-1,67,398,64,-1,64,398,400,-1,64,400,65,-1,65,400,430,-1,431,432,68,-1,431,68,433,-1,433,68,66,-1,433,66,65,-1,70,434,435,-1,65,430,436,-1,433,437,431,-1,431,437,432,-1,223,80,438,-1,438,80,74,-1,438,74,439,-1,439,74,73,-1,439,73,440,-1,440,73,72,-1,440,72,441,-1,441,72,71,-1,441,71,442,-1,433,65,437,-1,437,65,436,-1,437,436,443,-1,443,436,444,-1,443,444,445,-1,445,444,446,-1,445,446,435,-1,435,446,442,-1,435,442,70,-1,70,442,71,-1,434,70,447,-1,447,70,69,-1,447,69,448,-1,448,69,77,-1,77,79,448,-1,448,79,449,-1,87,450,451,-1,81,224,82,-1,82,224,452,-1,82,452,75,-1,75,452,453,-1,75,453,76,-1,76,453,454,-1,76,454,78,-1,78,454,455,-1,78,455,79,-1,79,455,456,-1,449,79,457,-1,457,79,456,-1,457,456,458,-1,458,456,459,-1,458,459,460,-1,460,459,461,-1,460,461,451,-1,451,461,462,-1,451,462,87,-1,87,462,463,-1,450,87,83,-1,83,87,84,-1,87,463,86,-1,86,463,464,-1,86,464,85,-1,85,464,465,-1,466,467,468,-1,465,464,469,-1,466,468,470,-1,470,468,471,-1,470,471,472,-1,472,471,473,-1,472,473,474,-1,474,473,475,-1,474,475,476,-1,476,477,474,-1,474,477,478,-1,474,478,479,-1,478,480,479,-1,479,480,481,-1,479,481,482,-1,481,483,482,-1,482,483,484,-1,482,484,485,-1,484,486,485,-1,485,486,487,-1,485,487,488,-1,487,489,488,-1,488,489,490,-1,488,490,469,-1,469,490,491,-1,469,491,465,-1,466,492,467,-1,467,492,493,-1,493,492,494,-1,495,496,497,-1,497,498,495,-1,495,498,499,-1,495,499,500,-1,500,499,501,-1,500,501,502,-1,502,501,503,-1,502,503,504,-1,504,505,502,-1,502,505,506,-1,502,506,507,-1,506,508,507,-1,507,508,509,-1,507,509,510,-1,509,511,510,-1,510,511,512,-1,510,512,513,-1,512,514,513,-1,513,514,515,-1,513,515,516,-1,515,517,516,-1,516,517,518,-1,516,518,494,-1,494,518,519,-1,494,519,493,-1,91,497,88,-1,88,497,496,-1,88,496,89,-1,89,496,520,-1,521,522,92,-1,521,92,523,-1,523,92,90,-1,523,90,89,-1,94,524,525,-1,89,520,526,-1,523,527,521,-1,521,527,522,-1,225,104,528,-1,528,104,103,-1,528,103,529,-1,529,103,102,-1,529,102,530,-1,530,102,101,-1,530,101,531,-1,531,101,95,-1,531,95,532,-1,523,89,527,-1,527,89,526,-1,527,526,533,-1,533,526,534,-1,533,534,535,-1,535,534,536,-1,535,536,525,-1,525,536,532,-1,525,532,94,-1,94,532,95,-1,524,94,537,-1,537,94,93,-1,537,93,538,-1,538,93,98,-1,98,100,538,-1,538,100,539,-1,111,540,541,-1,105,226,106,-1,106,226,542,-1,106,542,96,-1,96,542,543,-1,96,543,97,-1,97,543,544,-1,97,544,99,-1,99,544,545,-1,99,545,100,-1,100,545,546,-1,539,100,547,-1,547,100,546,-1,547,546,548,-1,548,546,549,-1,548,549,550,-1,550,549,551,-1,550,551,541,-1,541,551,552,-1,541,552,111,-1,111,552,553,-1,540,111,107,-1,107,111,108,-1,111,553,110,-1,110,553,554,-1,110,554,109,-1,109,554,555,-1,302,303,556,-1,555,554,557,-1,302,556,558,-1,558,556,559,-1,558,559,560,-1,560,559,561,-1,560,561,562,-1,562,561,563,-1,562,563,564,-1,564,565,562,-1,562,565,566,-1,562,566,567,-1,566,568,567,-1,567,568,569,-1,567,569,570,-1,569,571,570,-1,570,571,572,-1,570,572,573,-1,572,574,573,-1,573,574,575,-1,573,575,576,-1,575,577,576,-1,576,577,578,-1,576,578,557,-1,557,578,579,-1,557,579,555,-1,170,121,171,-1,171,121,120,-1,49,50,127,-1,49,127,112,-1,112,127,129,-1,112,129,114,-1,114,129,130,-1,114,130,115,-1,125,138,126,-1,126,138,139,-1,126,139,122,-1,122,139,141,-1,122,141,120,-1,115,130,117,-1,117,130,132,-1,117,132,118,-1,118,132,133,-1,118,133,124,-1,124,133,135,-1,124,135,125,-1,125,135,136,-1,125,136,138,-1,141,140,150,-1,150,140,151,-1,54,53,157,-1,54,157,142,-1,142,157,159,-1,142,159,144,-1,144,159,160,-1,144,160,145,-1,155,168,156,-1,156,168,169,-1,156,169,152,-1,152,169,171,-1,152,171,150,-1,145,160,147,-1,147,160,162,-1,147,162,148,-1,148,162,163,-1,148,163,154,-1,154,163,165,-1,154,165,155,-1,155,165,166,-1,155,166,168,-1,580,581,368,-1,368,581,369,-1,582,583,584,-1,584,583,585,-1,586,587,588,-1,588,587,589,-1,590,591,592,-1,592,591,593,-1,594,595,596,-1,596,595,597,-1,395,598,227,-1,227,598,228,-1,58,62,180,-1,180,62,182,-1,180,182,178,-1,178,182,184,-1,178,184,176,-1,176,184,186,-1,176,186,174,-1,174,186,188,-1,174,188,172,-1,172,188,190,-1,599,173,600,-1,600,173,172,-1,190,191,601,-1,601,191,602,-1,201,603,200,-1,200,603,604,-1,200,202,198,-1,198,202,204,-1,198,204,196,-1,196,204,206,-1,196,206,194,-1,194,206,208,-1,194,208,192,-1,192,208,210,-1,192,210,59,-1,59,210,60,-1,605,606,202,-1,202,606,203,-1,590,597,591,-1,591,597,595,-1,582,589,583,-1,583,589,587,-1,327,330,151,-1,324,344,231,-1,231,344,232,-1,330,333,151,-1,151,333,336,-1,151,336,170,-1,549,546,121,-1,225,140,226,-1,226,140,542,-1,351,354,140,-1,441,442,230,-1,230,442,446,-1,230,446,229,-1,229,446,444,-1,549,121,551,-1,546,545,121,-1,121,545,544,-1,121,544,140,-1,140,544,543,-1,140,543,542,-1,336,338,170,-1,170,338,321,-1,170,321,309,-1,438,439,230,-1,230,439,440,-1,230,440,441,-1,151,360,362,-1,230,580,368,-1,404,406,420,-1,552,551,217,-1,217,551,121,-1,217,121,218,-1,218,121,170,-1,218,170,307,-1,307,170,309,-1,140,354,151,-1,151,354,357,-1,151,357,360,-1,324,327,344,-1,344,327,151,-1,344,151,343,-1,343,151,362,-1,368,367,230,-1,230,367,372,-1,230,372,374,-1,453,532,454,-1,454,532,536,-1,454,536,455,-1,455,536,456,-1,463,534,464,-1,464,534,526,-1,464,526,469,-1,469,526,520,-1,469,520,488,-1,416,430,418,-1,418,430,420,-1,416,414,430,-1,430,414,412,-1,430,412,410,-1,410,408,430,-1,430,408,429,-1,430,429,428,-1,374,376,230,-1,230,376,378,-1,230,378,380,-1,452,224,230,-1,230,224,223,-1,230,223,438,-1,492,496,495,-1,496,492,520,-1,520,492,466,-1,520,466,470,-1,428,426,430,-1,430,426,424,-1,430,424,397,-1,444,436,229,-1,229,436,430,-1,229,430,393,-1,393,430,397,-1,380,392,529,-1,529,392,391,-1,529,391,389,-1,389,387,529,-1,529,387,385,-1,529,385,528,-1,463,462,534,-1,534,462,461,-1,534,461,536,-1,536,461,459,-1,536,459,456,-1,430,400,420,-1,420,400,401,-1,420,401,404,-1,404,401,402,-1,385,383,528,-1,528,383,366,-1,528,366,225,-1,225,366,347,-1,225,347,140,-1,140,347,348,-1,140,348,351,-1,453,452,532,-1,532,452,230,-1,532,230,531,-1,531,230,380,-1,531,380,530,-1,530,380,529,-1,470,472,520,-1,520,472,474,-1,520,474,479,-1,495,500,502,-1,479,482,520,-1,520,482,485,-1,520,485,488,-1,558,557,302,-1,302,557,554,-1,302,554,217,-1,217,554,553,-1,217,553,552,-1,502,507,495,-1,495,507,510,-1,495,510,513,-1,513,516,495,-1,495,516,494,-1,495,494,492,-1,560,573,558,-1,558,573,576,-1,558,576,557,-1,560,562,573,-1,573,562,567,-1,573,567,570,-1,230,228,607,-1,607,228,608,-1,607,608,609,-1,609,608,610,-1,609,610,611,-1,611,610,612,-1,611,612,613,-1,613,612,614,-1,613,614,615,-1,615,614,616,-1,615,616,617,-1,617,616,618,-1,617,618,619,-1,619,618,620,-1,599,602,173,-1,173,602,191,-1,606,603,203,-1,203,603,201,-1,621,622,623,-1,623,622,624,-1,623,624,625,-1,625,624,626,-1,625,626,627,-1,627,626,628,-1,621,629,622,-1,622,629,630,-1,622,630,631,-1,632,633,622,-1,622,633,634,-1,622,634,635,-1,631,636,622,-1,622,636,637,-1,622,637,638,-1,638,639,622,-1,622,639,640,-1,622,640,632,-1,635,641,622,-1,622,641,642,-1,622,642,643,-1,643,644,622,-1,622,644,645,-1,622,645,646,-1,646,647,622,-1,622,647,648,-1,622,648,649,-1,649,650,622,-1,622,650,651,-1,622,651,652,-1,652,653,622,-1,622,653,654,-1,622,654,655,-1,655,654,656,-1,657,658,659,-1,659,658,660,-1,659,660,661,-1,661,660,662,-1,661,662,663,-1,663,662,664,-1,665,666,658,-1,667,668,666,-1,669,670,671,-1,657,672,658,-1,658,672,673,-1,658,673,674,-1,674,675,658,-1,658,675,676,-1,658,676,677,-1,677,678,658,-1,658,678,679,-1,658,679,665,-1,680,681,666,-1,666,681,682,-1,666,682,683,-1,683,684,666,-1,666,684,685,-1,666,685,667,-1,668,686,666,-1,666,686,687,-1,666,687,658,-1,680,666,671,-1,671,666,688,-1,671,688,689,-1,689,690,691,-1,689,691,671,-1,671,691,692,-1,671,692,669,-1,693,694,695,-1,695,694,696,-1,697,698,699,-1,699,698,700,-1,699,700,701,-1,702,703,704,-1,705,706,707,-1,707,706,708,-1,707,708,709,-1,708,710,709,-1,709,710,711,-1,709,711,712,-1,712,711,713,-1,712,713,704,-1,704,713,714,-1,704,714,702,-1,697,715,698,-1,698,715,716,-1,698,716,707,-1,707,716,717,-1,707,717,705,-1,718,719,720,-1,720,719,704,-1,720,704,721,-1,721,704,703,-1,718,722,719,-1,719,722,723,-1,719,723,232,-1,232,723,724,-1,232,724,234,-1,725,726,727,-1,728,729,730,-1,730,729,731,-1,730,731,727,-1,727,731,732,-1,727,732,725,-1,733,734,735,-1,735,734,736,-1,735,736,728,-1,728,736,737,-1,728,737,729,-1,738,739,740,-1,740,739,344,-1,740,344,342,-1,741,742,743,-1,743,742,727,-1,743,727,744,-1,744,727,726,-1,738,745,739,-1,739,745,746,-1,739,746,735,-1,735,746,747,-1,735,747,733,-1,741,748,742,-1,742,748,749,-1,742,749,750,-1,750,749,751,-1,750,751,752,-1,753,265,754,-1,754,265,264,-1,755,756,757,-1,757,756,758,-1,759,760,761,-1,761,760,762,-1,760,763,762,-1,762,763,764,-1,762,764,765,-1,764,766,765,-1,765,766,767,-1,765,767,768,-1,767,769,768,-1,768,769,770,-1,768,770,771,-1,755,757,772,-1,772,757,773,-1,772,773,774,-1,770,775,771,-1,771,775,776,-1,771,776,777,-1,777,776,778,-1,777,778,773,-1,773,778,779,-1,773,779,774,-1,276,275,759,-1,288,287,761,-1,301,761,262,-1,262,761,259,-1,281,279,759,-1,759,279,278,-1,759,278,276,-1,275,273,759,-1,759,273,272,-1,759,272,270,-1,248,246,245,-1,301,300,761,-1,761,300,299,-1,761,299,297,-1,297,296,761,-1,761,296,294,-1,761,294,293,-1,293,291,761,-1,761,291,290,-1,761,290,288,-1,287,285,761,-1,761,285,284,-1,761,284,759,-1,759,284,282,-1,759,282,281,-1,270,269,759,-1,759,269,267,-1,759,267,753,-1,753,267,266,-1,753,266,265,-1,780,781,761,-1,761,781,782,-1,782,783,761,-1,761,783,784,-1,761,784,785,-1,259,761,240,-1,240,761,785,-1,240,785,242,-1,786,787,788,-1,788,787,789,-1,788,789,790,-1,790,789,761,-1,761,789,791,-1,761,791,780,-1,258,257,245,-1,245,257,255,-1,245,255,254,-1,242,785,245,-1,245,785,792,-1,245,792,238,-1,238,236,245,-1,245,236,244,-1,245,244,258,-1,254,252,245,-1,245,252,251,-1,245,251,248,-1,248,251,249,-1,786,788,793,-1,793,788,790,-1,793,790,794,-1,786,793,787,-1,787,793,795,-1,787,795,789,-1,789,795,791,-1,791,795,796,-1,791,796,780,-1,780,796,797,-1,780,797,781,-1,781,797,782,-1,782,797,798,-1,782,798,783,-1,783,798,784,-1,784,798,799,-1,784,799,785,-1,237,238,799,-1,799,238,792,-1,799,792,785,-1,268,271,800,-1,800,271,274,-1,800,274,277,-1,277,280,800,-1,800,280,283,-1,800,283,801,-1,801,283,286,-1,801,286,289,-1,801,298,261,-1,289,292,801,-1,801,292,295,-1,801,295,298,-1,754,264,800,-1,800,264,263,-1,800,263,268,-1,256,243,241,-1,241,243,235,-1,241,235,239,-1,239,235,237,-1,239,237,260,-1,261,260,801,-1,801,260,237,-1,801,237,794,-1,794,237,799,-1,794,799,798,-1,798,797,794,-1,794,797,796,-1,794,796,793,-1,793,796,795,-1,247,250,241,-1,241,250,253,-1,241,253,256,-1,802,803,804,-1,804,803,805,-1,804,805,806,-1,806,805,807,-1,806,807,808,-1,808,807,809,-1,808,809,810,-1,810,809,811,-1,810,811,812,-1,812,811,813,-1,812,813,801,-1,801,813,800,-1,814,815,802,-1,802,815,803,-1,541,540,107,-1,497,91,92,-1,555,561,109,-1,109,561,559,-1,67,68,395,-1,342,341,234,-1,234,341,361,-1,386,388,447,-1,517,515,514,-1,499,498,467,-1,120,304,171,-1,171,304,305,-1,550,304,548,-1,548,304,120,-1,548,120,547,-1,395,394,67,-1,67,394,396,-1,67,396,423,-1,434,447,435,-1,435,447,598,-1,435,598,445,-1,445,598,395,-1,445,395,443,-1,361,363,234,-1,234,363,364,-1,234,364,359,-1,305,320,171,-1,171,320,319,-1,171,319,318,-1,308,310,171,-1,171,310,322,-1,171,322,337,-1,550,541,304,-1,304,541,107,-1,304,107,303,-1,303,107,109,-1,303,109,556,-1,556,109,559,-1,572,571,561,-1,561,571,569,-1,561,569,568,-1,423,425,67,-1,67,425,427,-1,67,427,407,-1,68,432,395,-1,395,432,437,-1,395,437,443,-1,467,514,512,-1,484,483,92,-1,92,483,481,-1,92,481,480,-1,498,497,467,-1,467,497,92,-1,467,92,468,-1,468,92,471,-1,337,339,171,-1,171,339,340,-1,171,340,150,-1,150,340,335,-1,150,335,334,-1,325,323,150,-1,150,323,233,-1,150,233,234,-1,555,579,561,-1,561,579,578,-1,561,578,577,-1,577,575,561,-1,561,575,574,-1,561,574,572,-1,568,566,565,-1,568,565,561,-1,561,565,564,-1,561,564,563,-1,371,370,598,-1,598,370,369,-1,598,369,581,-1,467,493,514,-1,514,493,519,-1,514,519,517,-1,517,519,518,-1,512,511,467,-1,467,511,509,-1,467,509,508,-1,508,506,467,-1,467,506,505,-1,467,505,504,-1,504,503,467,-1,467,503,501,-1,467,501,499,-1,92,522,83,-1,83,522,527,-1,83,527,450,-1,450,527,533,-1,450,533,451,-1,480,478,92,-1,92,478,477,-1,92,477,476,-1,334,332,150,-1,150,332,331,-1,150,331,329,-1,329,328,150,-1,150,328,326,-1,150,326,325,-1,359,358,234,-1,234,358,356,-1,234,356,355,-1,350,448,352,-1,352,448,353,-1,350,349,448,-1,448,349,346,-1,448,346,345,-1,388,390,447,-1,447,390,381,-1,447,381,379,-1,524,537,525,-1,525,537,448,-1,525,448,535,-1,535,448,449,-1,476,475,92,-1,92,475,473,-1,92,473,471,-1,318,317,171,-1,171,317,316,-1,171,316,315,-1,315,314,171,-1,171,314,313,-1,171,313,312,-1,312,311,171,-1,171,311,306,-1,171,306,308,-1,409,399,407,-1,407,399,398,-1,407,398,67,-1,409,411,399,-1,399,411,413,-1,399,413,415,-1,355,353,234,-1,234,353,448,-1,234,448,150,-1,150,448,537,-1,150,537,141,-1,141,537,538,-1,141,538,120,-1,120,538,539,-1,120,539,547,-1,345,365,448,-1,448,365,382,-1,448,382,447,-1,447,382,384,-1,447,384,386,-1,379,377,447,-1,447,377,375,-1,447,375,598,-1,598,375,373,-1,598,373,371,-1,449,457,535,-1,535,457,458,-1,535,458,533,-1,533,458,460,-1,533,460,451,-1,85,465,83,-1,83,465,491,-1,83,491,92,-1,92,491,490,-1,92,490,489,-1,489,487,92,-1,92,487,486,-1,92,486,484,-1,422,405,421,-1,421,405,419,-1,415,417,399,-1,399,417,419,-1,399,419,403,-1,403,419,405,-1,816,817,818,-1,819,820,821,-1,822,823,824,-1,824,823,825,-1,824,825,826,-1,822,827,823,-1,823,827,828,-1,823,828,821,-1,821,828,829,-1,821,829,819,-1,817,830,818,-1,818,830,831,-1,818,831,832,-1,832,831,833,-1,832,833,825,-1,825,833,834,-1,825,834,826,-1,816,818,835,-1,835,818,836,-1,835,836,837,-1,838,839,840,-1,840,839,821,-1,840,821,841,-1,841,821,820,-1,838,842,839,-1,839,842,843,-1,839,843,580,-1,580,843,844,-1,580,844,581,-1,845,846,847,-1,847,846,848,-1,582,584,849,-1,849,584,850,-1,851,852,850,-1,850,852,853,-1,850,853,849,-1,846,854,848,-1,848,854,855,-1,848,855,856,-1,855,857,856,-1,856,857,858,-1,856,858,851,-1,851,858,859,-1,851,859,852,-1,860,861,862,-1,862,861,863,-1,589,864,588,-1,588,864,865,-1,864,866,865,-1,865,866,867,-1,865,867,868,-1,869,870,863,-1,863,870,871,-1,863,871,862,-1,867,872,868,-1,868,872,873,-1,868,873,869,-1,869,873,874,-1,869,874,870,-1,875,876,877,-1,877,876,878,-1,877,878,879,-1,879,878,880,-1,880,878,881,-1,880,881,882,-1,882,881,883,-1,883,881,884,-1,883,884,885,-1,885,884,886,-1,886,884,887,-1,886,887,888,-1,888,887,889,-1,889,887,585,-1,889,585,583,-1,586,588,585,-1,585,588,584,-1,890,891,892,-1,892,891,893,-1,890,892,894,-1,894,892,895,-1,894,895,896,-1,891,897,893,-1,893,897,898,-1,893,898,899,-1,587,586,900,-1,900,586,901,-1,898,902,899,-1,899,902,903,-1,899,903,901,-1,901,903,904,-1,901,904,900,-1,905,906,907,-1,907,906,908,-1,590,592,909,-1,909,592,910,-1,906,911,908,-1,908,911,912,-1,908,912,913,-1,914,915,910,-1,910,915,916,-1,910,916,909,-1,912,917,913,-1,913,917,918,-1,913,918,914,-1,914,918,919,-1,914,919,915,-1,920,921,922,-1,922,921,923,-1,597,924,596,-1,596,924,925,-1,926,927,923,-1,923,927,928,-1,923,928,922,-1,924,929,925,-1,925,929,930,-1,925,930,931,-1,930,932,931,-1,931,932,933,-1,931,933,926,-1,926,933,934,-1,926,934,927,-1,935,936,937,-1,937,936,938,-1,937,938,939,-1,939,938,940,-1,940,938,941,-1,940,941,942,-1,942,941,943,-1,943,941,944,-1,943,944,945,-1,945,944,946,-1,946,944,947,-1,946,947,948,-1,948,947,949,-1,949,947,593,-1,949,593,591,-1,594,596,593,-1,593,596,592,-1,950,951,952,-1,952,951,953,-1,950,952,954,-1,954,952,955,-1,954,955,956,-1,951,957,953,-1,953,957,958,-1,953,958,959,-1,595,594,960,-1,960,594,961,-1,958,962,959,-1,959,962,963,-1,959,963,961,-1,961,963,964,-1,961,964,960,-1,965,966,608,-1,608,966,967,-1,608,967,610,-1,610,967,968,-1,610,968,969,-1,965,608,970,-1,970,608,228,-1,970,228,598,-1,971,616,972,-1,972,616,973,-1,974,618,975,-1,975,618,616,-1,975,616,976,-1,976,616,971,-1,973,616,977,-1,977,616,614,-1,977,614,978,-1,978,614,612,-1,978,612,979,-1,969,980,610,-1,610,980,981,-1,610,981,612,-1,612,981,982,-1,612,982,979,-1,974,983,618,-1,618,983,984,-1,618,984,620,-1,620,984,985,-1,620,985,986,-1,987,988,989,-1,990,991,989,-1,992,993,994,-1,995,996,989,-1,989,996,997,-1,989,997,987,-1,998,989,994,-1,994,989,999,-1,994,999,1000,-1,991,1001,989,-1,989,1001,1002,-1,989,1002,995,-1,998,1003,989,-1,989,1003,1004,-1,989,1004,1005,-1,1006,1007,989,-1,989,1007,1008,-1,989,1008,1009,-1,1010,1011,989,-1,989,1011,1012,-1,1000,1013,994,-1,994,1013,1014,-1,994,1014,992,-1,992,1014,1015,-1,1005,1016,989,-1,989,1016,1017,-1,989,1017,1006,-1,1009,1018,989,-1,989,1018,1019,-1,989,1019,1010,-1,1012,1020,989,-1,989,1020,1021,-1,989,1021,1022,-1,1022,1023,989,-1,989,1023,1024,-1,989,1024,990,-1,1025,1026,1027,-1,1028,1029,1030,-1,1027,1031,1025,-1,1025,1031,1032,-1,1025,1032,1033,-1,1034,1030,1035,-1,1035,1036,1034,-1,1034,1036,1037,-1,1034,1037,1038,-1,1039,1034,1040,-1,1040,1034,1041,-1,1033,1042,1025,-1,1025,1042,1043,-1,1025,1043,1044,-1,1044,1045,1025,-1,1025,1045,1046,-1,1025,1046,1047,-1,1039,1048,1034,-1,1034,1048,1025,-1,1034,1025,1049,-1,1049,1025,1047,-1,1038,1050,1034,-1,1034,1050,1051,-1,1034,1051,1041,-1,1052,1053,1034,-1,1034,1053,1054,-1,1034,1054,1055,-1,1056,1057,1030,-1,1030,1057,1058,-1,1030,1058,1028,-1,1028,1058,1059,-1,1055,1060,1034,-1,1034,1060,1061,-1,1034,1061,1030,-1,1030,1061,1062,-1,1030,1062,1056,-1,600,1063,599,-1,599,1063,1064,-1,1063,1065,1064,-1,1064,1065,1066,-1,1064,1066,1067,-1,1068,1069,1070,-1,1070,1069,1071,-1,1072,1073,1071,-1,1071,1073,1074,-1,1071,1074,1070,-1,1066,1075,1067,-1,1067,1075,1076,-1,1067,1076,1072,-1,1072,1076,1077,-1,1072,1077,1073,-1,190,601,172,-1,172,601,600,-1,601,602,1078,-1,1078,602,1079,-1,1080,1081,1082,-1,1082,1081,1083,-1,1080,1082,1084,-1,1084,1082,1085,-1,1084,1085,1086,-1,1087,1088,1079,-1,1079,1088,1089,-1,1079,1089,1078,-1,1081,1090,1083,-1,1083,1090,1091,-1,1083,1091,1087,-1,1087,1091,1092,-1,1087,1092,1088,-1,605,1093,606,-1,606,1093,1094,-1,1093,1095,1094,-1,1094,1095,1096,-1,1094,1096,1097,-1,1096,1098,1097,-1,1097,1098,1099,-1,1097,1099,1100,-1,1101,1102,1103,-1,1103,1102,1104,-1,1099,1105,1100,-1,1100,1105,1106,-1,1100,1106,1104,-1,1104,1106,1107,-1,1104,1107,1103,-1,604,603,1108,-1,1108,603,1109,-1,1108,1109,1110,-1,1110,1109,1111,-1,1111,1109,1112,-1,1111,1112,1113,-1,1113,1112,1114,-1,1114,1112,1115,-1,1114,1115,1116,-1,1116,1115,1117,-1,1117,1115,1118,-1,1117,1118,1119,-1,1119,1118,1120,-1,1120,1118,1121,-1,1120,1121,1122,-1,200,604,202,-1,202,604,605,-1,905,920,922,-1,905,922,906,-1,906,922,928,-1,906,928,911,-1,911,928,927,-1,911,927,912,-1,912,927,917,-1,917,927,934,-1,917,934,918,-1,918,934,933,-1,918,933,919,-1,919,933,932,-1,919,932,915,-1,932,930,915,-1,915,930,929,-1,915,929,916,-1,916,929,924,-1,916,924,909,-1,909,924,597,-1,909,597,590,-1,591,595,960,-1,591,960,949,-1,949,960,964,-1,949,964,948,-1,948,964,963,-1,948,963,946,-1,940,950,939,-1,939,950,954,-1,939,954,937,-1,937,954,956,-1,937,956,935,-1,946,963,945,-1,945,963,962,-1,945,962,943,-1,943,962,958,-1,943,958,942,-1,942,958,957,-1,942,957,940,-1,940,957,951,-1,940,951,950,-1,845,860,862,-1,845,862,846,-1,846,862,871,-1,846,871,854,-1,854,871,870,-1,854,870,855,-1,855,870,857,-1,857,870,874,-1,857,874,858,-1,858,874,873,-1,858,873,859,-1,859,873,872,-1,859,872,852,-1,872,867,852,-1,852,867,866,-1,852,866,853,-1,853,866,864,-1,853,864,849,-1,849,864,589,-1,849,589,582,-1,583,587,900,-1,583,900,889,-1,889,900,904,-1,889,904,888,-1,888,904,903,-1,888,903,886,-1,886,903,885,-1,885,903,902,-1,885,902,883,-1,883,902,898,-1,883,898,882,-1,882,898,897,-1,882,897,880,-1,897,891,880,-1,880,891,890,-1,880,890,879,-1,879,890,894,-1,879,894,877,-1,877,894,896,-1,877,896,875,-1,1123,1124,1125,-1,1125,1124,1126,-1,1125,1126,1127,-1,1128,1129,1130,-1,1130,1129,1131,-1,1131,1132,1130,-1,1130,1132,1133,-1,1130,1133,1134,-1,1128,1130,1127,-1,1127,1130,1135,-1,1127,1135,1136,-1,1136,1137,1127,-1,1127,1137,1138,-1,1127,1138,1125,-1,1139,1140,1141,-1,1141,1140,1130,-1,1141,1130,1142,-1,1142,1130,1143,-1,1143,1130,1134,-1,1143,1134,1144,-1,232,344,719,-1,719,344,739,-1,719,739,704,-1,704,739,735,-1,704,735,712,-1,712,735,728,-1,712,728,709,-1,709,728,730,-1,709,730,707,-1,707,730,727,-1,707,727,698,-1,698,727,742,-1,698,742,700,-1,700,742,750,-1,1145,1146,1147,-1,1147,1146,1148,-1,1145,1147,1149,-1,1149,1147,1150,-1,1149,1150,1151,-1,1146,1152,1148,-1,1148,1152,1153,-1,1148,1153,1154,-1,1154,1153,1155,-1,1154,1155,1156,-1,1156,1155,1157,-1,1156,1157,1158,-1,1158,1159,1156,-1,1156,1159,1160,-1,1156,1160,1161,-1,1160,1162,1161,-1,1161,1162,1163,-1,1161,1163,1164,-1,1163,1165,1164,-1,1164,1165,815,-1,1164,815,814,-1,580,230,839,-1,839,230,607,-1,839,607,821,-1,821,607,609,-1,821,609,823,-1,823,609,611,-1,823,611,825,-1,825,611,613,-1,825,613,832,-1,832,613,615,-1,832,615,818,-1,818,615,617,-1,818,617,836,-1,836,617,619,-1,620,1166,619,-1,619,1166,1167,-1,1069,1085,1071,-1,1071,1085,1082,-1,1071,1082,1072,-1,1072,1082,1083,-1,1072,1083,1067,-1,1067,1083,1087,-1,1067,1087,1064,-1,1064,1087,1079,-1,1064,1079,599,-1,599,1079,602,-1,1102,1121,1104,-1,1104,1121,1118,-1,1104,1118,1100,-1,1100,1118,1115,-1,1100,1115,1097,-1,1097,1115,1112,-1,1097,1112,1094,-1,1094,1112,1109,-1,1094,1109,606,-1,606,1109,603,-1,1168,1169,1170,-1,1171,1172,1173,-1,1173,1172,1169,-1,1173,1169,1174,-1,1174,1169,1168,-1,1174,1168,1175,-1,1170,1176,1168,-1,1168,1176,1177,-1,1168,1177,1178,-1,1178,1179,1168,-1,1168,1179,1180,-1,1168,1180,1181,-1,1182,1009,1008,-1,1182,1008,1183,-1,1183,1008,1007,-1,1183,1007,1184,-1,1184,1007,1006,-1,1184,1006,1185,-1,1185,1006,1017,-1,1185,1017,1016,-1,1016,1005,1185,-1,1185,1005,1004,-1,1185,1004,1186,-1,1004,1003,1186,-1,1186,1003,998,-1,1186,998,1187,-1,998,994,1187,-1,1187,994,993,-1,1187,993,1188,-1,993,992,1188,-1,1188,992,1015,-1,1188,1015,1189,-1,999,1190,1000,-1,1000,1190,1191,-1,1000,1191,1013,-1,1013,1191,1189,-1,1013,1189,1014,-1,1014,1189,1015,-1,1182,1192,1009,-1,1009,1192,1018,-1,1193,987,997,-1,1018,1192,1194,-1,1193,997,1195,-1,1195,997,996,-1,1195,996,1196,-1,1196,996,995,-1,1196,995,1197,-1,1197,995,1002,-1,1197,1002,1001,-1,1001,991,1197,-1,1197,991,990,-1,1197,990,1198,-1,990,1024,1198,-1,1198,1024,1023,-1,1198,1023,1199,-1,1023,1022,1199,-1,1199,1022,1021,-1,1199,1021,1200,-1,1021,1020,1200,-1,1200,1020,1012,-1,1200,1012,1201,-1,1012,1011,1201,-1,1201,1011,1010,-1,1201,1010,1194,-1,1194,1010,1019,-1,1194,1019,1018,-1,1202,1061,1060,-1,1202,1060,1203,-1,1203,1060,1055,-1,1203,1055,1204,-1,1204,1055,1054,-1,1204,1054,1205,-1,1205,1054,1053,-1,1205,1053,1052,-1,1052,1034,1205,-1,1205,1034,1049,-1,1205,1049,1206,-1,1049,1047,1206,-1,1206,1047,1046,-1,1206,1046,1207,-1,1046,1045,1207,-1,1207,1045,1044,-1,1207,1044,1208,-1,1044,1043,1208,-1,1208,1043,1042,-1,1208,1042,1209,-1,1027,1210,1031,-1,1031,1210,1211,-1,1031,1211,1032,-1,1032,1211,1209,-1,1032,1209,1033,-1,1033,1209,1042,-1,1202,1212,1061,-1,1061,1212,1062,-1,1213,1048,1039,-1,1062,1212,1214,-1,1213,1039,1215,-1,1215,1039,1040,-1,1215,1040,1216,-1,1216,1040,1041,-1,1216,1041,1217,-1,1217,1041,1051,-1,1217,1051,1050,-1,1050,1038,1217,-1,1217,1038,1037,-1,1217,1037,1218,-1,1037,1036,1218,-1,1218,1036,1035,-1,1218,1035,1219,-1,1035,1030,1219,-1,1219,1030,1029,-1,1219,1029,1220,-1,1029,1028,1220,-1,1220,1028,1059,-1,1220,1059,1221,-1,1059,1058,1221,-1,1221,1058,1057,-1,1221,1057,1214,-1,1214,1057,1056,-1,1214,1056,1062,-1,1222,1223,1224,-1,1224,1223,1225,-1,1226,1227,1228,-1,1228,1227,1229,-1,1230,655,656,-1,1230,656,1231,-1,1231,656,654,-1,1231,654,1232,-1,1232,654,653,-1,1232,653,1233,-1,1233,653,652,-1,1233,652,1234,-1,1234,652,651,-1,1234,651,1235,-1,1235,651,650,-1,1235,650,1236,-1,1236,650,649,-1,1236,649,1237,-1,1237,649,648,-1,1237,648,1238,-1,1238,648,647,-1,1238,647,1239,-1,1239,647,646,-1,1239,646,1240,-1,1240,646,645,-1,1240,645,1241,-1,1241,645,644,-1,1241,644,1242,-1,1242,644,643,-1,1242,643,1243,-1,1243,643,1244,-1,1244,643,642,-1,1244,642,641,-1,1244,641,1245,-1,1245,641,635,-1,1245,635,1246,-1,1246,635,634,-1,1246,634,1247,-1,1247,634,633,-1,1247,633,1248,-1,1248,633,632,-1,1248,632,1249,-1,1249,632,640,-1,1249,640,1250,-1,1250,640,639,-1,1250,639,1251,-1,1251,639,638,-1,1251,638,1252,-1,1252,638,637,-1,1252,637,1253,-1,1253,637,636,-1,1253,636,1254,-1,1254,636,631,-1,1254,631,1255,-1,1255,631,630,-1,1255,630,1256,-1,1256,630,629,-1,1256,629,1257,-1,621,1258,629,-1,629,1258,1257,-1,1259,627,1260,-1,1260,627,628,-1,1259,1260,1261,-1,1261,1260,1262,-1,1261,1262,1263,-1,1263,1262,1264,-1,1263,1264,1265,-1,1265,1264,1266,-1,1265,1266,1267,-1,1267,1266,1268,-1,1267,1268,1269,-1,1270,622,1230,-1,1230,622,655,-1,1271,687,686,-1,1271,686,1272,-1,1272,686,668,-1,1272,668,1273,-1,1273,668,667,-1,1273,667,1274,-1,1274,667,685,-1,1274,685,1275,-1,1275,685,684,-1,1275,684,1276,-1,1276,684,683,-1,1276,683,1277,-1,1277,683,682,-1,1277,682,1278,-1,1278,682,681,-1,1278,681,1279,-1,1279,681,680,-1,1279,680,1280,-1,1280,680,671,-1,1280,671,1281,-1,1281,671,670,-1,1281,670,1282,-1,1282,670,669,-1,1282,669,1283,-1,1283,669,692,-1,1283,692,1284,-1,691,1285,692,-1,692,1285,1284,-1,1285,691,690,-1,1285,690,1286,-1,1286,690,689,-1,1286,689,1287,-1,1287,689,688,-1,1287,688,1288,-1,1288,688,666,-1,1288,666,1289,-1,1289,666,665,-1,1289,665,1290,-1,1290,665,679,-1,1290,679,1291,-1,1291,679,678,-1,1291,678,1292,-1,1292,678,677,-1,1292,677,1293,-1,1293,677,676,-1,1293,676,1294,-1,1294,676,675,-1,1294,675,1295,-1,1295,675,674,-1,1295,674,1296,-1,1296,674,673,-1,1296,673,1297,-1,1297,673,672,-1,1297,672,1298,-1,657,1299,672,-1,672,1299,1298,-1,1300,663,1301,-1,1301,663,664,-1,1300,1301,1302,-1,1302,1301,1303,-1,1302,1303,1304,-1,1304,1303,1305,-1,1304,1305,1306,-1,1306,1305,1307,-1,1306,1307,1308,-1,1308,1307,1309,-1,1308,1309,1310,-1,1311,658,1271,-1,1271,658,687,-1,1312,1313,1314,-1,1142,1315,1141,-1,1141,1315,1316,-1,1141,1316,1139,-1,1139,1316,1317,-1,1139,1317,1140,-1,1140,1317,1318,-1,1140,1318,1130,-1,1130,1318,1319,-1,1130,1319,1135,-1,1135,1319,1320,-1,1135,1320,1136,-1,1321,1138,1137,-1,1136,1320,1137,-1,1137,1320,1322,-1,1137,1322,1321,-1,1138,1321,1125,-1,1125,1321,1323,-1,1125,1323,1324,-1,1323,1325,1324,-1,1324,1325,1326,-1,1324,1326,1314,-1,1314,1326,1327,-1,1314,1327,1312,-1,1315,1142,1328,-1,1328,1142,1143,-1,1124,1123,1329,-1,1329,1123,1330,-1,1329,1330,1331,-1,1331,1330,693,-1,1331,693,695,-1,1332,1328,1143,-1,1329,1333,1124,-1,1124,1333,1334,-1,1124,1334,1126,-1,1126,1334,1335,-1,1126,1335,1127,-1,1127,1335,1336,-1,1127,1336,1128,-1,1128,1336,1337,-1,1128,1337,1129,-1,1129,1337,1338,-1,1129,1338,1131,-1,1131,1338,1339,-1,1131,1339,1132,-1,1132,1339,1340,-1,1132,1340,1133,-1,1133,1340,1341,-1,1133,1341,1134,-1,1134,1341,1332,-1,1134,1332,1144,-1,1144,1332,1143,-1,1342,1343,694,-1,694,1343,696,-1,701,752,751,-1,701,751,699,-1,699,751,749,-1,699,749,697,-1,697,749,748,-1,697,748,715,-1,715,748,741,-1,715,741,716,-1,716,741,743,-1,716,743,717,-1,717,743,744,-1,717,744,705,-1,705,744,726,-1,705,726,706,-1,706,726,725,-1,706,725,708,-1,708,725,732,-1,708,732,710,-1,710,732,731,-1,710,731,711,-1,711,731,729,-1,711,729,713,-1,713,729,737,-1,713,737,714,-1,714,737,736,-1,714,736,702,-1,702,736,734,-1,702,734,703,-1,703,734,733,-1,703,733,721,-1,721,733,747,-1,721,747,720,-1,720,747,746,-1,720,746,718,-1,718,746,745,-1,718,745,722,-1,722,745,738,-1,722,738,723,-1,723,738,740,-1,723,740,724,-1,724,740,342,-1,724,342,234,-1,1344,701,1345,-1,1345,701,700,-1,1346,1347,1348,-1,1348,1347,1349,-1,1347,1350,1349,-1,1349,1350,1351,-1,1349,1351,1352,-1,1351,1353,1352,-1,1352,1353,1354,-1,1352,1354,1355,-1,1354,1356,1355,-1,1355,1356,1357,-1,1355,1357,1358,-1,1357,1359,1358,-1,1358,1359,1360,-1,1358,1360,1361,-1,1344,1345,1362,-1,1362,1345,1363,-1,1362,1363,1364,-1,1364,1363,1361,-1,1364,1361,1365,-1,1365,1361,1360,-1,1348,1366,1346,-1,1346,1366,1367,-1,1367,1366,1368,-1,1368,1366,1369,-1,1370,1371,1372,-1,1372,1371,1373,-1,1368,1369,1374,-1,1374,1369,1375,-1,1374,1375,1376,-1,1376,1375,1377,-1,1378,1379,1377,-1,1377,1379,1380,-1,1377,1380,1376,-1,1381,1382,1378,-1,1378,1382,1383,-1,1378,1383,1379,-1,1384,1385,1381,-1,1381,1385,1386,-1,1381,1386,1382,-1,1371,1387,1373,-1,1373,1387,1388,-1,1373,1388,1384,-1,1384,1388,1389,-1,1384,1389,1385,-1,1370,1372,1390,-1,1390,1372,1391,-1,1392,1393,1394,-1,1392,1394,1395,-1,1395,1394,1396,-1,1395,1396,1397,-1,1397,1396,1398,-1,1397,1398,1399,-1,1399,1398,1400,-1,1399,1400,1401,-1,1401,1400,1402,-1,1401,1402,1403,-1,1403,1402,1404,-1,1403,1404,1405,-1,1405,1404,1390,-1,1405,1390,1391,-1,1393,1392,1312,-1,1312,1392,1313,-1,752,1406,750,-1,750,1406,1407,-1,809,807,775,-1,775,770,809,-1,809,770,769,-1,809,769,811,-1,811,769,767,-1,811,767,813,-1,813,767,766,-1,813,766,764,-1,774,779,805,-1,805,779,778,-1,805,778,807,-1,807,778,776,-1,807,776,775,-1,753,754,759,-1,759,754,800,-1,759,800,760,-1,760,800,813,-1,760,813,763,-1,763,813,764,-1,1408,1409,1160,-1,1410,1163,1409,-1,1409,1163,1162,-1,1409,1162,1160,-1,774,805,772,-1,772,805,803,-1,772,803,755,-1,1157,1411,1158,-1,1158,1411,1408,-1,1158,1408,1159,-1,1159,1408,1160,-1,755,803,756,-1,756,803,815,-1,756,815,1410,-1,1410,815,1165,-1,1410,1165,1163,-1,1157,1155,1411,-1,1411,1155,1153,-1,1411,1153,1412,-1,1412,1153,1152,-1,1412,1152,1146,-1,758,756,1410,-1,1413,1414,1411,-1,1411,1414,1415,-1,1411,1415,1408,-1,1408,1415,1416,-1,1408,1416,1409,-1,1409,1416,1417,-1,1409,1417,1410,-1,1410,1417,1418,-1,1410,1418,758,-1,1411,1412,1413,-1,1413,1412,1419,-1,1413,1419,1420,-1,1420,1419,1421,-1,1420,1421,1422,-1,1422,1421,1423,-1,794,790,801,-1,801,790,761,-1,801,761,812,-1,812,761,762,-1,812,762,810,-1,810,762,765,-1,810,765,808,-1,765,768,808,-1,808,768,771,-1,808,771,806,-1,806,771,777,-1,806,777,804,-1,804,777,773,-1,804,773,802,-1,802,773,757,-1,802,757,814,-1,814,757,758,-1,814,758,1164,-1,1164,758,1418,-1,1164,1418,1161,-1,1161,1418,1417,-1,1161,1417,1156,-1,1156,1417,1416,-1,1156,1416,1154,-1,1154,1416,1415,-1,1154,1415,1148,-1,1148,1415,1414,-1,1148,1414,1147,-1,837,986,985,-1,837,985,835,-1,835,985,984,-1,835,984,816,-1,816,984,983,-1,816,983,817,-1,817,983,974,-1,817,974,830,-1,830,974,975,-1,830,975,831,-1,831,975,976,-1,831,976,833,-1,976,971,833,-1,833,971,972,-1,833,972,834,-1,834,972,973,-1,834,973,826,-1,826,973,977,-1,841,820,980,-1,980,820,819,-1,980,819,981,-1,981,819,829,-1,981,829,982,-1,982,829,828,-1,982,828,979,-1,979,828,827,-1,979,827,978,-1,978,827,822,-1,978,822,977,-1,977,822,824,-1,977,824,826,-1,980,969,841,-1,841,969,968,-1,841,968,840,-1,840,968,967,-1,840,967,838,-1,838,967,966,-1,838,966,842,-1,842,966,965,-1,842,965,843,-1,843,965,970,-1,843,970,844,-1,844,970,598,-1,844,598,581,-1,1424,1425,836,-1,836,1425,837,-1,584,588,850,-1,850,588,865,-1,850,865,851,-1,851,865,868,-1,851,868,856,-1,856,868,869,-1,856,869,848,-1,848,869,863,-1,848,863,847,-1,847,863,861,-1,1426,845,1427,-1,1427,845,847,-1,861,860,1428,-1,1428,860,1429,-1,875,1430,876,-1,876,1430,1431,-1,876,895,878,-1,878,895,892,-1,878,892,881,-1,881,892,893,-1,881,893,884,-1,884,893,899,-1,884,899,887,-1,887,899,901,-1,887,901,585,-1,585,901,586,-1,1432,1433,895,-1,895,1433,896,-1,592,596,910,-1,910,596,925,-1,910,925,914,-1,914,925,931,-1,914,931,913,-1,913,931,926,-1,913,926,908,-1,908,926,923,-1,908,923,907,-1,907,923,921,-1,1434,905,1435,-1,1435,905,907,-1,921,920,1436,-1,1436,920,1437,-1,935,1438,936,-1,936,1438,1439,-1,936,955,938,-1,938,955,952,-1,938,952,941,-1,941,952,953,-1,941,953,944,-1,944,953,959,-1,944,959,947,-1,947,959,961,-1,947,961,593,-1,593,961,594,-1,1440,1441,955,-1,955,1441,956,-1,986,1442,620,-1,620,1442,1166,-1,1443,1444,1445,-1,1445,1444,1446,-1,1444,1447,1446,-1,1446,1447,1448,-1,1446,1448,1449,-1,1448,1450,1449,-1,1449,1450,1451,-1,1449,1451,1452,-1,1451,1453,1452,-1,1452,1453,1454,-1,1452,1454,1455,-1,1454,1456,1455,-1,1455,1456,1457,-1,1455,1457,1458,-1,1226,1228,1459,-1,1459,1228,1460,-1,1459,1460,1461,-1,1461,1460,1458,-1,1461,1458,1462,-1,1462,1458,1457,-1,1463,1443,1464,-1,1464,1443,1445,-1,1463,1464,1465,-1,1466,1467,1174,-1,1174,1467,1173,-1,1468,1171,1469,-1,1469,1171,1173,-1,1469,1173,1470,-1,1470,1173,1467,-1,1471,1176,1170,-1,1471,1170,1472,-1,1472,1170,1169,-1,1472,1169,1468,-1,1468,1169,1172,-1,1468,1172,1171,-1,1473,1178,1177,-1,1176,1471,1177,-1,1177,1471,1474,-1,1177,1474,1473,-1,1475,1180,1179,-1,1178,1473,1179,-1,1179,1473,1476,-1,1179,1476,1475,-1,1180,1475,1181,-1,1181,1475,1477,-1,1181,1477,1465,-1,1465,1477,1478,-1,1465,1478,1463,-1,1175,1479,1174,-1,1174,1479,1466,-1,1168,1480,1175,-1,1175,1480,1481,-1,1175,1481,1479,-1,1482,1483,1484,-1,1481,1480,1485,-1,1485,1480,1486,-1,1485,1486,1487,-1,1487,1486,1488,-1,1489,1490,1488,-1,1488,1490,1491,-1,1488,1491,1487,-1,1492,1493,1489,-1,1489,1493,1494,-1,1489,1494,1490,-1,1495,1496,1492,-1,1492,1496,1497,-1,1492,1497,1493,-1,1498,1499,1500,-1,1500,1499,1501,-1,1500,1501,1495,-1,1495,1501,1502,-1,1495,1502,1496,-1,1484,1503,1482,-1,1482,1503,1504,-1,1482,1504,1505,-1,1505,1504,1506,-1,1505,1506,1500,-1,1500,1506,1507,-1,1500,1507,1498,-1,1508,1484,989,-1,989,1484,1483,-1,989,1483,999,-1,999,1483,1190,-1,1508,989,1509,-1,1509,989,988,-1,987,1193,988,-1,988,1193,1510,-1,988,1510,1509,-1,1509,1510,1511,-1,1512,1513,1514,-1,1511,1510,1515,-1,1515,1510,1516,-1,1515,1516,1517,-1,1517,1516,1518,-1,1519,1520,1518,-1,1518,1520,1521,-1,1518,1521,1517,-1,1522,1523,1519,-1,1519,1523,1524,-1,1519,1524,1520,-1,1525,1526,1522,-1,1522,1526,1527,-1,1522,1527,1523,-1,1528,1529,1530,-1,1530,1529,1531,-1,1530,1531,1525,-1,1525,1531,1532,-1,1525,1532,1526,-1,1514,1533,1512,-1,1512,1533,1534,-1,1512,1534,1535,-1,1535,1534,1536,-1,1535,1536,1530,-1,1530,1536,1537,-1,1530,1537,1528,-1,1513,1538,1514,-1,1514,1538,1539,-1,1540,1541,1542,-1,1539,1538,1543,-1,1543,1538,1544,-1,1543,1544,1545,-1,1545,1544,1546,-1,1547,1548,1546,-1,1546,1548,1549,-1,1546,1549,1545,-1,1550,1551,1547,-1,1547,1551,1552,-1,1547,1552,1548,-1,1553,1554,1550,-1,1550,1554,1555,-1,1550,1555,1551,-1,1556,1557,1558,-1,1558,1557,1559,-1,1558,1559,1553,-1,1553,1559,1560,-1,1553,1560,1554,-1,1542,1561,1540,-1,1540,1561,1562,-1,1540,1562,1563,-1,1563,1562,1564,-1,1563,1564,1558,-1,1558,1564,1565,-1,1558,1565,1556,-1,1566,1542,1026,-1,1026,1542,1541,-1,1026,1541,1027,-1,1027,1541,1210,-1,1566,1026,1567,-1,1567,1026,1025,-1,1048,1213,1025,-1,1025,1213,1568,-1,1025,1568,1567,-1,1567,1568,1569,-1,1570,1571,1572,-1,1569,1568,1573,-1,1573,1568,1574,-1,1573,1574,1575,-1,1575,1574,1576,-1,1575,1576,1577,-1,1577,1576,1578,-1,1577,1578,1579,-1,1579,1578,1580,-1,1579,1580,1581,-1,1580,1582,1581,-1,1581,1582,1583,-1,1581,1583,1584,-1,1584,1583,1585,-1,1584,1585,1586,-1,1586,1585,1587,-1,1586,1587,1588,-1,1588,1587,1589,-1,1588,1589,1590,-1,1590,1589,1591,-1,1590,1591,1592,-1,1592,1591,1593,-1,1592,1593,1594,-1,1594,1593,1595,-1,1594,1595,1596,-1,1596,1595,1597,-1,1597,1595,1598,-1,1597,1598,1599,-1,1572,1600,1570,-1,1570,1600,1601,-1,1570,1601,1602,-1,1602,1601,1599,-1,1602,1599,1603,-1,1603,1599,1598,-1,1572,1571,1604,-1,1604,1571,1225,-1,1604,1225,1223,-1,1605,1606,1607,-1,1607,1606,1608,-1,1607,1608,1609,-1,1609,1608,1610,-1,1609,1610,1611,-1,1611,1610,1612,-1,1611,1612,1613,-1,1613,1612,1614,-1,1613,1614,1615,-1,1615,1614,1616,-1,1615,1616,1617,-1,1617,1616,1618,-1,1617,1618,1619,-1,1619,1618,1620,-1,1619,1620,1621,-1,1621,1620,1622,-1,1621,1622,1623,-1,1623,1622,1624,-1,1623,1624,1625,-1,1625,1624,1626,-1,1625,1626,1627,-1,1627,1626,1628,-1,1627,1628,1629,-1,1629,1628,1630,-1,1629,1630,1631,-1,1632,1631,1633,-1,1633,1631,1630,-1,1121,1069,1122,-1,1122,1069,1068,-1,600,601,1078,-1,600,1078,1063,-1,1063,1078,1089,-1,1063,1089,1065,-1,1065,1089,1088,-1,1065,1088,1066,-1,1066,1088,1075,-1,1075,1088,1092,-1,1075,1092,1076,-1,1076,1092,1091,-1,1076,1091,1077,-1,1077,1091,1090,-1,1077,1090,1073,-1,1090,1081,1073,-1,1073,1081,1080,-1,1073,1080,1074,-1,1074,1080,1084,-1,1074,1084,1070,-1,1070,1084,1086,-1,1070,1086,1068,-1,1086,1085,1101,-1,1101,1085,1102,-1,605,604,1108,-1,605,1108,1093,-1,1093,1108,1110,-1,1093,1110,1095,-1,1095,1110,1111,-1,1095,1111,1096,-1,1106,1119,1107,-1,1107,1119,1120,-1,1107,1120,1103,-1,1103,1120,1122,-1,1103,1122,1101,-1,1096,1111,1098,-1,1098,1111,1113,-1,1098,1113,1099,-1,1099,1113,1114,-1,1099,1114,1105,-1,1105,1114,1116,-1,1105,1116,1106,-1,1106,1116,1117,-1,1106,1117,1119,-1,1634,1604,1222,-1,1222,1604,1223,-1,1605,1635,1606,-1,1606,1635,1636,-1,1637,1638,1639,-1,1639,1638,1640,-1,1638,1641,1640,-1,1640,1641,1642,-1,1640,1642,1643,-1,1642,1644,1643,-1,1643,1644,1645,-1,1643,1645,1646,-1,1645,1647,1646,-1,1646,1647,1648,-1,1646,1648,1649,-1,1648,1650,1649,-1,1649,1650,1651,-1,1649,1651,1652,-1,1632,1633,1653,-1,1653,1633,1654,-1,1653,1654,1655,-1,1655,1654,1652,-1,1655,1652,1656,-1,1656,1652,1651,-1,1434,1437,905,-1,905,1437,920,-1,1441,1438,956,-1,956,1438,935,-1,1426,1429,845,-1,845,1429,860,-1,1433,1430,896,-1,896,1430,875,-1,1268,1657,1269,-1,1269,1657,1658,-1,1309,1659,1310,-1,1310,1659,1660,-1,1349,1352,1407,-1,1407,1352,1355,-1,1407,1355,1358,-1,1358,1361,1407,-1,1407,1361,1363,-1,1407,1363,750,-1,750,1363,1345,-1,750,1345,700,-1,1661,1662,1663,-1,1661,1377,1375,-1,694,1314,1313,-1,1391,1372,1664,-1,1664,1372,1373,-1,1664,1373,1665,-1,1665,1373,1384,-1,1665,1384,1663,-1,1663,1384,1381,-1,1663,1381,1661,-1,1661,1381,1378,-1,1661,1378,1377,-1,1399,1401,1664,-1,694,1313,1342,-1,1342,1313,1392,-1,1342,1392,1666,-1,1666,1392,1395,-1,1666,1395,1664,-1,1664,1395,1397,-1,1664,1397,1399,-1,1401,1403,1664,-1,1664,1403,1405,-1,1664,1405,1391,-1,1330,1123,1125,-1,694,693,1314,-1,1314,693,1330,-1,1314,1330,1324,-1,1324,1330,1125,-1,1375,1369,1661,-1,1661,1369,1366,-1,1661,1366,1407,-1,1407,1366,1348,-1,1407,1348,1349,-1,1667,1668,1669,-1,1670,1671,1669,-1,1671,1672,1669,-1,1669,1672,1673,-1,1669,1673,1667,-1,1669,1674,1670,-1,1670,1674,1675,-1,1670,1675,1676,-1,1149,1151,1677,-1,1677,1151,1678,-1,1677,1678,1679,-1,1679,1678,1670,-1,1679,1670,1680,-1,1680,1670,1676,-1,1167,1424,619,-1,619,1424,836,-1,1681,1682,1683,-1,1683,1684,1681,-1,1681,1684,1685,-1,1681,1685,1686,-1,1685,1687,1686,-1,1686,1687,1688,-1,1686,1688,1689,-1,1688,1690,1689,-1,1689,1690,1691,-1,1689,1691,1692,-1,1691,1693,1692,-1,1692,1693,1694,-1,1692,1694,1695,-1,1694,1696,1695,-1,1695,1696,1697,-1,1695,1697,1698,-1,1167,1166,1699,-1,1699,1166,1698,-1,1699,1698,1700,-1,1700,1698,1697,-1,1452,1455,1085,-1,1196,1197,1483,-1,1482,1505,1193,-1,1193,1505,1500,-1,1193,1500,1495,-1,1610,1608,1224,-1,1224,1608,1606,-1,1224,1606,1636,-1,1192,1190,1483,-1,1492,1489,1102,-1,1102,1489,1488,-1,1618,1616,1225,-1,1225,1616,1614,-1,1225,1614,1224,-1,1224,1614,1612,-1,1224,1612,1610,-1,1455,1458,1701,-1,1458,1460,1701,-1,1701,1460,1228,-1,1701,1228,1229,-1,1482,1193,1483,-1,1483,1193,1195,-1,1483,1195,1196,-1,1069,1446,1085,-1,1085,1446,1449,-1,1085,1449,1452,-1,1465,1464,1069,-1,1069,1464,1445,-1,1069,1445,1446,-1,1200,1201,1483,-1,1483,1201,1194,-1,1483,1194,1192,-1,1102,1525,1522,-1,1522,1519,1102,-1,1102,1519,1518,-1,1102,1518,1516,-1,1583,1626,1585,-1,1585,1626,1587,-1,1488,1486,1102,-1,1102,1486,1480,-1,1102,1480,1121,-1,1121,1480,1168,-1,1121,1168,1069,-1,1069,1168,1181,-1,1069,1181,1465,-1,1197,1198,1483,-1,1483,1198,1199,-1,1483,1199,1200,-1,1525,1102,1530,-1,1530,1102,1085,-1,1530,1085,1535,-1,1495,1492,1193,-1,1193,1492,1102,-1,1193,1102,1510,-1,1510,1102,1516,-1,1571,1622,1225,-1,1225,1622,1620,-1,1225,1620,1618,-1,1595,1593,1626,-1,1188,1184,1187,-1,1187,1184,1185,-1,1187,1185,1186,-1,1216,1217,1541,-1,1571,1570,1622,-1,1622,1570,1602,-1,1622,1602,1624,-1,1624,1602,1603,-1,1624,1603,1626,-1,1626,1603,1598,-1,1626,1598,1595,-1,1192,1182,1190,-1,1190,1182,1183,-1,1190,1183,1191,-1,1191,1183,1184,-1,1191,1184,1189,-1,1189,1184,1188,-1,1212,1210,1541,-1,1593,1591,1626,-1,1626,1591,1589,-1,1626,1589,1587,-1,1576,1563,1578,-1,1578,1563,1558,-1,1578,1558,1580,-1,1580,1558,1553,-1,1576,1574,1563,-1,1563,1574,1568,-1,1563,1568,1540,-1,1540,1568,1213,-1,1540,1213,1541,-1,1541,1213,1215,-1,1541,1215,1216,-1,1553,1550,1580,-1,1580,1550,1626,-1,1580,1626,1582,-1,1582,1626,1583,-1,1640,1643,1085,-1,1643,1646,1085,-1,1085,1646,1649,-1,1085,1649,1535,-1,1212,1202,1210,-1,1210,1202,1203,-1,1210,1203,1211,-1,1211,1203,1209,-1,1455,1701,1085,-1,1085,1701,1639,-1,1085,1639,1640,-1,1217,1218,1541,-1,1541,1218,1219,-1,1541,1219,1220,-1,1220,1221,1541,-1,1541,1221,1214,-1,1541,1214,1212,-1,1550,1547,1626,-1,1626,1547,1546,-1,1626,1546,1544,-1,1649,1652,1535,-1,1535,1652,1654,-1,1535,1654,1512,-1,1512,1654,1633,-1,1512,1633,1513,-1,1206,1203,1205,-1,1205,1203,1204,-1,1206,1207,1203,-1,1203,1207,1208,-1,1203,1208,1209,-1,1513,1633,1538,-1,1538,1633,1630,-1,1538,1630,1544,-1,1544,1630,1628,-1,1544,1628,1626,-1,1702,1703,1704,-1,1222,1224,1705,-1,1705,1224,1706,-1,1704,1703,1707,-1,1707,1703,1708,-1,1707,1708,1709,-1,1710,1711,1712,-1,1712,1711,1713,-1,1712,1713,1706,-1,1706,1713,1714,-1,1706,1714,1705,-1,1715,1716,1717,-1,1717,1716,1718,-1,1717,1718,1719,-1,1719,1718,1720,-1,1719,1720,1710,-1,1710,1720,1721,-1,1710,1721,1711,-1,1722,1723,1724,-1,1724,1723,1725,-1,1724,1725,1726,-1,1726,1725,1727,-1,1726,1727,1715,-1,1715,1727,1728,-1,1715,1728,1716,-1,1704,1729,1702,-1,1702,1729,1730,-1,1702,1730,1731,-1,1731,1730,1732,-1,1731,1732,1722,-1,1722,1732,1733,-1,1722,1733,1723,-1,1734,1735,1736,-1,1736,1735,1737,-1,1737,1735,1738,-1,1738,1735,1739,-1,1738,1739,1740,-1,1740,1739,1741,-1,1741,1739,1742,-1,1741,1742,1743,-1,1743,1742,1744,-1,1744,1742,1745,-1,1744,1745,1746,-1,1746,1745,1747,-1,1747,1745,1748,-1,1747,1748,1749,-1,1749,1748,1750,-1,1750,1748,1751,-1,1750,1751,1752,-1,1752,1751,1753,-1,1753,1751,1754,-1,1753,1754,1755,-1,1755,1754,1756,-1,1756,1754,1757,-1,1756,1757,1758,-1,1758,1757,1759,-1,1759,1757,1760,-1,1759,1760,1761,-1,1761,1760,1762,-1,1762,1760,1763,-1,1762,1763,1764,-1,1764,1763,1765,-1,1765,1763,1766,-1,1765,1766,1767,-1,1767,1766,1768,-1,1768,1766,1769,-1,1768,1769,1770,-1,1770,1769,1771,-1,1771,1769,1772,-1,1771,1772,1773,-1,1773,1772,1774,-1,1774,1772,1775,-1,1774,1775,1776,-1,1777,1778,1775,-1,1775,1778,1776,-1,1779,1780,1781,-1,1779,1781,1782,-1,1782,1781,1783,-1,1782,1783,1784,-1,1784,1783,1785,-1,1784,1785,1786,-1,1786,1785,1787,-1,1786,1787,1788,-1,1788,1787,1789,-1,1788,1789,1790,-1,1790,1789,1791,-1,1790,1791,1792,-1,1792,1791,1778,-1,1792,1778,1777,-1,1793,1794,1779,-1,1779,1794,1780,-1,1795,1796,1797,-1,1795,1797,1798,-1,1798,1797,1799,-1,1798,1799,1800,-1,1800,1799,1801,-1,1800,1801,1802,-1,1802,1801,1803,-1,1802,1803,1804,-1,1804,1803,1805,-1,1804,1805,1806,-1,1806,1805,1807,-1,1806,1807,1808,-1,1808,1807,1794,-1,1808,1794,1793,-1,1796,1795,1809,-1,1809,1795,1810,-1,1809,1810,1811,-1,1811,1810,1812,-1,1813,1814,1815,-1,1815,1814,1816,-1,1817,1818,1819,-1,1814,1820,1816,-1,1816,1820,1821,-1,1816,1821,1818,-1,1818,1821,1822,-1,1818,1822,1819,-1,1823,1824,1825,-1,1825,1824,1826,-1,1827,1828,1826,-1,1826,1828,1829,-1,1826,1829,1825,-1,1830,1831,1812,-1,1812,1831,1832,-1,1812,1832,1811,-1,1819,1833,1817,-1,1817,1833,1834,-1,1817,1834,1830,-1,1830,1834,1835,-1,1830,1835,1831,-1,1823,1836,1824,-1,1824,1836,1837,-1,1824,1837,1838,-1,1838,1837,1839,-1,1838,1839,1840,-1,1841,1842,1827,-1,1827,1842,1843,-1,1827,1843,1828,-1,1813,1815,1844,-1,1844,1815,1845,-1,1844,1845,1846,-1,1846,1845,1847,-1,1847,1845,1848,-1,1847,1848,1841,-1,1841,1848,1849,-1,1841,1849,1842,-1,1850,1851,1852,-1,1853,1854,1855,-1,1855,1854,1856,-1,1855,1856,1852,-1,1852,1856,1857,-1,1852,1857,1850,-1,1858,1859,1860,-1,1860,1859,1861,-1,1860,1861,1853,-1,1853,1861,1862,-1,1853,1862,1854,-1,1863,1864,1865,-1,1865,1864,1852,-1,1865,1852,1866,-1,1866,1852,1851,-1,1867,1868,1869,-1,1869,1868,1229,-1,1869,1229,1227,-1,1863,1870,1864,-1,1864,1870,1871,-1,1864,1871,1872,-1,1872,1871,1873,-1,1872,1873,1874,-1,1867,1875,1868,-1,1868,1875,1876,-1,1868,1876,1860,-1,1860,1876,1877,-1,1860,1877,1858,-1,1878,1879,1880,-1,1880,1879,1881,-1,1882,1883,1884,-1,1884,1883,1885,-1,1886,1887,1888,-1,1888,1887,1889,-1,625,627,1259,-1,1258,621,1890,-1,1890,621,623,-1,1890,623,1891,-1,1269,1658,1892,-1,1892,1658,1893,-1,1892,1893,1894,-1,1891,623,1895,-1,1895,623,625,-1,1895,625,1896,-1,1896,625,1259,-1,1896,1259,1897,-1,1267,1898,1265,-1,1265,1898,1899,-1,1265,1899,1263,-1,1263,1899,1900,-1,1263,1900,1261,-1,1261,1900,1901,-1,1261,1901,1259,-1,1259,1901,1902,-1,1259,1902,1897,-1,1892,1903,1269,-1,1269,1903,1904,-1,1269,1904,1267,-1,1267,1904,1905,-1,1267,1905,1898,-1,1248,1249,1239,-1,1258,1270,1230,-1,1236,1237,1258,-1,1258,1237,1238,-1,1258,1238,1239,-1,1245,1246,1247,-1,1249,1250,1239,-1,1239,1250,1251,-1,1239,1251,1252,-1,1230,1231,1258,-1,1258,1231,1232,-1,1258,1232,1233,-1,1233,1234,1258,-1,1258,1234,1235,-1,1258,1235,1236,-1,1252,1253,1239,-1,1239,1253,1254,-1,1239,1254,1255,-1,1255,1256,1239,-1,1239,1256,1257,-1,1239,1257,1258,-1,1248,1239,1247,-1,1247,1239,1240,-1,1247,1240,1241,-1,1241,1242,1243,-1,1241,1243,1247,-1,1247,1243,1244,-1,1247,1244,1245,-1,1657,1268,1906,-1,1906,1268,1889,-1,1906,1889,1887,-1,622,1270,1907,-1,622,1907,624,-1,624,1907,1908,-1,624,1908,626,-1,626,1908,1909,-1,626,1909,628,-1,1910,1911,1268,-1,1268,1911,1912,-1,628,1909,1260,-1,1260,1909,1913,-1,1260,1913,1914,-1,1268,1266,1910,-1,1910,1266,1264,-1,1910,1264,1915,-1,1915,1264,1262,-1,1915,1262,1916,-1,1916,1262,1260,-1,1916,1260,1917,-1,1917,1260,1914,-1,1912,1918,1268,-1,1268,1918,1919,-1,1268,1919,1889,-1,1920,1921,1894,-1,1894,1921,1892,-1,1922,1923,1924,-1,1925,1922,1926,-1,1926,1922,1924,-1,1926,1924,1927,-1,1926,1927,1928,-1,1928,1927,1929,-1,1930,1931,1932,-1,1932,1933,1930,-1,1930,1933,1928,-1,1930,1928,1929,-1,1934,1935,1936,-1,1936,1935,1937,-1,661,663,1300,-1,1299,657,1938,-1,1938,657,659,-1,1938,659,1939,-1,1310,1660,1940,-1,1940,1660,1941,-1,1940,1941,1942,-1,1939,659,1943,-1,1943,659,661,-1,1943,661,1944,-1,1944,661,1300,-1,1944,1300,1945,-1,1308,1946,1306,-1,1306,1946,1947,-1,1306,1947,1304,-1,1304,1947,1948,-1,1304,1948,1302,-1,1302,1948,1949,-1,1302,1949,1300,-1,1300,1949,1950,-1,1300,1950,1945,-1,1940,1951,1310,-1,1310,1951,1952,-1,1310,1952,1308,-1,1308,1952,1953,-1,1308,1953,1946,-1,1296,1271,1272,-1,1290,1291,1292,-1,1299,1311,1298,-1,1298,1311,1271,-1,1298,1271,1297,-1,1297,1271,1296,-1,1293,1294,1274,-1,1272,1273,1296,-1,1296,1273,1274,-1,1296,1274,1295,-1,1295,1274,1294,-1,1293,1274,1292,-1,1292,1274,1275,-1,1292,1275,1276,-1,1286,1287,1292,-1,1292,1287,1288,-1,1292,1288,1290,-1,1290,1288,1289,-1,1276,1277,1292,-1,1292,1277,1278,-1,1292,1278,1279,-1,1279,1280,1292,-1,1292,1280,1281,-1,1292,1281,1282,-1,1282,1283,1284,-1,1282,1284,1292,-1,1292,1284,1285,-1,1292,1285,1286,-1,1659,1309,1954,-1,1954,1309,1937,-1,1954,1937,1935,-1,658,1311,1955,-1,658,1955,660,-1,660,1955,1956,-1,660,1956,662,-1,662,1956,1957,-1,662,1957,664,-1,1958,1959,1309,-1,1309,1959,1960,-1,664,1957,1301,-1,1301,1957,1961,-1,1301,1961,1962,-1,1309,1307,1958,-1,1958,1307,1305,-1,1958,1305,1963,-1,1963,1305,1303,-1,1963,1303,1964,-1,1964,1303,1301,-1,1964,1301,1965,-1,1965,1301,1962,-1,1960,1966,1309,-1,1309,1966,1967,-1,1309,1967,1937,-1,1968,1969,1942,-1,1942,1969,1940,-1,1970,1971,1972,-1,1972,1971,1973,-1,1974,1975,1976,-1,1976,1975,1977,-1,1976,1977,1978,-1,1978,1977,1979,-1,1980,1981,1982,-1,1982,1981,1983,-1,1982,1983,1977,-1,1977,1983,1984,-1,1977,1984,1979,-1,1985,1986,1987,-1,1987,1986,1988,-1,1989,1990,1991,-1,1991,1990,1992,-1,1974,1993,1975,-1,1975,1993,1994,-1,1975,1994,1995,-1,1995,1994,1996,-1,1995,1996,1997,-1,1997,1998,1995,-1,1995,1998,1999,-1,1995,1999,1992,-1,1992,1999,2000,-1,1992,2000,1991,-1,1986,2001,1988,-1,1988,2001,2002,-1,1988,2002,1982,-1,1982,2002,2003,-1,1982,2003,1980,-1,1989,2004,1990,-1,1990,2004,2005,-1,1663,1662,2006,-1,2005,2004,2007,-1,2007,2004,2008,-1,2007,2008,2009,-1,2009,2008,2010,-1,2009,2010,2011,-1,2011,2010,2012,-1,2011,2012,1662,-1,1662,2012,2013,-1,1662,2013,2006,-1,2006,2014,1663,-1,1663,2014,2015,-1,1663,2015,1665,-1,2015,2016,1665,-1,1665,2016,2017,-1,1665,2017,1664,-1,2017,2018,1664,-1,1664,2018,2019,-1,1664,2019,1666,-1,1666,2019,2020,-1,1666,2020,1342,-1,1342,2020,1343,-1,2020,2019,1393,-1,1406,752,701,-1,701,1344,1406,-1,1406,1344,1362,-1,1406,1362,1364,-1,1326,1325,696,-1,1393,2019,1394,-1,1394,2019,2018,-1,1394,2018,1396,-1,2020,1393,1343,-1,1343,1393,1312,-1,1343,1312,696,-1,696,1312,1327,-1,696,1327,1326,-1,1396,2018,1398,-1,1398,2018,2017,-1,1398,2017,1400,-1,1333,1329,1325,-1,1390,1404,2017,-1,2017,1404,1402,-1,2017,1402,1400,-1,1364,1365,1406,-1,1406,1365,1360,-1,1406,1360,1359,-1,1380,1379,2021,-1,2021,1379,1383,-1,2021,1383,1382,-1,1371,2015,1387,-1,1387,2015,1388,-1,2017,2016,1390,-1,1390,2016,2015,-1,1390,2015,1370,-1,1370,2015,1371,-1,1337,1336,1325,-1,1359,1357,1406,-1,1406,1357,1356,-1,1406,1356,1354,-1,1354,1353,1406,-1,1406,1353,1351,-1,1406,1351,1350,-1,1368,1374,2021,-1,2021,1374,1376,-1,2021,1376,1380,-1,1323,1321,1332,-1,1336,1335,1325,-1,1325,1335,1334,-1,1325,1334,1333,-1,1329,1331,1325,-1,1325,1331,695,-1,1325,695,696,-1,1350,1347,1406,-1,1406,1347,1346,-1,1406,1346,2021,-1,2021,1346,1367,-1,2021,1367,1368,-1,1323,1332,1325,-1,1325,1332,1341,-1,1325,1341,1340,-1,1340,1339,1325,-1,1325,1339,1338,-1,1325,1338,1337,-1,2015,2014,1388,-1,1388,2014,2006,-1,1388,2006,1389,-1,1389,2006,2013,-1,1389,2013,1385,-1,1385,2013,2021,-1,1385,2021,1386,-1,1386,2021,1382,-1,1321,1322,1332,-1,1332,1322,1320,-1,1332,1320,1328,-1,1318,1317,1316,-1,1320,1319,1318,-1,1318,1316,1320,-1,1320,1316,1315,-1,1320,1315,1328,-1,2022,2023,2024,-1,2024,2023,2025,-1,2024,2025,2026,-1,2026,2025,2027,-1,2027,2025,1407,-1,2027,1407,1406,-1,2028,2029,2030,-1,2030,2029,2031,-1,1412,1146,1419,-1,1419,1146,1145,-1,1419,1145,1421,-1,1421,1145,1423,-1,1423,1145,1149,-1,1423,1149,2032,-1,2032,1149,1677,-1,2032,1677,2033,-1,2033,1677,1679,-1,2033,1679,2034,-1,2034,1679,2035,-1,2035,1679,1680,-1,2035,1680,2036,-1,2036,1680,2037,-1,2037,1680,1676,-1,2037,1676,2038,-1,2038,1676,2039,-1,2039,1676,1675,-1,2039,1675,2040,-1,2040,1675,2041,-1,2041,1675,1674,-1,2041,1674,2042,-1,2031,2029,2043,-1,2043,2029,2044,-1,2043,2044,2045,-1,2045,2044,2046,-1,2045,2046,2047,-1,2047,2046,2048,-1,2047,2048,2049,-1,2049,2048,2050,-1,2049,2050,1669,-1,1669,2050,2051,-1,1669,2051,1674,-1,1674,2051,2052,-1,1674,2052,2042,-1,2053,2054,2055,-1,2055,2054,2056,-1,2055,2056,2057,-1,2057,2056,2058,-1,2057,2058,2059,-1,2059,2058,2060,-1,2059,2060,2030,-1,2030,2060,2061,-1,2030,2061,2028,-1,2055,2062,2053,-1,2053,2062,2063,-1,2053,2063,2064,-1,2064,2063,2065,-1,2064,2065,2022,-1,2022,2065,2023,-1,2066,2067,1423,-1,2035,2068,2034,-1,2034,2068,2033,-1,2067,2069,1423,-1,1423,2069,2070,-1,1423,2070,1422,-1,2033,2068,2032,-1,2032,2068,2071,-1,2032,2071,1423,-1,1423,2071,2072,-1,1423,2072,2066,-1,2035,2036,2068,-1,2068,2036,2037,-1,2068,2037,2038,-1,2038,2039,2068,-1,2068,2039,2040,-1,2068,2040,2041,-1,2041,2042,2068,-1,2068,2042,2052,-1,2068,2052,2051,-1,2073,2074,2075,-1,2075,2076,2073,-1,2073,2076,2077,-1,2073,2077,2078,-1,2078,2077,2079,-1,2078,2079,2080,-1,2080,2079,2081,-1,2081,2079,2082,-1,2081,2082,2083,-1,2083,2082,2084,-1,2083,2084,2085,-1,2085,2084,2086,-1,2085,2086,2087,-1,2087,2086,2088,-1,2088,2086,2089,-1,2088,2089,2090,-1,2090,2089,2091,-1,2090,2091,2092,-1,2091,2093,2092,-1,2092,2093,2094,-1,2092,2094,2095,-1,2095,2094,2096,-1,2095,2096,2097,-1,2097,2096,2098,-1,2098,2096,2099,-1,2098,2099,2068,-1,2068,2099,1668,-1,2068,1668,2071,-1,1668,1667,2071,-1,2071,1667,1673,-1,2071,1673,2072,-1,2072,1673,2066,-1,2066,1673,1672,-1,2066,1672,2100,-1,2100,1672,1671,-1,2100,1671,2069,-1,2069,1671,1670,-1,2069,1670,2070,-1,1670,1678,2070,-1,2070,1678,1151,-1,2070,1151,1422,-1,1422,1151,1150,-1,1422,1150,1420,-1,1420,1150,1413,-1,1413,1150,1147,-1,1413,1147,1414,-1,2075,2074,2101,-1,2101,2074,2102,-1,1425,1424,2103,-1,2103,1424,2101,-1,2103,2101,2104,-1,2104,2101,2102,-1,1442,986,1425,-1,1425,986,837,-1,2105,1985,2106,-1,2106,1985,1987,-1,1427,2107,1426,-1,1426,2107,2108,-1,2107,2109,2108,-1,2108,2109,2110,-1,2108,2110,2111,-1,2112,2113,2114,-1,2114,2113,2115,-1,2116,2117,2115,-1,2115,2117,2118,-1,2115,2118,2114,-1,2110,2119,2111,-1,2111,2119,2120,-1,2111,2120,2116,-1,2116,2120,2121,-1,2116,2121,2117,-1,861,1428,847,-1,847,1428,1427,-1,1428,1429,2122,-1,2122,1429,2123,-1,2124,2125,2126,-1,2126,2125,2127,-1,2128,2129,2123,-1,2123,2129,2130,-1,2123,2130,2122,-1,2125,2131,2127,-1,2127,2131,2132,-1,2127,2132,2133,-1,2132,2134,2133,-1,2133,2134,2135,-1,2133,2135,2128,-1,2128,2135,2136,-1,2128,2136,2129,-1,1432,2137,1433,-1,1433,2137,2138,-1,2137,2139,2138,-1,2138,2139,2140,-1,2138,2140,2141,-1,2140,2142,2141,-1,2141,2142,2143,-1,2141,2143,2144,-1,2145,2146,2147,-1,2147,2146,2148,-1,2143,2149,2144,-1,2144,2149,2150,-1,2144,2150,2148,-1,2148,2150,2151,-1,2148,2151,2147,-1,1431,1430,2152,-1,2152,1430,2153,-1,2152,2153,2154,-1,2154,2153,2155,-1,2155,2153,2156,-1,2155,2156,2157,-1,2157,2156,2158,-1,2158,2156,2159,-1,2158,2159,2160,-1,2160,2159,2161,-1,2161,2159,2162,-1,2161,2162,2163,-1,2163,2162,2164,-1,2164,2162,2165,-1,2164,2165,2166,-1,876,1431,895,-1,895,1431,1432,-1,1435,2167,1434,-1,1434,2167,2168,-1,2167,2169,2168,-1,2168,2169,2170,-1,2168,2170,2171,-1,2170,2172,2171,-1,2171,2172,2173,-1,2171,2173,2174,-1,2175,2176,2177,-1,2177,2176,2178,-1,2173,2179,2174,-1,2174,2179,2180,-1,2174,2180,2178,-1,2178,2180,2181,-1,2178,2181,2177,-1,921,1436,907,-1,907,1436,1435,-1,1436,1437,2182,-1,2182,1437,2183,-1,2184,2185,2186,-1,2186,2185,2187,-1,2188,2189,2183,-1,2183,2189,2190,-1,2183,2190,2182,-1,2185,2191,2187,-1,2187,2191,2192,-1,2187,2192,2193,-1,2192,2194,2193,-1,2193,2194,2195,-1,2193,2195,2188,-1,2188,2195,2196,-1,2188,2196,2189,-1,1440,2197,1441,-1,1441,2197,2198,-1,2197,2199,2198,-1,2198,2199,2200,-1,2198,2200,2201,-1,2200,2202,2201,-1,2201,2202,2203,-1,2201,2203,2204,-1,2205,2206,2207,-1,2207,2206,2208,-1,2203,2209,2204,-1,2204,2209,2210,-1,2204,2210,2208,-1,2208,2210,2211,-1,2208,2211,2207,-1,1439,1438,2212,-1,2212,1438,2213,-1,2212,2213,2214,-1,2214,2213,2215,-1,2215,2213,2216,-1,2215,2216,2217,-1,2217,2216,2218,-1,2218,2216,2219,-1,2218,2219,2220,-1,2220,2219,2221,-1,2221,2219,2222,-1,2221,2222,2223,-1,2223,2222,2224,-1,2224,2222,2225,-1,2224,2225,2226,-1,936,1439,955,-1,955,1439,1440,-1,2227,2228,1681,-1,2229,1698,2230,-1,2230,1698,1166,-1,2230,1166,1442,-1,2228,2231,1681,-1,1681,2231,2232,-1,1681,2232,1682,-1,1682,2232,2233,-1,1682,2233,2234,-1,2235,2236,1686,-1,1686,2236,2237,-1,1686,2237,1681,-1,1681,2237,2238,-1,1681,2238,2227,-1,2235,1686,2239,-1,2239,1686,1689,-1,2239,1689,2240,-1,2240,1689,1692,-1,2240,1692,2241,-1,2242,2243,1695,-1,1695,2243,2244,-1,1695,2244,1692,-1,1692,2244,2245,-1,1692,2245,2241,-1,2229,2246,1698,-1,1698,2246,2247,-1,1698,2247,1695,-1,1695,2247,2248,-1,1695,2248,2242,-1,1467,1466,1068,-1,1552,1551,1634,-1,1227,1226,2249,-1,2249,1226,1459,-1,2249,1459,1461,-1,1509,1511,1101,-1,1101,1511,1515,-1,1515,1517,1101,-1,1101,1517,1521,-1,1101,1521,1520,-1,1068,1466,1122,-1,1122,1466,1479,-1,1122,1479,1101,-1,1101,1479,1481,-1,1101,1481,1485,-1,1485,1487,1101,-1,1101,1487,1491,-1,1101,1491,1490,-1,1504,1509,1506,-1,1506,1509,1507,-1,1462,1457,1086,-1,1086,1457,1456,-1,1086,1447,1068,-1,1068,1447,1444,-1,1068,1444,1443,-1,1599,1601,1634,-1,1490,1494,1101,-1,1101,1494,1493,-1,1101,1493,1509,-1,1509,1493,1497,-1,1497,1496,1509,-1,1509,1496,1502,-1,1509,1502,1501,-1,1504,1503,1509,-1,1509,1503,1484,-1,1509,1484,1508,-1,1456,1454,1086,-1,1086,1454,1453,-1,1086,1453,1451,-1,1451,1450,1086,-1,1086,1450,1448,-1,1086,1448,1447,-1,1567,1569,1566,-1,1566,1569,1573,-1,1566,1573,1575,-1,1501,1499,1509,-1,1509,1499,1498,-1,1509,1498,1507,-1,1520,1524,1101,-1,1101,1524,1523,-1,1101,1523,1527,-1,1635,1605,1634,-1,1634,1605,1607,-1,1634,1607,1609,-1,1577,1565,1575,-1,1575,1565,1564,-1,1575,1564,1562,-1,1592,1551,1590,-1,1590,1551,1588,-1,1601,1600,1634,-1,1634,1600,1572,-1,1634,1572,1604,-1,1472,1468,1068,-1,1527,1526,1101,-1,1101,1526,1532,-1,1101,1532,1531,-1,1655,1656,1101,-1,1101,1656,1651,-1,1101,1651,1650,-1,1644,1642,1086,-1,1086,1642,1641,-1,1086,1641,1638,-1,1461,1462,2249,-1,2249,1462,1086,-1,2249,1086,1637,-1,1637,1086,1638,-1,1555,1584,1551,-1,1551,1584,1586,-1,1551,1586,1588,-1,1562,1561,1575,-1,1575,1561,1542,-1,1575,1542,1566,-1,1592,1594,1551,-1,1551,1594,1596,-1,1551,1596,1634,-1,1634,1596,1597,-1,1634,1597,1599,-1,1443,1463,1068,-1,1068,1463,1478,-1,1068,1478,1477,-1,1468,1469,1068,-1,1068,1469,1470,-1,1068,1470,1467,-1,1536,1534,1613,-1,1613,1534,1533,-1,1613,1533,1514,-1,1623,1625,1537,-1,1537,1625,1627,-1,1555,1554,1584,-1,1584,1554,1560,-1,1584,1560,1559,-1,1477,1475,1068,-1,1068,1475,1476,-1,1068,1476,1473,-1,1473,1474,1068,-1,1068,1474,1471,-1,1068,1471,1472,-1,1536,1613,1537,-1,1537,1613,1615,-1,1537,1615,1617,-1,1627,1629,1537,-1,1537,1629,1631,-1,1537,1631,1632,-1,1531,1529,1101,-1,1101,1529,1528,-1,1101,1528,1655,-1,1655,1528,1537,-1,1655,1537,1653,-1,1653,1537,1632,-1,1650,1648,1101,-1,1101,1648,1647,-1,1101,1647,1086,-1,1086,1647,1645,-1,1086,1645,1644,-1,1559,1557,1584,-1,1584,1557,1556,-1,1584,1556,1581,-1,1581,1556,1565,-1,1581,1565,1579,-1,1579,1565,1577,-1,1617,1619,1537,-1,1537,1619,1621,-1,1537,1621,1623,-1,1514,1539,1613,-1,1613,1539,1543,-1,1613,1543,1611,-1,1611,1543,1545,-1,1611,1545,1609,-1,1609,1545,1549,-1,1609,1549,1634,-1,1634,1549,1548,-1,1634,1548,1552,-1,1707,1709,2250,-1,1634,1222,2251,-1,2251,1222,1705,-1,2250,2252,1707,-1,1707,2252,2253,-1,1707,2253,1704,-1,1704,2253,2254,-1,1704,2254,1729,-1,1729,2254,2255,-1,1729,2255,1730,-1,1730,2255,2256,-1,1730,2256,1732,-1,1732,2256,2257,-1,1732,2257,1733,-1,1733,2257,2258,-1,1733,2258,1723,-1,1723,2258,2259,-1,1723,2259,1725,-1,1725,2259,2260,-1,1725,2260,1727,-1,1727,2260,2261,-1,1727,2261,1728,-1,1728,2261,2262,-1,1728,2262,1716,-1,1716,2262,2263,-1,1716,2263,1718,-1,2263,2264,1718,-1,1718,2264,2265,-1,1718,2265,1720,-1,1720,2265,2266,-1,1720,2266,1721,-1,1721,2266,2267,-1,1721,2267,1711,-1,1711,2267,2268,-1,1711,2268,1713,-1,1713,2268,2269,-1,1713,2269,1714,-1,1714,2269,2270,-1,1714,2270,1705,-1,1705,2270,2271,-1,1705,2271,2251,-1,2272,2273,2274,-1,2275,2276,2277,-1,2277,2276,2278,-1,2277,2278,2279,-1,2279,2278,2280,-1,2275,2281,2276,-1,2276,2281,2282,-1,2276,2282,2283,-1,2283,2282,2284,-1,2283,2284,2285,-1,2285,2284,2286,-1,2287,2288,2289,-1,2289,2288,2290,-1,2289,2290,2278,-1,2278,2290,2291,-1,2278,2291,2280,-1,2287,2289,2292,-1,2292,2289,1636,-1,2292,1636,1635,-1,2286,2293,2285,-1,2285,2293,2294,-1,2285,2294,2274,-1,2274,2294,2295,-1,2274,2295,2272,-1,2273,2296,2274,-1,2274,2296,2297,-1,2274,2297,2298,-1,2298,2297,2299,-1,2298,2299,2300,-1,1701,2249,1639,-1,1639,2249,1637,-1,2301,2302,2303,-1,2304,2305,2306,-1,2307,2308,2309,-1,2310,2311,2302,-1,2302,2311,2312,-1,2302,2312,2303,-1,2303,2313,2304,-1,2304,2306,2303,-1,2303,2306,2314,-1,2303,2314,2301,-1,2315,2307,2316,-1,2316,2307,2309,-1,2316,2309,2317,-1,2317,2309,2318,-1,2317,2318,2319,-1,2319,2320,2317,-1,2317,2320,2321,-1,2317,2321,2302,-1,2302,2321,2322,-1,2302,2322,2310,-1,1701,1229,2323,-1,2323,1229,1868,-1,2323,1868,2324,-1,2324,1868,1860,-1,2324,1860,2325,-1,2325,1860,1853,-1,2325,1853,2326,-1,2326,1853,1855,-1,2326,1855,2327,-1,2327,1855,1852,-1,2327,1852,2328,-1,2328,1852,1864,-1,2328,1864,2329,-1,2329,1864,1872,-1,2176,2186,2178,-1,2178,2186,2187,-1,2178,2187,2174,-1,2174,2187,2193,-1,2174,2193,2171,-1,2171,2193,2188,-1,2171,2188,2168,-1,2168,2188,2183,-1,2168,2183,1434,-1,1434,2183,1437,-1,2206,2225,2208,-1,2208,2225,2222,-1,2208,2222,2204,-1,2204,2222,2219,-1,2204,2219,2201,-1,2201,2219,2216,-1,2201,2216,2198,-1,2198,2216,2213,-1,2198,2213,1441,-1,1441,2213,1438,-1,2113,2126,2115,-1,2115,2126,2127,-1,2115,2127,2116,-1,2116,2127,2133,-1,2116,2133,2111,-1,2111,2133,2128,-1,2111,2128,2108,-1,2108,2128,2123,-1,2108,2123,1426,-1,1426,2123,1429,-1,2146,2165,2148,-1,2148,2165,2162,-1,2148,2162,2144,-1,2144,2162,2159,-1,2144,2159,2141,-1,2141,2159,2156,-1,2141,2156,2138,-1,2138,2156,2153,-1,2138,2153,1433,-1,1433,2153,1430,-1,2330,2331,2332,-1,2333,2334,2335,-1,2332,2331,2336,-1,2335,2334,2337,-1,2337,2334,2338,-1,2337,2338,2339,-1,2339,2340,2337,-1,2337,2340,2341,-1,2337,2341,2342,-1,2343,2344,2345,-1,2341,2346,2342,-1,2342,2346,2347,-1,2342,2347,2331,-1,2331,2347,2348,-1,2331,2348,2336,-1,2349,2350,2351,-1,2352,2343,2332,-1,2332,2343,2345,-1,2332,2345,2330,-1,2353,2349,2335,-1,2335,2349,2351,-1,2335,2351,2333,-1,2354,1894,1893,-1,1887,2354,1906,-1,1906,2354,1893,-1,1906,1893,1657,-1,1657,1893,1658,-1,1930,1929,2355,-1,2355,1929,1927,-1,2355,1927,1924,-1,1660,1659,1941,-1,1941,1659,1954,-1,1954,1935,1941,-1,1941,1935,2356,-1,1941,2356,1942,-1,2357,2358,2359,-1,2359,2360,2357,-1,2357,2360,2361,-1,2357,2361,2362,-1,2357,2363,2364,-1,2364,2365,2357,-1,2357,2365,2366,-1,2357,2366,2367,-1,2367,2368,2357,-1,2357,2368,2369,-1,2357,2369,2370,-1,2362,2371,2357,-1,2357,2371,2372,-1,2357,2372,2373,-1,2373,2374,2357,-1,2357,2374,2375,-1,2357,2375,2376,-1,2376,2377,2357,-1,2357,2377,2378,-1,2357,2378,2379,-1,2379,2380,2357,-1,2357,2380,2381,-1,2357,2381,2363,-1,2382,1987,1988,-1,2023,2065,1995,-1,1995,2065,2063,-1,1995,2063,2062,-1,2062,2055,1995,-1,1995,2055,2057,-1,1995,2057,2059,-1,2059,2030,1995,-1,1995,2030,2031,-1,1995,2031,2043,-1,2043,2045,1995,-1,1995,2045,2047,-1,1995,2047,2049,-1,1697,1669,1668,-1,1668,2099,1697,-1,1697,2099,2096,-1,1697,2096,2094,-1,2094,2093,1697,-1,1697,2093,2091,-1,1697,2091,2089,-1,2089,2086,1697,-1,1697,2086,2084,-1,1697,2084,2082,-1,2082,2079,1697,-1,1697,2079,2077,-1,1697,2077,1700,-1,1424,1167,2101,-1,2101,1167,1699,-1,2101,1699,2075,-1,2075,1699,1700,-1,2075,1700,2076,-1,2076,1700,2077,-1,2023,1995,2025,-1,2025,1995,1992,-1,2025,1992,1407,-1,1407,1992,1990,-1,1407,1990,2005,-1,2005,2007,1407,-1,1407,2007,2009,-1,1407,2009,1661,-1,1661,2009,2011,-1,1661,2011,1662,-1,2049,1669,1995,-1,1995,1669,1697,-1,1995,1697,1975,-1,1697,1696,1975,-1,1975,1696,1694,-1,1975,1694,1977,-1,1977,1694,1693,-1,1977,1693,1691,-1,1691,1690,1977,-1,1977,1690,1688,-1,1977,1688,1982,-1,2382,1988,2383,-1,1683,2383,1684,-1,1684,2383,1988,-1,1684,1988,1685,-1,1685,1988,1982,-1,1685,1982,1687,-1,1687,1982,1688,-1,2384,1683,1682,-1,2384,1682,2385,-1,2386,2387,2388,-1,2388,2387,2389,-1,2388,2389,2390,-1,2390,2391,2388,-1,2388,2391,2392,-1,2388,2392,1682,-1,1682,2392,2393,-1,1682,2393,2385,-1,1708,1703,2298,-1,2298,1703,2274,-1,1224,1636,1706,-1,1706,1636,2289,-1,2278,1710,2289,-1,2289,1710,1712,-1,2289,1712,1706,-1,2276,1717,2278,-1,2278,1717,1719,-1,2278,1719,1710,-1,2285,1724,2283,-1,2283,1724,1726,-1,2283,1726,2276,-1,2276,1726,1715,-1,2276,1715,1717,-1,1703,1702,2274,-1,2274,1702,1731,-1,2274,1731,2285,-1,2285,1731,1722,-1,2285,1722,1724,-1,2394,1709,2395,-1,2395,1709,1708,-1,1734,1736,2396,-1,2396,1736,2397,-1,1796,1809,1794,-1,1755,1809,1753,-1,1753,1809,2398,-1,1753,2398,1752,-1,1755,1756,1809,-1,1809,1756,1758,-1,1809,1758,1759,-1,1738,2398,1737,-1,1737,2398,2397,-1,1737,2397,1736,-1,1738,1740,2398,-1,2398,1740,1741,-1,2398,1741,1743,-1,1743,1744,2398,-1,2398,1744,1746,-1,2398,1746,1747,-1,1747,1749,2398,-1,2398,1749,1750,-1,2398,1750,1752,-1,1759,1761,1809,-1,1809,1761,1762,-1,1809,1762,1764,-1,1764,1765,1809,-1,1809,1765,1767,-1,1809,1767,1768,-1,1768,1770,1809,-1,1809,1770,1771,-1,1809,1771,1773,-1,1794,1809,1780,-1,2399,2400,1794,-1,1794,2400,2401,-1,1794,2401,1796,-1,2402,2403,1794,-1,1794,2403,2404,-1,1794,2404,2399,-1,1773,1774,1809,-1,1809,1774,1776,-1,1809,1776,1780,-1,1780,1776,1778,-1,1780,1778,2405,-1,2405,1778,2406,-1,2405,2406,2407,-1,2407,2408,2405,-1,2405,2408,2409,-1,2405,2409,2410,-1,1809,1811,2398,-1,2398,1811,2411,-1,2412,1813,2413,-1,2413,1813,1844,-1,2413,1844,2414,-1,2414,1844,1846,-1,2414,1846,2415,-1,2411,1811,2416,-1,2416,1811,1832,-1,2416,1832,2417,-1,2417,1832,1831,-1,2417,1831,2418,-1,2418,1831,1835,-1,2418,1835,2419,-1,2419,1835,1834,-1,2419,1834,2420,-1,2420,1834,1833,-1,2420,1833,2421,-1,2421,1833,1819,-1,2421,1819,2422,-1,2422,1819,1822,-1,2422,1822,2423,-1,2423,1822,1821,-1,2423,1821,2424,-1,2424,1821,1820,-1,2424,1820,2412,-1,2412,1820,1814,-1,2412,1814,1813,-1,1846,1847,2415,-1,2415,1847,2425,-1,1848,2426,2427,-1,1848,2427,1849,-1,1849,2427,2428,-1,1849,2428,1842,-1,1842,2428,2429,-1,1842,2429,1843,-1,1843,2429,2430,-1,1843,2430,1828,-1,1828,2430,2431,-1,1828,2431,1829,-1,1829,2431,2432,-1,1829,2432,1825,-1,1825,2432,2433,-1,1825,2433,1823,-1,2434,1839,1837,-1,1823,2433,1836,-1,1836,2433,2435,-1,1836,2435,1837,-1,1837,2435,2436,-1,1837,2436,2434,-1,2437,2438,1840,-1,1839,2434,1840,-1,1840,2434,2439,-1,1840,2439,2437,-1,2426,1848,2440,-1,2440,1848,1845,-1,2440,1845,2441,-1,2441,1845,1815,-1,2441,1815,2442,-1,2442,1815,1816,-1,2442,1816,2443,-1,2443,1816,1818,-1,2443,1818,2444,-1,2444,1818,1817,-1,2444,1817,2445,-1,2445,1817,1830,-1,2445,1830,2446,-1,2446,1830,1812,-1,2446,1812,2447,-1,2447,1812,1810,-1,1775,2448,1810,-1,1810,2448,2449,-1,1810,2449,2450,-1,2451,2447,2452,-1,2452,2447,1810,-1,2452,1810,2453,-1,2451,2454,2447,-1,2447,2454,2455,-1,2447,2455,2456,-1,2450,2457,1810,-1,1810,2457,2458,-1,1810,2458,2453,-1,1792,1777,1779,-1,1779,1777,1775,-1,1779,1775,1793,-1,1734,2396,2459,-1,2459,2396,2447,-1,2459,2447,2460,-1,2460,2447,2456,-1,1800,1802,1793,-1,1800,1793,1798,-1,1775,1810,1793,-1,1793,1810,1795,-1,1793,1795,1798,-1,1802,1804,1793,-1,1793,1804,1806,-1,1793,1806,1808,-1,1786,1779,1784,-1,1784,1779,1782,-1,1786,1788,1779,-1,1779,1788,1790,-1,1779,1790,1792,-1,2461,2462,2463,-1,2463,2462,2464,-1,2463,2464,1838,-1,1838,2464,1824,-1,2425,1847,2465,-1,2465,1847,1841,-1,2465,1841,2466,-1,2466,1841,1827,-1,2466,1827,2467,-1,2467,1827,1826,-1,2467,1826,2468,-1,2468,1826,1824,-1,2468,1824,2469,-1,2469,1824,2464,-1,2463,1838,1840,-1,2463,1840,2461,-1,2461,1840,2438,-1,2461,2438,2470,-1,2470,2438,2471,-1,2470,2471,2472,-1,2472,2471,2473,-1,2472,2473,2474,-1,2474,2473,2475,-1,2475,2473,2476,-1,2475,2476,2477,-1,2477,2476,2478,-1,2478,2476,2479,-1,2478,2479,2480,-1,2480,2479,2481,-1,2481,2479,2482,-1,2481,2482,2483,-1,2483,2482,2484,-1,2484,2482,2485,-1,2484,2485,2486,-1,2486,2485,2487,-1,2486,2487,2488,-1,1880,1881,2489,-1,2490,2491,2322,-1,2322,2491,2310,-1,2492,2311,2493,-1,2493,2311,2310,-1,2493,2310,2494,-1,2494,2310,2491,-1,2495,2304,2313,-1,2495,2313,2496,-1,2496,2313,2303,-1,2496,2303,2492,-1,2492,2303,2312,-1,2492,2312,2311,-1,2497,2306,2305,-1,2304,2495,2305,-1,2305,2495,2498,-1,2305,2498,2497,-1,2499,2301,2314,-1,2306,2497,2314,-1,2314,2497,2500,-1,2314,2500,2499,-1,2301,2499,2302,-1,2302,2499,2501,-1,2302,2501,2489,-1,2489,2501,2502,-1,2489,2502,1880,-1,2321,2503,2322,-1,2322,2503,2490,-1,2317,2504,2505,-1,2505,2504,2506,-1,2317,2505,2316,-1,2316,2505,2507,-1,2316,2507,2315,-1,2315,2507,2508,-1,2315,2508,2307,-1,2509,2503,2321,-1,2508,2510,2307,-1,2307,2510,2511,-1,2307,2511,2308,-1,2308,2511,2512,-1,2308,2512,2309,-1,2309,2512,2513,-1,2309,2513,2318,-1,2318,2513,2514,-1,2318,2514,2319,-1,2319,2514,2509,-1,2319,2509,2320,-1,2320,2509,2321,-1,2506,2504,2515,-1,2515,2504,2516,-1,2515,2516,2517,-1,2517,2516,2518,-1,2517,2518,2519,-1,2520,2521,2518,-1,2518,2521,2519,-1,2522,2523,2524,-1,2522,2524,2525,-1,2525,2524,2526,-1,2525,2526,2527,-1,2527,2526,2528,-1,2527,2528,2529,-1,2529,2528,2530,-1,2529,2530,2531,-1,2531,2530,2532,-1,2531,2532,2533,-1,2533,2532,2534,-1,2533,2534,2535,-1,2535,2534,2521,-1,2535,2521,2520,-1,2536,2537,2522,-1,2522,2537,2523,-1,2538,2539,2540,-1,2540,2539,2541,-1,2537,2536,2542,-1,2542,2536,2543,-1,2542,2543,2544,-1,2544,2543,2545,-1,2546,2547,2545,-1,2545,2547,2548,-1,2545,2548,2544,-1,2549,2550,2546,-1,2546,2550,2551,-1,2546,2551,2547,-1,2552,2553,2549,-1,2549,2553,2554,-1,2549,2554,2550,-1,2539,2555,2541,-1,2541,2555,2556,-1,2541,2556,2552,-1,2552,2556,2557,-1,2552,2557,2553,-1,2558,2559,2540,-1,2540,2559,2538,-1,2560,2559,2561,-1,2561,2559,2558,-1,2562,2563,2564,-1,2564,2563,2565,-1,2563,2566,2565,-1,2565,2566,2567,-1,2565,2567,2568,-1,2567,2569,2568,-1,2568,2569,2570,-1,2568,2570,2571,-1,2570,2572,2571,-1,2571,2572,2573,-1,2571,2573,2574,-1,2573,2575,2574,-1,2574,2575,2576,-1,2574,2576,2577,-1,2560,2561,2578,-1,2578,2561,2579,-1,2578,2579,2580,-1,2580,2579,2577,-1,2580,2577,2581,-1,2581,2577,2576,-1,1872,1874,2564,-1,2564,1874,2562,-1,1871,1870,2582,-1,1227,2249,1869,-1,1869,2249,2583,-1,1869,2583,1867,-1,1871,2582,1873,-1,1873,2582,2584,-1,1873,2584,1874,-1,1866,2585,1865,-1,1865,2585,2582,-1,1865,2582,1863,-1,1863,2582,1870,-1,1866,1851,2585,-1,2585,1851,1850,-1,2585,1850,2586,-1,1850,1857,2586,-1,2586,1857,1856,-1,2586,1856,2587,-1,1856,1854,2587,-1,2587,1854,1862,-1,2587,1862,2588,-1,2588,1862,1861,-1,2588,1861,2589,-1,2589,1861,1859,-1,2589,1859,1858,-1,1858,1877,2589,-1,2589,1877,1876,-1,2589,1876,2583,-1,2583,1876,1875,-1,2583,1875,1867,-1,1878,2590,1879,-1,1879,2590,2591,-1,2592,2593,2594,-1,2594,2593,2595,-1,2596,2597,2598,-1,2598,2597,2599,-1,2598,2599,2600,-1,2601,2602,2346,-1,2346,2602,2347,-1,2603,2348,2604,-1,2604,2348,2347,-1,2604,2347,2605,-1,2605,2347,2602,-1,2606,2343,2352,-1,2606,2352,2607,-1,2607,2352,2332,-1,2607,2332,2603,-1,2603,2332,2336,-1,2603,2336,2348,-1,2608,2345,2344,-1,2343,2606,2344,-1,2344,2606,2609,-1,2344,2609,2608,-1,2610,2331,2330,-1,2345,2608,2330,-1,2330,2608,2611,-1,2330,2611,2610,-1,2331,2610,2342,-1,2342,2610,2612,-1,2342,2612,2600,-1,2600,2612,2613,-1,2600,2613,2598,-1,2601,2346,2614,-1,2614,2346,2341,-1,2335,2337,2615,-1,2615,2337,2616,-1,2615,2616,2617,-1,2617,2616,1883,-1,2617,1883,1882,-1,2618,2614,2341,-1,2615,2619,2335,-1,2335,2619,2620,-1,2335,2620,2353,-1,2353,2620,2621,-1,2353,2621,2349,-1,2349,2621,2622,-1,2349,2622,2350,-1,2350,2622,2623,-1,2350,2623,2351,-1,2351,2623,2624,-1,2351,2624,2333,-1,2333,2624,2625,-1,2333,2625,2334,-1,2334,2625,2626,-1,2334,2626,2338,-1,2338,2626,2627,-1,2338,2627,2339,-1,2339,2627,2618,-1,2339,2618,2340,-1,2340,2618,2341,-1,2628,2629,2630,-1,2630,2629,2631,-1,2629,2632,2631,-1,2631,2632,2633,-1,2631,2633,2634,-1,2633,2635,2634,-1,2634,2635,2636,-1,2634,2636,2637,-1,2636,2638,2637,-1,2637,2638,2639,-1,2637,2639,2640,-1,2639,2641,2640,-1,2640,2641,2642,-1,2640,2642,2643,-1,1884,1885,2644,-1,2644,1885,2645,-1,2644,2645,2646,-1,2646,2645,2643,-1,2646,2643,2647,-1,2647,2643,2642,-1,2630,1886,2628,-1,2628,1886,1888,-1,1903,1892,1919,-1,1919,1892,2648,-1,1919,2648,1889,-1,1270,1258,1890,-1,1911,1898,1905,-1,1903,1919,1904,-1,1904,1919,1918,-1,1904,1918,1905,-1,1905,1918,1912,-1,1905,1912,1911,-1,1898,1911,1899,-1,1899,1911,1910,-1,1899,1910,1900,-1,1900,1910,1915,-1,1900,1915,1901,-1,1901,1915,1916,-1,1901,1916,1902,-1,1902,1916,1917,-1,1902,1917,1897,-1,1897,1917,1914,-1,1897,1914,1896,-1,1896,1914,1913,-1,1896,1913,1895,-1,1895,1913,1909,-1,1895,1909,1891,-1,1891,1909,1908,-1,1891,1908,1890,-1,1890,1908,1907,-1,1890,1907,1270,-1,2649,1921,2650,-1,2650,1921,1920,-1,1922,2651,1923,-1,1923,2651,2652,-1,2651,2653,2652,-1,2652,2653,2654,-1,2652,2654,2655,-1,2654,2656,2655,-1,2655,2656,2657,-1,2655,2657,2658,-1,2657,2659,2658,-1,2658,2659,2660,-1,2658,2660,2661,-1,2660,2662,2661,-1,2661,2662,2663,-1,2661,2663,2664,-1,2649,2650,2665,-1,2665,2650,2666,-1,2665,2666,2667,-1,2667,2666,2668,-1,2667,2668,2669,-1,2669,2668,2664,-1,2669,2664,2670,-1,2670,2664,2663,-1,1925,1926,2671,-1,2671,1926,1928,-1,2671,1928,1933,-1,2672,2673,2674,-1,2675,2676,2674,-1,2674,2676,2677,-1,2674,2677,2672,-1,2672,2678,2673,-1,2673,2678,2679,-1,2673,2679,2680,-1,2679,2681,2680,-1,2680,2681,2682,-1,2680,2682,2683,-1,2682,2684,2683,-1,2683,2684,2685,-1,2683,2685,2686,-1,2685,2687,2686,-1,2686,2687,2688,-1,2686,2688,2689,-1,1932,1931,2690,-1,2690,1931,2691,-1,2690,2691,2692,-1,2692,2691,2689,-1,2692,2689,2693,-1,2693,2689,2688,-1,2675,1934,2676,-1,2676,1934,1936,-1,1943,1944,1957,-1,2694,1937,1967,-1,1311,1299,1938,-1,1940,2694,1951,-1,1951,2694,1967,-1,1951,1967,1952,-1,1952,1967,1966,-1,1952,1966,1953,-1,1953,1966,1960,-1,1953,1960,1946,-1,1946,1960,1959,-1,1946,1959,1947,-1,1947,1959,1958,-1,1947,1958,1948,-1,1948,1958,1963,-1,1948,1963,1949,-1,1949,1963,1964,-1,1949,1964,1950,-1,1950,1964,1965,-1,1950,1965,1945,-1,1945,1965,1962,-1,1945,1962,1944,-1,1944,1962,1961,-1,1944,1961,1957,-1,1943,1957,1939,-1,1939,1957,1956,-1,1939,1956,1938,-1,1938,1956,1955,-1,1938,1955,1311,-1,2695,1969,2696,-1,2696,1969,1968,-1,1972,2697,1970,-1,1970,2697,2698,-1,2697,2699,2698,-1,2698,2699,2700,-1,2698,2700,2701,-1,2700,2702,2701,-1,2701,2702,2703,-1,2701,2703,2704,-1,2703,2705,2704,-1,2704,2705,2706,-1,2704,2706,2707,-1,2706,2708,2707,-1,2707,2708,2709,-1,2707,2709,2710,-1,2695,2696,2711,-1,2711,2696,2712,-1,2711,2712,2713,-1,2713,2712,2710,-1,2713,2710,2714,-1,2714,2710,2709,-1,1973,1971,2715,-1,2716,2717,2378,-1,2378,2717,2379,-1,2718,2380,2719,-1,2719,2380,2379,-1,2719,2379,2720,-1,2720,2379,2717,-1,2721,2365,2364,-1,2721,2364,2722,-1,2722,2364,2363,-1,2722,2363,2718,-1,2718,2363,2381,-1,2718,2381,2380,-1,2723,2367,2366,-1,2365,2721,2366,-1,2366,2721,2724,-1,2366,2724,2723,-1,2725,2369,2368,-1,2367,2723,2368,-1,2368,2723,2726,-1,2368,2726,2725,-1,2369,2725,2370,-1,2370,2725,2727,-1,2370,2727,2715,-1,2715,2727,2728,-1,2715,2728,1973,-1,2716,2378,2729,-1,2729,2378,2377,-1,2729,2377,2730,-1,2359,2358,2731,-1,2731,2358,2732,-1,2731,2732,2733,-1,2733,2732,2734,-1,2733,2734,2735,-1,2736,2730,2377,-1,2731,2737,2359,-1,2359,2737,2738,-1,2359,2738,2360,-1,2360,2738,2739,-1,2360,2739,2361,-1,2361,2739,2740,-1,2361,2740,2362,-1,2362,2740,2741,-1,2362,2741,2371,-1,2371,2741,2742,-1,2371,2742,2372,-1,2372,2742,2743,-1,2372,2743,2373,-1,2373,2743,2744,-1,2373,2744,2374,-1,2374,2744,2745,-1,2374,2745,2375,-1,2375,2745,2736,-1,2375,2736,2376,-1,2376,2736,2377,-1,2734,2746,2735,-1,2735,2746,2747,-1,2748,2594,2595,-1,2749,2750,2751,-1,2751,2750,2752,-1,2751,2752,2753,-1,2753,2752,2754,-1,2753,2754,2755,-1,2755,2754,2756,-1,2755,2756,2757,-1,2757,2756,2758,-1,2757,2758,2759,-1,2759,2758,2760,-1,2759,2760,2761,-1,2761,2760,2748,-1,2761,2748,2762,-1,2762,2748,2595,-1,2747,2746,2763,-1,2763,2746,2764,-1,2763,2764,2765,-1,2765,2764,2766,-1,2765,2766,2767,-1,2767,2766,2768,-1,2767,2768,2769,-1,2769,2768,2770,-1,2769,2770,2749,-1,2749,2770,2771,-1,2749,2771,2750,-1,1986,1985,2772,-1,1986,2772,2001,-1,2234,2233,2773,-1,2773,2233,2232,-1,2773,2232,2231,-1,2772,2773,2001,-1,2001,2773,2231,-1,2001,2231,2002,-1,2002,2231,2228,-1,2002,2228,2003,-1,2003,2228,2227,-1,2003,2227,1980,-1,1980,2227,2238,-1,1980,2238,1981,-1,1981,2238,2237,-1,1981,2237,1983,-1,1983,2237,1984,-1,2237,2236,1984,-1,1984,2236,2235,-1,1984,2235,1979,-1,1979,2235,2239,-1,1979,2239,1978,-1,2244,1993,2245,-1,2245,1993,1974,-1,1978,2239,1976,-1,1976,2239,2240,-1,1976,2240,1974,-1,1974,2240,2241,-1,1974,2241,2245,-1,2242,2248,2087,-1,2088,2090,2244,-1,2088,2244,2087,-1,2087,2244,2243,-1,2087,2243,2242,-1,2090,2092,2244,-1,2244,2092,2095,-1,2244,2095,2097,-1,2097,2098,2244,-1,2244,2098,2068,-1,2244,2068,1993,-1,1993,2068,2051,-1,1993,2051,2050,-1,2050,2048,1993,-1,1993,2048,2046,-1,1993,2046,2044,-1,2044,2029,1993,-1,1993,2029,2028,-1,1993,2028,1994,-1,1994,2028,1996,-1,1996,2028,1997,-1,1997,2028,2061,-1,1997,2061,2060,-1,2060,2058,1997,-1,1997,2058,2056,-1,1997,2056,2054,-1,2054,2053,1997,-1,1997,2053,2064,-1,1997,2064,2022,-1,2021,2013,2012,-1,2021,2012,1406,-1,1406,2012,2010,-1,1406,2010,2008,-1,2008,2004,1406,-1,1406,2004,1989,-1,1406,1989,2027,-1,2027,1989,1991,-1,2027,1991,2026,-1,2026,1991,2000,-1,2026,2000,2024,-1,2024,2000,1999,-1,2024,1999,2022,-1,2022,1999,1998,-1,2022,1998,1997,-1,2081,2248,2080,-1,2080,2248,2078,-1,2081,2083,2248,-1,2248,2083,2085,-1,2248,2085,2087,-1,2078,2248,2073,-1,2073,2248,2247,-1,2073,2247,2074,-1,2074,2247,2246,-1,2074,2246,2102,-1,2102,2246,2229,-1,2102,2229,2104,-1,2104,2229,2230,-1,2104,2230,2103,-1,2103,2230,1442,-1,2103,1442,1425,-1,2774,2775,2776,-1,2776,2775,2777,-1,2776,2777,2778,-1,2778,2777,2779,-1,2778,2779,2780,-1,2780,2779,2781,-1,2780,2781,2782,-1,2782,2781,2783,-1,2782,2783,2784,-1,2784,2783,2785,-1,2784,2785,2786,-1,2786,2785,2597,-1,2786,2597,2596,-1,2105,2106,2787,-1,2787,2106,2788,-1,2787,2788,2789,-1,2789,2788,2790,-1,2789,2790,2791,-1,2791,2790,2792,-1,2791,2792,2793,-1,2793,2792,2794,-1,2793,2794,2795,-1,2795,2794,2796,-1,2795,2796,2774,-1,2774,2796,2797,-1,2774,2797,2775,-1,2798,2799,2800,-1,2800,2799,2801,-1,2802,2803,2804,-1,2805,2806,2807,-1,2802,2804,2808,-1,2808,2804,2809,-1,2808,2809,2807,-1,2807,2809,2810,-1,2807,2810,2805,-1,2805,2811,2806,-1,2806,2811,2812,-1,2806,2812,2813,-1,2812,2814,2813,-1,2813,2814,2815,-1,2813,2815,2816,-1,2815,2817,2816,-1,2816,2817,2818,-1,2816,2818,2819,-1,2798,2800,2820,-1,2820,2800,2821,-1,2820,2821,2822,-1,2822,2821,2819,-1,2822,2819,2823,-1,2823,2819,2818,-1,2802,2824,2803,-1,2803,2824,2825,-1,2826,2827,2828,-1,2828,2827,2829,-1,2827,2830,2829,-1,2829,2830,2831,-1,2829,2831,2832,-1,2831,2833,2832,-1,2832,2833,2834,-1,2832,2834,2835,-1,2834,2836,2835,-1,2835,2836,2837,-1,2835,2837,2838,-1,2837,2839,2838,-1,2838,2839,2840,-1,2838,2840,2841,-1,2825,2824,2842,-1,2842,2824,2843,-1,2842,2843,2844,-1,2844,2843,2845,-1,2844,2845,2846,-1,2846,2845,2841,-1,2846,2841,2847,-1,2847,2841,2840,-1,2828,2848,2826,-1,2826,2848,2849,-1,2850,2851,2852,-1,2852,2851,2853,-1,2851,2854,2853,-1,2853,2854,2855,-1,2853,2855,2856,-1,2855,2857,2856,-1,2856,2857,2858,-1,2856,2858,2859,-1,2858,2860,2859,-1,2859,2860,2861,-1,2859,2861,2862,-1,2861,2863,2862,-1,2862,2863,2864,-1,2862,2864,2865,-1,2849,2848,2866,-1,2866,2848,2867,-1,2866,2867,2868,-1,2868,2867,2865,-1,2868,2865,2869,-1,2869,2865,2864,-1,2870,2850,2871,-1,2871,2850,2852,-1,2799,2872,2801,-1,2801,2872,2873,-1,2872,2874,2873,-1,2873,2874,2875,-1,2873,2875,2876,-1,2875,2877,2876,-1,2876,2877,2878,-1,2876,2878,2879,-1,2878,2880,2879,-1,2879,2880,2881,-1,2879,2881,2882,-1,2881,2883,2882,-1,2882,2883,2884,-1,2882,2884,2885,-1,2870,2871,2886,-1,2886,2871,2887,-1,2886,2887,2888,-1,2888,2887,2885,-1,2888,2885,2889,-1,2889,2885,2884,-1,2890,2891,2892,-1,2892,2891,2893,-1,2894,2895,2896,-1,2896,2895,2897,-1,2895,2898,2897,-1,2897,2898,2899,-1,2897,2899,2900,-1,2899,2901,2900,-1,2900,2901,2902,-1,2900,2902,2903,-1,2902,2904,2903,-1,2903,2904,2905,-1,2903,2905,2906,-1,2905,2907,2906,-1,2906,2907,2908,-1,2906,2908,2909,-1,2890,2892,2910,-1,2910,2892,2911,-1,2910,2911,2912,-1,2912,2911,2909,-1,2912,2909,2913,-1,2913,2909,2908,-1,2914,2894,2915,-1,2915,2894,2896,-1,2916,2917,2918,-1,2918,2917,2919,-1,2917,2920,2919,-1,2919,2920,2921,-1,2919,2921,2922,-1,2921,2923,2922,-1,2922,2923,2924,-1,2922,2924,2925,-1,2924,2926,2925,-1,2925,2926,2927,-1,2925,2927,2928,-1,2927,2929,2928,-1,2928,2929,2930,-1,2928,2930,2931,-1,2914,2915,2932,-1,2932,2915,2933,-1,2932,2933,2934,-1,2934,2933,2931,-1,2934,2931,2935,-1,2935,2931,2930,-1,2918,2936,2916,-1,2916,2936,2937,-1,2938,2939,2940,-1,2940,2939,2941,-1,2939,2942,2941,-1,2941,2942,2943,-1,2941,2943,2944,-1,2943,2945,2944,-1,2944,2945,2946,-1,2944,2946,2947,-1,2946,2948,2947,-1,2947,2948,2949,-1,2947,2949,2950,-1,2949,2951,2950,-1,2950,2951,2952,-1,2950,2952,2953,-1,2937,2936,2954,-1,2954,2936,2955,-1,2954,2955,2956,-1,2956,2955,2953,-1,2956,2953,2957,-1,2957,2953,2952,-1,2958,2938,2959,-1,2959,2938,2940,-1,2891,2960,2893,-1,2893,2960,2961,-1,2960,2962,2961,-1,2961,2962,2963,-1,2961,2963,2964,-1,2963,2965,2964,-1,2964,2965,2966,-1,2964,2966,2967,-1,2966,2968,2967,-1,2967,2968,2969,-1,2967,2969,2970,-1,2969,2971,2970,-1,2970,2971,2972,-1,2970,2972,2973,-1,2958,2959,2974,-1,2974,2959,2975,-1,2974,2975,2976,-1,2976,2975,2973,-1,2976,2973,2977,-1,2977,2973,2972,-1,2978,2979,2980,-1,2980,2979,2981,-1,2980,2981,2982,-1,2982,2981,2983,-1,2984,2985,2986,-1,2986,2985,2987,-1,2985,2988,2987,-1,2987,2988,2989,-1,2987,2989,2990,-1,2989,2991,2990,-1,2990,2991,2992,-1,2990,2992,2993,-1,2992,2994,2993,-1,2993,2994,2995,-1,2993,2995,2996,-1,2995,2997,2996,-1,2996,2997,2998,-1,2996,2998,2999,-1,2979,2978,3000,-1,3000,2978,3001,-1,3000,3001,3002,-1,3002,3001,2999,-1,3002,2999,3003,-1,3003,2999,2998,-1,3004,2984,3005,-1,3005,2984,2986,-1,3006,3007,3008,-1,3008,3007,3009,-1,3007,3010,3009,-1,3009,3010,3011,-1,3009,3011,3012,-1,3011,3013,3012,-1,3012,3013,3014,-1,3012,3014,3015,-1,3014,3016,3015,-1,3015,3016,3017,-1,3015,3017,3018,-1,3017,3019,3018,-1,3018,3019,3020,-1,3018,3020,3021,-1,3004,3005,3022,-1,3022,3005,3023,-1,3022,3023,3024,-1,3024,3023,3021,-1,3024,3021,3025,-1,3025,3021,3020,-1,3026,3027,3028,-1,3028,3027,3029,-1,3028,3029,3008,-1,3008,3029,3006,-1,3030,3031,3032,-1,3032,3031,3033,-1,3031,3034,3033,-1,3033,3034,3035,-1,3033,3035,3036,-1,3035,3037,3036,-1,3036,3037,3038,-1,3036,3038,3039,-1,3038,3040,3039,-1,3039,3040,3041,-1,3039,3041,3042,-1,3041,3043,3042,-1,3042,3043,3044,-1,3042,3044,3045,-1,3027,3026,3046,-1,3046,3026,3047,-1,3046,3047,3048,-1,3048,3047,3045,-1,3048,3045,3049,-1,3049,3045,3044,-1,3032,3050,3030,-1,3030,3050,3051,-1,2983,3052,2982,-1,2982,3052,3053,-1,3052,3054,3053,-1,3053,3054,3055,-1,3053,3055,3056,-1,3055,3057,3056,-1,3056,3057,3058,-1,3056,3058,3059,-1,3058,3060,3059,-1,3059,3060,3061,-1,3059,3061,3062,-1,3061,3063,3062,-1,3062,3063,3064,-1,3062,3064,3065,-1,3051,3050,3066,-1,3066,3050,3067,-1,3066,3067,3068,-1,3068,3067,3065,-1,3068,3065,3069,-1,3069,3065,3064,-1,3070,3071,3072,-1,3072,3071,3073,-1,3074,3075,3076,-1,3076,3075,3077,-1,3075,3078,3077,-1,3077,3078,3079,-1,3077,3079,3080,-1,3079,3081,3080,-1,3080,3081,3082,-1,3080,3082,3083,-1,3082,3084,3083,-1,3083,3084,3085,-1,3083,3085,3086,-1,3085,3087,3086,-1,3086,3087,3088,-1,3086,3088,3089,-1,3070,3072,3090,-1,3090,3072,3091,-1,3090,3091,3092,-1,3092,3091,3089,-1,3092,3089,3093,-1,3093,3089,3088,-1,3076,3094,3074,-1,3074,3094,3095,-1,3096,3097,3098,-1,3098,3097,3099,-1,3097,3100,3099,-1,3099,3100,3101,-1,3099,3101,3102,-1,3101,3103,3102,-1,3102,3103,3104,-1,3102,3104,3105,-1,3104,3106,3105,-1,3105,3106,3107,-1,3105,3107,3108,-1,3107,3109,3108,-1,3108,3109,3110,-1,3108,3110,3111,-1,3095,3094,3112,-1,3112,3094,3113,-1,3112,3113,3114,-1,3114,3113,3111,-1,3114,3111,3115,-1,3115,3111,3110,-1,3098,3116,3096,-1,3096,3116,3117,-1,3118,3119,3120,-1,3120,3119,3121,-1,3119,3122,3121,-1,3121,3122,3123,-1,3121,3123,3124,-1,3123,3125,3124,-1,3124,3125,3126,-1,3124,3126,3127,-1,3126,3128,3127,-1,3127,3128,3129,-1,3127,3129,3130,-1,3129,3131,3130,-1,3130,3131,3132,-1,3130,3132,3133,-1,3117,3116,3134,-1,3134,3116,3135,-1,3134,3135,3136,-1,3136,3135,3133,-1,3136,3133,3137,-1,3137,3133,3132,-1,3138,3118,3139,-1,3139,3118,3120,-1,3071,3140,3073,-1,3073,3140,3141,-1,3140,3142,3141,-1,3141,3142,3143,-1,3141,3143,3144,-1,3143,3145,3144,-1,3144,3145,3146,-1,3144,3146,3147,-1,3146,3148,3147,-1,3147,3148,3149,-1,3147,3149,3150,-1,3149,3151,3150,-1,3150,3151,3152,-1,3150,3152,3153,-1,3138,3139,3154,-1,3154,3139,3155,-1,3154,3155,3156,-1,3156,3155,3153,-1,3156,3153,3157,-1,3157,3153,3152,-1,3158,3159,3160,-1,3160,3159,3161,-1,3162,3163,3164,-1,3164,3163,3165,-1,3163,3166,3165,-1,3165,3166,3167,-1,3165,3167,3168,-1,3167,3169,3168,-1,3168,3169,3170,-1,3168,3170,3171,-1,3170,3172,3171,-1,3171,3172,3173,-1,3171,3173,3174,-1,3173,3175,3174,-1,3174,3175,3176,-1,3174,3176,3177,-1,3158,3160,3178,-1,3178,3160,3179,-1,3178,3179,3180,-1,3180,3179,3177,-1,3180,3177,3181,-1,3181,3177,3176,-1,3164,3182,3162,-1,3162,3182,3183,-1,3184,3185,3186,-1,3186,3185,3187,-1,3185,3188,3187,-1,3187,3188,3189,-1,3187,3189,3190,-1,3189,3191,3190,-1,3190,3191,3192,-1,3190,3192,3193,-1,3192,3194,3193,-1,3193,3194,3195,-1,3193,3195,3196,-1,3195,3197,3196,-1,3196,3197,3198,-1,3196,3198,3199,-1,3183,3182,3200,-1,3200,3182,3201,-1,3200,3201,3202,-1,3202,3201,3199,-1,3202,3199,3203,-1,3203,3199,3198,-1,3186,3204,3184,-1,3184,3204,3205,-1,3206,3207,3208,-1,3209,3210,3211,-1,3206,3208,3212,-1,3212,3208,3213,-1,3212,3213,3211,-1,3211,3213,3214,-1,3211,3214,3209,-1,3209,3215,3210,-1,3210,3215,3216,-1,3210,3216,3217,-1,3216,3218,3217,-1,3217,3218,3219,-1,3217,3219,3220,-1,3219,3221,3220,-1,3220,3221,3222,-1,3220,3222,3223,-1,3205,3204,3224,-1,3224,3204,3225,-1,3224,3225,3226,-1,3226,3225,3223,-1,3226,3223,3227,-1,3227,3223,3222,-1,3206,3228,3207,-1,3207,3228,3229,-1,3159,3230,3161,-1,3161,3230,3231,-1,3230,3232,3231,-1,3231,3232,3233,-1,3231,3233,3234,-1,3233,3235,3234,-1,3234,3235,3236,-1,3234,3236,3237,-1,3236,3238,3237,-1,3237,3238,3239,-1,3237,3239,3240,-1,3239,3241,3240,-1,3240,3241,3242,-1,3240,3242,3243,-1,3229,3228,3244,-1,3244,3228,3245,-1,3244,3245,3246,-1,3246,3245,3247,-1,3246,3247,3248,-1,3248,3247,3243,-1,3248,3243,3249,-1,3249,3243,3242,-1,3250,3251,3252,-1,3252,3251,3253,-1,3254,3255,3256,-1,3256,3255,3257,-1,3255,3258,3257,-1,3257,3258,3259,-1,3257,3259,3260,-1,3259,3261,3260,-1,3260,3261,3262,-1,3260,3262,3263,-1,3262,3264,3263,-1,3263,3264,3265,-1,3263,3265,3266,-1,3265,3267,3266,-1,3266,3267,3268,-1,3266,3268,3269,-1,3250,3252,3270,-1,3270,3252,3271,-1,3270,3271,3272,-1,3272,3271,3269,-1,3272,3269,3273,-1,3273,3269,3268,-1,3256,3274,3254,-1,3254,3274,3275,-1,3276,3277,3278,-1,3278,3277,3279,-1,3277,3280,3279,-1,3279,3280,3281,-1,3279,3281,3282,-1,3281,3283,3282,-1,3282,3283,3284,-1,3282,3284,3285,-1,3284,3286,3285,-1,3285,3286,3287,-1,3285,3287,3288,-1,3287,3289,3288,-1,3288,3289,3290,-1,3288,3290,3291,-1,3275,3274,3292,-1,3292,3274,3293,-1,3292,3293,3294,-1,3294,3293,3291,-1,3294,3291,3295,-1,3295,3291,3290,-1,3278,3296,3276,-1,3276,3296,3297,-1,3298,3299,3300,-1,3300,3299,3301,-1,3299,3302,3301,-1,3301,3302,3303,-1,3301,3303,3304,-1,3303,3305,3304,-1,3304,3305,3306,-1,3304,3306,3307,-1,3306,3308,3307,-1,3307,3308,3309,-1,3307,3309,3310,-1,3309,3311,3310,-1,3310,3311,3312,-1,3310,3312,3313,-1,3297,3296,3314,-1,3314,3296,3315,-1,3314,3315,3316,-1,3316,3315,3313,-1,3316,3313,3317,-1,3317,3313,3312,-1,3300,3318,3298,-1,3298,3318,3319,-1,3251,3320,3253,-1,3253,3320,3321,-1,3320,3322,3321,-1,3321,3322,3323,-1,3321,3323,3324,-1,3323,3325,3324,-1,3324,3325,3326,-1,3324,3326,3327,-1,3326,3328,3327,-1,3327,3328,3329,-1,3327,3329,3330,-1,3329,3331,3330,-1,3330,3331,3332,-1,3330,3332,3333,-1,3319,3318,3334,-1,3334,3318,3335,-1,3334,3335,3336,-1,3336,3335,3333,-1,3336,3333,3337,-1,3337,3333,3332,-1,2113,2112,3338,-1,3338,2112,3339,-1,3338,3339,2165,-1,2165,3339,2166,-1,1427,1428,2122,-1,1427,2122,2107,-1,2107,2122,2130,-1,2107,2130,2109,-1,2109,2130,2129,-1,2109,2129,2110,-1,2110,2129,2119,-1,2119,2129,2136,-1,2119,2136,2120,-1,2120,2136,2135,-1,2120,2135,2121,-1,2121,2135,2134,-1,2121,2134,2117,-1,2134,2132,2117,-1,2117,2132,2131,-1,2117,2131,2118,-1,2118,2131,2125,-1,2118,2125,2114,-1,2114,2125,2124,-1,2114,2124,2112,-1,2146,2145,3340,-1,3340,2145,3341,-1,3340,3341,2126,-1,2126,3341,2124,-1,1432,1431,2152,-1,1432,2152,2137,-1,2137,2152,2154,-1,2137,2154,2139,-1,2139,2154,2155,-1,2139,2155,2140,-1,2150,2163,2151,-1,2151,2163,2164,-1,2151,2164,2147,-1,2147,2164,2166,-1,2147,2166,2145,-1,2140,2155,2142,-1,2142,2155,2157,-1,2142,2157,2143,-1,2143,2157,2158,-1,2143,2158,2149,-1,2149,2158,2160,-1,2149,2160,2150,-1,2150,2160,2161,-1,2150,2161,2163,-1,2176,2175,3342,-1,3342,2175,3343,-1,3342,3343,2225,-1,2225,3343,2226,-1,1435,1436,2182,-1,1435,2182,2167,-1,2167,2182,2190,-1,2167,2190,2169,-1,2169,2190,2189,-1,2169,2189,2170,-1,2170,2189,2172,-1,2172,2189,2196,-1,2172,2196,2173,-1,2173,2196,2195,-1,2173,2195,2179,-1,2179,2195,2194,-1,2179,2194,2180,-1,2194,2192,2180,-1,2180,2192,2191,-1,2180,2191,2181,-1,2181,2191,2185,-1,2181,2185,2177,-1,2177,2185,2184,-1,2177,2184,2175,-1,2206,2205,3344,-1,3344,2205,3345,-1,3344,3345,2186,-1,2186,3345,2184,-1,1440,1439,2212,-1,1440,2212,2197,-1,2197,2212,2214,-1,2197,2214,2199,-1,2199,2214,2215,-1,2199,2215,2200,-1,2210,2223,2211,-1,2211,2223,2224,-1,2211,2224,2207,-1,2207,2224,2226,-1,2207,2226,2205,-1,2200,2215,2202,-1,2202,2215,2217,-1,2202,2217,2203,-1,2203,2217,2218,-1,2203,2218,2209,-1,2209,2218,2220,-1,2209,2220,2210,-1,2210,2220,2221,-1,2210,2221,2223,-1,2234,3346,1682,-1,1682,3346,3347,-1,3347,3348,1682,-1,1682,3348,3349,-1,1682,3349,2388,-1,2388,3349,3350,-1,2388,3350,3351,-1,3351,3352,2388,-1,2388,3352,3353,-1,2388,3353,3354,-1,3355,2250,2394,-1,2394,2250,1709,-1,2250,2300,2299,-1,2250,2299,2252,-1,2252,2299,2297,-1,2252,2297,2253,-1,2253,2297,2296,-1,2253,2296,2254,-1,2254,2296,2273,-1,2254,2273,2255,-1,2255,2273,2272,-1,2255,2272,2256,-1,2256,2272,2295,-1,2256,2295,2257,-1,2257,2295,2294,-1,2257,2294,2258,-1,2294,2293,2258,-1,2258,2293,2286,-1,2258,2286,2259,-1,2259,2286,2284,-1,2267,2266,2279,-1,2279,2266,2265,-1,2279,2265,2277,-1,2277,2265,2264,-1,2277,2264,2275,-1,2275,2264,2263,-1,2275,2263,2281,-1,2281,2263,2262,-1,2281,2262,2282,-1,2282,2262,2261,-1,2282,2261,2284,-1,2284,2261,2260,-1,2284,2260,2259,-1,2279,2280,2267,-1,2267,2280,2291,-1,2267,2291,2268,-1,2268,2291,2290,-1,2268,2290,2269,-1,2269,2290,2288,-1,2269,2288,2270,-1,2270,2288,2287,-1,2270,2287,2271,-1,2271,2287,2292,-1,2271,2292,2251,-1,2251,2292,1635,-1,2251,1635,1634,-1,2300,3356,2298,-1,2298,3356,3357,-1,2249,1701,2583,-1,2583,1701,2323,-1,2583,2323,2589,-1,2589,2323,2324,-1,2589,2324,2588,-1,2588,2324,2325,-1,2588,2325,2587,-1,2587,2325,2326,-1,2329,2584,2328,-1,2328,2584,2582,-1,2328,2582,2327,-1,2327,2582,2585,-1,2327,2585,2326,-1,2326,2585,2586,-1,2326,2586,2587,-1,2568,2571,3358,-1,2568,3358,2565,-1,2541,2552,3359,-1,3359,2552,2549,-1,2565,3358,2564,-1,2564,3358,2329,-1,2564,2329,1872,-1,2571,2574,3358,-1,3358,2574,2577,-1,3358,2577,2579,-1,3360,3361,3359,-1,3362,3363,2545,-1,3363,3360,2545,-1,2545,3360,3359,-1,2545,3359,2546,-1,2546,3359,2549,-1,2545,2543,3362,-1,3362,2543,2536,-1,3362,2536,2522,-1,2516,1879,2518,-1,2518,1879,2591,-1,2518,2591,2520,-1,2520,2591,3364,-1,2520,3364,2535,-1,2535,3364,3362,-1,2579,2561,3358,-1,3358,2561,2558,-1,3358,2558,3359,-1,3359,2558,2540,-1,3359,2540,2541,-1,2522,2525,3362,-1,3362,2525,2527,-1,3362,2527,2529,-1,2529,2531,3362,-1,3362,2531,2533,-1,3362,2533,2535,-1,2317,2302,2504,-1,2504,2302,2489,-1,2504,2489,2516,-1,2516,2489,1881,-1,2516,1881,1879,-1,2911,2892,2355,-1,3365,3366,3367,-1,3368,3369,3370,-1,2392,2391,3371,-1,2393,2392,3372,-1,2691,1931,3373,-1,3374,2354,1886,-1,1886,2354,1887,-1,3324,3327,1987,-1,3374,3288,3291,-1,3301,3304,1886,-1,3279,3282,3374,-1,3374,3282,3285,-1,3374,3285,3288,-1,3257,3260,2382,-1,3324,1987,3321,-1,2796,2794,2640,-1,3301,1886,3300,-1,3304,3307,1886,-1,1886,3307,3310,-1,1886,3310,3313,-1,2790,2788,3327,-1,3327,2788,2106,-1,3327,2106,1987,-1,2790,3327,2792,-1,2792,3327,3330,-1,2792,3330,2794,-1,2794,3330,2637,-1,2794,2637,2640,-1,3260,3263,2382,-1,2382,3263,3266,-1,2382,3266,3269,-1,2777,2775,2640,-1,2640,2775,2797,-1,2640,2797,2796,-1,2599,2597,2645,-1,2645,2597,2785,-1,2645,2785,2643,-1,3313,3315,1886,-1,1886,3315,3296,-1,1886,3296,3374,-1,3374,3296,3278,-1,3374,3278,3279,-1,1886,2630,3300,-1,3300,2630,2631,-1,3300,2631,3318,-1,3318,2631,2634,-1,3318,2634,3335,-1,3335,2634,2637,-1,3335,2637,3333,-1,3333,2637,3330,-1,2785,2783,2643,-1,2643,2783,2781,-1,2643,2781,2640,-1,2640,2781,2779,-1,2640,2779,2777,-1,3291,3293,3374,-1,3374,3293,3274,-1,3374,3274,2382,-1,2382,3274,3256,-1,2382,3256,3257,-1,3269,3271,2382,-1,2382,3271,3252,-1,2382,3252,1987,-1,1987,3252,3253,-1,1987,3253,3321,-1,2337,2342,2616,-1,2616,2342,2600,-1,2616,2600,1883,-1,1883,2600,2599,-1,1883,2599,1885,-1,1885,2599,2645,-1,3174,3177,1920,-1,3190,3193,3374,-1,3375,3211,3210,-1,3190,3374,3187,-1,2354,3168,3171,-1,3240,2666,3237,-1,3237,2666,3234,-1,3193,3196,3374,-1,3374,3196,3199,-1,3374,3199,3201,-1,3174,1920,3171,-1,3171,1920,1894,-1,3171,1894,2354,-1,3210,3217,3375,-1,3375,3217,3220,-1,3375,3220,3223,-1,3177,3179,1920,-1,1920,3179,3160,-1,1920,3160,2650,-1,2650,3160,3161,-1,2650,3161,2666,-1,2666,3161,3231,-1,2666,3231,3234,-1,3201,3182,3374,-1,3374,3182,3164,-1,3374,3164,2354,-1,2354,3164,3165,-1,2354,3165,3168,-1,3223,3225,3375,-1,3375,3225,3204,-1,3375,3204,3374,-1,3374,3204,3186,-1,3374,3186,3187,-1,2655,3370,2652,-1,2652,3370,1923,-1,2655,2658,3370,-1,3370,2658,2661,-1,3370,2661,2664,-1,3240,3243,2666,-1,2666,3243,3247,-1,2666,3247,2668,-1,2668,3247,3245,-1,2668,3245,2664,-1,2664,3245,3228,-1,2664,3228,3370,-1,3370,3228,3206,-1,3370,3206,3212,-1,2845,2843,3373,-1,2673,2680,3373,-1,3373,2680,2683,-1,2683,2686,3373,-1,3373,2686,2689,-1,3373,2689,2691,-1,2843,2824,3373,-1,3373,2824,2802,-1,3373,2802,2673,-1,2813,2816,2674,-1,2802,2808,2673,-1,2673,2808,2807,-1,2673,2807,2674,-1,2674,2807,2806,-1,2674,2806,2813,-1,2873,2876,1934,-1,1934,2876,2879,-1,2856,2859,3376,-1,3376,2859,2862,-1,3376,2862,2865,-1,2829,2832,3377,-1,3377,2832,2835,-1,2835,2838,3377,-1,3377,2838,2841,-1,3377,2841,2845,-1,2879,2882,1934,-1,1934,2882,2356,-1,1934,2356,1935,-1,2882,2885,2356,-1,2356,2885,2887,-1,2356,2887,2871,-1,2871,2852,3376,-1,3376,2852,2853,-1,3376,2853,2856,-1,2816,2819,2674,-1,2674,2819,2821,-1,2674,2821,2675,-1,2675,2821,2800,-1,2675,2800,1934,-1,1934,2800,2801,-1,1934,2801,2873,-1,2865,2867,3376,-1,3376,2867,2848,-1,3376,2848,3377,-1,3377,2848,2828,-1,3377,2828,2829,-1,2871,3376,2356,-1,2356,3376,1968,-1,2356,1968,1942,-1,3012,3015,3376,-1,3012,3376,3009,-1,2990,2993,1968,-1,1968,2993,2996,-1,1970,2698,2357,-1,2980,2701,2704,-1,2704,2707,2980,-1,2980,2707,2710,-1,2980,2710,2978,-1,3015,3018,3376,-1,3376,3018,3021,-1,3376,3021,3023,-1,2370,2715,2357,-1,2357,2715,1971,-1,2357,1971,1970,-1,2996,2999,1968,-1,1968,2999,3001,-1,1968,3001,2696,-1,2696,3001,2978,-1,2696,2978,2712,-1,2712,2978,2710,-1,3023,3005,3376,-1,3376,3005,2986,-1,3376,2986,1968,-1,1968,2986,2987,-1,1968,2987,2990,-1,3033,3036,3367,-1,3367,3036,3039,-1,3367,3039,3042,-1,2732,2358,3053,-1,3045,3047,3378,-1,3047,3026,3378,-1,3378,3026,3028,-1,3378,3028,3376,-1,3376,3028,3008,-1,3376,3008,3009,-1,2768,2766,3056,-1,3053,2358,2982,-1,2982,2358,2357,-1,2982,2357,2980,-1,2980,2357,2698,-1,2980,2698,2701,-1,2766,2764,3056,-1,3056,2764,2746,-1,3056,2746,3053,-1,3053,2746,2734,-1,3053,2734,2732,-1,3059,2754,3056,-1,3056,2754,2752,-1,3056,2752,2750,-1,3065,2592,3062,-1,3062,2592,2594,-1,3062,2594,2748,-1,2748,2760,3062,-1,3062,2760,2758,-1,3062,2758,3059,-1,3059,2758,2756,-1,3059,2756,2754,-1,2750,2771,3056,-1,3056,2771,2770,-1,3056,2770,2768,-1,3065,3067,2592,-1,2592,3067,3050,-1,2592,3050,3367,-1,3367,3050,3032,-1,3367,3032,3033,-1,2393,3369,2385,-1,2385,3369,3368,-1,2385,3368,2384,-1,2384,3368,3379,-1,2384,3379,1683,-1,1683,3379,2383,-1,2386,3366,2387,-1,2387,3366,3365,-1,2387,3365,2389,-1,2389,3365,3380,-1,2389,3380,2390,-1,2390,3380,3381,-1,3212,3211,3370,-1,3370,3211,3375,-1,3370,3375,3368,-1,3368,3375,2146,-1,3368,2146,3379,-1,3379,2146,3340,-1,3379,3340,2383,-1,2383,3340,2126,-1,2383,2126,2382,-1,2382,2126,2113,-1,2382,2113,3374,-1,3374,2113,3338,-1,3374,3338,3375,-1,3375,3338,2165,-1,3375,2165,2146,-1,2845,3373,3377,-1,3377,3373,3371,-1,3377,3371,3381,-1,3381,3371,2391,-1,3381,2391,2390,-1,3042,3045,3367,-1,3367,3045,3378,-1,3367,3378,3365,-1,3365,3378,2206,-1,3365,2206,3380,-1,3380,2206,3344,-1,3380,3344,3381,-1,3381,3344,2186,-1,3381,2186,3377,-1,3377,2186,2176,-1,3377,2176,3376,-1,3376,2176,3342,-1,3376,3342,3378,-1,3378,3342,2225,-1,3378,2225,2206,-1,3141,3144,2355,-1,3144,3147,2355,-1,2355,3147,3150,-1,2355,3150,3153,-1,3098,3099,3370,-1,3370,3099,3102,-1,3370,3102,3105,-1,3121,3124,3382,-1,3382,3124,3127,-1,3382,3127,3130,-1,3130,3133,3382,-1,3382,3133,3135,-1,3382,3135,3116,-1,3080,3083,1923,-1,1923,3083,3086,-1,2393,3372,3369,-1,3369,3372,3382,-1,3369,3382,3370,-1,3370,3382,3116,-1,3370,3116,3098,-1,3105,3108,3370,-1,3370,3108,3111,-1,3370,3111,3113,-1,3153,3155,2355,-1,2355,3155,3139,-1,2355,3139,3382,-1,3382,3139,3120,-1,3382,3120,3121,-1,3086,3089,1923,-1,1923,3089,3091,-1,1923,3091,1924,-1,1924,3091,3072,-1,1924,3072,2355,-1,2355,3072,3073,-1,2355,3073,3141,-1,3113,3094,3370,-1,3370,3094,3076,-1,3370,3076,1923,-1,1923,3076,3077,-1,1923,3077,3080,-1,2355,2892,1930,-1,2967,2970,1931,-1,1931,2970,2973,-1,2900,2903,2355,-1,2892,2893,1930,-1,1930,2893,2961,-1,1930,2961,1931,-1,1931,2961,2964,-1,1931,2964,2967,-1,2941,2944,3373,-1,3373,2944,2947,-1,3373,2947,2950,-1,2903,2906,2355,-1,2355,2906,2909,-1,2355,2909,2911,-1,2918,2919,3382,-1,3382,2919,2922,-1,3382,2922,2925,-1,2925,2928,3382,-1,3382,2928,2931,-1,3382,2931,2933,-1,2950,2953,3373,-1,3373,2953,2955,-1,3373,2955,2936,-1,2973,2975,1931,-1,1931,2975,2959,-1,1931,2959,3373,-1,3373,2959,2940,-1,3373,2940,2941,-1,2392,3371,3372,-1,3372,3371,3373,-1,3372,3373,3382,-1,3382,3373,2936,-1,3382,2936,2918,-1,2933,2915,3382,-1,3382,2915,2896,-1,3382,2896,2355,-1,2355,2896,2897,-1,2355,2897,2900,-1,3383,3384,3385,-1,2394,2395,3386,-1,3386,2395,3387,-1,3386,3387,3388,-1,3388,3387,3389,-1,3389,3387,3390,-1,3389,3390,3391,-1,3391,3390,3384,-1,3384,3390,3392,-1,3384,3392,3385,-1,3383,3385,3393,-1,3393,3385,3394,-1,3393,3394,3395,-1,3395,3394,3396,-1,3395,3396,3397,-1,3397,3396,3398,-1,3398,3396,3399,-1,3398,3399,3400,-1,3400,3399,3401,-1,3400,3401,3402,-1,3402,3401,3403,-1,3402,3403,3404,-1,3404,3403,3405,-1,3405,3403,3406,-1,3405,3406,3407,-1,3407,3406,3408,-1,3408,3406,3409,-1,3408,3409,3410,-1,3410,3409,3411,-1,3410,3411,3412,-1,3412,3411,2386,-1,3412,2386,2388,-1,1708,2298,2395,-1,2395,2298,3357,-1,3413,3414,2487,-1,2482,2479,3415,-1,3416,3417,2487,-1,2487,3417,3418,-1,2487,3418,3413,-1,3416,2487,3415,-1,3415,2487,2485,-1,3415,2485,2482,-1,2438,2437,2471,-1,2471,2437,3419,-1,2471,3419,2473,-1,2473,3419,3415,-1,2473,3415,2476,-1,2476,3415,2479,-1,2411,2446,2447,-1,2396,2397,2447,-1,2447,2397,2398,-1,2447,2398,2411,-1,2421,2443,2444,-1,2421,2422,2443,-1,2443,2422,2423,-1,2443,2423,2442,-1,2445,2419,2444,-1,2444,2419,2420,-1,2444,2420,2421,-1,2411,2416,2446,-1,2446,2416,2417,-1,2446,2417,2445,-1,2445,2417,2418,-1,2445,2418,2419,-1,2423,2424,2442,-1,2442,2424,2412,-1,2442,2412,2441,-1,2465,2466,2429,-1,2467,2431,2466,-1,2466,2431,2430,-1,2466,2430,2429,-1,2468,2433,2467,-1,2467,2433,2432,-1,2467,2432,2431,-1,2412,2413,2441,-1,2441,2413,2414,-1,2441,2414,2440,-1,2440,2414,2415,-1,2440,2415,2426,-1,2426,2415,2425,-1,2426,2425,2427,-1,2427,2425,2465,-1,2427,2465,2428,-1,2428,2465,2429,-1,2439,2434,2469,-1,2469,2434,2436,-1,2469,2436,2468,-1,2468,2436,2435,-1,2468,2435,2433,-1,3420,3421,3422,-1,3422,3421,3423,-1,3423,3421,3424,-1,3424,3421,3425,-1,3424,3425,3426,-1,3426,3425,3427,-1,3426,3427,3428,-1,3428,3427,3429,-1,3428,3429,3430,-1,3430,3429,3431,-1,3430,3431,3432,-1,3432,3431,3433,-1,3432,3433,3434,-1,3433,3435,3434,-1,3434,3435,3436,-1,3434,3436,3437,-1,3437,3436,3438,-1,3437,3438,3439,-1,3439,3438,3440,-1,3439,3440,3441,-1,3441,3440,3442,-1,3441,3442,3443,-1,3443,3442,3444,-1,3443,3444,3445,-1,3445,3444,3446,-1,3445,3446,2487,-1,2487,3446,2488,-1,3447,2472,3448,-1,3448,2472,2474,-1,3447,3449,2472,-1,2472,3449,3450,-1,2472,3450,3451,-1,2474,2475,3448,-1,3448,2475,2477,-1,3448,2477,2478,-1,2478,2480,3448,-1,3448,2480,2481,-1,3448,2481,2483,-1,2483,2484,3448,-1,3448,2484,2486,-1,3448,2486,2488,-1,3451,3452,2472,-1,2472,3452,3453,-1,2472,3453,2470,-1,2470,3453,2462,-1,2470,2462,2461,-1,2578,2580,3454,-1,3454,2580,2581,-1,3454,2581,2576,-1,3455,3456,3457,-1,3457,3458,2544,-1,2544,3458,3459,-1,2544,3459,3460,-1,2493,2494,2537,-1,2537,2494,2491,-1,2537,2491,2490,-1,2555,2539,3455,-1,2576,2575,3454,-1,3454,2575,2573,-1,3454,2573,2572,-1,2572,2570,3454,-1,3454,2570,2569,-1,3454,2569,2567,-1,2567,2566,3454,-1,3454,2566,2563,-1,3454,2563,2584,-1,2584,2563,2562,-1,2584,2562,1874,-1,2515,2490,2506,-1,2506,2490,2503,-1,2515,2517,2490,-1,2490,2517,2519,-1,2490,2519,2537,-1,2537,2519,2521,-1,2537,2521,2523,-1,2523,2521,2524,-1,2495,2537,2498,-1,2498,2537,2497,-1,2495,2496,2537,-1,2537,2496,2492,-1,2537,2492,2493,-1,2503,2509,2506,-1,2506,2509,2514,-1,2506,2514,2513,-1,2551,3455,2547,-1,2547,3455,3457,-1,2547,3457,2548,-1,2548,3457,2544,-1,2551,2550,3455,-1,3455,2550,2554,-1,3455,2554,2553,-1,2553,2557,3455,-1,3455,2557,2556,-1,3455,2556,2555,-1,2502,2501,2542,-1,2542,2501,2499,-1,2542,2499,2537,-1,2537,2499,2500,-1,2537,2500,2497,-1,2512,2507,2513,-1,2513,2507,2505,-1,2513,2505,2506,-1,2512,2511,2507,-1,2507,2511,2510,-1,2507,2510,2508,-1,2532,2530,2528,-1,3460,2590,2544,-1,2544,2590,1878,-1,2544,1878,2542,-1,2542,1878,1880,-1,2542,1880,2502,-1,2539,2538,3455,-1,3455,2538,2559,-1,3455,2559,3454,-1,3454,2559,2560,-1,3454,2560,2578,-1,2521,2534,2524,-1,2524,2534,2532,-1,2524,2532,2526,-1,2526,2532,2528,-1,2591,2590,3364,-1,3364,2590,3460,-1,3364,3460,3362,-1,3362,3460,3459,-1,3362,3459,3363,-1,3363,3459,3458,-1,3363,3458,3360,-1,3360,3458,3457,-1,3360,3457,3361,-1,3361,3457,3456,-1,3361,3456,3461,-1,3461,3456,3462,-1,3461,3462,3463,-1,3463,3462,3464,-1,3463,3464,3465,-1,3464,3466,3465,-1,3465,3466,3467,-1,3465,3467,3468,-1,3468,3467,3469,-1,3468,3469,3470,-1,3471,3472,3473,-1,3469,3474,3470,-1,3470,3474,3475,-1,3476,3477,3478,-1,3478,3477,3475,-1,3478,3475,3479,-1,3479,3475,3474,-1,2593,2592,3480,-1,3480,2592,3481,-1,3480,3481,3482,-1,3482,3481,3483,-1,3483,3481,3484,-1,3484,3481,3485,-1,3484,3485,3486,-1,3472,3487,3473,-1,3473,3487,3488,-1,3473,3488,3485,-1,3485,3488,3489,-1,3485,3489,3486,-1,3490,3491,3492,-1,3492,3491,3477,-1,3492,3477,3493,-1,3493,3477,3476,-1,3490,3494,3491,-1,3491,3494,3495,-1,3491,3495,3473,-1,3473,3495,3496,-1,3473,3496,3471,-1,2234,2773,3497,-1,3066,3068,2593,-1,3046,3048,3498,-1,2765,2981,2763,-1,2763,2981,2747,-1,3048,3049,3498,-1,3498,3049,3044,-1,3498,3044,3043,-1,2736,2745,2744,-1,2739,2738,2729,-1,2747,2981,2735,-1,2735,2981,2729,-1,2735,2729,2733,-1,3043,3041,3498,-1,3498,3041,3040,-1,3498,3040,3038,-1,3038,3037,3498,-1,3498,3037,3035,-1,3498,3035,3034,-1,2736,2744,2730,-1,2738,2737,2729,-1,2729,2737,2731,-1,2729,2731,2733,-1,2762,3064,2761,-1,2761,3064,2759,-1,3068,3069,2593,-1,2593,3069,3064,-1,2593,3064,2595,-1,2595,3064,2762,-1,3034,3031,3498,-1,3498,3031,3030,-1,3498,3030,2593,-1,2593,3030,3051,-1,2593,3051,3066,-1,2730,2744,2729,-1,2729,2744,2743,-1,2729,2743,2742,-1,2742,2741,2729,-1,2729,2741,2740,-1,2729,2740,2739,-1,3052,2769,3054,-1,3054,2769,3055,-1,2765,2767,2981,-1,2981,2767,2769,-1,2981,2769,2983,-1,2983,2769,3052,-1,2769,2749,3055,-1,3055,2749,2751,-1,3055,2751,3057,-1,3057,2751,2753,-1,3057,2753,3058,-1,3058,2753,3060,-1,3064,3063,2759,-1,2759,3063,3061,-1,2759,3061,2757,-1,2757,3061,3060,-1,2757,3060,2755,-1,2755,3060,2753,-1,3499,2694,1969,-1,1969,2694,1940,-1,3022,3024,3499,-1,3024,3025,3499,-1,3499,3025,3020,-1,3499,3020,3019,-1,3002,1969,3000,-1,3000,1969,2695,-1,3000,2695,2979,-1,2979,2695,2711,-1,3002,3003,1969,-1,1969,3003,2998,-1,1969,2998,2997,-1,3019,3017,3499,-1,3499,3017,3016,-1,3499,3016,3014,-1,3014,3013,3499,-1,3499,3013,3011,-1,3499,3011,3010,-1,3010,3007,3499,-1,3499,3007,3006,-1,3499,3006,3500,-1,3500,3006,3029,-1,3500,3029,3027,-1,2711,2713,2979,-1,2979,2713,2714,-1,2979,2714,2981,-1,2981,2714,2709,-1,2981,2709,2708,-1,2729,2697,1972,-1,2997,2995,1969,-1,1969,2995,2994,-1,1969,2994,2992,-1,2992,2991,1969,-1,1969,2991,2989,-1,1969,2989,2988,-1,2708,2706,2981,-1,2981,2706,2705,-1,2981,2705,2703,-1,2703,2702,2981,-1,2981,2702,2700,-1,2981,2700,2729,-1,2729,2700,2699,-1,2729,2699,2697,-1,2721,2722,2718,-1,2988,2985,1969,-1,1969,2985,2984,-1,1969,2984,3499,-1,3499,2984,3004,-1,3499,3004,3022,-1,1973,2718,1972,-1,1972,2718,2719,-1,1972,2719,2720,-1,1973,2728,2718,-1,2718,2728,2727,-1,2718,2727,2725,-1,2720,2717,1972,-1,1972,2717,2716,-1,1972,2716,2729,-1,2725,2726,2718,-1,2718,2726,2723,-1,2718,2723,2721,-1,2721,2723,2724,-1,2866,2868,3499,-1,2884,2694,2889,-1,2889,2694,2888,-1,2878,1936,2880,-1,2880,1936,2881,-1,2878,2877,1936,-1,1936,2877,2875,-1,1936,2875,2874,-1,1936,1937,2881,-1,2881,1937,2694,-1,2881,2694,2883,-1,2883,2694,2884,-1,2823,2818,2677,-1,2677,2818,2817,-1,2677,2817,2815,-1,2874,2872,1936,-1,1936,2872,2799,-1,1936,2799,2676,-1,2799,2798,2676,-1,2676,2798,2820,-1,2676,2820,2677,-1,2677,2820,2822,-1,2677,2822,2823,-1,2815,2814,2677,-1,2677,2814,2812,-1,2677,2812,2811,-1,2854,2851,3499,-1,2847,2840,3501,-1,3501,2840,2839,-1,2868,2869,3499,-1,3499,2869,2864,-1,3499,2864,2863,-1,2839,2837,3501,-1,3501,2837,2836,-1,3501,2836,2834,-1,2834,2833,3501,-1,3501,2833,2831,-1,3501,2831,2830,-1,2863,2861,3499,-1,3499,2861,2860,-1,3499,2860,2858,-1,2858,2857,3499,-1,3499,2857,2855,-1,3499,2855,2854,-1,2830,2827,3501,-1,3501,2827,2826,-1,3501,2826,3499,-1,3499,2826,2849,-1,3499,2849,2866,-1,2851,2850,3499,-1,3499,2850,2870,-1,3499,2870,2694,-1,2694,2870,2886,-1,2694,2886,2888,-1,2804,2692,2809,-1,2809,2692,2810,-1,2811,2805,2677,-1,2677,2805,2810,-1,2677,2810,2672,-1,2672,2810,2678,-1,2825,2842,3502,-1,3502,2842,2844,-1,3502,2844,3501,-1,3501,2844,2846,-1,3501,2846,2847,-1,2692,2693,2810,-1,2810,2693,2688,-1,2810,2688,2687,-1,2687,2685,2810,-1,2810,2685,2684,-1,2810,2684,2682,-1,2682,2681,2810,-1,2810,2681,2679,-1,2810,2679,2678,-1,2804,2803,2692,-1,2692,2803,2825,-1,2692,2825,2690,-1,2690,2825,3502,-1,2690,3502,1932,-1,2910,2912,2671,-1,2932,2934,3503,-1,2954,2956,3502,-1,1932,2976,2977,-1,2920,2917,3503,-1,3503,2917,2916,-1,3503,2916,3502,-1,3502,2916,2937,-1,3502,2937,2954,-1,2942,2939,3502,-1,2977,2972,1932,-1,1932,2972,2971,-1,1932,2971,2969,-1,2912,2913,2671,-1,2671,2913,2908,-1,2671,2908,2907,-1,2934,2935,3503,-1,3503,2935,2930,-1,3503,2930,2929,-1,2956,2957,3502,-1,3502,2957,2952,-1,3502,2952,2951,-1,2969,2968,1932,-1,1932,2968,2966,-1,1932,2966,2965,-1,2965,2963,1932,-1,1932,2963,2962,-1,1932,2962,1933,-1,2907,2905,2671,-1,2671,2905,2904,-1,2671,2904,2902,-1,2902,2901,2671,-1,2671,2901,2899,-1,2671,2899,2898,-1,2929,2927,3503,-1,3503,2927,2926,-1,3503,2926,2924,-1,2924,2923,3503,-1,3503,2923,2921,-1,3503,2921,2920,-1,2951,2949,3502,-1,3502,2949,2948,-1,3502,2948,2946,-1,2946,2945,3502,-1,3502,2945,2943,-1,3502,2943,2942,-1,2962,2960,1933,-1,1933,2960,2891,-1,1933,2891,2671,-1,2671,2891,2890,-1,2671,2890,2910,-1,2898,2895,2671,-1,2671,2895,2894,-1,2671,2894,3503,-1,3503,2894,2914,-1,3503,2914,2932,-1,2939,2938,3502,-1,3502,2938,2958,-1,3502,2958,1932,-1,1932,2958,2974,-1,1932,2974,2976,-1,3134,3136,3503,-1,3090,3092,1925,-1,3100,3097,3504,-1,3504,3097,3096,-1,3504,3096,3503,-1,3503,3096,3117,-1,3503,3117,3134,-1,1925,3092,1922,-1,3115,3110,3504,-1,3504,3110,3109,-1,3122,3119,3503,-1,3078,3075,1922,-1,3109,3107,3504,-1,3504,3107,3106,-1,3504,3106,3104,-1,3104,3103,3504,-1,3504,3103,3101,-1,3504,3101,3100,-1,3136,3137,3503,-1,3503,3137,3132,-1,3503,3132,3131,-1,3156,3157,2671,-1,2671,3157,3152,-1,2671,3152,3151,-1,3092,3093,1922,-1,1922,3093,3088,-1,1922,3088,3087,-1,3074,3095,3504,-1,3131,3129,3503,-1,3503,3129,3128,-1,3503,3128,3126,-1,3126,3125,3503,-1,3503,3125,3123,-1,3503,3123,3122,-1,3151,3149,2671,-1,2671,3149,3148,-1,2671,3148,3146,-1,3146,3145,2671,-1,2671,3145,3143,-1,2671,3143,3142,-1,3087,3085,1922,-1,1922,3085,3084,-1,1922,3084,3082,-1,3082,3081,1922,-1,1922,3081,3079,-1,1922,3079,3078,-1,3095,3112,3504,-1,3504,3112,3114,-1,3504,3114,3115,-1,3119,3118,3503,-1,3503,3118,3138,-1,3503,3138,2671,-1,2671,3138,3154,-1,2671,3154,3156,-1,3142,3140,2671,-1,2671,3140,3071,-1,2671,3071,1925,-1,1925,3071,3070,-1,1925,3070,3090,-1,3213,3504,3214,-1,3214,3504,3505,-1,3075,3074,1922,-1,1922,3074,3504,-1,1922,3504,2651,-1,2651,3504,2653,-1,3213,3208,3504,-1,3504,3208,3207,-1,3504,3207,3229,-1,2670,2663,3504,-1,3504,2663,2662,-1,2662,2660,3504,-1,3504,2660,2659,-1,3504,2659,2657,-1,2657,2656,3504,-1,3504,2656,2654,-1,3504,2654,2653,-1,3224,3226,3505,-1,3248,2649,2665,-1,2670,3504,2669,-1,2669,3504,3229,-1,2669,3229,2667,-1,2667,3229,3244,-1,2667,3244,2665,-1,2665,3244,3246,-1,2665,3246,3248,-1,2648,1892,1921,-1,3242,3241,1921,-1,3226,3227,3505,-1,3505,3227,3222,-1,3505,3222,3221,-1,2649,3248,1921,-1,1921,3248,3249,-1,1921,3249,3242,-1,3181,3176,1921,-1,1921,3176,3175,-1,1921,3175,3173,-1,3173,3172,1921,-1,1921,3172,3170,-1,1921,3170,2648,-1,2648,3170,3169,-1,2648,3169,3167,-1,3167,3166,2648,-1,2648,3166,3163,-1,2648,3163,3162,-1,3162,3183,3506,-1,3506,3183,3200,-1,3506,3200,3202,-1,3202,3203,3506,-1,3506,3203,3198,-1,3506,3198,3197,-1,3221,3219,3505,-1,3505,3219,3218,-1,3505,3218,3216,-1,3216,3215,3505,-1,3505,3215,3209,-1,3505,3209,3214,-1,3241,3239,1921,-1,1921,3239,3238,-1,1921,3238,3236,-1,3197,3195,3506,-1,3506,3195,3194,-1,3506,3194,3192,-1,3192,3191,3506,-1,3506,3191,3189,-1,3506,3189,3188,-1,3236,3235,1921,-1,1921,3235,3233,-1,1921,3233,3232,-1,3232,3230,1921,-1,1921,3230,3159,-1,1921,3159,3158,-1,3158,3178,1921,-1,1921,3178,3180,-1,1921,3180,3181,-1,3188,3185,3506,-1,3506,3185,3184,-1,3506,3184,3505,-1,3505,3184,3205,-1,3505,3205,3224,-1,3162,3506,2648,-1,2648,3506,1888,-1,2648,1888,1889,-1,3292,3294,3506,-1,2611,2608,3336,-1,3272,3273,2772,-1,2772,3273,3268,-1,2772,3268,3267,-1,3258,3255,2772,-1,2772,3255,3254,-1,2772,3254,3506,-1,3506,3254,3275,-1,3506,3275,3292,-1,3267,3265,2772,-1,2772,3265,3264,-1,2772,3264,3262,-1,3262,3261,2772,-1,2772,3261,3259,-1,2772,3259,3258,-1,3280,3277,3506,-1,3312,1888,3317,-1,3317,1888,3316,-1,3294,3295,3506,-1,3506,3295,3290,-1,3506,3290,3289,-1,3289,3287,3506,-1,3506,3287,3286,-1,3506,3286,3284,-1,3284,3283,3506,-1,3506,3283,3281,-1,3506,3281,3280,-1,2644,2608,1884,-1,1884,2608,2609,-1,1884,2609,2606,-1,2641,2639,3336,-1,2791,3320,2789,-1,2789,3320,3251,-1,2789,3251,3250,-1,1985,2105,2772,-1,2772,2105,2787,-1,2772,2787,3272,-1,3272,2787,2789,-1,3272,2789,3270,-1,3270,2789,3250,-1,2776,2778,3332,-1,3326,2793,3328,-1,3328,2793,3329,-1,3277,3276,3506,-1,3506,3276,3297,-1,3506,3297,1888,-1,1888,3297,3314,-1,1888,3314,3316,-1,2606,2607,1884,-1,1884,2607,2603,-1,1884,2603,2604,-1,2604,2605,1884,-1,1884,2605,2602,-1,1884,2602,2601,-1,2644,2646,2608,-1,2608,2646,2647,-1,2608,2647,3336,-1,3336,2647,2642,-1,3336,2642,2641,-1,2613,3336,2598,-1,2598,3336,2596,-1,2613,2612,3336,-1,3336,2612,2610,-1,3336,2610,2611,-1,3326,3325,2793,-1,2793,3325,3323,-1,2793,3323,2791,-1,2791,3323,3322,-1,2791,3322,3320,-1,3329,2793,3331,-1,3331,2793,2795,-1,3331,2795,3332,-1,3332,2795,2774,-1,3332,2774,2776,-1,2778,2780,3332,-1,3332,2780,2782,-1,3332,2782,3337,-1,3337,2782,2784,-1,3337,2784,3336,-1,3336,2784,2786,-1,3336,2786,2596,-1,2601,2614,1884,-1,1884,2614,2618,-1,1884,2618,2627,-1,2627,2626,1884,-1,1884,2626,2625,-1,1884,2625,2624,-1,2639,2638,3336,-1,3336,2638,2636,-1,3336,2636,3334,-1,2633,2632,3319,-1,3319,2632,3298,-1,2624,2623,1884,-1,1884,2623,2622,-1,1884,2622,2621,-1,3312,3311,1888,-1,1888,3311,3309,-1,1888,3309,3308,-1,3308,3306,1888,-1,1888,3306,3305,-1,1888,3305,3303,-1,2620,2619,2615,-1,2621,2620,1884,-1,1884,2620,2615,-1,1884,2615,1882,-1,1882,2615,2617,-1,3334,2636,3319,-1,3319,2636,2635,-1,3319,2635,2633,-1,3303,3302,1888,-1,1888,3302,3299,-1,1888,3299,2628,-1,2628,3299,3298,-1,2628,3298,2629,-1,2629,3298,2632,-1,2175,2184,3501,-1,3505,2166,3506,-1,3506,2166,3339,-1,3506,3339,2772,-1,2772,3339,2112,-1,2772,2112,2773,-1,2773,2112,2124,-1,2773,2124,3497,-1,3497,2124,3341,-1,3497,3341,3507,-1,3507,3341,2145,-1,2175,3501,3343,-1,3343,3501,3499,-1,3343,3499,2226,-1,2226,3499,3500,-1,2226,3500,2205,-1,2205,3500,3508,-1,2205,3508,3345,-1,3345,3508,3509,-1,3345,3509,2184,-1,2184,3509,3510,-1,2184,3510,3501,-1,3501,3510,3511,-1,3501,3511,3502,-1,3502,3511,3512,-1,3502,3512,3503,-1,3503,3512,3513,-1,3503,3513,3504,-1,3504,3513,3507,-1,3504,3507,3505,-1,3505,3507,2145,-1,3505,2145,2166,-1,3027,3046,3500,-1,3500,3046,3498,-1,3500,3498,3508,-1,3508,3498,3514,-1,2234,3497,3346,-1,3346,3497,3507,-1,3346,3507,3347,-1,3347,3507,3513,-1,3347,3513,3348,-1,3348,3513,3512,-1,3348,3512,3349,-1,3349,3512,3511,-1,3349,3511,3350,-1,3350,3511,3510,-1,3350,3510,3351,-1,3351,3510,3509,-1,3351,3509,3352,-1,3352,3509,3508,-1,3352,3508,3353,-1,3353,3508,3514,-1,3353,3514,3354,-1,3412,2388,3354,-1,3355,2394,3515,-1,3515,2394,3386,-1,3354,3516,3412,-1,3412,3516,3517,-1,3412,3517,3410,-1,3410,3517,3518,-1,3410,3518,3408,-1,3408,3518,3519,-1,3408,3519,3407,-1,3407,3519,3520,-1,3407,3520,3405,-1,3405,3520,3521,-1,3405,3521,3404,-1,3404,3521,3522,-1,3404,3522,3402,-1,3402,3522,3523,-1,3402,3523,3400,-1,3400,3523,3524,-1,3400,3524,3398,-1,3398,3524,3525,-1,3398,3525,3397,-1,3397,3525,3526,-1,3397,3526,3395,-1,3395,3526,3527,-1,3395,3527,3393,-1,3527,3528,3393,-1,3393,3528,3529,-1,3393,3529,3383,-1,3383,3529,3530,-1,3383,3530,3384,-1,3384,3530,3531,-1,3384,3531,3391,-1,3391,3531,3532,-1,3391,3532,3389,-1,3389,3532,3533,-1,3389,3533,3388,-1,3388,3533,3534,-1,3388,3534,3386,-1,3386,3534,3535,-1,3386,3535,3515,-1,2250,3355,2300,-1,2300,3355,3356,-1,3420,3422,3536,-1,3536,3422,3537,-1,3536,3537,3538,-1,3538,3537,3539,-1,3539,3537,3357,-1,3539,3357,3356,-1,3358,3454,2329,-1,2329,3454,2584,-1,3366,2386,3411,-1,2592,3367,3481,-1,3481,3367,3366,-1,3366,3411,3481,-1,3481,3411,3409,-1,3481,3409,3485,-1,3485,3409,3406,-1,3485,3406,3473,-1,3406,3403,3473,-1,3473,3403,3401,-1,3473,3401,3491,-1,3401,3399,3491,-1,3491,3399,3396,-1,3491,3396,3477,-1,3477,3396,3394,-1,3477,3394,3385,-1,2395,3357,3387,-1,3387,3357,3537,-1,3387,3537,3390,-1,3390,3537,3392,-1,3537,3422,3392,-1,3392,3422,3423,-1,3392,3423,3385,-1,3385,3423,3424,-1,3385,3424,3426,-1,3426,3428,3385,-1,3385,3428,3430,-1,3385,3430,3432,-1,3432,3434,3385,-1,3385,3434,3437,-1,3385,3437,3439,-1,3439,3441,3385,-1,3385,3441,3443,-1,3385,3443,3445,-1,3445,2487,3385,-1,3385,2487,3414,-1,3385,3414,3477,-1,3477,3414,3540,-1,3477,3540,3541,-1,3541,3542,3477,-1,3477,3542,3543,-1,3477,3543,3544,-1,3544,3545,3477,-1,3477,3545,3546,-1,3477,3546,3547,-1,3547,3548,3477,-1,3477,3548,3549,-1,3477,3549,3550,-1,3361,3461,3359,-1,3359,3461,3463,-1,3359,3463,3358,-1,3463,3465,3358,-1,3358,3465,3468,-1,3358,3468,3551,-1,3550,3552,3477,-1,3477,3552,3553,-1,3477,3553,3475,-1,3475,3553,3551,-1,3475,3551,3470,-1,3470,3551,3468,-1,2469,2464,2439,-1,2439,2464,2462,-1,2439,2462,2437,-1,2437,2462,3453,-1,3448,3414,3447,-1,3447,3414,3413,-1,3447,3413,3449,-1,3449,3413,3418,-1,3449,3418,3450,-1,3450,3418,3417,-1,3450,3417,3451,-1,3451,3417,3416,-1,3451,3416,3452,-1,3452,3416,3415,-1,3452,3415,3453,-1,3453,3415,3419,-1,3453,3419,2437,-1,3480,3482,3517,-1,3356,3355,3515,-1,3435,3433,3531,-1,3531,3433,3431,-1,3431,3429,3531,-1,3531,3429,3427,-1,3531,3427,3425,-1,3425,3421,3531,-1,3531,3421,3420,-1,3531,3420,3532,-1,3532,3420,3536,-1,3356,3515,3539,-1,3539,3515,3535,-1,3539,3535,3538,-1,3538,3535,3534,-1,3538,3534,3536,-1,3536,3534,3533,-1,3536,3533,3532,-1,3554,3490,3555,-1,3555,3490,3556,-1,3554,3557,3490,-1,3490,3557,3558,-1,3490,3558,3559,-1,3528,3448,2488,-1,2488,3446,3528,-1,3528,3446,3444,-1,3528,3444,3442,-1,3442,3440,3528,-1,3528,3440,3438,-1,3528,3438,3529,-1,3529,3438,3530,-1,3530,3438,3531,-1,3531,3438,3436,-1,3531,3436,3435,-1,3560,3561,3478,-1,3478,3561,3476,-1,3476,3561,3562,-1,3476,3562,3563,-1,3563,3564,3476,-1,3476,3564,3565,-1,3476,3565,3566,-1,3490,3492,3556,-1,3556,3492,3493,-1,3556,3493,3567,-1,3567,3493,3476,-1,3567,3476,3568,-1,3568,3476,3566,-1,3478,3479,3560,-1,3560,3479,3474,-1,3560,3474,3454,-1,3454,3474,3469,-1,3454,3469,3467,-1,3467,3466,3454,-1,3454,3466,3464,-1,3454,3464,3455,-1,3455,3464,3462,-1,3455,3462,3456,-1,3559,3448,3490,-1,3490,3448,3528,-1,3490,3528,3494,-1,3494,3528,3527,-1,3494,3527,3495,-1,3495,3527,3526,-1,3495,3526,3496,-1,3496,3526,3525,-1,3496,3525,3471,-1,3471,3525,3524,-1,3471,3524,3472,-1,3472,3524,3523,-1,3472,3523,3487,-1,3487,3523,3522,-1,3487,3522,3488,-1,3488,3522,3521,-1,3488,3521,3489,-1,3489,3521,3520,-1,3489,3520,3486,-1,3486,3520,3484,-1,3484,3520,3519,-1,3484,3519,3483,-1,3483,3519,3482,-1,3482,3519,3518,-1,3482,3518,3517,-1,2593,3480,3498,-1,3498,3480,3517,-1,3498,3517,3514,-1,3514,3517,3516,-1,3514,3516,3354,-1,3553,3561,3551,-1,3551,3561,3560,-1,3551,3560,3358,-1,3358,3560,3454,-1,3414,3448,3540,-1,3540,3448,3559,-1,3540,3559,3541,-1,3541,3559,3558,-1,3541,3558,3542,-1,3542,3558,3557,-1,3542,3557,3543,-1,3543,3557,3554,-1,3543,3554,3544,-1,3544,3554,3555,-1,3544,3555,3545,-1,3561,3553,3562,-1,3562,3553,3552,-1,3562,3552,3563,-1,3563,3552,3550,-1,3563,3550,3564,-1,3564,3550,3549,-1,3564,3549,3565,-1,3565,3549,3548,-1,3565,3548,3566,-1,3566,3548,3547,-1,3566,3547,3568,-1,3568,3547,3546,-1,3568,3546,3567,-1,3567,3546,3545,-1,3567,3545,3556,-1,3556,3545,3555,-1,
        ]
    }
}
Shape{
    appearance Appearance {
        material  Material 	{
            diffuseColor 0.9686274509803922 0.8784313725490196 0.6
            specularColor 0.6784313725490196 0.615686274509804 0.4196078431372549
            ambientIntensity 0.8737
            transparency 0.0
            shininess 0.5
        }
    }
    geometry IndexedFaceSet {
        ccw TRUE
        solid FALSE
        coord DEF co Coordinate {
            point [
                1.0728 0.0093 -0.1457, 1.0728 0.0868 -0.1457, 1.0728 0.0093 -0.0984, 1.0728 0.0868 -0.0984, 0.9941 -0.0118 -0.0984, 0.9941 0.0868 -0.0984, 0.9941 -0.0118 -0.1457, 0.9941 0.0868 -0.1457, 1.002 -0.0413 -0.1457, 1.0748 -0.0059 -0.1457, 1.0157 -0.065 -0.1457, 1.0807 -0.0202 -0.1457, 1.0216 -0.0793 -0.1457, 0.995 -0.022 -0.1457, 0.9977 -0.032 -0.1457, 1.1319 -0.5957 -0.1457, 1.1319 -1.7441 -0.1457, 1.0335 -1.7441 -0.1457, 1.033 -0.588 -0.1457, 1.0315 -0.5804 -0.1457, 1.1339 -0.5804 -0.1457, 1.0256 -0.5587 -0.1457, 1.1397 -0.5587 -0.1457, 1.0246 -0.551 -0.1457, 1.0236 -0.0945 -0.1457, 1.1338 -0.1121 -0.1457, 1.1382 -0.1214 -0.1457, 1.1329 -0.588 -0.1457, 1.0335 -0.5957 -0.1457, 1.1408 -0.1314 -0.1457, 1.1417 -0.1416 -0.1457, 1.0236 -0.5434 -0.1457, 1.1417 -0.5434 -0.1457, 1.1412 -0.5511 -0.1457, 1.0315 -0.5804 -0.0984, 1.033 -0.588 -0.0984, 1.1339 -0.5804 -0.0984, 1.0748 -0.0059 -0.0984, 0.995 -0.022 -0.0984, 0.9977 -0.032 -0.0984, 1.002 -0.0413 -0.0984, 1.0807 -0.0202 -0.0984, 1.0335 -1.7716 -0.0984, 1.1319 -1.7716 -0.0984, 1.0335 -0.5957 -0.0984, 1.1319 -0.5957 -0.0984, 1.1324 -0.588 -0.0984, 1.0236 -0.5434 -0.0984, 1.1417 -0.5434 -0.0984, 1.0236 -0.0945 -0.0984, 1.1417 -0.1416 -0.0984, 1.1408 -0.1314 -0.0984, 1.0241 -0.5511 -0.0984, 1.0256 -0.5587 -0.0984, 1.1412 -0.5511 -0.0984, 1.1397 -0.5587 -0.0984, 1.0157 -0.065 -0.0984, 1.0216 -0.0793 -0.0984, 1.1338 -0.1121 -0.0984, 1.1382 -0.1214 -0.0984, 1.0335 -1.7716 -0.1181, 1.1319 -1.7716 -0.1181, 1.0728 0.464 0.0, 1.0728 0.464 0.0472, 1.0728 0.2278 0.0, 1.0728 0.2278 0.0472, 1.0728 0.2209 -0.0008, 1.0728 0.2105 0.0453, 1.0728 0.2143 -0.003, 1.0728 0.1941 0.0397, 1.0728 0.2084 -0.0067, 1.0728 0.1793 0.0305, 1.0728 0.2034 -0.0116, 1.0728 0.1669 0.0184, 1.0728 0.1997 -0.0174, 1.0728 0.1574 0.0038, 1.0728 0.1572 -0.1022, 1.0728 0.115 -0.081, 1.0728 0.1477 -0.1168, 1.0728 0.1112 -0.0869, 1.0728 0.1353 -0.1289, 1.0728 0.1062 -0.0917, 1.0728 0.1205 -0.1381, 1.0728 0.1003 -0.0954, 1.0728 0.1041 -0.1437, 1.0728 0.0937 -0.0977, 0.9941 0.1041 -0.1437, 0.9941 0.0937 -0.0977, 0.9941 0.1205 -0.1381, 0.9941 0.1003 -0.0954, 0.9941 0.1353 -0.1289, 0.9941 0.1062 -0.0917, 0.9941 0.1477 -0.1168, 0.9941 0.1112 -0.0869, 0.9941 0.1572 -0.1022, 0.9941 0.115 -0.081, 0.9941 0.1997 -0.0174, 0.9941 0.1574 0.0038, 0.9941 0.2034 -0.0116, 0.9941 0.1669 0.0184, 0.9941 0.2084 -0.0067, 0.9941 0.1793 0.0305, 0.9941 0.2143 -0.003, 0.9941 0.1941 0.0397, 0.9941 0.2209 -0.0008, 0.9941 0.2105 0.0453, 0.9941 0.2278 0.0, 0.9941 0.2278 0.0472, 0.9941 0.464 0.0, 0.9941 0.464 0.0472, 1.0728 0.6496 0.0157, 0.9941 0.6496 0.0157, 1.0728 0.6496 0.0315, 0.9941 0.6496 0.0315, 0.9941 0.6339 0.0, 1.0728 0.6339 0.0, 1.0728 0.6339 0.0472, 0.9941 0.6339 0.0472, 0.2854 0.6496 0.0157, 0.2067 0.6496 0.0157, 0.2854 0.6496 0.0315, 0.2067 0.6496 0.0315, 0.2067 0.6339 0.0, 0.2854 0.6339 0.0, 0.2854 0.2278 0.0, 0.2067 0.2278 0.0, 0.2854 0.464 0.0, 0.2067 0.464 0.0, 0.2854 0.6339 0.0472, 0.2067 0.6339 0.0472, 0.2854 0.464 0.0472, 0.2067 0.464 0.0472, 0.2854 0.2278 0.0472, 0.2067 0.2278 0.0472, 0.2854 0.2209 -0.0008, 0.2854 0.2105 0.0453, 0.2854 0.2143 -0.003, 0.2854 0.1941 0.0397, 0.2854 0.2084 -0.0067, 0.2854 0.1793 0.0305, 0.2854 0.2034 -0.0116, 0.2854 0.1669 0.0184, 0.2854 0.1997 -0.0174, 0.2854 0.1574 0.0038, 0.2854 0.1572 -0.1022, 0.2854 0.115 -0.081, 0.2854 0.1477 -0.1168, 0.2854 0.1112 -0.0869, 0.2854 0.1353 -0.1289, 0.2854 0.1062 -0.0917, 0.2854 0.1205 -0.1381, 0.2854 0.1003 -0.0954, 0.2854 0.1041 -0.1437, 0.2854 0.0937 -0.0977, 0.2854 0.0868 -0.1457, 0.2854 0.0868 -0.0984, 0.2067 0.0868 -0.1457, 0.2067 0.0868 -0.0984, 0.2067 0.1041 -0.1437, 0.2067 0.0937 -0.0977, 0.2067 0.1205 -0.1381, 0.2067 0.1003 -0.0954, 0.2067 0.1353 -0.1289, 0.2067 0.1062 -0.0917, 0.2067 0.1477 -0.1168, 0.2067 0.1112 -0.0869, 0.2067 0.1572 -0.1022, 0.2067 0.115 -0.081, 0.2067 0.1997 -0.0174, 0.2067 0.1574 0.0038, 0.2067 0.2034 -0.0116, 0.2067 0.1669 0.0184, 0.2067 0.2084 -0.0067, 0.2067 0.1793 0.0305, 0.2067 0.2143 -0.003, 0.2067 0.1941 0.0397, 0.2067 0.2209 -0.0008, 0.2067 0.2105 0.0453, 0.2067 0.0053 -0.1457, 0.289 0.0062 -0.1457, 0.2087 -0.01 -0.1457, 0.2863 0.0161 -0.1457, 0.2854 0.0264 -0.1457, 0.3366 -0.078 -0.1457, 0.3409 -0.0873 -0.1457, 0.2461 -0.0945 -0.1457, 0.3445 -1.5275 -0.1457, 0.2461 -1.5275 -0.1457, 0.3445 -0.1075 -0.1457, 0.3436 -0.0973 -0.1457, 0.2452 -0.0843 -0.1457, 0.2425 -0.0743 -0.1457, 0.2933 -0.0031 -0.1457, 0.2382 -0.065 -0.1457, 0.2146 -0.0242 -0.1457, 0.2854 0.0264 -0.0984, 0.2067 0.0053 -0.0984, 0.2461 -1.5551 -0.0984, 0.3445 -1.5551 -0.0984, 0.2461 -0.0945 -0.0984, 0.3445 -0.1075 -0.0984, 0.3366 -0.078 -0.0984, 0.2452 -0.0843 -0.0984, 0.3409 -0.0873 -0.0984, 0.3436 -0.0973 -0.0984, 0.2863 0.0161 -0.0984, 0.2087 -0.01 -0.0984, 0.289 0.0062 -0.0984, 0.2146 -0.0242 -0.0984, 0.2933 -0.0031 -0.0984, 0.2382 -0.065 -0.0984, 0.2425 -0.0743 -0.0984, 0.2461 -1.5551 -0.1181, 0.3445 -1.5551 -0.1181, -0.6791 1.1811 0.0315, -0.6004 1.1811 0.0315, -0.6791 1.1811 0.0157, -0.6004 1.1811 0.0157, -0.6791 1.1654 0.0, -0.6004 1.1654 0.0, -0.6004 1.1654 0.0472, -0.6791 1.1654 0.0472, -0.6791 0.9843 0.0472, -0.6791 0.9843 0.0, -0.6004 0.9843 0.0, -0.6004 0.9843 0.0472, -0.6004 0.9684 0.0016, -0.6004 0.9779 0.0479, -0.6004 0.9531 0.0064, -0.6004 0.9718 0.0498, -0.6004 0.782 0.0801, -0.6004 0.8006 0.1235, -0.6004 0.7759 0.082, -0.6004 0.7854 0.1283, -0.6004 0.7695 0.0827, -0.6004 0.7695 0.1299, -0.6791 0.7695 0.0827, -0.6791 0.7695 0.1299, -0.6791 0.7759 0.082, -0.6791 0.7854 0.1283, -0.6791 0.782 0.0801, -0.6791 0.8006 0.1235, -0.6791 0.9531 0.0064, -0.6791 0.9718 0.0498, -0.6791 0.9684 0.0016, -0.6791 0.9779 0.0479, -0.6791 0.5724 0.1299, -0.6791 0.5724 0.0827, -0.6004 0.5724 0.0827, -0.6004 0.5724 0.1299, -0.7343 -0.8819 0.1299, -0.7343 -1.5315 0.1299, -0.6437 -1.5315 0.1299, -0.7024 -0.8091 0.1299, -0.7067 -0.8185 0.1299, -0.7307 -0.8618 0.1299, -0.7334 -0.8717 0.1299, -0.6437 -0.0158 0.1299, -0.6428 -0.0056 0.1299, -0.6791 0.0961 0.1299, -0.6401 0.0044 0.1299, -0.7334 -0.0049 0.1299, -0.7343 -0.0152 0.1299, -0.7307 0.005 0.1299, -0.7263 0.0144 0.1299, -0.7343 -0.5353 0.1299, -0.7067 -0.5988 0.1299, -0.6004 0.1616 0.1299, -0.6791 0.2937 0.1299, -0.6004 0.075 0.1299, -0.6358 0.0137 0.1299, -0.7263 -0.8524 0.1299, -0.7334 -0.5456 0.1299, -0.7307 -0.5555 0.1299, -0.7263 -0.5649 0.1299, -0.7024 -0.6082 0.1299, -0.6997 -0.6181 0.1299, -0.6988 -0.6284 0.1299, -0.6988 -0.7889 0.1299, -0.6997 -0.7992 0.1299, -0.6997 -0.6181 0.0827, -0.7024 -0.6082 0.0827, -0.6437 -0.0158 0.0827, -0.6791 0.2937 0.0827, -0.6004 0.1616 0.0827, -0.6791 0.0961 0.0827, -0.6004 0.075 0.0827, -0.7263 0.0144 0.0827, -0.7024 -0.8091 0.0827, -0.6437 -1.5551 0.0827, -0.7067 -0.8185 0.0827, -0.7343 -1.5551 0.0827, -0.7343 -0.8819 0.0827, -0.7334 -0.8717 0.0827, -0.7307 -0.8618 0.0827, -0.7263 -0.8524 0.0827, -0.6997 -0.7992 0.0827, -0.6988 -0.7889 0.0827, -0.6988 -0.6284 0.0827, -0.6358 0.0137 0.0827, -0.6401 0.0044 0.0827, -0.7307 0.005 0.0827, -0.6428 -0.0056 0.0827, -0.7334 -0.0049 0.0827, -0.7343 -0.0152 0.0827, -0.7343 -0.5353 0.0827, -0.7067 -0.5988 0.0827, -0.7263 -0.5649 0.0827, -0.7307 -0.5555 0.0827, -0.7334 -0.5456 0.0827, -0.7343 -1.5551 0.1063, -0.6437 -1.5551 0.1063
            ]
        }
        coordIndex [
            0,1,2,-1,2,1,3,-1,4,5,6,-1,6,5,7,-1,8,9,10,-1,10,9,11,-1,10,11,12,-1,7,1,6,-1,6,1,0,-1,6,0,13,-1,13,0,9,-1,13,9,14,-1,14,9,8,-1,15,16,17,-1,18,19,20,-1,20,19,21,-1,20,21,22,-1,22,21,23,-1,12,11,24,-1,24,11,25,-1,24,25,26,-1,20,27,18,-1,18,27,15,-1,18,15,28,-1,28,15,17,-1,26,29,24,-1,24,29,30,-1,24,30,31,-1,31,30,32,-1,31,32,23,-1,23,32,33,-1,23,33,22,-1,34,35,36,-1,3,5,2,-1,2,5,4,-1,2,4,37,-1,37,4,38,-1,38,39,37,-1,37,39,40,-1,37,40,41,-1,42,43,44,-1,44,43,45,-1,44,45,35,-1,35,45,46,-1,35,46,36,-1,47,48,49,-1,49,48,50,-1,49,50,51,-1,47,52,48,-1,48,52,53,-1,48,53,54,-1,54,53,34,-1,54,34,55,-1,55,34,36,-1,40,56,41,-1,41,56,57,-1,41,57,58,-1,58,57,49,-1,58,49,59,-1,59,49,51,-1,20,36,27,-1,27,36,46,-1,27,46,15,-1,15,46,45,-1,55,36,22,-1,22,36,20,-1,55,22,33,-1,55,33,54,-1,54,33,32,-1,54,32,48,-1,50,48,30,-1,30,48,32,-1,50,30,29,-1,50,29,51,-1,51,29,26,-1,51,26,59,-1,59,26,25,-1,59,25,58,-1,25,11,58,-1,58,11,41,-1,0,2,9,-1,9,2,37,-1,9,37,11,-1,11,37,41,-1,4,6,13,-1,4,13,38,-1,38,13,14,-1,38,14,39,-1,39,14,8,-1,39,8,40,-1,8,10,40,-1,40,10,56,-1,24,49,12,-1,12,49,57,-1,12,57,10,-1,10,57,56,-1,47,49,31,-1,31,49,24,-1,47,31,23,-1,47,23,52,-1,52,23,21,-1,52,21,53,-1,21,19,53,-1,53,19,34,-1,28,44,18,-1,18,44,35,-1,18,35,19,-1,19,35,34,-1,28,17,44,-1,44,17,60,-1,44,60,42,-1,42,60,43,-1,43,60,61,-1,16,15,61,-1,61,15,45,-1,61,45,43,-1,16,61,17,-1,17,61,60,-1,62,63,64,-1,64,63,65,-1,64,65,66,-1,66,65,67,-1,66,67,68,-1,68,67,69,-1,68,69,70,-1,70,69,71,-1,70,71,72,-1,72,71,73,-1,72,73,74,-1,74,73,75,-1,74,75,76,-1,76,75,77,-1,76,77,78,-1,78,77,79,-1,78,79,80,-1,80,79,81,-1,80,81,82,-1,82,81,83,-1,82,83,84,-1,84,83,85,-1,84,85,1,-1,1,85,3,-1,7,5,86,-1,86,5,87,-1,86,87,88,-1,88,87,89,-1,88,89,90,-1,90,89,91,-1,90,91,92,-1,92,91,93,-1,92,93,94,-1,94,93,95,-1,94,95,96,-1,96,95,97,-1,96,97,98,-1,98,97,99,-1,98,99,100,-1,100,99,101,-1,100,101,102,-1,102,101,103,-1,102,103,104,-1,104,103,105,-1,104,105,106,-1,106,105,107,-1,106,107,108,-1,108,107,109,-1,94,76,78,-1,94,78,92,-1,92,78,80,-1,92,80,90,-1,90,80,82,-1,90,82,88,-1,88,82,84,-1,88,84,86,-1,86,84,1,-1,86,1,7,-1,94,96,76,-1,76,96,74,-1,106,64,104,-1,104,64,66,-1,104,66,102,-1,102,66,68,-1,102,68,100,-1,100,68,70,-1,100,70,98,-1,98,70,72,-1,98,72,96,-1,96,72,74,-1,97,75,73,-1,97,73,99,-1,99,73,71,-1,99,71,101,-1,101,71,69,-1,101,69,103,-1,103,69,67,-1,103,67,105,-1,105,67,65,-1,105,65,107,-1,97,95,75,-1,75,95,77,-1,5,3,87,-1,87,3,85,-1,87,85,89,-1,89,85,83,-1,89,83,91,-1,91,83,81,-1,91,81,93,-1,93,81,79,-1,93,79,95,-1,95,79,77,-1,110,111,112,-1,112,111,113,-1,114,111,115,-1,115,111,110,-1,116,112,117,-1,117,112,113,-1,63,62,116,-1,116,62,115,-1,116,115,112,-1,112,115,110,-1,113,111,117,-1,117,111,114,-1,117,114,109,-1,109,114,108,-1,64,106,62,-1,62,106,108,-1,62,108,115,-1,115,108,114,-1,107,65,109,-1,109,65,63,-1,109,63,117,-1,117,63,116,-1,118,119,120,-1,120,119,121,-1,122,119,123,-1,123,119,118,-1,124,125,126,-1,126,125,127,-1,126,127,123,-1,123,127,122,-1,128,120,129,-1,129,120,121,-1,120,128,118,-1,118,128,130,-1,118,130,123,-1,123,130,126,-1,119,122,121,-1,121,122,127,-1,121,127,129,-1,129,127,131,-1,128,129,130,-1,130,129,131,-1,130,131,132,-1,132,131,133,-1,126,130,124,-1,124,130,132,-1,124,132,134,-1,134,132,135,-1,134,135,136,-1,136,135,137,-1,136,137,138,-1,138,137,139,-1,138,139,140,-1,140,139,141,-1,140,141,142,-1,142,141,143,-1,142,143,144,-1,144,143,145,-1,144,145,146,-1,146,145,147,-1,146,147,148,-1,148,147,149,-1,148,149,150,-1,150,149,151,-1,150,151,152,-1,152,151,153,-1,152,153,154,-1,154,153,155,-1,156,157,158,-1,158,157,159,-1,158,159,160,-1,160,159,161,-1,160,161,162,-1,162,161,163,-1,162,163,164,-1,164,163,165,-1,164,165,166,-1,166,165,167,-1,166,167,168,-1,168,167,169,-1,168,169,170,-1,170,169,171,-1,170,171,172,-1,172,171,173,-1,172,173,174,-1,174,173,175,-1,174,175,176,-1,176,175,177,-1,176,177,125,-1,125,177,133,-1,125,133,127,-1,127,133,131,-1,166,144,146,-1,166,146,164,-1,164,146,148,-1,164,148,162,-1,162,148,150,-1,162,150,160,-1,160,150,152,-1,160,152,158,-1,158,152,154,-1,158,154,156,-1,166,168,144,-1,144,168,142,-1,125,124,176,-1,176,124,134,-1,176,134,174,-1,174,134,136,-1,174,136,172,-1,172,136,138,-1,172,138,170,-1,170,138,140,-1,170,140,168,-1,168,140,142,-1,169,143,141,-1,169,141,171,-1,171,141,139,-1,171,139,173,-1,173,139,137,-1,173,137,175,-1,175,137,135,-1,175,135,177,-1,177,135,132,-1,177,132,133,-1,169,167,143,-1,143,167,145,-1,157,155,159,-1,159,155,153,-1,159,153,161,-1,161,153,151,-1,161,151,163,-1,163,151,149,-1,163,149,165,-1,165,149,147,-1,165,147,167,-1,167,147,145,-1,178,156,154,-1,179,180,181,-1,181,180,178,-1,181,178,182,-1,182,178,154,-1,183,184,185,-1,186,187,188,-1,188,187,185,-1,188,185,189,-1,189,185,184,-1,185,190,183,-1,183,190,191,-1,183,191,192,-1,192,191,193,-1,192,193,179,-1,179,193,194,-1,179,194,180,-1,182,154,195,-1,195,154,155,-1,196,157,178,-1,178,157,156,-1,197,198,199,-1,199,198,200,-1,201,202,203,-1,203,202,199,-1,203,199,204,-1,204,199,200,-1,155,157,195,-1,195,157,196,-1,195,196,205,-1,205,196,206,-1,205,206,207,-1,207,206,208,-1,207,208,209,-1,209,208,210,-1,209,210,201,-1,201,210,211,-1,201,211,202,-1,185,199,190,-1,190,199,202,-1,190,202,191,-1,191,202,211,-1,191,211,193,-1,193,211,210,-1,199,185,197,-1,197,185,187,-1,197,187,212,-1,198,197,213,-1,213,197,212,-1,188,200,186,-1,186,200,198,-1,186,198,213,-1,200,188,189,-1,200,189,204,-1,204,189,184,-1,204,184,203,-1,203,184,183,-1,203,183,201,-1,183,192,201,-1,201,192,209,-1,182,195,181,-1,181,195,205,-1,181,205,179,-1,179,205,207,-1,179,207,192,-1,192,207,209,-1,196,178,180,-1,196,180,206,-1,206,180,194,-1,206,194,208,-1,194,193,208,-1,208,193,210,-1,186,213,187,-1,187,213,212,-1,214,215,216,-1,216,215,217,-1,218,216,219,-1,219,216,217,-1,220,215,221,-1,221,215,214,-1,214,216,221,-1,221,216,218,-1,221,218,222,-1,222,218,223,-1,217,215,219,-1,219,215,220,-1,219,220,224,-1,224,220,225,-1,224,223,219,-1,219,223,218,-1,221,222,220,-1,220,222,225,-1,224,225,226,-1,226,225,227,-1,226,227,228,-1,228,227,229,-1,228,229,230,-1,230,229,231,-1,230,231,232,-1,232,231,233,-1,232,233,234,-1,234,233,235,-1,236,237,238,-1,238,237,239,-1,238,239,240,-1,240,239,241,-1,240,241,242,-1,242,241,243,-1,242,243,244,-1,244,243,245,-1,244,245,223,-1,223,245,222,-1,243,229,245,-1,245,229,227,-1,245,227,222,-1,222,227,225,-1,243,241,229,-1,229,241,231,-1,237,235,233,-1,237,233,239,-1,239,233,231,-1,239,231,241,-1,240,230,238,-1,238,230,232,-1,238,232,236,-1,236,232,234,-1,240,242,230,-1,230,242,228,-1,223,224,226,-1,223,226,244,-1,244,226,228,-1,244,228,242,-1,246,237,247,-1,247,237,236,-1,248,234,249,-1,249,234,235,-1,250,251,252,-1,252,253,254,-1,255,256,250,-1,257,258,259,-1,259,258,260,-1,261,262,263,-1,263,262,264,-1,265,266,262,-1,262,266,259,-1,262,259,264,-1,235,237,249,-1,249,237,246,-1,249,246,267,-1,267,246,268,-1,267,268,269,-1,269,268,259,-1,269,259,270,-1,270,259,260,-1,252,254,250,-1,250,254,271,-1,250,271,255,-1,272,273,265,-1,265,273,274,-1,265,274,266,-1,266,275,259,-1,259,275,276,-1,259,276,257,-1,276,277,257,-1,257,277,278,-1,257,278,252,-1,252,278,279,-1,252,279,253,-1,280,281,282,-1,236,234,247,-1,247,234,248,-1,247,248,283,-1,283,248,284,-1,283,284,285,-1,285,284,286,-1,285,286,287,-1,288,289,290,-1,290,289,291,-1,290,291,292,-1,293,294,292,-1,292,294,295,-1,292,295,290,-1,288,296,289,-1,289,296,297,-1,289,297,282,-1,282,297,298,-1,282,298,280,-1,286,299,287,-1,287,299,300,-1,287,300,301,-1,301,300,302,-1,301,302,303,-1,303,302,282,-1,303,282,304,-1,304,282,305,-1,281,306,282,-1,282,306,307,-1,282,307,305,-1,305,307,308,-1,305,308,309,-1,307,274,273,-1,307,273,308,-1,308,273,272,-1,308,272,309,-1,309,272,265,-1,309,265,305,-1,306,266,307,-1,307,266,274,-1,266,306,275,-1,275,306,281,-1,275,281,276,-1,276,281,280,-1,276,280,277,-1,277,280,298,-1,277,298,278,-1,278,298,297,-1,278,297,279,-1,279,297,296,-1,279,296,253,-1,253,296,288,-1,253,288,254,-1,254,288,290,-1,254,290,271,-1,271,290,295,-1,292,250,256,-1,292,256,293,-1,293,256,255,-1,293,255,294,-1,294,255,271,-1,294,271,295,-1,250,292,251,-1,251,292,291,-1,251,291,310,-1,251,310,252,-1,252,310,311,-1,311,289,252,-1,252,289,282,-1,252,282,257,-1,257,282,258,-1,258,282,302,-1,258,302,260,-1,260,302,300,-1,260,300,270,-1,270,300,299,-1,299,286,270,-1,270,286,269,-1,267,269,284,-1,284,269,286,-1,284,248,267,-1,267,248,249,-1,247,283,246,-1,246,283,268,-1,283,285,268,-1,268,285,259,-1,259,285,264,-1,264,285,287,-1,304,262,261,-1,304,261,303,-1,303,261,263,-1,303,263,301,-1,301,263,264,-1,301,264,287,-1,304,305,262,-1,262,305,265,-1,291,289,310,-1,310,289,311,-1,
        ]
    }
}
Shape{
    appearance Appearance {
        material  Material 	{
            diffuseColor 0.8509803921568627 0.8509803921568627 0.8509803921568627
            specularColor 0.4235294117647059 0.4235294117647059 0.4235294117647059
            ambientIntensity 0.851
            transparency 0.0
            shininess 0.5
        }
    }
    geometry IndexedFaceSet {
        ccw TRUE
        solid FALSE
        coord DEF co Coordinate {
            point [
                1.4272 0.6103 0.1299, 1.5453 0.6103 0.1299, 1.4272 0.6082 0.1452, 1.5453 0.6082 0.1452, 1.4272 0.6023 0.1595, 1.5453 0.6023 0.1595, 1.4272 0.593 0.1717, 1.5453 0.593 0.1717, 1.4272 0.5807 0.1811, 1.5453 0.5807 0.1811, 1.4272 0.5665 0.187, 1.5453 0.5665 0.187, 1.4272 0.5512 0.189, 1.5453 0.5512 0.189, 1.5453 0.689 0.1299, 1.4272 0.689 0.1299, 1.4272 0.6843 0.1656, 1.5453 0.6843 0.1656, 1.4272 0.6705 0.1988, 1.5453 0.6705 0.1988, 1.4272 0.6486 0.2274, 1.5453 0.6486 0.2274, 1.4272 0.6201 0.2493, 1.5453 0.6201 0.2493, 1.4272 0.5869 0.263, 1.5453 0.5869 0.263, 1.4272 0.5512 0.2677, 1.5453 0.5512 0.2677, 1.4665 0.6103 -0.315, 1.5059 0.6103 -0.315, 1.4351 0.6103 -0.2605, 1.5374 0.6103 -0.2605, 1.4291 0.6103 -0.2462, 1.4272 0.6103 -0.2309, 1.5453 0.6103 -0.2309, 1.5433 0.6103 -0.2462, 1.5059 0.689 -0.315, 1.4665 0.689 -0.315, 1.5374 0.689 -0.2605, 1.4351 0.689 -0.2605, 1.5433 0.689 -0.2462, 1.5453 0.689 -0.2309, 1.4272 0.689 -0.2309, 1.4291 0.689 -0.2462, 1.4272 0.2045 0.0341, 1.5453 0.2045 0.0341, 1.5453 0.1883 0.007, 1.4272 0.1883 0.007, 1.5453 0.1664 -0.0158, 1.4272 0.1664 -0.0158, 1.5453 0.1399 -0.0329, 1.4272 0.1399 -0.0329, 1.5453 0.1101 -0.0436, 1.4272 0.1101 -0.0436, 1.5453 0.0788 -0.0472, 1.4272 0.0788 -0.0472, 1.4272 0.2583 0.1541, 1.5453 0.2583 0.1541, 1.4272 0.3122 0.189, 1.5453 0.3122 0.189, 1.4272 0.2988 0.1874, 1.5453 0.2988 0.1874, 1.4272 0.286 0.1829, 1.5453 0.286 0.1829, 1.4272 0.2746 0.1755, 1.5453 0.2746 0.1755, 1.4272 0.2652 0.1657, 1.5453 0.2652 0.1657, 1.4272 0.3122 0.2677, 1.5453 0.3122 0.2677, 1.4272 0.1865 0.1864, 1.5453 0.1865 0.1864, 1.5453 0.2026 0.2135, 1.4272 0.2026 0.2135, 1.5453 0.2246 0.2363, 1.4272 0.2246 0.2363, 1.5453 0.2511 0.2534, 1.4272 0.2511 0.2534, 1.5453 0.2808 0.2641, 1.4272 0.2808 0.2641, 1.4272 0.1326 0.0664, 1.5453 0.1326 0.0664, 1.4272 0.0788 0.0315, 1.5453 0.0788 0.0315, 1.4272 0.0922 0.033, 1.5453 0.0922 0.033, 1.4272 0.1049 0.0376, 1.5453 0.1049 0.0376, 1.4272 0.1163 0.045, 1.5453 0.1163 0.045, 1.4272 0.1257 0.0547, 1.5453 0.1257 0.0547, 1.4272 -0.0079 0.0315, 1.4272 -0.0079 -0.0472, 1.5453 -0.1575 0.0315, 1.5453 -0.1575 -0.0472, -1.2609 -1.7739 0.0315, -1.2531 -1.7877 0.0315, -1.2776 -1.437 0.0315, 1.426 -0.1455 0.0315, 1.4272 -0.1575 0.0315, 1.1791 -0.8431 0.0315, 1.1649 -0.8357 0.0315, 0.374 -1.811 0.0315, -1.2185 -1.3779 0.0315, -1.2206 -1.3942 0.0315, -0.315 -1.752 0.0315, 1.4222 -0.1338 0.0315, -1.2185 -0.8987 0.0315, -0.3337 -1.7951 0.0315, -0.3283 -1.7894 0.0315, -0.315 -0.9005 0.0315, -0.3466 -0.917 0.0315, -0.3784 -0.9243 0.0315, -0.4041 -0.9248 0.0315, -0.3459 -1.8041 0.0315, 1.3159 -1.6337 0.0315, 1.3169 -1.6226 0.0315, 1.3127 -1.6444 0.0315, 1.3169 -1.6225 0.0315, 1.2609 -1.7739 0.0315, 1.3009 -1.4375 0.0315, 1.2972 -1.437 0.0315, 1.255 -1.7848 0.0315, 1.2776 -1.437 0.0315, 1.247 -1.7944 0.0315, 1.2613 -1.4349 0.0315, 1.235 -1.8032 0.0315, 1.2219 -1.8089 0.0315, 1.2061 -1.811 0.0315, 1.2494 -1.43 0.0315, 1.2373 -1.4211 0.0315, 1.2318 -1.4154 0.0315, 1.2248 -1.4051 0.0315, 1.2209 -1.3942 0.0315, 1.2185 -1.3779 0.0315, -1.4272 0.0512 0.0315, -1.4272 0.0788 0.0315, -1.5453 0.0788 0.0315, -0.3213 -1.7791 0.0315, -0.3173 -1.7682 0.0315, -1.4272 -0.1575 0.0315, -1.426 -0.1458 0.0315, -1.5453 -0.1575 0.0315, -1.4222 -0.1338 0.0315, -1.414 -0.1203 0.0315, -1.4034 -0.1104 0.0315, -1.1988 -0.0984 0.0315, -1.1826 -0.1005 0.0315, -1.3844 -0.0058 0.0315, 1.4092 -0.1151 0.0315, 1.4173 -0.1251 0.0315, -1.2254 -1.4061 0.0315, -1.2344 -1.4182 0.0315, -0.374 -1.811 0.0315, -1.2401 -1.4237 0.0315, -1.2061 -1.811 0.0315, -1.2504 -1.4307 0.0315, -1.2613 -1.4346 0.0315, -1.2184 -1.8096 0.0315, -1.2303 -1.8057 0.0315, -1.3681 -0.0079 0.0315, 0.315 -0.1575 0.0315, 0.315 -0.6743 0.0315, 0.3466 -0.6578 0.0315, 0.3308 -1.7922 0.0315, 0.3366 -1.7977 0.0315, 0.385 -0.9249 0.0315, 1.1418 -0.1412 0.0315, 1.1467 -0.1293 0.0315, 1.1556 -0.1172 0.0315, 1.1614 -0.1117 0.0315, 1.3681 -0.0984 0.0315, 1.3839 -0.1005 0.0315, 1.3971 -0.1063 0.0315, -0.3578 -1.8089 0.0315, 1.308 -1.4404 0.0315, 1.3169 -1.4567 0.0315, 1.3119 -1.4439 0.0315, 1.316 -1.451 0.0315, 1.3147 -1.4477 0.0315, -0.435 -0.9189 0.0315, -1.142 -0.8033 0.0315, -1.1476 -0.8163 0.0315, -1.158 -0.8299 0.0315, -1.1679 -0.8375 0.0315, -0.3552 -0.6549 0.0315, -1.1707 -0.1054 0.0315, -1.1585 -0.1143 0.0315, -0.3255 -0.6682 0.0315, -0.315 -0.6743 0.0315, -0.315 -0.1575 0.0315, -0.3129 -0.1412 0.0315, -0.308 -0.1293 0.0315, -0.2991 -0.1172 0.0315, 0.315 -0.9005 0.0315, 0.315 -1.752 0.0315, 0.3255 -0.9066 0.0315, 0.3552 -0.9199 0.0315, -1.1791 -0.8431 0.0315, -1.1933 -0.8504 0.0315, -1.2037 -0.8601 0.0315, -1.2124 -0.8729 0.0315, -1.2166 -0.8843 0.0315, -1.2429 -1.7978 0.0315, -1.3169 -1.6225 0.0315, -1.3159 -1.6336 0.0315, -1.3127 -1.6444 0.0315, 1.3047 -1.4385 0.0315, -1.3905 -0.1029 0.0315, -1.4248 0.0349 0.0315, -1.4084 0.008 0.0315, -1.4138 0.0137 0.0315, -1.4208 0.024 0.0315, -0.4665 -0.9044 0.0315, -0.4912 -0.8849 0.0315, -0.5115 -0.8588 0.0315, -0.5245 -0.8315 0.0315, -0.5305 -0.7995 0.0315, -1.1398 -0.7874 0.0315, -0.2934 -0.1117 0.0315, -0.2831 -0.1047 0.0315, -0.2722 -0.1008 0.0315, 0.4481 -0.914 0.0315, 0.418 -0.9231 0.0315, 1.1717 -0.1047 0.0315, 1.1825 -0.1008 0.0315, 1.1988 -0.0984 0.0315, 1.2185 -0.8987 0.0315, 1.2163 -0.8829 0.0315, 1.2106 -0.8698 0.0315, 1.2003 -0.8562 0.0315, 1.1904 -0.8487 0.0315, -1.3963 -0.0009 0.0315, -1.3781 -0.0994 0.0315, -1.3681 -0.0984 0.0315, -0.5315 -0.7874 0.0315, -0.527 -0.752 0.0315, -1.1398 -0.1575 0.0315, -1.1531 -0.12 0.0315, -1.1461 -0.1303 0.0315, -0.385 -0.6499 0.0315, -0.418 -0.6517 0.0315, -0.2559 -0.0984 0.0315, 0.2559 -0.0984 0.0315, 1.1545 -0.826 0.0315, 0.527 -0.8228 0.0315, 1.1459 -0.8133 0.0315, 1.1417 -0.8018 0.0315, 0.3577 -1.8087 0.0315, 0.2722 -0.1005 0.0315, 0.2841 -0.1054 0.0315, 0.2962 -0.1143 0.0315, 0.5148 -0.8531 0.0315, 0.5006 -0.8745 0.0315, 0.4781 -0.8964 0.0315, -0.5148 -0.7217 0.0315, -0.5006 -0.7003 0.0315, -1.1421 -0.1412 0.0315, -0.4781 -0.6783 0.0315, -0.4481 -0.6608 0.0315, -1.3136 -1.4459 0.0315, -1.2972 -1.437 0.0315, -1.3101 -1.442 0.0315, -1.3029 -1.4379 0.0315, -1.3062 -1.4392 0.0315, 1.1398 -0.7874 0.0315, 0.5305 -0.7753 0.0315, 0.5315 -0.7874 0.0315, 0.3469 -1.8047 0.0315, 0.3219 -1.7801 0.0315, 0.317 -1.7682 0.0315, -1.3154 -1.4492 0.0315, -1.3165 -1.4531 0.0315, -1.3169 -1.4567 0.0315, 0.3784 -0.6504 0.0315, 0.4041 -0.6499 0.0315, 0.3126 -0.1412 0.0315, 0.3016 -0.12 0.0315, 0.3086 -0.1303 0.0315, 0.435 -0.6558 0.0315, 0.4665 -0.6704 0.0315, 0.4912 -0.6899 0.0315, 1.1398 -0.1575 0.0315, 0.5115 -0.7159 0.0315, 0.5245 -0.7433 0.0315, -0.3466 -0.917 -0.0472, -0.315 -0.9005 -0.0472, -0.315 -1.752 -0.0472, -1.1679 -0.8375 -0.0472, -1.158 -0.8299 -0.0472, -0.2934 -0.1117 -0.0472, -0.2991 -0.1172 -0.0472, -1.142 -0.8033 -0.0472, -0.308 -0.1293 -0.0472, -0.3129 -0.1412 -0.0472, 1.4272 -0.1575 -0.0472, 1.426 -0.1455 -0.0472, 1.2209 -1.3942 -0.0472, 1.2248 -1.4051 -0.0472, 0.374 -1.811 -0.0472, 1.3169 -1.4567 -0.0472, 1.3169 -1.6225 -0.0472, 1.255 -1.7848 -0.0472, -1.4272 -0.1575 -0.0472, -1.5453 -0.1575 -0.0472, -1.426 -0.1458 -0.0472, -1.4222 -0.1338 -0.0472, 1.2185 -1.3779 -0.0472, 1.2061 -1.811 -0.0472, 1.2613 -1.4349 -0.0472, 1.2219 -1.8089 -0.0472, 1.235 -1.8032 -0.0472, 1.3169 -1.6226 -0.0472, 1.3159 -1.6337 -0.0472, 1.3127 -1.6444 -0.0472, -0.3173 -1.7682 -0.0472, -0.3213 -1.7791 -0.0472, -1.2206 -1.3942 -0.0472, -0.3283 -1.7894 -0.0472, -0.3337 -1.7951 -0.0472, -1.2185 -1.3779 -0.0472, -1.2185 -0.8987 -0.0472, -0.315 -0.1575 -0.0472, -0.315 -0.6743 -0.0472, -0.3255 -0.6682 -0.0472, -0.5245 -0.8315 -0.0472, -1.1476 -0.8163 -0.0472, 1.2318 -1.4154 -0.0472, 1.2373 -1.4211 -0.0472, 1.2494 -1.43 -0.0472, 1.2776 -1.437 -0.0472, 1.247 -1.7944 -0.0472, 1.2609 -1.7739 -0.0472, -1.2184 -1.8096 -0.0472, -1.2613 -1.4346 -0.0472, -1.2061 -1.811 -0.0472, -1.2504 -1.4307 -0.0472, -0.374 -1.811 -0.0472, -1.2401 -1.4237 -0.0472, 1.4092 -0.1151 -0.0472, 1.4173 -0.1251 -0.0472, 1.4222 -0.1338 -0.0472, 1.1614 -0.1117 -0.0472, 1.1556 -0.1172 -0.0472, -1.3681 -0.0079 -0.0472, 1.1467 -0.1293 -0.0472, 1.1418 -0.1412 -0.0472, 1.1649 -0.8357 -0.0472, 1.1791 -0.8431 -0.0472, -1.2344 -1.4182 -0.0472, -1.2254 -1.4061 -0.0472, -0.3578 -1.8089 -0.0472, -0.3459 -1.8041 -0.0472, -0.435 -0.9189 -0.0472, -0.4041 -0.9248 -0.0472, -0.3784 -0.9243 -0.0472, -1.2609 -1.7739 -0.0472, -1.3127 -1.6444 -0.0472, -1.2776 -1.437 -0.0472, -1.3159 -1.6336 -0.0472, -1.3169 -1.6225 -0.0472, -1.2303 -1.8057 -0.0472, -1.2429 -1.7978 -0.0472, -1.2531 -1.7877 -0.0472, -1.2166 -0.8843 -0.0472, -1.2124 -0.8729 -0.0472, -1.2037 -0.8601 -0.0472, -1.1933 -0.8504 -0.0472, -1.1791 -0.8431 -0.0472, -0.418 -0.6517 -0.0472, -0.385 -0.6499 -0.0472, -0.3552 -0.6549 -0.0472, -0.4481 -0.6608 -0.0472, -0.4781 -0.6783 -0.0472, -0.5006 -0.7003 -0.0472, -0.5148 -0.7217 -0.0472, -0.527 -0.752 -0.0472, -0.5315 -0.7874 -0.0472, -0.5305 -0.7995 -0.0472, -0.5115 -0.8588 -0.0472, -0.4912 -0.8849 -0.0472, -0.4665 -0.9044 -0.0472, 1.3971 -0.1063 -0.0472, 1.3839 -0.1005 -0.0472, 1.3681 -0.0984 -0.0472, 1.1988 -0.0984 -0.0472, 1.1825 -0.1008 -0.0472, 1.1717 -0.1047 -0.0472, -0.2722 -0.1008 -0.0472, -0.2831 -0.1047 -0.0472, -1.1461 -0.1303 -0.0472, -1.4138 0.0137 -0.0472, -1.4084 0.008 -0.0472, -1.3905 -0.1029 -0.0472, -1.3963 -0.0009 -0.0472, -1.3781 -0.0994 -0.0472, -1.3681 -0.0984 -0.0472, -1.4272 0.0788 -0.0472, -1.4272 0.0512 -0.0472, -1.5453 0.0788 -0.0472, -1.4248 0.0349 -0.0472, 1.3147 -1.4477 -0.0472, 1.316 -1.451 -0.0472, 1.3119 -1.4439 -0.0472, 1.308 -1.4404 -0.0472, 0.3552 -0.9199 -0.0472, 0.315 -1.752 -0.0472, 0.3255 -0.9066 -0.0472, 0.315 -0.9005 -0.0472, -1.414 -0.1203 -0.0472, -1.4034 -0.1104 -0.0472, -1.4208 0.024 -0.0472, 1.2972 -1.437 -0.0472, 1.3009 -1.4375 -0.0472, 1.3047 -1.4385 -0.0472, 0.3126 -0.1412 -0.0472, 0.3086 -0.1303 -0.0472, -0.2559 -0.0984 -0.0472, -1.1531 -0.12 -0.0472, -1.1585 -0.1143 -0.0472, -1.1707 -0.1054 -0.0472, -1.3844 -0.0058 -0.0472, -1.1826 -0.1005 -0.0472, -1.1988 -0.0984 -0.0472, 1.1904 -0.8487 -0.0472, 1.2003 -0.8562 -0.0472, 1.2106 -0.8698 -0.0472, 1.2163 -0.8829 -0.0472, 1.2185 -0.8987 -0.0472, 1.1459 -0.8133 -0.0472, 1.1545 -0.826 -0.0472, 0.527 -0.8228 -0.0472, 0.5148 -0.8531 -0.0472, 0.315 -0.1575 -0.0472, 0.2559 -0.0984 -0.0472, 0.2722 -0.1005 -0.0472, 0.2841 -0.1054 -0.0472, -1.3062 -1.4392 -0.0472, -1.3029 -1.4379 -0.0472, -1.3101 -1.442 -0.0472, -1.2972 -1.437 -0.0472, -1.3136 -1.4459 -0.0472, 0.418 -0.9231 -0.0472, 0.4481 -0.914 -0.0472, 0.4781 -0.8964 -0.0472, 0.5006 -0.8745 -0.0472, 0.4665 -0.6704 -0.0472, 0.435 -0.6558 -0.0472, 0.4041 -0.6499 -0.0472, 0.3016 -0.12 -0.0472, 0.2962 -0.1143 -0.0472, -1.1398 -0.7874 -0.0472, -1.1398 -0.1575 -0.0472, -1.1421 -0.1412 -0.0472, -1.3169 -1.4567 -0.0472, -1.3165 -1.4531 -0.0472, -1.3154 -1.4492 -0.0472, 0.3219 -1.7801 -0.0472, 0.317 -1.7682 -0.0472, 1.1417 -0.8018 -0.0472, 0.5315 -0.7874 -0.0472, 1.1398 -0.7874 -0.0472, 0.315 -0.6743 -0.0472, 0.3466 -0.6578 -0.0472, 0.3784 -0.6504 -0.0472, 0.385 -0.9249 -0.0472, 0.3308 -1.7922 -0.0472, 0.3577 -1.8087 -0.0472, 0.3469 -1.8047 -0.0472, 0.3366 -1.7977 -0.0472, 0.5305 -0.7753 -0.0472, 0.5245 -0.7433 -0.0472, 1.1398 -0.1575 -0.0472, 0.5115 -0.7159 -0.0472, 0.4912 -0.6899 -0.0472, -1.5453 0.2045 0.0341, -1.4272 0.2045 0.0341, -1.4272 0.1883 0.007, -1.5453 0.1883 0.007, -1.4272 0.1664 -0.0158, -1.5453 0.1664 -0.0158, -1.4272 0.1399 -0.0329, -1.5453 0.1399 -0.0329, -1.4272 0.1101 -0.0436, -1.5453 0.1101 -0.0436, -1.5453 0.2583 0.1541, -1.4272 0.2583 0.1541, -1.5453 0.3122 0.189, -1.4272 0.3122 0.189, -1.5453 0.2988 0.1874, -1.4272 0.2988 0.1874, -1.5453 0.286 0.1829, -1.4272 0.286 0.1829, -1.5453 0.2746 0.1755, -1.4272 0.2746 0.1755, -1.5453 0.2652 0.1657, -1.4272 0.2652 0.1657, -1.5453 0.5512 0.189, -1.4272 0.5512 0.189, -1.5453 0.5512 0.2677, -1.5453 0.3122 0.2677, -1.4272 0.5512 0.2677, -1.4272 0.3122 0.2677, -1.5453 0.1865 0.1864, -1.4272 0.1865 0.1864, -1.4272 0.2026 0.2135, -1.5453 0.2026 0.2135, -1.4272 0.2246 0.2363, -1.5453 0.2246 0.2363, -1.4272 0.2511 0.2534, -1.5453 0.2511 0.2534, -1.4272 0.2808 0.2641, -1.5453 0.2808 0.2641, -1.5453 0.1326 0.0664, -1.4272 0.1326 0.0664, -1.5453 0.0922 0.033, -1.4272 0.0922 0.033, -1.5453 0.1049 0.0376, -1.4272 0.1049 0.0376, -1.5453 0.1163 0.045, -1.4272 0.1163 0.045, -1.5453 0.1257 0.0547, -1.4272 0.1257 0.0547, -1.5453 0.6103 0.1299, -1.4272 0.6103 0.1299, -1.5453 0.6088 0.1431, -1.4272 0.6088 0.1431, -1.5453 0.6044 0.1555, -1.4272 0.6044 0.1555, -1.5453 0.5974 0.1667, -1.4272 0.5974 0.1667, -1.5453 0.588 0.1761, -1.4272 0.588 0.1761, -1.5453 0.5768 0.1831, -1.4272 0.5768 0.1831, -1.5453 0.5643 0.1875, -1.4272 0.5643 0.1875, -1.4272 0.689 0.1299, -1.5453 0.689 0.1299, -1.5453 0.6843 0.1656, -1.4272 0.6843 0.1656, -1.5453 0.6705 0.1988, -1.4272 0.6705 0.1988, -1.5453 0.6486 0.2274, -1.4272 0.6486 0.2274, -1.5453 0.6201 0.2493, -1.4272 0.6201 0.2493, -1.5453 0.5869 0.263, -1.4272 0.5869 0.263, -1.4351 0.6103 -0.2605, -1.4665 0.6103 -0.315, -1.4351 0.689 -0.2605, -1.4665 0.689 -0.315, -1.5059 0.6103 -0.315, -1.5059 0.689 -0.315, -1.5374 0.6103 -0.2605, -1.5374 0.689 -0.2605, -1.5453 0.6103 -0.2309, -1.5453 0.689 -0.2309, -1.5433 0.689 -0.2462, -1.5433 0.6103 -0.2462, -1.4291 0.689 -0.2462, -1.4291 0.6103 -0.2462, -1.4272 0.689 -0.2309, -1.4272 0.6103 -0.2309
            ]
        }
        coordIndex [
            0,1,2,-1,2,1,3,-1,2,3,4,-1,4,3,5,-1,4,5,6,-1,6,5,7,-1,6,7,8,-1,8,7,9,-1,8,9,10,-1,10,9,11,-1,10,11,12,-1,12,11,13,-1,14,15,16,-1,14,16,17,-1,17,16,18,-1,17,18,19,-1,19,18,20,-1,19,20,21,-1,21,20,22,-1,21,22,23,-1,23,22,24,-1,23,24,25,-1,25,24,26,-1,25,26,27,-1,28,29,30,-1,30,29,31,-1,30,31,32,-1,32,31,33,-1,1,0,34,-1,34,0,33,-1,34,33,35,-1,35,33,31,-1,36,37,38,-1,38,37,39,-1,38,39,40,-1,40,39,41,-1,15,14,42,-1,42,14,41,-1,42,41,43,-1,43,41,39,-1,31,38,40,-1,31,40,35,-1,35,40,41,-1,35,41,34,-1,33,42,43,-1,33,43,32,-1,32,43,39,-1,32,39,30,-1,28,30,37,-1,37,30,39,-1,29,28,36,-1,36,28,37,-1,31,29,38,-1,38,29,36,-1,44,45,46,-1,44,46,47,-1,47,46,48,-1,47,48,49,-1,49,48,50,-1,49,50,51,-1,51,50,52,-1,51,52,53,-1,53,52,54,-1,53,54,55,-1,44,56,45,-1,45,56,57,-1,58,59,60,-1,60,59,61,-1,60,61,62,-1,62,61,63,-1,62,63,64,-1,64,63,65,-1,64,65,66,-1,66,65,67,-1,66,67,56,-1,56,67,57,-1,58,12,59,-1,59,12,13,-1,26,68,27,-1,27,68,69,-1,70,71,72,-1,70,72,73,-1,73,72,74,-1,73,74,75,-1,75,74,76,-1,75,76,77,-1,77,76,78,-1,77,78,79,-1,79,78,69,-1,79,69,68,-1,70,80,71,-1,71,80,81,-1,82,83,84,-1,84,83,85,-1,84,85,86,-1,86,85,87,-1,86,87,88,-1,88,87,89,-1,88,89,90,-1,90,89,91,-1,90,91,80,-1,80,91,81,-1,42,33,15,-1,15,33,0,-1,15,0,16,-1,16,0,2,-1,16,2,18,-1,18,2,4,-1,18,4,20,-1,20,4,6,-1,20,6,22,-1,22,6,8,-1,22,8,24,-1,24,8,10,-1,24,10,26,-1,26,10,12,-1,26,12,68,-1,68,12,58,-1,68,58,79,-1,79,58,60,-1,79,60,77,-1,77,60,62,-1,77,62,75,-1,75,62,64,-1,75,64,73,-1,73,64,66,-1,73,66,70,-1,70,66,56,-1,70,56,80,-1,80,56,44,-1,80,44,90,-1,90,44,47,-1,90,47,88,-1,88,47,49,-1,88,49,86,-1,86,49,51,-1,86,51,84,-1,84,51,53,-1,84,53,82,-1,82,53,55,-1,82,55,92,-1,92,55,93,-1,94,95,83,-1,83,95,54,-1,83,54,85,-1,85,54,52,-1,85,52,87,-1,87,52,50,-1,87,50,89,-1,89,50,48,-1,89,48,91,-1,91,48,46,-1,91,46,81,-1,81,46,45,-1,81,45,71,-1,71,45,57,-1,71,57,72,-1,72,57,67,-1,72,67,74,-1,74,67,65,-1,74,65,76,-1,76,65,63,-1,76,63,78,-1,78,63,61,-1,78,61,69,-1,69,61,59,-1,69,59,27,-1,27,59,13,-1,27,13,25,-1,25,13,11,-1,25,11,23,-1,23,11,9,-1,23,9,21,-1,21,9,7,-1,21,7,19,-1,19,7,5,-1,19,5,17,-1,17,5,3,-1,17,3,14,-1,14,3,1,-1,14,1,41,-1,41,1,34,-1,96,97,98,-1,83,82,94,-1,94,82,92,-1,99,100,94,-1,101,102,103,-1,104,105,106,-1,99,94,107,-1,104,106,108,-1,109,110,105,-1,111,112,106,-1,106,112,113,-1,106,113,114,-1,109,105,115,-1,116,117,118,-1,118,117,119,-1,118,119,120,-1,121,122,123,-1,123,122,124,-1,123,124,125,-1,125,124,126,-1,125,126,127,-1,127,126,128,-1,128,126,129,-1,129,126,130,-1,129,130,103,-1,103,130,131,-1,103,131,132,-1,132,133,103,-1,103,133,134,-1,103,134,135,-1,136,137,138,-1,110,139,105,-1,105,139,140,-1,105,140,106,-1,141,142,143,-1,143,142,144,-1,143,144,138,-1,138,144,145,-1,138,145,146,-1,147,148,149,-1,92,150,94,-1,94,150,151,-1,94,151,107,-1,152,153,154,-1,154,153,155,-1,154,155,156,-1,155,157,156,-1,156,157,158,-1,156,158,159,-1,159,158,160,-1,149,148,161,-1,162,163,164,-1,165,166,167,-1,168,169,161,-1,161,169,170,-1,161,170,171,-1,172,173,92,-1,92,173,174,-1,92,174,150,-1,152,154,105,-1,105,154,175,-1,105,175,115,-1,176,177,178,-1,178,177,179,-1,178,179,180,-1,181,182,114,-1,114,182,183,-1,114,183,106,-1,106,183,184,-1,106,184,185,-1,186,187,188,-1,189,190,191,-1,192,193,161,-1,161,193,194,-1,195,196,197,-1,197,196,198,-1,185,199,106,-1,106,199,200,-1,106,200,201,-1,201,202,106,-1,106,202,203,-1,106,203,108,-1,98,97,158,-1,158,97,204,-1,158,204,160,-1,205,206,98,-1,98,206,207,-1,98,207,96,-1,176,208,177,-1,177,208,121,-1,177,121,119,-1,119,121,123,-1,119,123,120,-1,146,209,138,-1,138,209,210,-1,138,210,136,-1,211,212,209,-1,209,212,213,-1,209,213,210,-1,181,214,182,-1,182,214,215,-1,182,215,216,-1,216,217,182,-1,182,217,218,-1,182,218,219,-1,194,220,161,-1,161,220,221,-1,161,221,222,-1,223,224,103,-1,171,225,161,-1,161,225,226,-1,161,226,92,-1,92,226,227,-1,92,227,172,-1,135,228,103,-1,103,228,229,-1,103,229,230,-1,230,231,103,-1,103,231,232,-1,103,232,101,-1,211,209,233,-1,233,209,234,-1,233,234,149,-1,149,234,235,-1,149,235,147,-1,218,236,219,-1,219,236,237,-1,219,237,238,-1,188,239,186,-1,186,239,240,-1,186,240,241,-1,241,240,242,-1,161,148,192,-1,192,148,187,-1,192,187,191,-1,191,187,186,-1,191,186,189,-1,222,243,161,-1,161,243,244,-1,161,244,168,-1,102,245,246,-1,246,245,247,-1,246,247,248,-1,103,224,249,-1,244,250,168,-1,168,250,251,-1,168,251,252,-1,246,253,102,-1,102,253,254,-1,102,254,103,-1,103,254,255,-1,103,255,223,-1,237,256,238,-1,238,256,257,-1,238,257,258,-1,258,257,259,-1,258,259,240,-1,240,259,260,-1,240,260,242,-1,261,262,263,-1,263,262,264,-1,263,264,265,-1,266,267,248,-1,248,267,268,-1,248,268,246,-1,167,166,224,-1,224,166,269,-1,224,269,249,-1,167,198,165,-1,165,198,196,-1,165,196,270,-1,270,196,271,-1,261,272,262,-1,262,272,273,-1,262,273,98,-1,98,273,274,-1,98,274,205,-1,164,275,162,-1,162,275,276,-1,162,276,277,-1,252,278,168,-1,168,278,279,-1,168,279,277,-1,276,280,277,-1,277,280,281,-1,277,281,168,-1,168,281,282,-1,168,282,283,-1,283,282,284,-1,283,284,266,-1,266,284,285,-1,266,285,267,-1,286,287,288,-1,55,54,93,-1,93,54,95,-1,289,290,288,-1,291,292,293,-1,293,292,294,-1,293,294,295,-1,95,296,297,-1,298,299,300,-1,301,302,303,-1,304,305,306,-1,306,305,307,-1,298,300,308,-1,309,310,311,-1,311,310,312,-1,313,314,315,-1,316,317,318,-1,318,317,319,-1,318,319,320,-1,316,318,288,-1,288,318,321,-1,288,321,322,-1,323,324,325,-1,326,290,327,-1,299,328,300,-1,300,328,329,-1,300,329,309,-1,309,329,330,-1,309,330,310,-1,331,303,310,-1,310,303,332,-1,310,332,312,-1,313,315,302,-1,302,315,333,-1,302,333,303,-1,334,335,336,-1,336,335,337,-1,336,337,338,-1,338,337,339,-1,340,93,341,-1,341,93,95,-1,341,95,342,-1,342,95,297,-1,343,344,345,-1,345,344,346,-1,345,346,347,-1,300,348,349,-1,339,350,338,-1,338,350,351,-1,338,351,352,-1,352,351,318,-1,352,318,353,-1,353,318,320,-1,354,355,288,-1,288,355,356,-1,288,356,286,-1,357,358,359,-1,359,358,360,-1,359,360,361,-1,334,362,335,-1,335,362,363,-1,335,363,359,-1,359,363,364,-1,359,364,357,-1,322,365,288,-1,288,365,366,-1,288,366,367,-1,367,368,288,-1,288,368,369,-1,288,369,289,-1,370,295,371,-1,371,295,323,-1,371,323,372,-1,372,323,325,-1,370,373,295,-1,295,373,374,-1,295,374,293,-1,293,374,375,-1,293,375,376,-1,376,377,293,-1,293,377,378,-1,293,378,327,-1,327,378,379,-1,327,379,326,-1,326,380,290,-1,290,380,381,-1,290,381,288,-1,288,381,382,-1,288,382,354,-1,340,383,93,-1,93,383,384,-1,93,384,385,-1,385,386,93,-1,93,386,387,-1,93,387,345,-1,345,387,388,-1,345,388,343,-1,389,390,391,-1,392,393,394,-1,394,393,395,-1,394,395,396,-1,396,395,397,-1,398,399,400,-1,400,399,401,-1,402,403,404,-1,404,403,301,-1,404,301,405,-1,406,407,408,-1,408,407,409,-1,307,305,410,-1,410,305,400,-1,410,400,411,-1,411,400,401,-1,411,401,394,-1,394,401,412,-1,394,412,392,-1,331,413,303,-1,303,413,414,-1,303,414,301,-1,301,414,415,-1,301,415,405,-1,416,417,347,-1,389,391,418,-1,418,391,419,-1,418,419,420,-1,345,421,422,-1,422,421,423,-1,422,423,395,-1,395,423,424,-1,395,424,397,-1,349,425,300,-1,300,425,426,-1,300,426,427,-1,427,428,300,-1,300,428,429,-1,300,429,308,-1,430,431,432,-1,432,431,348,-1,432,348,433,-1,416,347,434,-1,420,421,418,-1,418,421,345,-1,418,345,435,-1,435,345,347,-1,435,347,436,-1,436,347,437,-1,438,439,440,-1,440,439,441,-1,440,441,442,-1,443,444,300,-1,300,444,445,-1,300,445,348,-1,348,445,446,-1,348,446,433,-1,447,448,347,-1,347,448,449,-1,417,450,347,-1,347,450,451,-1,347,451,437,-1,293,452,291,-1,291,452,453,-1,291,453,390,-1,390,453,454,-1,390,454,391,-1,361,455,359,-1,359,455,456,-1,359,456,441,-1,441,456,457,-1,441,457,442,-1,458,459,407,-1,430,432,460,-1,460,432,461,-1,460,461,462,-1,463,434,464,-1,464,434,347,-1,464,347,465,-1,465,347,449,-1,406,466,407,-1,407,466,467,-1,407,467,458,-1,300,468,443,-1,443,468,469,-1,443,469,466,-1,466,469,470,-1,466,470,467,-1,461,471,462,-1,462,471,472,-1,462,472,473,-1,473,472,474,-1,473,474,347,-1,347,474,475,-1,347,475,447,-1,305,304,143,-1,143,304,141,-1,307,144,142,-1,307,142,306,-1,306,142,141,-1,306,141,304,-1,397,235,234,-1,397,234,396,-1,396,234,209,-1,396,209,394,-1,394,209,146,-1,394,146,411,-1,411,146,145,-1,411,145,410,-1,410,145,144,-1,410,144,307,-1,397,424,235,-1,235,424,147,-1,453,238,258,-1,453,258,454,-1,454,258,240,-1,454,240,391,-1,391,240,239,-1,391,239,419,-1,419,239,188,-1,419,188,420,-1,420,188,187,-1,420,187,421,-1,421,187,148,-1,421,148,423,-1,423,148,147,-1,423,147,424,-1,453,452,238,-1,238,452,219,-1,369,199,185,-1,369,185,289,-1,289,185,184,-1,289,184,290,-1,290,184,183,-1,290,183,327,-1,327,183,182,-1,327,182,293,-1,293,182,219,-1,293,219,452,-1,322,108,203,-1,322,203,365,-1,365,203,202,-1,365,202,366,-1,366,202,201,-1,366,201,367,-1,367,201,200,-1,367,200,368,-1,368,200,199,-1,368,199,369,-1,322,321,108,-1,108,321,104,-1,359,98,158,-1,359,158,335,-1,335,158,157,-1,335,157,337,-1,337,157,155,-1,337,155,339,-1,339,155,153,-1,339,153,350,-1,350,153,152,-1,350,152,351,-1,351,152,105,-1,351,105,318,-1,318,105,104,-1,318,104,321,-1,359,441,98,-1,98,441,262,-1,455,274,273,-1,455,273,456,-1,456,273,272,-1,456,272,457,-1,457,272,261,-1,457,261,442,-1,442,261,263,-1,442,263,440,-1,440,263,265,-1,440,265,438,-1,438,265,264,-1,438,264,439,-1,439,264,262,-1,439,262,441,-1,455,361,274,-1,274,361,205,-1,358,207,206,-1,358,206,360,-1,360,206,205,-1,360,205,361,-1,358,357,207,-1,207,357,96,-1,336,156,159,-1,336,159,334,-1,334,159,160,-1,334,160,362,-1,362,160,204,-1,362,204,363,-1,363,204,97,-1,363,97,364,-1,364,97,96,-1,364,96,357,-1,336,338,156,-1,156,338,154,-1,288,106,140,-1,288,140,316,-1,316,140,139,-1,316,139,317,-1,317,139,110,-1,317,110,319,-1,319,110,109,-1,319,109,320,-1,320,109,115,-1,320,115,353,-1,353,115,175,-1,353,175,352,-1,352,175,154,-1,352,154,338,-1,288,287,106,-1,106,287,111,-1,378,236,218,-1,378,218,379,-1,379,218,217,-1,379,217,326,-1,326,217,216,-1,326,216,380,-1,380,216,215,-1,380,215,381,-1,381,215,214,-1,381,214,382,-1,382,214,181,-1,382,181,354,-1,354,181,114,-1,354,114,355,-1,355,114,113,-1,355,113,356,-1,356,113,112,-1,356,112,286,-1,286,112,111,-1,286,111,287,-1,324,190,189,-1,324,189,325,-1,325,189,186,-1,325,186,372,-1,372,186,241,-1,372,241,371,-1,371,241,242,-1,371,242,370,-1,370,242,260,-1,370,260,373,-1,373,260,259,-1,373,259,374,-1,374,259,257,-1,374,257,375,-1,375,257,256,-1,375,256,376,-1,376,256,237,-1,376,237,377,-1,377,237,236,-1,377,236,378,-1,324,323,190,-1,190,323,191,-1,418,243,222,-1,418,222,389,-1,389,222,221,-1,389,221,390,-1,390,221,220,-1,390,220,291,-1,291,220,194,-1,291,194,292,-1,292,194,193,-1,292,193,294,-1,294,193,192,-1,294,192,295,-1,295,192,191,-1,295,191,323,-1,418,435,243,-1,243,435,244,-1,434,162,277,-1,434,277,416,-1,416,277,279,-1,416,279,417,-1,417,279,278,-1,417,278,450,-1,450,278,252,-1,450,252,451,-1,451,252,251,-1,451,251,437,-1,437,251,250,-1,437,250,436,-1,436,250,244,-1,436,244,435,-1,434,463,162,-1,162,463,163,-1,461,268,267,-1,461,267,471,-1,471,267,285,-1,471,285,472,-1,472,285,284,-1,472,284,474,-1,474,284,282,-1,474,282,475,-1,475,282,281,-1,475,281,447,-1,447,281,280,-1,447,280,448,-1,448,280,276,-1,448,276,449,-1,449,276,275,-1,449,275,465,-1,465,275,164,-1,465,164,464,-1,464,164,163,-1,464,163,463,-1,409,195,197,-1,409,197,408,-1,408,197,198,-1,408,198,406,-1,406,198,167,-1,406,167,466,-1,466,167,224,-1,466,224,443,-1,443,224,223,-1,443,223,444,-1,444,223,255,-1,444,255,445,-1,445,255,254,-1,445,254,446,-1,446,254,253,-1,446,253,433,-1,433,253,246,-1,433,246,432,-1,432,246,268,-1,432,268,461,-1,409,407,195,-1,195,407,196,-1,300,103,249,-1,300,249,468,-1,468,249,269,-1,468,269,469,-1,469,269,166,-1,469,166,470,-1,470,166,165,-1,470,165,467,-1,467,165,270,-1,467,270,458,-1,458,270,271,-1,458,271,459,-1,459,271,196,-1,459,196,407,-1,300,309,103,-1,103,309,129,-1,333,120,123,-1,333,123,303,-1,303,123,125,-1,303,125,332,-1,332,125,127,-1,332,127,312,-1,312,127,128,-1,312,128,311,-1,311,128,129,-1,311,129,309,-1,333,315,120,-1,120,315,118,-1,119,117,302,-1,302,117,313,-1,302,301,119,-1,119,301,177,-1,413,122,121,-1,413,121,414,-1,414,121,208,-1,414,208,415,-1,415,208,176,-1,415,176,405,-1,405,176,178,-1,405,178,404,-1,404,178,180,-1,404,180,402,-1,402,180,179,-1,402,179,403,-1,403,179,177,-1,403,177,301,-1,413,331,122,-1,122,331,124,-1,308,135,134,-1,308,134,298,-1,298,134,133,-1,298,133,299,-1,299,133,132,-1,299,132,328,-1,328,132,131,-1,328,131,329,-1,329,131,130,-1,329,130,330,-1,330,130,126,-1,330,126,310,-1,310,126,124,-1,310,124,331,-1,308,429,135,-1,135,429,228,-1,349,101,232,-1,349,232,425,-1,425,232,231,-1,425,231,426,-1,426,231,230,-1,426,230,427,-1,427,230,229,-1,427,229,428,-1,428,229,228,-1,428,228,429,-1,462,266,248,-1,462,248,460,-1,460,248,247,-1,460,247,430,-1,430,247,245,-1,430,245,431,-1,431,245,102,-1,431,102,348,-1,348,102,101,-1,348,101,349,-1,462,473,266,-1,266,473,283,-1,386,227,226,-1,386,226,387,-1,387,226,225,-1,387,225,388,-1,388,225,171,-1,388,171,343,-1,343,171,170,-1,343,170,344,-1,344,170,169,-1,344,169,346,-1,346,169,168,-1,346,168,347,-1,347,168,283,-1,347,283,473,-1,386,385,227,-1,227,385,172,-1,342,107,151,-1,342,151,341,-1,341,151,150,-1,341,150,340,-1,340,150,174,-1,340,174,383,-1,383,174,173,-1,383,173,384,-1,384,173,172,-1,384,172,385,-1,296,100,99,-1,296,99,297,-1,297,99,107,-1,297,107,342,-1,296,95,100,-1,100,95,94,-1,93,345,92,-1,92,345,161,-1,399,136,210,-1,399,210,401,-1,401,210,213,-1,401,213,412,-1,412,213,212,-1,412,212,392,-1,392,212,211,-1,392,211,393,-1,393,211,233,-1,393,233,395,-1,395,233,149,-1,395,149,422,-1,422,149,161,-1,422,161,345,-1,476,477,478,-1,476,478,479,-1,479,478,480,-1,479,480,481,-1,481,480,482,-1,481,482,483,-1,483,482,484,-1,483,484,485,-1,485,484,398,-1,485,398,400,-1,476,486,477,-1,477,486,487,-1,488,489,490,-1,490,489,491,-1,490,491,492,-1,492,491,493,-1,492,493,494,-1,494,493,495,-1,494,495,496,-1,496,495,497,-1,496,497,486,-1,486,497,487,-1,488,498,489,-1,489,498,499,-1,500,501,502,-1,502,501,503,-1,504,505,506,-1,504,506,507,-1,507,506,508,-1,507,508,509,-1,509,508,510,-1,509,510,511,-1,511,510,512,-1,511,512,513,-1,513,512,503,-1,513,503,501,-1,504,514,505,-1,505,514,515,-1,138,137,516,-1,516,137,517,-1,516,517,518,-1,518,517,519,-1,518,519,520,-1,520,519,521,-1,520,521,522,-1,522,521,523,-1,522,523,514,-1,514,523,515,-1,524,525,526,-1,526,525,527,-1,526,527,528,-1,528,527,529,-1,528,529,530,-1,530,529,531,-1,530,531,532,-1,532,531,533,-1,532,533,534,-1,534,533,535,-1,534,535,536,-1,536,535,537,-1,536,537,498,-1,498,537,499,-1,538,539,540,-1,538,540,541,-1,541,540,542,-1,541,542,543,-1,543,542,544,-1,543,544,545,-1,545,544,546,-1,545,546,547,-1,547,546,548,-1,547,548,549,-1,549,548,500,-1,549,500,502,-1,550,551,552,-1,552,551,553,-1,551,554,553,-1,553,554,555,-1,554,556,555,-1,555,556,557,-1,558,559,560,-1,558,560,561,-1,561,560,557,-1,561,557,556,-1,550,552,562,-1,550,562,563,-1,563,562,564,-1,563,564,565,-1,525,524,565,-1,565,524,558,-1,554,551,556,-1,556,551,550,-1,558,561,565,-1,565,561,556,-1,565,556,563,-1,563,556,550,-1,565,564,525,-1,525,564,538,-1,525,538,527,-1,527,538,541,-1,527,541,529,-1,529,541,543,-1,529,543,531,-1,531,543,545,-1,136,399,137,-1,137,399,398,-1,137,398,517,-1,517,398,484,-1,517,484,519,-1,519,484,482,-1,519,482,521,-1,521,482,480,-1,521,480,523,-1,523,480,478,-1,523,478,515,-1,515,478,477,-1,515,477,505,-1,505,477,487,-1,505,487,506,-1,506,487,497,-1,506,497,508,-1,508,497,495,-1,508,495,510,-1,510,495,493,-1,510,493,512,-1,512,493,491,-1,512,491,503,-1,503,491,489,-1,503,489,502,-1,502,489,499,-1,502,499,549,-1,549,499,537,-1,549,537,547,-1,547,537,535,-1,547,535,545,-1,545,535,533,-1,545,533,531,-1,553,555,552,-1,552,555,557,-1,552,557,562,-1,562,557,564,-1,539,538,559,-1,559,538,564,-1,559,564,560,-1,560,564,557,-1,559,558,539,-1,539,558,524,-1,539,524,540,-1,540,524,526,-1,540,526,542,-1,542,526,528,-1,542,528,544,-1,305,143,400,-1,400,143,138,-1,400,138,485,-1,485,138,516,-1,485,516,483,-1,483,516,518,-1,483,518,481,-1,481,518,520,-1,481,520,479,-1,479,520,522,-1,479,522,476,-1,476,522,514,-1,476,514,486,-1,486,514,504,-1,486,504,496,-1,496,504,507,-1,496,507,494,-1,494,507,509,-1,494,509,492,-1,492,509,511,-1,492,511,490,-1,490,511,513,-1,490,513,488,-1,488,513,501,-1,488,501,498,-1,498,501,500,-1,498,500,536,-1,536,500,548,-1,536,548,534,-1,534,548,546,-1,534,546,532,-1,532,546,544,-1,532,544,530,-1,530,544,528,-1,313,117,116,-1,313,116,314,-1,314,116,118,-1,314,118,315,-1,
        ]
    }
}