#VRML V2.0 utf8
# 3D model generated by easyeda2kicad.py (https://github.com/uPesy/easyeda2kicad.py)

Shape{
    appearance Appearance {
        material  Material 	{
            diffuseColor 0.0 1.0 1.0
            specularColor 0.0 0.5019607843137255 0.5019607843137255
            ambientIntensity 0.701
            transparency 0.0
            shininess 0.5
        }
    }
    geometry IndexedFaceSet {
        ccw TRUE
        solid FALSE
        coord DEF co Coordinate {
            point [
                -0.748 -4.6161 1.5146, -0.748 -1.1516 1.5146, -1.6142 -4.6161 1.5146, -1.6142 -1.1516 1.5146, 2.1639 -4.6161 1.5146, 2.1639 -1.1516 1.5146, 1.9291 -4.6161 1.5146, 1.9291 -1.1516 1.5146, 1.6142 -4.6161 1.5146, 1.6142 -1.1516 1.5146, 0.748 -4.6161 1.5146, 0.748 -1.1516 1.5146, -1.9291 -4.6161 1.5146, -1.9291 -1.1516 1.5146, -2.2699 -4.6161 1.5146, -2.2699 -1.1516 1.5146, 0.4331 -1.1516 1.3965, 0.748 -1.1516 1.3965, 0.4331 -1.1516 1.5146, -0.748 -1.1516 1.3965, -0.4331 -1.1516 1.3965, -1.9291 -1.1516 1.3965, -1.6142 -1.1516 1.3965, -2.4606 -1.1516 2.5669, -2.4579 -1.1516 2.5873, -2.4023 -1.1516 2.643, -2.4213 -1.1516 2.6351, -2.4376 -1.1516 2.6226, -2.4501 -1.1516 2.6063, -2.2699 -1.1516 0.8847, -2.3486 -1.1516 0.9058, -2.4606 -1.1516 0.5118, -2.3486 -1.1516 1.4935, -2.0669 -1.1516 0.5118, -2.0669 -1.1516 0.5906, 2.1063 -1.1516 0.8847, 2.0669 -1.1516 0.5906, 2.185 -1.1516 0.9058, 1.6142 -1.1516 1.3965, 1.9291 -1.1516 1.3965, -0.4331 -1.1516 1.5146, 2.3819 -1.1516 2.6457, -2.3819 -1.1516 2.6457, 2.4606 -1.1516 2.5669, 2.4579 -1.1516 2.5873, 2.4501 -1.1516 2.6063, 2.4376 -1.1516 2.6226, 2.4213 -1.1516 2.6351, 2.4023 -1.1516 2.643, 2.0669 -1.1516 0.5118, 2.4606 -1.1516 0.5118, 2.185 -1.1516 1.4358, -2.0669 0.3445 2.6457, -2.0669 0.3445 0.0079, -2.3819 0.3445 2.6457, -2.4606 0.3445 0.0079, -2.4606 0.3445 2.5669, -2.4023 0.3445 2.643, -2.4213 0.3445 2.6351, -2.4376 0.3445 2.6226, -2.4579 0.3445 2.5873, -2.4501 0.3445 2.6063, -0.953 -0.5874 0.5906, -1.0039 -0.5807 0.5906, 0.8138 -0.7266 0.5906, -1.1744 -0.876 0.5906, -1.1431 -0.9167 0.5906, 1.1024 -0.948 0.5906, 1.1431 -0.9167 0.5906, 0.8335 -0.6791 0.5906, -1.1024 -0.948 0.5906, -1.0549 -0.9677 0.5906, -1.0039 -0.9744 0.5906, 0.8335 -0.876 0.5906, 0.8647 -0.9167 0.5906, 0.9055 -0.948 0.5906, 0.953 -0.9677 0.5906, 1.0039 -0.9744 0.5906, 1.0549 -0.9677 0.5906, 1.2008 -0.7776 0.5906, 2.0669 -0.561 0.5906, 1.1941 -0.8285 0.5906, 1.1744 -0.876 0.5906, -1.1431 -0.6384 0.5906, -1.1744 -0.6791 0.5906, -2.0669 -0.561 0.5906, -1.1941 -0.7266 0.5906, -1.2008 -0.7776 0.5906, -1.1941 -0.8285 0.5906, -0.9055 -0.948 0.5906, -0.8647 -0.9167 0.5906, 0.8071 -0.7776 0.5906, -0.8335 -0.876 0.5906, -0.8335 -0.6791 0.5906, -0.8647 -0.6384 0.5906, -0.9055 -0.6071 0.5906, 1.1941 -0.7266 0.5906, 1.1744 -0.6791 0.5906, 1.1431 -0.6384 0.5906, 1.0039 -0.5807 0.5906, 0.8138 -0.8285 0.5906, -0.953 -0.9677 0.5906, -0.8138 -0.8285 0.5906, -0.8071 -0.7776 0.5906, -0.8138 -0.7266 0.5906, 1.1024 -0.6071 0.5906, 1.0549 -0.5874 0.5906, -1.0549 -0.5874 0.5906, -1.1024 -0.6071 0.5906, 0.953 -0.5874 0.5906, 0.9055 -0.6071 0.5906, 0.8647 -0.6384 0.5906, -2.0669 -0.0492 2.6457, -2.0669 -0.561 0.3543, -2.0669 -0.0492 0.3543, -2.0669 -2.0571 0.0079, -2.0669 -2.0571 0.5118, 2.0669 -2.0571 0.0079, 2.0669 -2.0571 0.5118, 2.0669 0.3445 0.0079, 2.0669 -0.0492 2.6457, 2.0669 0.3445 2.6457, 2.0669 -0.0492 0.3543, 2.0669 -0.561 0.3543, 2.3819 0.3445 2.6457, 2.4606 0.3445 0.0079, 2.4606 0.3445 2.5669, 2.4579 0.3445 2.5873, 2.4023 0.3445 2.643, 2.4213 0.3445 2.6351, 2.4376 0.3445 2.6226, 2.4501 0.3445 2.6063, -2.4606 -2.0571 0.5118, -2.4606 -2.0571 0.0079, 2.4606 -2.0571 0.5118, 2.4606 -2.0571 0.0079, 1.1941 -0.7266 -0.1575, 1.1744 -0.6791 -0.1575, 1.1431 -0.6384 -0.1575, 1.1024 -0.6071 -0.1575, 1.0549 -0.5874 -0.1575, 1.0039 -0.5807 -0.1575, 0.953 -0.5874 -0.1575, 0.9055 -0.6071 -0.1575, 0.8647 -0.6384 -0.1575, 0.8335 -0.6791 -0.1575, 0.8138 -0.7266 -0.1575, 0.8071 -0.7776 -0.1575, 0.8138 -0.8285 -0.1575, 0.8335 -0.876 -0.1575, 0.8647 -0.9167 -0.1575, 0.9055 -0.948 -0.1575, 0.953 -0.9677 -0.1575, 1.0039 -0.9744 -0.1575, 1.0549 -0.9677 -0.1575, 1.1024 -0.948 -0.1575, 1.1431 -0.9167 -0.1575, 1.1744 -0.876 -0.1575, 1.1941 -0.8285 -0.1575, 1.2008 -0.7776 -0.1575, 0.8676 -0.8563 -0.1968, 0.8518 -0.8183 -0.1968, 1.0039 -0.7776 -0.1968, 0.8465 -0.7776 -0.1968, 0.8518 -0.7368 -0.1968, 0.9632 -0.9297 -0.1968, 0.9252 -0.9139 -0.1968, 0.8926 -0.8889 -0.1968, 1.0827 -0.9139 -0.1968, 1.0447 -0.9297 -0.1968, 1.0039 -0.935 -0.1968, 1.1561 -0.8183 -0.1968, 1.1403 -0.8563 -0.1968, 1.1153 -0.8889 -0.1968, 1.1403 -0.6988 -0.1968, 1.1561 -0.7368 -0.1968, 1.1614 -0.7776 -0.1968, 1.0447 -0.6254 -0.1968, 1.0827 -0.6412 -0.1968, 1.1153 -0.6662 -0.1968, 0.9252 -0.6412 -0.1968, 0.9632 -0.6254 -0.1968, 1.0039 -0.6201 -0.1968, 0.8676 -0.6988 -0.1968, 0.8926 -0.6662 -0.1968, -0.8138 -0.7266 -0.1575, -0.8335 -0.6791 -0.1575, -0.8647 -0.6384 -0.1575, -0.9055 -0.6071 -0.1575, -0.953 -0.5874 -0.1575, -1.0039 -0.5807 -0.1575, -1.0549 -0.5874 -0.1575, -1.1024 -0.6071 -0.1575, -1.1431 -0.6384 -0.1575, -1.1744 -0.6791 -0.1575, -1.1941 -0.7266 -0.1575, -1.2008 -0.7776 -0.1575, -1.1941 -0.8285 -0.1575, -1.1744 -0.876 -0.1575, -1.1431 -0.9167 -0.1575, -1.1024 -0.948 -0.1575, -1.0549 -0.9677 -0.1575, -1.0039 -0.9744 -0.1575, -0.953 -0.9677 -0.1575, -0.9055 -0.948 -0.1575, -0.8647 -0.9167 -0.1575, -0.8335 -0.876 -0.1575, -0.8138 -0.8285 -0.1575, -0.8071 -0.7776 -0.1575, -0.8676 -0.6988 -0.1968, -0.8518 -0.7368 -0.1968, -1.0039 -0.7776 -0.1968, -0.8465 -0.7776 -0.1968, -0.8518 -0.8183 -0.1968, -0.9632 -0.6254 -0.1968, -0.9252 -0.6412 -0.1968, -0.8926 -0.6662 -0.1968, -1.0827 -0.6412 -0.1968, -1.0447 -0.6254 -0.1968, -1.0039 -0.6201 -0.1968, -1.1561 -0.7368 -0.1968, -1.1403 -0.6988 -0.1968, -1.1153 -0.6662 -0.1968, -1.1403 -0.8563 -0.1968, -1.1561 -0.8183 -0.1968, -1.1614 -0.7776 -0.1968, -1.0447 -0.9297 -0.1968, -1.0827 -0.9139 -0.1968, -1.1153 -0.8889 -0.1968, -0.9252 -0.9139 -0.1968, -0.9632 -0.9297 -0.1968, -1.0039 -0.935 -0.1968, -0.8676 -0.8563 -0.1968, -0.8926 -0.8889 -0.1968, 0.842 -0.7342 -0.1955, 0.8587 -0.6937 -0.1955, 0.8854 -0.659 -0.1955, 0.9201 -0.6323 -0.1955, 0.9605 -0.6156 -0.1955, 1.0039 -0.6099 -0.1955, 1.0473 -0.6156 -0.1955, 1.0878 -0.6323 -0.1955, 1.1225 -0.659 -0.1955, 1.1491 -0.6937 -0.1955, 1.1659 -0.7342 -0.1955, 1.1716 -0.7776 -0.1955, 1.1659 -0.821 -0.1955, 1.1491 -0.8614 -0.1955, 1.1225 -0.8961 -0.1955, 1.0878 -0.9228 -0.1955, 1.0473 -0.9395 -0.1955, 1.0039 -0.9452 -0.1955, 0.9605 -0.9395 -0.1955, 0.9201 -0.9228 -0.1955, 0.8854 -0.8961 -0.1955, 0.8587 -0.8614 -0.1955, 0.842 -0.821 -0.1955, 0.8363 -0.7776 -0.1955, 0.8328 -0.7317 -0.1916, 0.8505 -0.689 -0.1916, 0.8787 -0.6523 -0.1916, 0.9154 -0.6241 -0.1916, 0.9581 -0.6064 -0.1916, 1.0039 -0.6004 -0.1916, 1.0498 -0.6064 -0.1916, 1.0925 -0.6241 -0.1916, 1.1292 -0.6523 -0.1916, 1.1574 -0.689 -0.1916, 1.1751 -0.7317 -0.1916, 1.1811 -0.7776 -0.1916, 1.1751 -0.8234 -0.1916, 1.1574 -0.8661 -0.1916, 1.1292 -0.9028 -0.1916, 1.0925 -0.931 -0.1916, 1.0498 -0.9487 -0.1916, 1.0039 -0.9547 -0.1916, 0.9581 -0.9487 -0.1916, 0.9154 -0.931 -0.1916, 0.8787 -0.9028 -0.1916, 0.8505 -0.8661 -0.1916, 0.8328 -0.8234 -0.1916, 0.8268 -0.7776 -0.1916, 0.8249 -0.7296 -0.1853, 0.8434 -0.6849 -0.1853, 0.8729 -0.6465 -0.1853, 0.9113 -0.6171 -0.1853, 0.956 -0.5985 -0.1853, 1.0039 -0.5922 -0.1853, 1.0519 -0.5985 -0.1853, 1.0966 -0.6171 -0.1853, 1.135 -0.6465 -0.1853, 1.1644 -0.6849 -0.1853, 1.1829 -0.7296 -0.1853, 1.1893 -0.7776 -0.1853, 1.1829 -0.8255 -0.1853, 1.1644 -0.8702 -0.1853, 1.135 -0.9086 -0.1853, 1.0966 -0.938 -0.1853, 1.0519 -0.9566 -0.1853, 1.0039 -0.9629 -0.1853, 0.956 -0.9566 -0.1853, 0.9113 -0.938 -0.1853, 0.8729 -0.9086 -0.1853, 0.8434 -0.8702 -0.1853, 0.8249 -0.8255 -0.1853, 0.8186 -0.7776 -0.1853, 0.8189 -0.728 -0.1772, 0.838 -0.6818 -0.1772, 0.8685 -0.6421 -0.1772, 0.9081 -0.6116 -0.1772, 0.9544 -0.5925 -0.1772, 1.0039 -0.586 -0.1772, 1.0535 -0.5925 -0.1772, 1.0997 -0.6116 -0.1772, 1.1394 -0.6421 -0.1772, 1.1698 -0.6818 -0.1772, 1.189 -0.728 -0.1772, 1.1955 -0.7776 -0.1772, 1.189 -0.8271 -0.1772, 1.1698 -0.8733 -0.1772, 1.1394 -0.913 -0.1772, 1.0997 -0.9435 -0.1772, 1.0535 -0.9626 -0.1772, 1.0039 -0.9691 -0.1772, 0.9544 -0.9626 -0.1772, 0.9081 -0.9435 -0.1772, 0.8685 -0.913 -0.1772, 0.838 -0.8733 -0.1772, 0.8189 -0.8271 -0.1772, 0.8124 -0.7776 -0.1772, 0.8151 -0.727 -0.1677, 0.8346 -0.6798 -0.1677, 0.8657 -0.6393 -0.1677, 0.9062 -0.6082 -0.1677, 0.9533 -0.5887 -0.1677, 1.0039 -0.582 -0.1677, 1.0545 -0.5887 -0.1677, 1.1017 -0.6082 -0.1677, 1.1422 -0.6393 -0.1677, 1.1733 -0.6798 -0.1677, 1.1928 -0.727 -0.1677, 1.1994 -0.7776 -0.1677, 1.1928 -0.8282 -0.1677, 1.1733 -0.8753 -0.1677, 1.1422 -0.9158 -0.1677, 1.1017 -0.9469 -0.1677, 1.0545 -0.9664 -0.1677, 1.0039 -0.9731 -0.1677, 0.9533 -0.9664 -0.1677, 0.9062 -0.9469 -0.1677, 0.8657 -0.9158 -0.1677, 0.8346 -0.8753 -0.1677, 0.8151 -0.8282 -0.1677, 0.8084 -0.7776 -0.1677, -0.8151 -0.727 -0.1677, -0.8346 -0.6798 -0.1677, -0.8657 -0.6393 -0.1677, -0.9062 -0.6082 -0.1677, -0.9533 -0.5887 -0.1677, -1.0039 -0.582 -0.1677, -1.0545 -0.5887 -0.1677, -1.1017 -0.6082 -0.1677, -1.1422 -0.6393 -0.1677, -1.1733 -0.6798 -0.1677, -1.1928 -0.727 -0.1677, -1.1994 -0.7776 -0.1677, -1.1928 -0.8282 -0.1677, -1.1733 -0.8753 -0.1677, -1.1422 -0.9158 -0.1677, -1.1017 -0.9469 -0.1677, -1.0545 -0.9664 -0.1677, -1.0039 -0.9731 -0.1677, -0.9533 -0.9664 -0.1677, -0.9062 -0.9469 -0.1677, -0.8657 -0.9158 -0.1677, -0.8346 -0.8753 -0.1677, -0.8151 -0.8282 -0.1677, -0.8084 -0.7776 -0.1677, -0.8189 -0.728 -0.1772, -0.838 -0.6818 -0.1772, -0.8685 -0.6421 -0.1772, -0.9081 -0.6116 -0.1772, -0.9544 -0.5925 -0.1772, -1.0039 -0.586 -0.1772, -1.0535 -0.5925 -0.1772, -1.0997 -0.6116 -0.1772, -1.1394 -0.6421 -0.1772, -1.1698 -0.6818 -0.1772, -1.189 -0.728 -0.1772, -1.1955 -0.7776 -0.1772, -1.189 -0.8271 -0.1772, -1.1698 -0.8733 -0.1772, -1.1394 -0.913 -0.1772, -1.0997 -0.9435 -0.1772, -1.0535 -0.9626 -0.1772, -1.0039 -0.9691 -0.1772, -0.9544 -0.9626 -0.1772, -0.9081 -0.9435 -0.1772, -0.8685 -0.913 -0.1772, -0.838 -0.8733 -0.1772, -0.8189 -0.8271 -0.1772, -0.8124 -0.7776 -0.1772, -0.8249 -0.7296 -0.1853, -0.8434 -0.6849 -0.1853, -0.8729 -0.6465 -0.1853, -0.9113 -0.6171 -0.1853, -0.956 -0.5985 -0.1853, -1.0039 -0.5922 -0.1853, -1.0519 -0.5985 -0.1853, -1.0966 -0.6171 -0.1853, -1.135 -0.6465 -0.1853, -1.1644 -0.6849 -0.1853, -1.1829 -0.7296 -0.1853, -1.1893 -0.7776 -0.1853, -1.1829 -0.8255 -0.1853, -1.1644 -0.8702 -0.1853, -1.135 -0.9086 -0.1853, -1.0966 -0.938 -0.1853, -1.0519 -0.9566 -0.1853, -1.0039 -0.9629 -0.1853, -0.956 -0.9566 -0.1853, -0.9113 -0.938 -0.1853, -0.8729 -0.9086 -0.1853, -0.8434 -0.8702 -0.1853, -0.8249 -0.8255 -0.1853, -0.8186 -0.7776 -0.1853, -0.8328 -0.7317 -0.1916, -0.8505 -0.689 -0.1916, -0.8787 -0.6523 -0.1916, -0.9154 -0.6241 -0.1916, -0.9581 -0.6064 -0.1916, -1.0039 -0.6004 -0.1916, -1.0498 -0.6064 -0.1916, -1.0925 -0.6241 -0.1916, -1.1292 -0.6523 -0.1916, -1.1574 -0.689 -0.1916, -1.1751 -0.7317 -0.1916, -1.1811 -0.7776 -0.1916, -1.1751 -0.8234 -0.1916, -1.1574 -0.8661 -0.1916, -1.1292 -0.9028 -0.1916, -1.0925 -0.931 -0.1916, -1.0498 -0.9487 -0.1916, -1.0039 -0.9547 -0.1916, -0.9581 -0.9487 -0.1916, -0.9154 -0.931 -0.1916, -0.8787 -0.9028 -0.1916, -0.8505 -0.8661 -0.1916, -0.8328 -0.8234 -0.1916, -0.8268 -0.7776 -0.1916, -0.842 -0.7342 -0.1955, -0.8587 -0.6937 -0.1955, -0.8854 -0.659 -0.1955, -0.9201 -0.6323 -0.1955, -0.9605 -0.6156 -0.1955, -1.0039 -0.6099 -0.1955, -1.0473 -0.6156 -0.1955, -1.0878 -0.6323 -0.1955, -1.1225 -0.659 -0.1955, -1.1491 -0.6937 -0.1955, -1.1659 -0.7342 -0.1955, -1.1716 -0.7776 -0.1955, -1.1659 -0.821 -0.1955, -1.1491 -0.8614 -0.1955, -1.1225 -0.8961 -0.1955, -1.0878 -0.9228 -0.1955, -1.0473 -0.9395 -0.1955, -1.0039 -0.9452 -0.1955, -0.9605 -0.9395 -0.1955, -0.9201 -0.9228 -0.1955, -0.8854 -0.8961 -0.1955, -0.8587 -0.8614 -0.1955, -0.842 -0.821 -0.1955, -0.8363 -0.7776 -0.1955, 1.7365 -0.561 0.3543, 0.5554 -0.561 0.3543, 0.6257 -0.561 0.3543, -1.7365 -0.561 0.3543, 0.232 -0.561 0.3543, 0.2953 -0.561 0.1181, 0.4921 -0.561 0.1181, 1.4131 -0.561 0.3543, 1.4764 -0.561 0.1181, 1.6732 -0.561 0.1181, -1.3428 -0.561 0.3543, -1.4131 -0.561 0.3543, -1.4764 -0.561 0.1181, -1.6732 -0.561 0.1181, -0.6257 -0.561 0.3543, -0.5554 -0.561 0.3543, 1.0194 -0.561 0.3543, 0.9491 -0.561 0.3543, 0.8858 -0.561 0.1181, 0.689 -0.561 0.1181, -0.9491 -0.561 0.3543, -0.8858 -0.561 0.1181, -0.689 -0.561 0.1181, -0.1617 -0.561 0.3543, -0.0984 -0.561 0.1181, 0.0984 -0.561 0.1181, -1.0194 -0.561 0.3543, -1.0827 -0.561 0.1181, -1.2795 -0.561 0.1181, 1.3428 -0.561 0.3543, 1.2795 -0.561 0.1181, 1.0827 -0.561 0.1181, 0.1617 -0.561 0.3543, -0.4921 -0.561 0.1181, -0.2953 -0.561 0.1181, -0.232 -0.561 0.3543, -1.7365 -0.0492 0.3543, 1.7365 -0.0492 0.3543, 0.9491 -0.0492 0.3543, 0.8858 -0.0492 0.1181, 0.689 -0.0492 0.1181, 1.6732 -0.0492 0.1181, 1.4764 -0.0492 0.1181, 1.4131 -0.0492 0.3543, 1.3428 -0.0492 0.3543, 0.4921 -0.0492 0.1181, 0.2953 -0.0492 0.1181, 0.5554 -0.0492 0.3543, 0.232 -0.0492 0.3543, 0.1617 -0.0492 0.3543, 0.0984 -0.0492 0.1181, -0.0984 -0.0492 0.1181, 0.6257 -0.0492 0.3543, 1.0194 -0.0492 0.3543, 1.0827 -0.0492 0.1181, 1.2795 -0.0492 0.1181, -0.1617 -0.0492 0.3543, -0.232 -0.0492 0.3543, -0.2953 -0.0492 0.1181, -0.4921 -0.0492 0.1181, -0.5554 -0.0492 0.3543, -0.6257 -0.0492 0.3543, -0.689 -0.0492 0.1181, -0.8858 -0.0492 0.1181, -0.9491 -0.0492 0.3543, -1.0194 -0.0492 0.3543, -1.0827 -0.0492 0.1181, -1.2795 -0.0492 0.1181, -1.3428 -0.0492 0.3543, -1.4131 -0.0492 0.3543, -1.4764 -0.0492 0.1181, -1.6732 -0.0492 0.1181, -2.3486 -4.6738 0.9058, -2.3486 -4.6738 1.4935, 2.1063 -4.6161 0.8847, -2.2699 -4.6161 0.8847, 2.185 -4.6161 1.4358, 2.185 -4.6161 0.9058, 0.4331 -4.6161 1.5146, -0.4331 -4.6161 1.5146, 0.3543 -4.6949 1.3177, 0.3543 -4.6949 1.4935, -0.3543 -4.6949 1.4935, -0.8268 -4.6949 1.4935, -1.5354 -4.6949 1.4935, -0.8268 -4.6949 1.3177, -1.5354 -4.6949 1.3177, 2.1639 -4.6949 1.4935, 2.0079 -4.6949 1.4935, 2.1639 -4.6949 0.9058, 2.0079 -4.6949 1.3177, 1.5354 -4.6949 1.3177, -0.3543 -4.6949 1.3177, 0.8268 -4.6949 1.3177, 0.8268 -4.6949 1.4935, 1.5354 -4.6949 1.4935, -2.0079 -4.6949 1.4935, -2.2699 -4.6949 1.4935, -2.0079 -4.6949 1.3177, -2.2699 -4.6949 0.9058, -0.748 -4.6738 1.4991, -0.748 -4.6738 1.3965, -0.4331 -4.6738 1.3965, -0.4331 -4.6738 1.4991, 0.748 -4.6738 1.3965, 0.748 -4.6738 1.4991, 0.4331 -4.6738 1.3965, 0.4331 -4.6738 1.4991, 1.9291 -4.6738 1.3965, 1.9291 -4.6738 1.4991, 1.6142 -4.6738 1.3965, 1.6142 -4.6738 1.4991, -1.6142 -4.6738 1.3965, -1.6142 -4.6738 1.4991, -1.9291 -4.6738 1.3965, -1.9291 -4.6738 1.4991
            ]
        }
        coordIndex [
            0,1,2,-1,2,1,3,-1,4,5,6,-1,6,5,7,-1,8,9,10,-1,10,9,11,-1,12,13,14,-1,14,13,15,-1,16,17,18,-1,18,17,11,-1,1,19,20,-1,21,22,13,-1,13,22,3,-1,13,3,23,-1,23,3,24,-1,25,26,3,-1,26,27,3,-1,3,27,28,-1,3,28,24,-1,29,30,31,-1,31,30,32,-1,31,32,23,-1,23,32,15,-1,23,15,13,-1,31,33,29,-1,29,33,34,-1,29,34,35,-1,35,34,36,-1,35,36,37,-1,9,38,39,-1,20,40,1,-1,1,40,41,-1,1,41,3,-1,3,41,42,-1,3,42,25,-1,39,7,9,-1,9,7,43,-1,9,43,11,-1,11,43,44,-1,44,45,11,-1,11,45,46,-1,11,46,47,-1,40,18,41,-1,41,18,11,-1,41,11,48,-1,48,11,47,-1,36,49,37,-1,37,49,50,-1,37,50,51,-1,51,50,43,-1,51,43,5,-1,5,43,7,-1,52,53,54,-1,54,53,55,-1,54,55,56,-1,57,54,58,-1,58,54,59,-1,56,60,54,-1,54,60,61,-1,54,61,59,-1,62,63,64,-1,65,66,34,-1,36,67,68,-1,64,63,69,-1,66,70,34,-1,34,70,71,-1,34,71,72,-1,73,74,34,-1,34,74,75,-1,75,76,34,-1,34,76,77,-1,34,77,36,-1,36,77,78,-1,36,78,67,-1,79,80,81,-1,81,80,36,-1,81,36,82,-1,82,36,68,-1,83,84,85,-1,84,86,85,-1,85,86,87,-1,85,87,34,-1,34,87,88,-1,34,88,65,-1,89,90,91,-1,91,90,92,-1,93,94,64,-1,64,94,95,-1,64,95,62,-1,79,96,80,-1,80,96,97,-1,80,97,98,-1,85,80,99,-1,73,34,100,-1,100,34,72,-1,100,72,91,-1,91,72,101,-1,91,101,89,-1,92,102,91,-1,91,102,103,-1,91,103,64,-1,64,103,104,-1,64,104,93,-1,98,105,80,-1,80,105,106,-1,80,106,99,-1,63,107,85,-1,85,107,108,-1,85,108,83,-1,99,109,85,-1,85,109,110,-1,85,110,63,-1,63,110,111,-1,63,111,69,-1,53,52,112,-1,85,34,113,-1,113,34,33,-1,112,114,53,-1,53,114,113,-1,53,113,115,-1,115,113,33,-1,115,33,116,-1,117,118,119,-1,119,118,49,-1,120,121,122,-1,122,121,119,-1,122,119,123,-1,123,119,49,-1,123,49,80,-1,80,49,36,-1,119,121,124,-1,125,119,126,-1,126,119,124,-1,126,124,127,-1,124,128,129,-1,129,130,124,-1,124,130,131,-1,124,131,127,-1,23,56,31,-1,31,56,55,-1,31,55,132,-1,132,55,133,-1,42,54,57,-1,42,57,25,-1,25,57,58,-1,25,58,26,-1,26,58,59,-1,26,59,27,-1,27,59,61,-1,27,61,28,-1,28,61,60,-1,28,60,24,-1,24,60,56,-1,24,56,23,-1,124,121,120,-1,52,54,112,-1,112,54,42,-1,112,42,120,-1,120,42,41,-1,120,41,124,-1,43,126,127,-1,43,127,44,-1,44,127,131,-1,44,131,45,-1,45,131,130,-1,45,130,46,-1,46,130,129,-1,46,129,47,-1,47,129,128,-1,47,128,48,-1,48,128,124,-1,48,124,41,-1,134,135,50,-1,50,135,125,-1,50,125,43,-1,43,125,126,-1,31,132,33,-1,33,132,116,-1,115,116,133,-1,133,116,132,-1,115,133,53,-1,53,133,55,-1,49,118,50,-1,50,118,134,-1,135,134,117,-1,117,134,118,-1,117,119,135,-1,135,119,125,-1,79,136,96,-1,96,136,137,-1,96,137,97,-1,97,137,138,-1,97,138,98,-1,98,138,139,-1,98,139,105,-1,105,139,140,-1,105,140,106,-1,106,140,141,-1,106,141,99,-1,99,141,142,-1,99,142,109,-1,109,142,143,-1,109,143,110,-1,110,143,144,-1,110,144,111,-1,111,144,145,-1,111,145,69,-1,69,145,146,-1,69,146,64,-1,64,146,147,-1,64,147,91,-1,91,147,148,-1,91,148,100,-1,100,148,149,-1,100,149,73,-1,73,149,150,-1,73,150,74,-1,74,150,151,-1,74,151,75,-1,75,151,152,-1,75,152,76,-1,76,152,153,-1,76,153,77,-1,77,153,154,-1,77,154,78,-1,78,154,155,-1,78,155,67,-1,67,155,156,-1,67,156,68,-1,68,156,157,-1,68,157,82,-1,82,157,158,-1,82,158,81,-1,81,158,159,-1,81,159,79,-1,79,159,136,-1,160,161,162,-1,162,161,163,-1,162,163,164,-1,165,166,162,-1,162,166,167,-1,162,167,160,-1,168,169,162,-1,162,169,170,-1,162,170,165,-1,171,172,162,-1,162,172,173,-1,162,173,168,-1,174,175,162,-1,162,175,176,-1,162,176,171,-1,177,178,162,-1,162,178,179,-1,162,179,174,-1,180,181,162,-1,162,181,182,-1,162,182,177,-1,164,183,162,-1,162,183,184,-1,162,184,180,-1,103,185,104,-1,104,185,186,-1,104,186,93,-1,93,186,187,-1,93,187,94,-1,94,187,188,-1,94,188,95,-1,95,188,189,-1,95,189,62,-1,62,189,190,-1,62,190,63,-1,63,190,191,-1,63,191,107,-1,107,191,192,-1,107,192,108,-1,108,192,193,-1,108,193,83,-1,83,193,194,-1,83,194,84,-1,84,194,195,-1,84,195,86,-1,86,195,196,-1,86,196,87,-1,87,196,197,-1,87,197,88,-1,88,197,198,-1,88,198,65,-1,65,198,199,-1,65,199,66,-1,66,199,200,-1,66,200,70,-1,70,200,201,-1,70,201,71,-1,71,201,202,-1,71,202,72,-1,72,202,203,-1,72,203,101,-1,101,203,204,-1,101,204,89,-1,89,204,205,-1,89,205,90,-1,90,205,206,-1,90,206,92,-1,92,206,207,-1,92,207,102,-1,102,207,208,-1,102,208,103,-1,103,208,185,-1,209,210,211,-1,211,210,212,-1,211,212,213,-1,214,215,211,-1,211,215,216,-1,211,216,209,-1,217,218,211,-1,211,218,219,-1,211,219,214,-1,220,221,211,-1,211,221,222,-1,211,222,217,-1,223,224,211,-1,211,224,225,-1,211,225,220,-1,226,227,211,-1,211,227,228,-1,211,228,223,-1,229,230,211,-1,211,230,231,-1,211,231,226,-1,213,232,211,-1,211,232,233,-1,211,233,229,-1,163,234,164,-1,164,234,235,-1,164,235,183,-1,183,235,236,-1,183,236,184,-1,184,236,237,-1,184,237,180,-1,180,237,238,-1,180,238,181,-1,181,238,239,-1,181,239,182,-1,182,239,240,-1,182,240,177,-1,177,240,241,-1,177,241,178,-1,178,241,242,-1,178,242,179,-1,179,242,243,-1,179,243,174,-1,174,243,244,-1,174,244,175,-1,175,244,245,-1,175,245,176,-1,176,245,246,-1,176,246,171,-1,171,246,247,-1,171,247,172,-1,172,247,248,-1,172,248,173,-1,173,248,249,-1,173,249,168,-1,168,249,250,-1,168,250,169,-1,169,250,251,-1,169,251,170,-1,170,251,252,-1,170,252,165,-1,165,252,253,-1,165,253,166,-1,166,253,254,-1,166,254,167,-1,167,254,255,-1,167,255,160,-1,160,255,256,-1,160,256,161,-1,161,256,257,-1,161,257,163,-1,163,257,234,-1,257,258,234,-1,234,258,259,-1,234,259,235,-1,235,259,260,-1,235,260,236,-1,236,260,261,-1,236,261,237,-1,237,261,262,-1,237,262,238,-1,238,262,263,-1,238,263,239,-1,239,263,264,-1,239,264,240,-1,240,264,265,-1,240,265,241,-1,241,265,266,-1,241,266,242,-1,242,266,267,-1,242,267,243,-1,243,267,268,-1,243,268,244,-1,244,268,269,-1,244,269,245,-1,245,269,270,-1,245,270,246,-1,246,270,271,-1,246,271,247,-1,247,271,272,-1,247,272,248,-1,248,272,273,-1,248,273,249,-1,249,273,274,-1,249,274,250,-1,250,274,275,-1,250,275,251,-1,251,275,276,-1,251,276,252,-1,252,276,277,-1,252,277,253,-1,253,277,278,-1,253,278,254,-1,254,278,279,-1,254,279,255,-1,255,279,280,-1,255,280,256,-1,256,280,281,-1,256,281,257,-1,257,281,258,-1,281,282,258,-1,258,282,283,-1,258,283,259,-1,259,283,284,-1,259,284,260,-1,260,284,285,-1,260,285,261,-1,261,285,286,-1,261,286,262,-1,262,286,287,-1,262,287,263,-1,263,287,288,-1,263,288,264,-1,264,288,289,-1,264,289,265,-1,265,289,290,-1,265,290,266,-1,266,290,291,-1,266,291,267,-1,267,291,292,-1,267,292,268,-1,268,292,293,-1,268,293,269,-1,269,293,294,-1,269,294,270,-1,270,294,295,-1,270,295,271,-1,271,295,296,-1,271,296,272,-1,272,296,297,-1,272,297,273,-1,273,297,298,-1,273,298,274,-1,274,298,299,-1,274,299,275,-1,275,299,300,-1,275,300,276,-1,276,300,301,-1,276,301,277,-1,277,301,302,-1,277,302,278,-1,278,302,303,-1,278,303,279,-1,279,303,304,-1,279,304,280,-1,280,304,305,-1,280,305,281,-1,281,305,282,-1,305,306,282,-1,282,306,307,-1,282,307,283,-1,283,307,308,-1,283,308,284,-1,284,308,309,-1,284,309,285,-1,285,309,310,-1,285,310,286,-1,286,310,311,-1,286,311,287,-1,287,311,312,-1,287,312,288,-1,288,312,313,-1,288,313,289,-1,289,313,314,-1,289,314,290,-1,290,314,315,-1,290,315,291,-1,291,315,316,-1,291,316,292,-1,292,316,317,-1,292,317,293,-1,293,317,318,-1,293,318,294,-1,294,318,319,-1,294,319,295,-1,295,319,320,-1,295,320,296,-1,296,320,321,-1,296,321,297,-1,297,321,322,-1,297,322,298,-1,298,322,323,-1,298,323,299,-1,299,323,324,-1,299,324,300,-1,300,324,325,-1,300,325,301,-1,301,325,326,-1,301,326,302,-1,302,326,327,-1,302,327,303,-1,303,327,328,-1,303,328,304,-1,304,328,329,-1,304,329,305,-1,305,329,306,-1,329,330,306,-1,306,330,331,-1,306,331,307,-1,307,331,332,-1,307,332,308,-1,308,332,333,-1,308,333,309,-1,309,333,334,-1,309,334,310,-1,310,334,335,-1,310,335,311,-1,311,335,336,-1,311,336,312,-1,312,336,337,-1,312,337,313,-1,313,337,338,-1,313,338,314,-1,314,338,339,-1,314,339,315,-1,315,339,340,-1,315,340,316,-1,316,340,341,-1,316,341,317,-1,317,341,342,-1,317,342,318,-1,318,342,343,-1,318,343,319,-1,319,343,344,-1,319,344,320,-1,320,344,345,-1,320,345,321,-1,321,345,346,-1,321,346,322,-1,322,346,347,-1,322,347,323,-1,323,347,348,-1,323,348,324,-1,324,348,349,-1,324,349,325,-1,325,349,350,-1,325,350,326,-1,326,350,351,-1,326,351,327,-1,327,351,352,-1,327,352,328,-1,328,352,353,-1,328,353,329,-1,329,353,330,-1,353,146,330,-1,330,146,145,-1,330,145,331,-1,331,145,144,-1,331,144,332,-1,332,144,143,-1,332,143,333,-1,333,143,142,-1,333,142,334,-1,334,142,141,-1,334,141,335,-1,335,141,140,-1,335,140,336,-1,336,140,139,-1,336,139,337,-1,337,139,138,-1,337,138,338,-1,338,138,137,-1,338,137,339,-1,339,137,136,-1,339,136,340,-1,340,136,159,-1,340,159,341,-1,341,159,158,-1,341,158,342,-1,342,158,157,-1,342,157,343,-1,343,157,156,-1,343,156,344,-1,344,156,155,-1,344,155,345,-1,345,155,154,-1,345,154,346,-1,346,154,153,-1,346,153,347,-1,347,153,152,-1,347,152,348,-1,348,152,151,-1,348,151,349,-1,349,151,150,-1,349,150,350,-1,350,150,149,-1,350,149,351,-1,351,149,148,-1,351,148,352,-1,352,148,147,-1,352,147,353,-1,353,147,146,-1,208,354,185,-1,185,354,355,-1,185,355,186,-1,186,355,356,-1,186,356,187,-1,187,356,357,-1,187,357,188,-1,188,357,358,-1,188,358,189,-1,189,358,359,-1,189,359,190,-1,190,359,360,-1,190,360,191,-1,191,360,361,-1,191,361,192,-1,192,361,362,-1,192,362,193,-1,193,362,363,-1,193,363,194,-1,194,363,364,-1,194,364,195,-1,195,364,365,-1,195,365,196,-1,196,365,366,-1,196,366,197,-1,197,366,367,-1,197,367,198,-1,198,367,368,-1,198,368,199,-1,199,368,369,-1,199,369,200,-1,200,369,370,-1,200,370,201,-1,201,370,371,-1,201,371,202,-1,202,371,372,-1,202,372,203,-1,203,372,373,-1,203,373,204,-1,204,373,374,-1,204,374,205,-1,205,374,375,-1,205,375,206,-1,206,375,376,-1,206,376,207,-1,207,376,377,-1,207,377,208,-1,208,377,354,-1,377,378,354,-1,354,378,379,-1,354,379,355,-1,355,379,380,-1,355,380,356,-1,356,380,381,-1,356,381,357,-1,357,381,382,-1,357,382,358,-1,358,382,383,-1,358,383,359,-1,359,383,384,-1,359,384,360,-1,360,384,385,-1,360,385,361,-1,361,385,386,-1,361,386,362,-1,362,386,387,-1,362,387,363,-1,363,387,388,-1,363,388,364,-1,364,388,389,-1,364,389,365,-1,365,389,390,-1,365,390,366,-1,366,390,391,-1,366,391,367,-1,367,391,392,-1,367,392,368,-1,368,392,393,-1,368,393,369,-1,369,393,394,-1,369,394,370,-1,370,394,395,-1,370,395,371,-1,371,395,396,-1,371,396,372,-1,372,396,397,-1,372,397,373,-1,373,397,398,-1,373,398,374,-1,374,398,399,-1,374,399,375,-1,375,399,400,-1,375,400,376,-1,376,400,401,-1,376,401,377,-1,377,401,378,-1,401,402,378,-1,378,402,403,-1,378,403,379,-1,379,403,404,-1,379,404,380,-1,380,404,405,-1,380,405,381,-1,381,405,406,-1,381,406,382,-1,382,406,407,-1,382,407,383,-1,383,407,408,-1,383,408,384,-1,384,408,409,-1,384,409,385,-1,385,409,410,-1,385,410,386,-1,386,410,411,-1,386,411,387,-1,387,411,412,-1,387,412,388,-1,388,412,413,-1,388,413,389,-1,389,413,414,-1,389,414,390,-1,390,414,415,-1,390,415,391,-1,391,415,416,-1,391,416,392,-1,392,416,417,-1,392,417,393,-1,393,417,418,-1,393,418,394,-1,394,418,419,-1,394,419,395,-1,395,419,420,-1,395,420,396,-1,396,420,421,-1,396,421,397,-1,397,421,422,-1,397,422,398,-1,398,422,423,-1,398,423,399,-1,399,423,424,-1,399,424,400,-1,400,424,425,-1,400,425,401,-1,401,425,402,-1,425,426,402,-1,402,426,427,-1,402,427,403,-1,403,427,428,-1,403,428,404,-1,404,428,429,-1,404,429,405,-1,405,429,430,-1,405,430,406,-1,406,430,431,-1,406,431,407,-1,407,431,432,-1,407,432,408,-1,408,432,433,-1,408,433,409,-1,409,433,434,-1,409,434,410,-1,410,434,435,-1,410,435,411,-1,411,435,436,-1,411,436,412,-1,412,436,437,-1,412,437,413,-1,413,437,438,-1,413,438,414,-1,414,438,439,-1,414,439,415,-1,415,439,440,-1,415,440,416,-1,416,440,441,-1,416,441,417,-1,417,441,442,-1,417,442,418,-1,418,442,443,-1,418,443,419,-1,419,443,444,-1,419,444,420,-1,420,444,445,-1,420,445,421,-1,421,445,446,-1,421,446,422,-1,422,446,447,-1,422,447,423,-1,423,447,448,-1,423,448,424,-1,424,448,449,-1,424,449,425,-1,425,449,426,-1,449,450,426,-1,426,450,451,-1,426,451,427,-1,427,451,452,-1,427,452,428,-1,428,452,453,-1,428,453,429,-1,429,453,454,-1,429,454,430,-1,430,454,455,-1,430,455,431,-1,431,455,456,-1,431,456,432,-1,432,456,457,-1,432,457,433,-1,433,457,458,-1,433,458,434,-1,434,458,459,-1,434,459,435,-1,435,459,460,-1,435,460,436,-1,436,460,461,-1,436,461,437,-1,437,461,462,-1,437,462,438,-1,438,462,463,-1,438,463,439,-1,439,463,464,-1,439,464,440,-1,440,464,465,-1,440,465,441,-1,441,465,466,-1,441,466,442,-1,442,466,467,-1,442,467,443,-1,443,467,468,-1,443,468,444,-1,444,468,469,-1,444,469,445,-1,445,469,470,-1,445,470,446,-1,446,470,471,-1,446,471,447,-1,447,471,472,-1,447,472,448,-1,448,472,473,-1,448,473,449,-1,449,473,450,-1,473,210,450,-1,450,210,209,-1,450,209,451,-1,451,209,216,-1,451,216,452,-1,452,216,215,-1,452,215,453,-1,453,215,214,-1,453,214,454,-1,454,214,219,-1,454,219,455,-1,455,219,218,-1,455,218,456,-1,456,218,217,-1,456,217,457,-1,457,217,222,-1,457,222,458,-1,458,222,221,-1,458,221,459,-1,459,221,220,-1,459,220,460,-1,460,220,225,-1,460,225,461,-1,461,225,224,-1,461,224,462,-1,462,224,223,-1,462,223,463,-1,463,223,228,-1,463,228,464,-1,464,228,227,-1,464,227,465,-1,465,227,226,-1,465,226,466,-1,466,226,231,-1,466,231,467,-1,467,231,230,-1,467,230,468,-1,468,230,229,-1,468,229,469,-1,469,229,233,-1,469,233,470,-1,470,233,232,-1,470,232,471,-1,471,232,213,-1,471,213,472,-1,472,213,212,-1,472,212,473,-1,473,212,210,-1,474,123,80,-1,475,476,80,-1,80,85,477,-1,477,85,113,-1,478,479,480,-1,481,482,483,-1,484,80,485,-1,485,80,477,-1,485,477,486,-1,486,477,487,-1,488,489,80,-1,490,80,491,-1,491,80,476,-1,491,476,492,-1,492,476,493,-1,494,495,496,-1,497,498,499,-1,496,488,494,-1,494,488,80,-1,494,80,500,-1,500,80,484,-1,500,484,501,-1,501,484,502,-1,483,474,481,-1,481,474,80,-1,481,80,503,-1,503,80,490,-1,503,490,504,-1,504,490,505,-1,480,475,478,-1,478,475,80,-1,478,80,506,-1,507,508,489,-1,489,508,509,-1,489,509,80,-1,80,509,497,-1,80,497,506,-1,506,497,499,-1,510,114,112,-1,120,122,511,-1,512,513,514,-1,515,516,511,-1,511,516,517,-1,511,517,120,-1,120,517,518,-1,519,520,521,-1,521,520,522,-1,523,524,525,-1,514,526,512,-1,512,526,120,-1,512,120,527,-1,527,120,518,-1,527,518,528,-1,528,518,529,-1,112,530,531,-1,525,530,523,-1,523,530,112,-1,523,112,522,-1,522,112,120,-1,522,120,521,-1,521,120,526,-1,532,533,531,-1,531,533,534,-1,531,534,112,-1,112,534,535,-1,536,537,535,-1,535,537,538,-1,535,538,112,-1,112,538,539,-1,540,541,539,-1,539,541,542,-1,539,542,112,-1,112,542,543,-1,112,543,510,-1,510,543,544,-1,510,544,545,-1,498,525,499,-1,499,525,524,-1,482,516,483,-1,483,516,515,-1,533,532,507,-1,507,532,508,-1,537,536,495,-1,495,536,496,-1,541,540,502,-1,502,540,501,-1,545,544,487,-1,487,544,486,-1,505,528,504,-1,504,528,529,-1,493,514,492,-1,492,514,513,-1,479,520,480,-1,480,520,519,-1,478,506,522,-1,522,506,523,-1,476,475,526,-1,526,475,521,-1,490,491,527,-1,527,491,512,-1,481,503,517,-1,517,503,518,-1,484,485,542,-1,542,485,543,-1,477,113,510,-1,510,113,114,-1,494,500,538,-1,538,500,539,-1,489,488,534,-1,534,488,535,-1,497,509,530,-1,530,509,531,-1,511,122,474,-1,474,122,123,-1,515,511,483,-1,483,511,474,-1,482,481,516,-1,516,481,517,-1,529,518,504,-1,504,518,503,-1,505,490,528,-1,528,490,527,-1,513,512,492,-1,492,512,491,-1,493,476,514,-1,514,476,526,-1,519,521,480,-1,480,521,475,-1,479,478,520,-1,520,478,522,-1,524,523,499,-1,499,523,506,-1,498,497,525,-1,525,497,530,-1,532,531,508,-1,508,531,509,-1,507,489,533,-1,533,489,534,-1,536,535,496,-1,496,535,488,-1,495,494,537,-1,537,494,538,-1,540,539,501,-1,501,539,500,-1,502,484,541,-1,541,484,542,-1,487,477,545,-1,545,477,510,-1,544,543,486,-1,486,543,485,-1,546,547,30,-1,30,547,32,-1,548,549,35,-1,35,549,29,-1,550,551,51,-1,51,551,37,-1,552,18,553,-1,553,18,40,-1,554,555,556,-1,557,558,559,-1,559,558,560,-1,561,562,563,-1,563,562,564,-1,563,564,565,-1,556,566,554,-1,554,566,563,-1,554,563,567,-1,567,563,565,-1,567,565,568,-1,568,565,569,-1,570,571,572,-1,572,571,573,-1,572,573,560,-1,560,573,563,-1,560,563,559,-1,559,563,566,-1,574,575,0,-1,0,575,19,-1,0,19,1,-1,40,20,553,-1,553,20,576,-1,553,576,577,-1,576,20,575,-1,575,20,19,-1,11,17,10,-1,10,17,578,-1,10,578,579,-1,578,17,580,-1,580,17,16,-1,581,580,552,-1,552,580,16,-1,552,16,18,-1,7,39,6,-1,6,39,582,-1,6,582,583,-1,582,39,584,-1,584,39,38,-1,585,584,8,-1,8,584,38,-1,8,38,9,-1,3,22,2,-1,2,22,586,-1,2,586,587,-1,586,22,588,-1,588,22,21,-1,589,588,12,-1,12,588,21,-1,12,21,13,-1,561,4,562,-1,562,4,6,-1,562,6,583,-1,4,550,5,-1,5,550,51,-1,582,564,583,-1,583,564,562,-1,4,561,550,-1,584,565,582,-1,582,565,564,-1,563,551,561,-1,561,551,550,-1,551,548,37,-1,37,548,35,-1,585,569,584,-1,584,569,565,-1,551,563,548,-1,569,585,8,-1,569,8,568,-1,568,8,10,-1,568,10,579,-1,573,549,563,-1,563,549,548,-1,549,546,29,-1,29,546,30,-1,578,567,579,-1,579,567,568,-1,549,573,546,-1,580,554,578,-1,578,554,567,-1,571,547,573,-1,573,547,546,-1,547,14,32,-1,32,14,15,-1,581,555,580,-1,580,555,554,-1,547,571,14,-1,553,577,556,-1,553,556,552,-1,552,556,555,-1,552,555,581,-1,14,571,12,-1,12,571,570,-1,12,570,589,-1,576,566,577,-1,577,566,556,-1,572,588,570,-1,570,588,589,-1,575,559,576,-1,576,559,566,-1,560,586,572,-1,572,586,588,-1,574,557,575,-1,575,557,559,-1,558,587,560,-1,560,587,586,-1,2,587,558,-1,2,558,0,-1,0,558,557,-1,0,557,574,-1,
        ]
    }
}
Shape{
    appearance Appearance {
        material  Material 	{
            diffuseColor 1.0 1.0 0.0
            specularColor 0.5019607843137255 0.5019607843137255 0.0
            ambientIntensity 0.886
            transparency 0.0
            shininess 0.5
        }
    }
    geometry IndexedFaceSet {
        ccw TRUE
        solid FALSE
        coord DEF co Coordinate {
            point [
                -0.7087 -1.1516 1.4752, -0.7087 -1.6115 1.4752, -0.4724 -1.1516 1.4752, -0.4724 -1.6115 1.4752, -0.7087 -1.1516 1.3965, -0.4724 -1.1516 1.3965, -0.7087 -1.6115 1.3965, -0.4724 -1.6115 1.3965, -0.4724 -1.6629 1.3998, -0.7087 -1.6629 1.3998, -0.4724 -1.7134 1.4099, -0.7087 -1.7134 1.4099, -0.7087 -2.7226 1.6803, -0.4724 -2.7226 1.6803, -0.7087 -2.8016 1.693, -0.4724 -2.8016 1.693, -0.7087 -2.8816 1.6896, -0.4724 -2.8816 1.6896, -0.7087 -2.9592 1.67, -0.4724 -2.9592 1.67, -0.7087 -3.6454 1.4202, -0.4724 -3.6454 1.4202, -0.4724 -3.7117 1.4025, -0.7087 -3.7117 1.4025, -0.4724 -3.78 1.3965, -0.7087 -3.78 1.3965, -0.7087 -4.6949 1.3965, -0.4724 -4.6949 1.3965, -0.7087 -4.6949 1.4752, -0.4724 -4.6949 1.4752, -0.7087 -3.78 1.4752, -0.4724 -3.78 1.4752, -0.7087 -3.7254 1.48, -0.4724 -3.7254 1.48, -0.7087 -3.6723 1.4942, -0.4724 -3.6723 1.4942, -0.7087 -2.9861 1.744, -0.4724 -2.9861 1.744, -0.4724 -2.9167 1.7634, -0.7087 -2.9167 1.7634, -0.4724 -2.8451 1.772, -0.7087 -2.8451 1.772, -0.4724 -2.7731 1.7696, -0.7087 -2.7731 1.7696, -0.4724 -2.7023 1.7564, -0.7087 -2.7023 1.7564, -0.7087 -1.6931 1.4859, -0.4724 -1.6931 1.4859, -0.7087 -1.6527 1.4779, -0.4724 -1.6527 1.4779, -0.3248 0.3445 -0.0118, -0.3248 -0.0492 -0.0118, -0.4626 0.3445 -0.0118, -0.4626 -0.0492 -0.0118, -0.3248 0.3445 0.0276, -0.4626 0.3445 0.0276, -0.3248 -0.0492 0.0276, -0.4626 -0.0492 0.0276, -0.3248 -0.058 0.0285, -0.4626 -0.058 0.0285, -0.3248 -0.0663 0.0315, -0.4626 -0.0663 0.0315, -0.3248 -0.0738 0.0361, -0.4626 -0.0738 0.0361, -0.3248 -0.08 0.0424, -0.4626 -0.08 0.0424, -0.3248 -0.0847 0.0498, -0.4626 -0.0847 0.0498, -0.3248 -0.0876 0.0582, -0.4626 -0.0876 0.0582, -0.3248 -0.0886 0.0669, -0.4626 -0.0886 0.0669, -0.3248 -0.0886 0.1181, -0.4626 -0.0886 0.1181, -0.3248 -0.1279 0.1181, -0.4626 -0.1279 0.1181, -0.3248 -0.1279 0.0669, -0.4626 -0.1279 0.0669, -0.4626 -0.1268 0.0533, -0.3248 -0.1268 0.0533, -0.4626 -0.1232 0.04, -0.3248 -0.1232 0.04, -0.4626 -0.1174 0.0276, -0.3248 -0.1174 0.0276, -0.4626 -0.1095 0.0163, -0.3248 -0.1095 0.0163, -0.4626 -0.0998 0.0066, -0.3248 -0.0998 0.0066, -0.4626 -0.0886 -0.0013, -0.3248 -0.0886 -0.0013, -0.4626 -0.0761 -0.0071, -0.3248 -0.0761 -0.0071, -0.4626 -0.0629 -0.0106, -0.3248 -0.0629 -0.0106, -0.7185 0.3445 -0.0118, -0.7185 -0.0492 -0.0118, -0.8563 0.3445 -0.0118, -0.8563 -0.0492 -0.0118, -0.7185 0.3445 0.0276, -0.8563 0.3445 0.0276, -0.7185 -0.0492 0.0276, -0.8563 -0.0492 0.0276, -0.7185 -0.058 0.0285, -0.8563 -0.058 0.0285, -0.7185 -0.0663 0.0315, -0.8563 -0.0663 0.0315, -0.7185 -0.0738 0.0361, -0.8563 -0.0738 0.0361, -0.7185 -0.08 0.0424, -0.8563 -0.08 0.0424, -0.7185 -0.0847 0.0498, -0.8563 -0.0847 0.0498, -0.7185 -0.0876 0.0582, -0.8563 -0.0876 0.0582, -0.7185 -0.0886 0.0669, -0.8563 -0.0886 0.0669, -0.7185 -0.0886 0.1181, -0.8563 -0.0886 0.1181, -0.7185 -0.1279 0.1181, -0.8563 -0.1279 0.1181, -0.7185 -0.1279 0.0669, -0.8563 -0.1279 0.0669, -0.8563 -0.1268 0.0533, -0.7185 -0.1268 0.0533, -0.8563 -0.1232 0.04, -0.7185 -0.1232 0.04, -0.8563 -0.1174 0.0276, -0.7185 -0.1174 0.0276, -0.8563 -0.1095 0.0163, -0.7185 -0.1095 0.0163, -0.8563 -0.0998 0.0066, -0.7185 -0.0998 0.0066, -0.8563 -0.0886 -0.0013, -0.7185 -0.0886 -0.0013, -0.8563 -0.0761 -0.0071, -0.7185 -0.0761 -0.0071, -0.8563 -0.0629 -0.0106, -0.7185 -0.0629 -0.0106, -1.1122 0.3445 -0.0118, -1.1122 -0.0492 -0.0118, -1.25 0.3445 -0.0118, -1.25 -0.0492 -0.0118, -1.1122 0.3445 0.0276, -1.25 0.3445 0.0276, -1.1122 -0.0492 0.0276, -1.25 -0.0492 0.0276, -1.1122 -0.058 0.0285, -1.25 -0.058 0.0285, -1.1122 -0.0663 0.0315, -1.25 -0.0663 0.0315, -1.1122 -0.0738 0.0361, -1.25 -0.0738 0.0361, -1.1122 -0.08 0.0424, -1.25 -0.08 0.0424, -1.1122 -0.0847 0.0498, -1.25 -0.0847 0.0498, -1.1122 -0.0876 0.0582, -1.25 -0.0876 0.0582, -1.1122 -0.0886 0.0669, -1.25 -0.0886 0.0669, -1.1122 -0.0886 0.1181, -1.25 -0.0886 0.1181, -1.1122 -0.1279 0.1181, -1.25 -0.1279 0.1181, -1.1122 -0.1279 0.0669, -1.25 -0.1279 0.0669, -1.25 -0.1268 0.0533, -1.1122 -0.1268 0.0533, -1.25 -0.1232 0.04, -1.1122 -0.1232 0.04, -1.25 -0.1174 0.0276, -1.1122 -0.1174 0.0276, -1.25 -0.1095 0.0163, -1.1122 -0.1095 0.0163, -1.25 -0.0998 0.0066, -1.1122 -0.0998 0.0066, -1.25 -0.0886 -0.0013, -1.1122 -0.0886 -0.0013, -1.25 -0.0761 -0.0071, -1.1122 -0.0761 -0.0071, -1.25 -0.0629 -0.0106, -1.1122 -0.0629 -0.0106, -1.5059 0.3445 -0.0118, -1.5059 -0.0492 -0.0118, -1.6437 0.3445 -0.0118, -1.6437 -0.0492 -0.0118, -1.5059 0.3445 0.0276, -1.6437 0.3445 0.0276, -1.5059 -0.0492 0.0276, -1.6437 -0.0492 0.0276, -1.5059 -0.058 0.0285, -1.6437 -0.058 0.0285, -1.5059 -0.0663 0.0315, -1.6437 -0.0663 0.0315, -1.5059 -0.0738 0.0361, -1.6437 -0.0738 0.0361, -1.5059 -0.08 0.0424, -1.6437 -0.08 0.0424, -1.5059 -0.0847 0.0498, -1.6437 -0.0847 0.0498, -1.5059 -0.0876 0.0582, -1.6437 -0.0876 0.0582, -1.5059 -0.0886 0.0669, -1.6437 -0.0886 0.0669, -1.5059 -0.0886 0.1181, -1.6437 -0.0886 0.1181, -1.5059 -0.1279 0.1181, -1.6437 -0.1279 0.1181, -1.5059 -0.1279 0.0669, -1.6437 -0.1279 0.0669, -1.6437 -0.1268 0.0533, -1.5059 -0.1268 0.0533, -1.6437 -0.1232 0.04, -1.5059 -0.1232 0.04, -1.6437 -0.1174 0.0276, -1.5059 -0.1174 0.0276, -1.6437 -0.1095 0.0163, -1.5059 -0.1095 0.0163, -1.6437 -0.0998 0.0066, -1.5059 -0.0998 0.0066, -1.6437 -0.0886 -0.0013, -1.5059 -0.0886 -0.0013, -1.6437 -0.0761 -0.0071, -1.5059 -0.0761 -0.0071, -1.6437 -0.0629 -0.0106, -1.5059 -0.0629 -0.0106, 0.4626 0.3445 -0.0118, 0.4626 -0.0492 -0.0118, 0.3248 0.3445 -0.0118, 0.3248 -0.0492 -0.0118, 0.4626 0.3445 0.0276, 0.3248 0.3445 0.0276, 0.4626 -0.0492 0.0276, 0.3248 -0.0492 0.0276, 0.4626 -0.058 0.0285, 0.3248 -0.058 0.0285, 0.4626 -0.0663 0.0315, 0.3248 -0.0663 0.0315, 0.4626 -0.0738 0.0361, 0.3248 -0.0738 0.0361, 0.4626 -0.08 0.0424, 0.3248 -0.08 0.0424, 0.4626 -0.0847 0.0498, 0.3248 -0.0847 0.0498, 0.4626 -0.0876 0.0582, 0.3248 -0.0876 0.0582, 0.4626 -0.0886 0.0669, 0.3248 -0.0886 0.0669, 0.4626 -0.0886 0.1181, 0.3248 -0.0886 0.1181, 0.4626 -0.1279 0.1181, 0.3248 -0.1279 0.1181, 0.4626 -0.1279 0.0669, 0.3248 -0.1279 0.0669, 0.3248 -0.1268 0.0533, 0.4626 -0.1268 0.0533, 0.3248 -0.1232 0.04, 0.4626 -0.1232 0.04, 0.3248 -0.1174 0.0276, 0.4626 -0.1174 0.0276, 0.3248 -0.1095 0.0163, 0.4626 -0.1095 0.0163, 0.3248 -0.0998 0.0066, 0.4626 -0.0998 0.0066, 0.3248 -0.0886 -0.0013, 0.4626 -0.0886 -0.0013, 0.3248 -0.0761 -0.0071, 0.4626 -0.0761 -0.0071, 0.3248 -0.0629 -0.0106, 0.4626 -0.0629 -0.0106, 0.8563 0.3445 -0.0118, 0.8563 -0.0492 -0.0118, 0.7185 0.3445 -0.0118, 0.7185 -0.0492 -0.0118, 0.8563 0.3445 0.0276, 0.7185 0.3445 0.0276, 0.8563 -0.0492 0.0276, 0.7185 -0.0492 0.0276, 0.8563 -0.058 0.0285, 0.7185 -0.058 0.0285, 0.8563 -0.0663 0.0315, 0.7185 -0.0663 0.0315, 0.8563 -0.0738 0.0361, 0.7185 -0.0738 0.0361, 0.8563 -0.08 0.0424, 0.7185 -0.08 0.0424, 0.8563 -0.0847 0.0498, 0.7185 -0.0847 0.0498, 0.8563 -0.0876 0.0582, 0.7185 -0.0876 0.0582, 0.8563 -0.0886 0.0669, 0.7185 -0.0886 0.0669, 0.8563 -0.0886 0.1181, 0.7185 -0.0886 0.1181, 0.8563 -0.1279 0.1181, 0.7185 -0.1279 0.1181, 0.8563 -0.1279 0.0669, 0.7185 -0.1279 0.0669, 0.7185 -0.1268 0.0533, 0.8563 -0.1268 0.0533, 0.7185 -0.1232 0.04, 0.8563 -0.1232 0.04, 0.7185 -0.1174 0.0276, 0.8563 -0.1174 0.0276, 0.7185 -0.1095 0.0163, 0.8563 -0.1095 0.0163, 0.7185 -0.0998 0.0066, 0.8563 -0.0998 0.0066, 0.7185 -0.0886 -0.0013, 0.8563 -0.0886 -0.0013, 0.7185 -0.0761 -0.0071, 0.8563 -0.0761 -0.0071, 0.7185 -0.0629 -0.0106, 0.8563 -0.0629 -0.0106, 1.25 0.3445 -0.0118, 1.25 -0.0492 -0.0118, 1.1122 0.3445 -0.0118, 1.1122 -0.0492 -0.0118, 1.25 0.3445 0.0276, 1.1122 0.3445 0.0276, 1.25 -0.0492 0.0276, 1.1122 -0.0492 0.0276, 1.25 -0.058 0.0285, 1.1122 -0.058 0.0285, 1.25 -0.0663 0.0315, 1.1122 -0.0663 0.0315, 1.25 -0.0738 0.0361, 1.1122 -0.0738 0.0361, 1.25 -0.08 0.0424, 1.1122 -0.08 0.0424, 1.25 -0.0847 0.0498, 1.1122 -0.0847 0.0498, 1.25 -0.0876 0.0582, 1.1122 -0.0876 0.0582, 1.25 -0.0886 0.0669, 1.1122 -0.0886 0.0669, 1.25 -0.0886 0.1181, 1.1122 -0.0886 0.1181, 1.25 -0.1279 0.1181, 1.1122 -0.1279 0.1181, 1.25 -0.1279 0.0669, 1.1122 -0.1279 0.0669, 1.1122 -0.1268 0.0533, 1.25 -0.1268 0.0533, 1.1122 -0.1232 0.04, 1.25 -0.1232 0.04, 1.1122 -0.1174 0.0276, 1.25 -0.1174 0.0276, 1.1122 -0.1095 0.0163, 1.25 -0.1095 0.0163, 1.1122 -0.0998 0.0066, 1.25 -0.0998 0.0066, 1.1122 -0.0886 -0.0013, 1.25 -0.0886 -0.0013, 1.1122 -0.0761 -0.0071, 1.25 -0.0761 -0.0071, 1.1122 -0.0629 -0.0106, 1.25 -0.0629 -0.0106, 1.6437 0.3445 -0.0118, 1.6437 -0.0492 -0.0118, 1.5059 0.3445 -0.0118, 1.5059 -0.0492 -0.0118, 1.6437 0.3445 0.0276, 1.5059 0.3445 0.0276, 1.6437 -0.0492 0.0276, 1.5059 -0.0492 0.0276, 1.6437 -0.058 0.0285, 1.5059 -0.058 0.0285, 1.6437 -0.0663 0.0315, 1.5059 -0.0663 0.0315, 1.6437 -0.0738 0.0361, 1.5059 -0.0738 0.0361, 1.6437 -0.08 0.0424, 1.5059 -0.08 0.0424, 1.6437 -0.0847 0.0498, 1.5059 -0.0847 0.0498, 1.6437 -0.0876 0.0582, 1.5059 -0.0876 0.0582, 1.6437 -0.0886 0.0669, 1.5059 -0.0886 0.0669, 1.6437 -0.0886 0.1181, 1.5059 -0.0886 0.1181, 1.6437 -0.1279 0.1181, 1.5059 -0.1279 0.1181, 1.6437 -0.1279 0.0669, 1.5059 -0.1279 0.0669, 1.5059 -0.1268 0.0533, 1.6437 -0.1268 0.0533, 1.5059 -0.1232 0.04, 1.6437 -0.1232 0.04, 1.5059 -0.1174 0.0276, 1.6437 -0.1174 0.0276, 1.5059 -0.1095 0.0163, 1.6437 -0.1095 0.0163, 1.5059 -0.0998 0.0066, 1.6437 -0.0998 0.0066, 1.5059 -0.0886 -0.0013, 1.6437 -0.0886 -0.0013, 1.5059 -0.0761 -0.0071, 1.6437 -0.0761 -0.0071, 1.5059 -0.0629 -0.0106, 1.6437 -0.0629 -0.0106, 1.6535 -1.1516 1.4752, 1.6535 -1.6115 1.4752, 1.8898 -1.1516 1.4752, 1.8898 -1.6115 1.4752, 1.6535 -1.1516 1.3965, 1.8898 -1.1516 1.3965, 1.6535 -1.6115 1.3965, 1.8898 -1.6115 1.3965, 1.8898 -1.6629 1.3998, 1.6535 -1.6629 1.3998, 1.8898 -1.7134 1.4099, 1.6535 -1.7134 1.4099, 1.6535 -2.7226 1.6803, 1.8898 -2.7226 1.6803, 1.6535 -2.8016 1.693, 1.8898 -2.8016 1.693, 1.6535 -2.8816 1.6896, 1.8898 -2.8816 1.6896, 1.6535 -2.9592 1.67, 1.8898 -2.9592 1.67, 1.6535 -3.6454 1.4202, 1.8898 -3.6454 1.4202, 1.8898 -3.7117 1.4025, 1.6535 -3.7117 1.4025, 1.8898 -3.78 1.3965, 1.6535 -3.78 1.3965, 1.6535 -4.6949 1.3965, 1.8898 -4.6949 1.3965, 1.6535 -4.6949 1.4752, 1.8898 -4.6949 1.4752, 1.6535 -3.78 1.4752, 1.8898 -3.78 1.4752, 1.6535 -3.7254 1.48, 1.8898 -3.7254 1.48, 1.6535 -3.6723 1.4942, 1.8898 -3.6723 1.4942, 1.6535 -2.9861 1.744, 1.8898 -2.9861 1.744, 1.8898 -2.9167 1.7634, 1.6535 -2.9167 1.7634, 1.8898 -2.8451 1.772, 1.6535 -2.8451 1.772, 1.8898 -2.7731 1.7696, 1.6535 -2.7731 1.7696, 1.8898 -2.7023 1.7564, 1.6535 -2.7023 1.7564, 1.6535 -1.6931 1.4859, 1.8898 -1.6931 1.4859, 1.6535 -1.6527 1.4779, 1.8898 -1.6527 1.4779, 0.0689 0.3445 -0.0118, 0.0689 -0.0492 -0.0118, -0.0689 0.3445 -0.0118, -0.0689 -0.0492 -0.0118, 0.0689 0.3445 0.0276, -0.0689 0.3445 0.0276, 0.0689 -0.0492 0.0276, -0.0689 -0.0492 0.0276, 0.0689 -0.058 0.0285, -0.0689 -0.058 0.0285, 0.0689 -0.0663 0.0315, -0.0689 -0.0663 0.0315, 0.0689 -0.0738 0.0361, -0.0689 -0.0738 0.0361, 0.0689 -0.08 0.0424, -0.0689 -0.08 0.0424, 0.0689 -0.0847 0.0498, -0.0689 -0.0847 0.0498, 0.0689 -0.0876 0.0582, -0.0689 -0.0876 0.0582, 0.0689 -0.0886 0.0669, -0.0689 -0.0886 0.0669, 0.0689 -0.0886 0.1181, -0.0689 -0.0886 0.1181, 0.0689 -0.1279 0.1181, -0.0689 -0.1279 0.1181, 0.0689 -0.1279 0.0669, -0.0689 -0.1279 0.0669, -0.0689 -0.1268 0.0533, 0.0689 -0.1268 0.0533, -0.0689 -0.1232 0.04, 0.0689 -0.1232 0.04, -0.0689 -0.1174 0.0276, 0.0689 -0.1174 0.0276, -0.0689 -0.1095 0.0163, 0.0689 -0.1095 0.0163, -0.0689 -0.0998 0.0066, 0.0689 -0.0998 0.0066, -0.0689 -0.0886 -0.0013, 0.0689 -0.0886 -0.0013, -0.0689 -0.0761 -0.0071, 0.0689 -0.0761 -0.0071, -0.0689 -0.0629 -0.0106, 0.0689 -0.0629 -0.0106, -1.8898 -1.1516 1.4752, -1.8898 -1.6115 1.4752, -1.6535 -1.1516 1.4752, -1.6535 -1.6115 1.4752, -1.8898 -1.1516 1.3965, -1.6535 -1.1516 1.3965, -1.8898 -1.6115 1.3965, -1.6535 -1.6115 1.3965, -1.6535 -1.6629 1.3998, -1.8898 -1.6629 1.3998, -1.6535 -1.7134 1.4099, -1.8898 -1.7134 1.4099, -1.8898 -2.7226 1.6803, -1.6535 -2.7226 1.6803, -1.8898 -2.8016 1.693, -1.6535 -2.8016 1.693, -1.8898 -2.8816 1.6896, -1.6535 -2.8816 1.6896, -1.8898 -2.9592 1.67, -1.6535 -2.9592 1.67, -1.8898 -3.6454 1.4202, -1.6535 -3.6454 1.4202, -1.6535 -3.7117 1.4025, -1.8898 -3.7117 1.4025, -1.6535 -3.78 1.3965, -1.8898 -3.78 1.3965, -1.8898 -4.6949 1.3965, -1.6535 -4.6949 1.3965, -1.8898 -4.6949 1.4752, -1.6535 -4.6949 1.4752, -1.8898 -3.78 1.4752, -1.6535 -3.78 1.4752, -1.8898 -3.7254 1.48, -1.6535 -3.7254 1.48, -1.8898 -3.6723 1.4942, -1.6535 -3.6723 1.4942, -1.8898 -2.9861 1.744, -1.6535 -2.9861 1.744, -1.6535 -2.9167 1.7634, -1.8898 -2.9167 1.7634, -1.6535 -2.8451 1.772, -1.8898 -2.8451 1.772, -1.6535 -2.7731 1.7696, -1.8898 -2.7731 1.7696, -1.6535 -2.7023 1.7564, -1.8898 -2.7023 1.7564, -1.8898 -1.6931 1.4859, -1.6535 -1.6931 1.4859, -1.8898 -1.6527 1.4779, -1.6535 -1.6527 1.4779, 0.4724 -1.1516 1.4752, 0.4724 -1.6115 1.4752, 0.7087 -1.1516 1.4752, 0.7087 -1.6115 1.4752, 0.4724 -1.1516 1.3965, 0.7087 -1.1516 1.3965, 0.4724 -1.6115 1.3965, 0.7087 -1.6115 1.3965, 0.7087 -1.6629 1.3998, 0.4724 -1.6629 1.3998, 0.7087 -1.7134 1.4099, 0.4724 -1.7134 1.4099, 0.4724 -2.7226 1.6803, 0.7087 -2.7226 1.6803, 0.4724 -2.8016 1.693, 0.7087 -2.8016 1.693, 0.4724 -2.8816 1.6896, 0.7087 -2.8816 1.6896, 0.4724 -2.9592 1.67, 0.7087 -2.9592 1.67, 0.4724 -3.6454 1.4202, 0.7087 -3.6454 1.4202, 0.7087 -3.7117 1.4025, 0.4724 -3.7117 1.4025, 0.7087 -3.78 1.3965, 0.4724 -3.78 1.3965, 0.4724 -4.6949 1.3965, 0.7087 -4.6949 1.3965, 0.4724 -4.6949 1.4752, 0.7087 -4.6949 1.4752, 0.4724 -3.78 1.4752, 0.7087 -3.78 1.4752, 0.4724 -3.7254 1.48, 0.7087 -3.7254 1.48, 0.4724 -3.6723 1.4942, 0.7087 -3.6723 1.4942, 0.4724 -2.9861 1.744, 0.7087 -2.9861 1.744, 0.7087 -2.9167 1.7634, 0.4724 -2.9167 1.7634, 0.7087 -2.8451 1.772, 0.4724 -2.8451 1.772, 0.7087 -2.7731 1.7696, 0.4724 -2.7731 1.7696, 0.7087 -2.7023 1.7564, 0.4724 -2.7023 1.7564, 0.4724 -1.6931 1.4859, 0.7087 -1.6931 1.4859, 0.4724 -1.6527 1.4779, 0.7087 -1.6527 1.4779
            ]
        }
        coordIndex [
            0,1,2,-1,2,1,3,-1,4,0,5,-1,5,0,2,-1,6,4,7,-1,7,4,5,-1,6,7,8,-1,6,8,9,-1,9,8,10,-1,9,10,11,-1,12,11,13,-1,13,11,10,-1,12,13,14,-1,14,13,15,-1,14,15,16,-1,16,15,17,-1,16,17,18,-1,18,17,19,-1,20,18,21,-1,21,18,19,-1,20,21,22,-1,20,22,23,-1,23,22,24,-1,23,24,25,-1,26,25,27,-1,27,25,24,-1,28,26,29,-1,29,26,27,-1,30,28,31,-1,31,28,29,-1,30,31,32,-1,32,31,33,-1,32,33,34,-1,34,33,35,-1,36,34,37,-1,37,34,35,-1,36,37,38,-1,36,38,39,-1,39,38,40,-1,39,40,41,-1,41,40,42,-1,41,42,43,-1,43,42,44,-1,43,44,45,-1,46,45,47,-1,47,45,44,-1,46,47,48,-1,48,47,49,-1,48,49,1,-1,1,49,3,-1,26,28,25,-1,25,28,30,-1,25,30,23,-1,23,30,32,-1,23,32,20,-1,20,32,34,-1,20,34,18,-1,18,34,36,-1,18,36,16,-1,0,4,1,-1,1,4,6,-1,1,6,48,-1,48,6,9,-1,48,9,46,-1,46,9,11,-1,46,11,45,-1,45,11,12,-1,45,12,43,-1,43,12,14,-1,43,14,41,-1,41,14,16,-1,41,16,39,-1,39,16,36,-1,29,27,31,-1,31,27,24,-1,31,24,33,-1,33,24,22,-1,33,22,35,-1,35,22,21,-1,35,21,37,-1,37,21,19,-1,37,19,38,-1,38,19,17,-1,38,17,40,-1,40,17,15,-1,5,2,7,-1,7,2,3,-1,7,3,8,-1,8,3,49,-1,8,49,10,-1,10,49,47,-1,10,47,13,-1,13,47,44,-1,13,44,15,-1,15,44,42,-1,15,42,40,-1,50,51,52,-1,52,51,53,-1,54,50,55,-1,55,50,52,-1,56,54,57,-1,57,54,55,-1,56,57,58,-1,58,57,59,-1,58,59,60,-1,60,59,61,-1,60,61,62,-1,62,61,63,-1,62,63,64,-1,64,63,65,-1,64,65,66,-1,66,65,67,-1,66,67,68,-1,68,67,69,-1,68,69,70,-1,70,69,71,-1,72,70,73,-1,73,70,71,-1,74,72,75,-1,75,72,73,-1,76,74,77,-1,77,74,75,-1,76,77,78,-1,76,78,79,-1,79,78,80,-1,79,80,81,-1,81,80,82,-1,81,82,83,-1,83,82,84,-1,83,84,85,-1,85,84,86,-1,85,86,87,-1,87,86,88,-1,87,88,89,-1,89,88,90,-1,89,90,91,-1,91,90,92,-1,91,92,93,-1,93,92,53,-1,93,53,51,-1,72,74,70,-1,70,74,76,-1,70,76,68,-1,76,79,68,-1,68,79,81,-1,68,81,66,-1,66,81,83,-1,66,83,64,-1,64,83,85,-1,64,85,62,-1,62,85,87,-1,62,87,60,-1,50,54,51,-1,51,54,56,-1,51,56,93,-1,93,56,58,-1,93,58,91,-1,91,58,60,-1,91,60,89,-1,89,60,87,-1,55,52,57,-1,57,52,53,-1,57,53,59,-1,53,92,59,-1,59,92,90,-1,59,90,61,-1,61,90,88,-1,61,88,63,-1,63,88,86,-1,63,86,65,-1,65,86,84,-1,65,84,67,-1,75,73,77,-1,77,73,71,-1,77,71,78,-1,78,71,69,-1,78,69,80,-1,80,69,67,-1,80,67,82,-1,82,67,84,-1,94,95,96,-1,96,95,97,-1,98,94,99,-1,99,94,96,-1,100,98,101,-1,101,98,99,-1,100,101,102,-1,102,101,103,-1,102,103,104,-1,104,103,105,-1,104,105,106,-1,106,105,107,-1,106,107,108,-1,108,107,109,-1,108,109,110,-1,110,109,111,-1,110,111,112,-1,112,111,113,-1,112,113,114,-1,114,113,115,-1,116,114,117,-1,117,114,115,-1,118,116,119,-1,119,116,117,-1,120,118,121,-1,121,118,119,-1,120,121,122,-1,120,122,123,-1,123,122,124,-1,123,124,125,-1,125,124,126,-1,125,126,127,-1,127,126,128,-1,127,128,129,-1,129,128,130,-1,129,130,131,-1,131,130,132,-1,131,132,133,-1,133,132,134,-1,133,134,135,-1,135,134,136,-1,135,136,137,-1,137,136,97,-1,137,97,95,-1,116,118,114,-1,114,118,120,-1,114,120,112,-1,120,123,112,-1,112,123,125,-1,112,125,110,-1,110,125,127,-1,110,127,108,-1,108,127,129,-1,108,129,106,-1,106,129,131,-1,106,131,104,-1,94,98,95,-1,95,98,100,-1,95,100,137,-1,137,100,102,-1,137,102,135,-1,135,102,104,-1,135,104,133,-1,133,104,131,-1,99,96,101,-1,101,96,97,-1,101,97,103,-1,97,136,103,-1,103,136,134,-1,103,134,105,-1,105,134,132,-1,105,132,107,-1,107,132,130,-1,107,130,109,-1,109,130,128,-1,109,128,111,-1,119,117,121,-1,121,117,115,-1,121,115,122,-1,122,115,113,-1,122,113,124,-1,124,113,111,-1,124,111,126,-1,126,111,128,-1,138,139,140,-1,140,139,141,-1,142,138,143,-1,143,138,140,-1,144,142,145,-1,145,142,143,-1,144,145,146,-1,146,145,147,-1,146,147,148,-1,148,147,149,-1,148,149,150,-1,150,149,151,-1,150,151,152,-1,152,151,153,-1,152,153,154,-1,154,153,155,-1,154,155,156,-1,156,155,157,-1,156,157,158,-1,158,157,159,-1,160,158,161,-1,161,158,159,-1,162,160,163,-1,163,160,161,-1,164,162,165,-1,165,162,163,-1,164,165,166,-1,164,166,167,-1,167,166,168,-1,167,168,169,-1,169,168,170,-1,169,170,171,-1,171,170,172,-1,171,172,173,-1,173,172,174,-1,173,174,175,-1,175,174,176,-1,175,176,177,-1,177,176,178,-1,177,178,179,-1,179,178,180,-1,179,180,181,-1,181,180,141,-1,181,141,139,-1,160,162,158,-1,158,162,164,-1,158,164,156,-1,164,167,156,-1,156,167,169,-1,156,169,154,-1,154,169,171,-1,154,171,152,-1,152,171,173,-1,152,173,150,-1,150,173,175,-1,150,175,148,-1,138,142,139,-1,139,142,144,-1,139,144,181,-1,181,144,146,-1,181,146,179,-1,179,146,148,-1,179,148,177,-1,177,148,175,-1,143,140,145,-1,145,140,141,-1,145,141,147,-1,141,180,147,-1,147,180,178,-1,147,178,149,-1,149,178,176,-1,149,176,151,-1,151,176,174,-1,151,174,153,-1,153,174,172,-1,153,172,155,-1,163,161,165,-1,165,161,159,-1,165,159,166,-1,166,159,157,-1,166,157,168,-1,168,157,155,-1,168,155,170,-1,170,155,172,-1,182,183,184,-1,184,183,185,-1,186,182,187,-1,187,182,184,-1,188,186,189,-1,189,186,187,-1,188,189,190,-1,190,189,191,-1,190,191,192,-1,192,191,193,-1,192,193,194,-1,194,193,195,-1,194,195,196,-1,196,195,197,-1,196,197,198,-1,198,197,199,-1,198,199,200,-1,200,199,201,-1,200,201,202,-1,202,201,203,-1,204,202,205,-1,205,202,203,-1,206,204,207,-1,207,204,205,-1,208,206,209,-1,209,206,207,-1,208,209,210,-1,208,210,211,-1,211,210,212,-1,211,212,213,-1,213,212,214,-1,213,214,215,-1,215,214,216,-1,215,216,217,-1,217,216,218,-1,217,218,219,-1,219,218,220,-1,219,220,221,-1,221,220,222,-1,221,222,223,-1,223,222,224,-1,223,224,225,-1,225,224,185,-1,225,185,183,-1,204,206,202,-1,202,206,208,-1,202,208,200,-1,208,211,200,-1,200,211,213,-1,200,213,198,-1,198,213,215,-1,198,215,196,-1,196,215,217,-1,196,217,194,-1,194,217,219,-1,194,219,192,-1,182,186,183,-1,183,186,188,-1,183,188,225,-1,225,188,190,-1,225,190,223,-1,223,190,192,-1,223,192,221,-1,221,192,219,-1,187,184,189,-1,189,184,185,-1,189,185,191,-1,185,224,191,-1,191,224,222,-1,191,222,193,-1,193,222,220,-1,193,220,195,-1,195,220,218,-1,195,218,197,-1,197,218,216,-1,197,216,199,-1,207,205,209,-1,209,205,203,-1,209,203,210,-1,210,203,201,-1,210,201,212,-1,212,201,199,-1,212,199,214,-1,214,199,216,-1,226,227,228,-1,228,227,229,-1,230,226,231,-1,231,226,228,-1,232,230,233,-1,233,230,231,-1,232,233,234,-1,234,233,235,-1,234,235,236,-1,236,235,237,-1,236,237,238,-1,238,237,239,-1,238,239,240,-1,240,239,241,-1,240,241,242,-1,242,241,243,-1,242,243,244,-1,244,243,245,-1,244,245,246,-1,246,245,247,-1,248,246,249,-1,249,246,247,-1,250,248,251,-1,251,248,249,-1,252,250,253,-1,253,250,251,-1,252,253,254,-1,252,254,255,-1,255,254,256,-1,255,256,257,-1,257,256,258,-1,257,258,259,-1,259,258,260,-1,259,260,261,-1,261,260,262,-1,261,262,263,-1,263,262,264,-1,263,264,265,-1,265,264,266,-1,265,266,267,-1,267,266,268,-1,267,268,269,-1,269,268,229,-1,269,229,227,-1,248,250,246,-1,246,250,252,-1,246,252,244,-1,252,255,244,-1,244,255,257,-1,244,257,242,-1,242,257,259,-1,242,259,240,-1,240,259,261,-1,240,261,238,-1,238,261,263,-1,238,263,236,-1,226,230,227,-1,227,230,232,-1,227,232,269,-1,269,232,234,-1,269,234,267,-1,267,234,236,-1,267,236,265,-1,265,236,263,-1,231,228,233,-1,233,228,229,-1,233,229,235,-1,229,268,235,-1,235,268,266,-1,235,266,237,-1,237,266,264,-1,237,264,239,-1,239,264,262,-1,239,262,241,-1,241,262,260,-1,241,260,243,-1,251,249,253,-1,253,249,247,-1,253,247,254,-1,254,247,245,-1,254,245,256,-1,256,245,243,-1,256,243,258,-1,258,243,260,-1,270,271,272,-1,272,271,273,-1,274,270,275,-1,275,270,272,-1,276,274,277,-1,277,274,275,-1,276,277,278,-1,278,277,279,-1,278,279,280,-1,280,279,281,-1,280,281,282,-1,282,281,283,-1,282,283,284,-1,284,283,285,-1,284,285,286,-1,286,285,287,-1,286,287,288,-1,288,287,289,-1,288,289,290,-1,290,289,291,-1,292,290,293,-1,293,290,291,-1,294,292,295,-1,295,292,293,-1,296,294,297,-1,297,294,295,-1,296,297,298,-1,296,298,299,-1,299,298,300,-1,299,300,301,-1,301,300,302,-1,301,302,303,-1,303,302,304,-1,303,304,305,-1,305,304,306,-1,305,306,307,-1,307,306,308,-1,307,308,309,-1,309,308,310,-1,309,310,311,-1,311,310,312,-1,311,312,313,-1,313,312,273,-1,313,273,271,-1,292,294,290,-1,290,294,296,-1,290,296,288,-1,296,299,288,-1,288,299,301,-1,288,301,286,-1,286,301,303,-1,286,303,284,-1,284,303,305,-1,284,305,282,-1,282,305,307,-1,282,307,280,-1,270,274,271,-1,271,274,276,-1,271,276,313,-1,313,276,278,-1,313,278,311,-1,311,278,280,-1,311,280,309,-1,309,280,307,-1,275,272,277,-1,277,272,273,-1,277,273,279,-1,273,312,279,-1,279,312,310,-1,279,310,281,-1,281,310,308,-1,281,308,283,-1,283,308,306,-1,283,306,285,-1,285,306,304,-1,285,304,287,-1,295,293,297,-1,297,293,291,-1,297,291,298,-1,298,291,289,-1,298,289,300,-1,300,289,287,-1,300,287,302,-1,302,287,304,-1,314,315,316,-1,316,315,317,-1,318,314,319,-1,319,314,316,-1,320,318,321,-1,321,318,319,-1,320,321,322,-1,322,321,323,-1,322,323,324,-1,324,323,325,-1,324,325,326,-1,326,325,327,-1,326,327,328,-1,328,327,329,-1,328,329,330,-1,330,329,331,-1,330,331,332,-1,332,331,333,-1,332,333,334,-1,334,333,335,-1,336,334,337,-1,337,334,335,-1,338,336,339,-1,339,336,337,-1,340,338,341,-1,341,338,339,-1,340,341,342,-1,340,342,343,-1,343,342,344,-1,343,344,345,-1,345,344,346,-1,345,346,347,-1,347,346,348,-1,347,348,349,-1,349,348,350,-1,349,350,351,-1,351,350,352,-1,351,352,353,-1,353,352,354,-1,353,354,355,-1,355,354,356,-1,355,356,357,-1,357,356,317,-1,357,317,315,-1,336,338,334,-1,334,338,340,-1,334,340,332,-1,340,343,332,-1,332,343,345,-1,332,345,330,-1,330,345,347,-1,330,347,328,-1,328,347,349,-1,328,349,326,-1,326,349,351,-1,326,351,324,-1,314,318,315,-1,315,318,320,-1,315,320,357,-1,357,320,322,-1,357,322,355,-1,355,322,324,-1,355,324,353,-1,353,324,351,-1,319,316,321,-1,321,316,317,-1,321,317,323,-1,317,356,323,-1,323,356,354,-1,323,354,325,-1,325,354,352,-1,325,352,327,-1,327,352,350,-1,327,350,329,-1,329,350,348,-1,329,348,331,-1,339,337,341,-1,341,337,335,-1,341,335,342,-1,342,335,333,-1,342,333,344,-1,344,333,331,-1,344,331,346,-1,346,331,348,-1,358,359,360,-1,360,359,361,-1,362,358,363,-1,363,358,360,-1,364,362,365,-1,365,362,363,-1,364,365,366,-1,366,365,367,-1,366,367,368,-1,368,367,369,-1,368,369,370,-1,370,369,371,-1,370,371,372,-1,372,371,373,-1,372,373,374,-1,374,373,375,-1,374,375,376,-1,376,375,377,-1,376,377,378,-1,378,377,379,-1,380,378,381,-1,381,378,379,-1,382,380,383,-1,383,380,381,-1,384,382,385,-1,385,382,383,-1,384,385,386,-1,384,386,387,-1,387,386,388,-1,387,388,389,-1,389,388,390,-1,389,390,391,-1,391,390,392,-1,391,392,393,-1,393,392,394,-1,393,394,395,-1,395,394,396,-1,395,396,397,-1,397,396,398,-1,397,398,399,-1,399,398,400,-1,399,400,401,-1,401,400,361,-1,401,361,359,-1,380,382,378,-1,378,382,384,-1,378,384,376,-1,384,387,376,-1,376,387,389,-1,376,389,374,-1,374,389,391,-1,374,391,372,-1,372,391,393,-1,372,393,370,-1,370,393,395,-1,370,395,368,-1,358,362,359,-1,359,362,364,-1,359,364,401,-1,401,364,366,-1,401,366,399,-1,399,366,368,-1,399,368,397,-1,397,368,395,-1,363,360,365,-1,365,360,361,-1,365,361,367,-1,361,400,367,-1,367,400,398,-1,367,398,369,-1,369,398,396,-1,369,396,371,-1,371,396,394,-1,371,394,373,-1,373,394,392,-1,373,392,375,-1,383,381,385,-1,385,381,379,-1,385,379,386,-1,386,379,377,-1,386,377,388,-1,388,377,375,-1,388,375,390,-1,390,375,392,-1,402,403,404,-1,404,403,405,-1,406,402,407,-1,407,402,404,-1,408,406,409,-1,409,406,407,-1,408,409,410,-1,408,410,411,-1,411,410,412,-1,411,412,413,-1,414,413,415,-1,415,413,412,-1,414,415,416,-1,416,415,417,-1,416,417,418,-1,418,417,419,-1,418,419,420,-1,420,419,421,-1,422,420,423,-1,423,420,421,-1,422,423,424,-1,422,424,425,-1,425,424,426,-1,425,426,427,-1,428,427,429,-1,429,427,426,-1,430,428,431,-1,431,428,429,-1,432,430,433,-1,433,430,431,-1,432,433,434,-1,434,433,435,-1,434,435,436,-1,436,435,437,-1,438,436,439,-1,439,436,437,-1,438,439,440,-1,438,440,441,-1,441,440,442,-1,441,442,443,-1,443,442,444,-1,443,444,445,-1,445,444,446,-1,445,446,447,-1,448,447,449,-1,449,447,446,-1,448,449,450,-1,450,449,451,-1,450,451,403,-1,403,451,405,-1,428,430,427,-1,427,430,432,-1,427,432,425,-1,425,432,434,-1,425,434,422,-1,422,434,436,-1,422,436,420,-1,420,436,438,-1,420,438,418,-1,402,406,403,-1,403,406,408,-1,403,408,450,-1,450,408,411,-1,450,411,448,-1,448,411,413,-1,448,413,447,-1,447,413,414,-1,447,414,445,-1,445,414,416,-1,445,416,443,-1,443,416,418,-1,443,418,441,-1,441,418,438,-1,407,404,409,-1,409,404,405,-1,409,405,410,-1,410,405,451,-1,410,451,412,-1,412,451,449,-1,412,449,415,-1,415,449,446,-1,415,446,417,-1,431,429,433,-1,433,429,426,-1,433,426,435,-1,435,426,424,-1,435,424,437,-1,437,424,423,-1,437,423,439,-1,439,423,421,-1,439,421,440,-1,440,421,419,-1,440,419,442,-1,442,419,417,-1,442,417,444,-1,444,417,446,-1,452,453,454,-1,454,453,455,-1,456,452,457,-1,457,452,454,-1,458,456,459,-1,459,456,457,-1,458,459,460,-1,460,459,461,-1,460,461,462,-1,462,461,463,-1,462,463,464,-1,464,463,465,-1,464,465,466,-1,466,465,467,-1,466,467,468,-1,468,467,469,-1,468,469,470,-1,470,469,471,-1,470,471,472,-1,472,471,473,-1,474,472,475,-1,475,472,473,-1,476,474,477,-1,477,474,475,-1,478,476,479,-1,479,476,477,-1,478,479,480,-1,478,480,481,-1,481,480,482,-1,481,482,483,-1,483,482,484,-1,483,484,485,-1,485,484,486,-1,485,486,487,-1,487,486,488,-1,487,488,489,-1,489,488,490,-1,489,490,491,-1,491,490,492,-1,491,492,493,-1,493,492,494,-1,493,494,495,-1,495,494,455,-1,495,455,453,-1,474,476,472,-1,472,476,478,-1,472,478,470,-1,478,481,470,-1,470,481,483,-1,470,483,468,-1,468,483,485,-1,468,485,466,-1,466,485,487,-1,466,487,464,-1,464,487,489,-1,464,489,462,-1,452,456,453,-1,453,456,458,-1,453,458,495,-1,495,458,460,-1,495,460,493,-1,493,460,462,-1,493,462,491,-1,491,462,489,-1,457,454,459,-1,459,454,455,-1,459,455,461,-1,455,494,461,-1,461,494,492,-1,461,492,463,-1,463,492,490,-1,463,490,465,-1,465,490,488,-1,465,488,467,-1,467,488,486,-1,467,486,469,-1,477,475,479,-1,479,475,473,-1,479,473,480,-1,480,473,471,-1,480,471,482,-1,482,471,469,-1,482,469,484,-1,484,469,486,-1,496,497,498,-1,498,497,499,-1,500,496,501,-1,501,496,498,-1,502,500,503,-1,503,500,501,-1,502,503,504,-1,502,504,505,-1,505,504,506,-1,505,506,507,-1,508,507,509,-1,509,507,506,-1,508,509,510,-1,510,509,511,-1,510,511,512,-1,512,511,513,-1,512,513,514,-1,514,513,515,-1,516,514,517,-1,517,514,515,-1,516,517,518,-1,516,518,519,-1,519,518,520,-1,519,520,521,-1,522,521,523,-1,523,521,520,-1,524,522,525,-1,525,522,523,-1,526,524,527,-1,527,524,525,-1,526,527,528,-1,528,527,529,-1,528,529,530,-1,530,529,531,-1,532,530,533,-1,533,530,531,-1,532,533,534,-1,532,534,535,-1,535,534,536,-1,535,536,537,-1,537,536,538,-1,537,538,539,-1,539,538,540,-1,539,540,541,-1,542,541,543,-1,543,541,540,-1,542,543,544,-1,544,543,545,-1,544,545,497,-1,497,545,499,-1,522,524,521,-1,521,524,526,-1,521,526,519,-1,519,526,528,-1,519,528,516,-1,516,528,530,-1,516,530,514,-1,514,530,532,-1,514,532,512,-1,496,500,497,-1,497,500,502,-1,497,502,544,-1,544,502,505,-1,544,505,542,-1,542,505,507,-1,542,507,541,-1,541,507,508,-1,541,508,539,-1,539,508,510,-1,539,510,537,-1,537,510,512,-1,537,512,535,-1,535,512,532,-1,525,523,527,-1,527,523,520,-1,527,520,529,-1,529,520,518,-1,529,518,531,-1,531,518,517,-1,531,517,533,-1,533,517,515,-1,533,515,534,-1,534,515,513,-1,534,513,536,-1,536,513,511,-1,501,498,503,-1,503,498,499,-1,503,499,504,-1,504,499,545,-1,504,545,506,-1,506,545,543,-1,506,543,509,-1,509,543,540,-1,509,540,511,-1,511,540,538,-1,511,538,536,-1,546,547,548,-1,548,547,549,-1,550,546,551,-1,551,546,548,-1,552,550,553,-1,553,550,551,-1,552,553,554,-1,552,554,555,-1,555,554,556,-1,555,556,557,-1,558,557,559,-1,559,557,556,-1,558,559,560,-1,560,559,561,-1,560,561,562,-1,562,561,563,-1,562,563,564,-1,564,563,565,-1,566,564,567,-1,567,564,565,-1,566,567,568,-1,566,568,569,-1,569,568,570,-1,569,570,571,-1,572,571,573,-1,573,571,570,-1,574,572,575,-1,575,572,573,-1,576,574,577,-1,577,574,575,-1,576,577,578,-1,578,577,579,-1,578,579,580,-1,580,579,581,-1,582,580,583,-1,583,580,581,-1,582,583,584,-1,582,584,585,-1,585,584,586,-1,585,586,587,-1,587,586,588,-1,587,588,589,-1,589,588,590,-1,589,590,591,-1,592,591,593,-1,593,591,590,-1,592,593,594,-1,594,593,595,-1,594,595,547,-1,547,595,549,-1,572,574,571,-1,571,574,576,-1,571,576,569,-1,569,576,578,-1,569,578,566,-1,566,578,580,-1,566,580,564,-1,564,580,582,-1,564,582,562,-1,546,550,547,-1,547,550,552,-1,547,552,594,-1,594,552,555,-1,594,555,592,-1,592,555,557,-1,592,557,591,-1,591,557,558,-1,591,558,589,-1,589,558,560,-1,589,560,587,-1,587,560,562,-1,587,562,585,-1,585,562,582,-1,575,573,577,-1,577,573,570,-1,577,570,579,-1,579,570,568,-1,579,568,581,-1,581,568,567,-1,581,567,583,-1,583,567,565,-1,583,565,584,-1,584,565,563,-1,584,563,586,-1,586,563,561,-1,551,548,553,-1,553,548,549,-1,553,549,554,-1,554,549,595,-1,554,595,556,-1,556,595,593,-1,556,593,559,-1,559,593,590,-1,559,590,561,-1,561,590,588,-1,561,588,586,-1,
        ]
    }
}
Shape{
    appearance Appearance {
        material  Material 	{
            diffuseColor 1.0 1.0 1.0
            specularColor 0.5019607843137255 0.5019607843137255 0.5019607843137255
            ambientIntensity 1.0
            transparency 0.0
            shininess 0.5
        }
    }
    geometry IndexedFaceSet {
        ccw TRUE
        solid FALSE
        coord DEF co Coordinate {
            point [
                0.577 -1.1516 0.5118, 1.4132 -1.1516 0.5118, 1.4132 -1.4175 0.5118, 1.7966 -2.2724 0.5118, 1.5596 -3.5925 0.5118, 1.4132 -3.5925 0.5118, 2.3819 -1.9968 0.5118, 2.3819 -4.8524 0.5118, 2.1654 -4.8524 0.5118, 1.9029 -2.1756 0.5118, 1.8728 -2.1822 0.5118, 1.4132 -1.9968 0.5118, 2.0306 -2.2834 0.5118, 2.024 -2.2533 0.5118, 2.0098 -2.2259 0.5118, 1.9891 -2.2031 0.5118, 1.9631 -2.1864 0.5118, 1.9337 -2.1771 0.5118, 1.8454 -2.1963 0.5118, 1.8226 -2.2171 0.5118, 1.806 -2.2431 0.5118, 1.4132 -4.9705 0.5118, 1.4132 -4.7736 0.5118, 2.1654 -4.9705 0.5118, 1.7717 -4.7736 0.5118, 1.7717 -3.7479 0.5118, 2.0291 -2.3142 0.5118, 0.577 -3.6726 0.5118, 0.5906 -3.7479 0.5118, 0.5906 -4.7736 0.5118, 0.3991 -2.1864 0.5118, 0.3731 -2.2031 0.5118, 0.2289 -1.9968 0.5118, 0.5656 -2.2724 0.5118, 0.5562 -2.2431 0.5118, 0.577 -1.9968 0.5118, 0.5396 -2.2171 0.5118, 0.5168 -2.1963 0.5118, 0.4894 -2.1822 0.5118, 0.4593 -2.1756 0.5118, 0.4285 -2.1771 0.5118, 0.3524 -2.2259 0.5118, 0.3382 -2.2533 0.5118, 0.3317 -2.2834 0.5118, 0.5906 -4.9705 0.5118, 0.5906 -4.8524 0.5118, 0.577 -4.8524 0.5118, 0.2289 -4.8524 0.5118, 0.3331 -2.3142 0.5118, 0.8026 -3.5925 0.5118, 0.577 -2.3361 0.5118, -0.5906 -4.8524 0.5118, -0.5906 -4.9705 0.5118, -2.1654 -4.9705 0.5118, -2.0291 -2.3142 0.5118, -1.7717 -3.7479 0.5118, -1.7717 -4.7736 0.5118, -0.5396 -2.2171 0.5118, -0.5562 -2.2431 0.5118, -2.3819 -1.9968 0.5118, -0.5906 -4.7736 0.5118, -0.4288 -4.8524 0.5118, -0.4288 -2.177 0.5118, -0.4593 -2.1756 0.5118, -0.4288 -1.9968 0.5118, -0.4894 -2.1822 0.5118, -0.5168 -2.1963 0.5118, -0.5656 -2.2724 0.5118, -0.8026 -3.5925 0.5118, -1.5596 -3.5925 0.5118, -1.8454 -2.1963 0.5118, -1.8728 -2.1822 0.5118, -1.9029 -2.1756 0.5118, -1.9337 -2.1771 0.5118, -1.9631 -2.1864 0.5118, -1.7966 -2.2724 0.5118, -1.806 -2.2431 0.5118, -1.8226 -2.2171 0.5118, -2.024 -2.2533 0.5118, -2.0306 -2.2834 0.5118, -1.9891 -2.2031 0.5118, -2.0098 -2.2259 0.5118, -2.1654 -4.8524 0.5118, -2.3819 -4.8524 0.5118, -0.3331 -2.3142 0.5118, -0.3317 -2.2834 0.5118, -0.2144 -1.9968 0.5118, -0.3382 -2.2533 0.5118, -0.3524 -2.2259 0.5118, -0.5906 -3.7479 0.5118, -0.4288 -2.8473 0.5118, -0.2144 -4.8524 0.5118, -0.3731 -2.2031 0.5118, -0.3991 -2.1864 0.5118, -0.4285 -2.1771 0.5118, -0.0591 -1.9968 0.5118, -0.0591 -4.8524 0.5118, -0.0591 -1.4175 0.5118, -0.0591 -1.816 0.5118, -0.0975 -1.8136 0.5118, -0.2144 -1.816 0.5118, -0.2046 -1.8136 0.5118, -0.0975 -1.4199 0.5118, -0.2086 -1.4199 0.5118, -0.2144 -1.4175 0.5118, -0.2144 -1.4205 0.5118, -0.2655 -1.426 0.5118, -0.4288 -1.4175 0.5118, -0.3116 -1.4421 0.5118, -0.3544 -1.4708 0.5118, -0.3398 -1.7719 0.5118, -0.4288 -1.816 0.5118, -0.3722 -1.7409 0.5118, -0.3948 -1.7057 0.5118, -0.3549 -1.4712 0.5118, -0.3827 -1.5021 0.5118, -0.401 -1.5359 0.5118, -0.2987 -1.7958 0.5118, -0.2533 -1.8093 0.5118, -0.2144 -1.8127 0.5118, -0.4116 -1.5747 0.5118, -0.4144 -1.6118 0.5118, -0.4089 -1.6645 0.5118, 0.2674 -1.75 0.5118, 0.2674 -1.7932 0.5118, 0.2289 -1.816 0.5118, 0.3093 -1.8104 0.5118, -0.0591 -1.1516 0.5118, 0.2289 -1.1516 0.5118, 0.2289 -1.4175 0.5118, 0.3252 -1.4175 0.5118, 0.3129 -1.4183 0.5118, 0.2674 -1.4307 0.5118, 0.2674 -1.4835 0.5118, 0.3117 -1.4645 0.5118, 0.2744 -1.7539 0.5118, 0.3595 -1.4583 0.5118, 0.3983 -1.4626 0.5118, 0.4278 -1.4733 0.5118, 0.455 -1.4915 0.5118, 0.4788 -1.5177 0.5118, 0.5074 -1.6209 0.5118, 0.5034 -1.6635 0.5118, 0.4927 -1.6974 0.5118, 0.4051 -1.771 0.5118, 0.3684 -1.7752 0.5118, 0.4338 -1.7605 0.5118, 0.458 -1.7442 0.5118, 0.4764 -1.7247 0.5118, 0.3161 -1.7694 0.5118, 0.495 -1.5481 0.5118, 0.5055 -1.5903 0.5118, 0.494 -1.78 0.5118, 0.5236 -1.7489 0.5118, 0.577 -1.816 0.5118, 0.4624 -1.8002 0.5118, 0.577 -1.4175 0.5118, 0.5164 -1.4868 0.5118, 0.4808 -1.4526 0.5118, 0.5602 -1.6242 0.5118, 0.5546 -1.5682 0.5118, 0.5394 -1.5236 0.5118, 0.4434 -1.4311 0.5118, 0.3995 -1.4183 0.5118, 0.3894 -1.4175 0.5118, 0.5446 -1.7114 0.5118, 0.5564 -1.6697 0.5118, 0.3491 -1.816 0.5118, 0.3649 -1.8182 0.5118, 0.3757 -1.8184 0.5118, 0.3988 -1.816 0.5118, 0.4242 -1.8133 0.5118, -0.4288 -1.1516 0.5118, -0.2144 -1.1516 0.5118, 0.36 -1.4151 0.5118, -0.7409 -1.8136 0.5118, -0.7985 -1.8136 0.5118, -2.3819 -1.816 0.5118, -0.6449 -1.4199 0.5118, -2.3819 -1.4175 0.5118, -2.3819 -1.1516 0.5118, -0.7011 -1.7031 0.5118, -0.5384 -1.7031 0.5118, -0.5008 -1.8136 0.5118, -0.4432 -1.8136 0.5118, -0.5921 -1.4199 0.5118, 0.1905 -1.8136 0.5118, 0.1905 -1.4199 0.5118, -0.0111 -1.4199 0.5118, -0.0111 -1.4631 0.5118, -0.0207 -1.7704 0.5118, -0.0207 -1.8136 0.5118, 0.1377 -1.6359 0.5118, 0.1377 -1.7704 0.5118, -0.0015 -1.6359 0.5118, -0.0015 -1.5927 0.5118, 0.1377 -1.5927 0.5118, 0.1377 -1.4631 0.5118, 0.5938 -1.8136 0.5118, 0.7955 -1.8136 0.5118, 0.5938 -1.7704 0.5118, 0.7427 -1.7704 0.5118, 0.7427 -1.4199 0.5118, 0.7955 -1.4199 0.5118, 1.4132 -1.816 0.5118, 2.3819 -1.816 0.5118, 2.3819 -1.4175 0.5118, 2.3819 -1.1516 0.5118, -2.7362 -0.3445 0.9921, -2.7362 -0.5413 1.189, -2.7362 0.2067 0.9921, -2.7362 0.4035 1.189, -2.7362 0.2067 0.5984, -2.7362 0.4035 0.4016, -2.7362 -0.3445 0.5984, -2.7362 -0.5413 0.4016, -2.6575 -0.3445 0.9921, -2.6575 -0.5413 1.189, -2.6575 -0.3445 0.5984, -2.6575 -0.5413 0.4016, -2.6575 0.2067 0.5984, -2.6575 0.4035 0.4016, -2.6575 0.2067 0.9921, -2.6575 0.4035 1.189, 2.4606 0.5217 2.2913, 2.4606 0.4429 2.2913, 2.4606 0.5217 1.189, 2.4606 0.4429 1.189, 2.3622 0.3445 2.685, 2.3622 0.3445 2.7638, 2.3819 0.3445 2.685, 2.3819 0.3445 2.7638, 2.4125 0.3445 2.681, 2.4328 0.3445 2.7571, 2.4409 0.3445 2.6692, 2.4803 0.3445 2.7374, 2.4654 0.3445 2.6504, 2.5211 0.3445 2.7061, 2.4842 0.3445 2.626, 2.5524 0.3445 2.6654, 2.496 0.3445 2.5975, 2.572 0.3445 2.6179, 2.5 0.3445 2.5669, 2.5787 0.3445 2.5669, 2.5 0.3445 1.9528, 2.5787 0.3445 1.9528, 2.3622 0.4429 2.2913, 2.3622 0.5217 2.2913, -0.3937 0.3445 2.7638, -0.3937 0.3445 2.685, -1.5748 0.3445 2.7638, -1.5748 0.3445 2.685, -0.3937 0.4429 2.2913, -0.3937 0.5217 2.2913, -1.5748 0.4429 2.2913, -1.5748 0.5217 2.2913, 1.5748 0.3445 2.685, 0.3937 0.3445 2.685, 1.5748 0.3445 2.7638, 0.3937 0.3445 2.7638, 0.5906 -5.1673 0.3937, 0.5906 -5.1673 0.2756, 2.1654 -5.1673 0.3937, 2.1654 -5.1673 0.2756, 2.6969 -5.1673 0.8504, 2.8937 -5.1673 0.8504, 2.6969 -5.1673 2.4252, 2.8937 -5.1673 2.4252, -2.1654 -5.1673 0.3937, -2.1654 -5.1673 0.2756, -0.5906 -5.1673 0.3937, -0.5906 -5.1673 0.2756, -2.6969 -5.1673 2.4252, -2.8937 -5.1673 2.4252, -2.6969 -5.1673 0.8504, -2.8937 -5.1673 0.8504, 2.5787 -4.8524 0.8504, 2.5787 -4.8524 0.7087, 2.5787 -4.6471 1.1568, 2.5787 -0.6398 0.9055, 2.5787 -0.6398 0.126, 2.5787 0.3445 0.126, 2.5787 -1.1516 0.9055, 2.5787 -3.4402 1.945, 2.5787 -3.4253 1.9356, 2.5787 -3.3976 1.8915, 2.5787 -3.3957 1.874, 2.5787 -1.1516 0.7087, 2.5787 -3.4128 1.3525, 2.5787 -3.4253 1.34, 2.5787 -4.1831 1.3228, 2.5787 -4.627 1.1613, 2.5787 -3.4744 1.3228, 2.5787 -3.4569 1.3248, 2.5787 -3.4128 1.9231, 2.5787 -3.4035 1.9082, 2.5787 -3.3957 1.4016, 2.5787 -3.3976 1.3841, 2.5787 -3.4035 1.3674, 2.5787 -3.4402 1.3306, 2.5787 -4.7279 2.0673, 2.5787 -4.7184 2.0855, 2.5787 -4.8524 2.4252, 2.5787 -4.7046 2.1007, 2.5787 -4.6872 2.1117, 2.5787 -4.8524 2.5669, 2.5787 -4.6676 2.1179, 2.5787 -4.6471 2.1188, 2.5787 0.3445 1.5591, 2.5787 -0.6594 1.5591, 2.5787 -0.7104 1.5658, 2.5787 -4.6676 1.1577, 2.5787 -4.6872 1.1639, 2.5787 -4.9705 0.8504, 2.5787 -4.7046 1.1749, 2.5787 -4.7184 1.1901, 2.5787 -4.7279 1.2083, 2.5787 -4.7253 1.2685, 2.5787 -4.7143 1.9897, 2.5787 -4.7315 1.2489, 2.5787 -4.7253 2.0071, 2.5787 -4.7315 2.0267, 2.5787 -0.7579 1.5854, 2.5787 -0.7986 1.6167, 2.5787 -0.8299 1.6575, 2.5787 -3.4569 1.9508, 2.5787 -4.627 2.1143, 2.5787 -4.1831 1.9528, 2.5787 -3.4744 1.9528, 2.5787 -0.8496 1.705, 2.5787 -0.8563 1.7559, 2.5787 -0.8496 1.8069, 2.5787 -0.8299 1.8543, 2.5787 -0.7986 1.8951, 2.5787 -0.7579 1.9264, 2.5787 -0.7104 1.946, 2.5787 -0.6594 1.9528, 2.5787 -4.7324 1.2284, 2.5787 -4.9705 2.4252, 2.5787 -4.7324 2.0472, 2.5787 -4.2147 1.4618, 2.5787 -4.2147 1.8138, 2.5787 -4.2618 1.4618, 2.5787 -4.2618 1.8138, 2.5787 -4.6809 1.3092, 2.5787 -4.7143 1.2859, 2.5787 -4.6991 1.2997, 2.5787 -4.6991 1.9758, 2.5787 -4.6809 1.9664, -2.5787 -3.4744 1.9528, -2.5787 -4.1831 1.9528, -2.5787 -4.627 2.1143, -2.5787 -0.7986 1.6167, -2.5787 -0.7579 1.5854, -2.5787 -0.6398 0.9055, -2.5787 -0.7104 1.5658, -2.5787 -4.7279 1.2083, -2.5787 -4.7184 1.1901, -2.5787 -4.8524 0.8504, -2.5787 0.3445 0.126, -2.5787 -0.6398 0.126, -2.5787 0.3445 1.5591, -2.5787 -0.6594 1.5591, -2.5787 -0.7986 1.8951, -2.5787 -0.8299 1.8543, -2.5787 -4.8524 2.5669, -2.5787 -0.8496 1.8069, -2.5787 -0.8563 1.7559, -2.5787 -1.1516 0.9055, -2.5787 -0.8496 1.705, -2.5787 -0.8299 1.6575, -2.5787 0.3445 1.9528, -2.5787 -0.6594 1.9528, -2.5787 0.3445 2.5669, -2.5787 -0.7104 1.946, -2.5787 -0.7579 1.9264, -2.5787 -3.4402 1.945, -2.5787 -3.4569 1.9508, -2.5787 -4.7046 1.1749, -2.5787 -4.6872 1.1639, -2.5787 -4.8524 0.7087, -2.5787 -3.4035 1.9082, -2.5787 -3.4128 1.9231, -2.5787 -4.7184 2.0855, -2.5787 -4.7279 2.0673, -2.5787 -4.9705 2.4252, -2.5787 -4.6471 2.1188, -2.5787 -4.8524 2.4252, -2.5787 -3.4402 1.3306, -2.5787 -3.4253 1.34, -2.5787 -1.1516 0.7087, -2.5787 -3.4253 1.9356, -2.5787 -4.6676 2.1179, -2.5787 -4.6872 2.1117, -2.5787 -4.7046 2.1007, -2.5787 -3.3957 1.4016, -2.5787 -3.3957 1.874, -2.5787 -3.3976 1.8915, -2.5787 -4.7324 2.0472, -2.5787 -4.7315 2.0267, -2.5787 -4.9705 0.8504, -2.5787 -4.7253 2.0071, -2.5787 -4.7143 1.2859, -2.5787 -4.7253 1.2685, -2.5787 -4.7143 1.9897, -2.5787 -4.7315 1.2489, -2.5787 -4.6676 1.1577, -2.5787 -4.6471 1.1568, -2.5787 -4.627 1.1613, -2.5787 -4.6991 1.2997, -2.5787 -4.6991 1.9758, -2.5787 -4.6809 1.9664, -2.5787 -4.7324 1.2284, -2.5787 -3.4128 1.3525, -2.5787 -3.4035 1.3674, -2.5787 -3.3976 1.3841, -2.5787 -4.1831 1.3228, -2.5787 -3.4744 1.3228, -2.5787 -3.4569 1.3248, -2.5787 -4.2147 1.8138, -2.5787 -4.2147 1.4618, -2.5787 -4.2618 1.8138, -2.5787 -4.2618 1.4618, -2.5787 -4.6809 1.3092, -2.5 -4.8524 0.8504, -2.5 -4.8524 0.7087, -2.5 -4.6471 1.1568, -2.5 -0.6398 0.9055, -2.5 -0.6398 0.126, -2.5 0.3445 0.126, -2.5 -3.4128 1.3525, -2.5 -3.4253 1.34, -2.5 -1.1516 0.7087, -2.5 -3.4128 1.9231, -2.5 -1.1516 0.9055, -2.5 -3.4253 1.9356, -2.5 -3.4402 1.945, -2.5 -3.4035 1.9082, -2.5 -3.3976 1.8915, -2.5 -3.3957 1.874, -2.5 -4.8524 2.4252, -2.5 -4.7279 2.0673, -2.5 -4.7184 2.0855, -2.5 -3.3957 1.4016, -2.5 -3.3976 1.3841, -2.5 -3.4035 1.3674, -2.5 -4.1831 1.3228, -2.5 -4.627 1.1613, -2.5 -3.4744 1.3228, -2.5 -3.4569 1.3248, -2.5 -3.4402 1.3306, -2.5 -4.7046 2.1007, -2.5 -4.6872 2.1117, -2.5 -4.8524 2.5669, -2.5 -4.6676 2.1179, -2.5 -4.6471 2.1188, -2.5 -4.6676 1.1577, -2.5 -4.6872 1.1639, -2.5 -4.9705 0.8504, -2.5 -4.7253 1.2685, -2.5 -4.7143 1.9897, -2.5 -4.7315 1.2489, -2.5 -4.7253 2.0071, -2.5 -4.7315 2.0267, -2.5 0.3445 1.5591, -2.5 -0.6594 1.5591, -2.5 -0.7104 1.5658, -2.5 -4.7046 1.1749, -2.5 -4.7184 1.1901, -2.5 -4.7279 1.2083, -2.5 -4.7324 1.2284, -2.5 -4.9705 2.4252, -2.5 -4.7324 2.0472, -2.5 -0.7579 1.5854, -2.5 -0.7986 1.6167, -2.5 -0.8299 1.6575, -2.5 -3.4569 1.9508, -2.5 -0.7986 1.8951, -2.5 -0.7579 1.9264, -2.5 -0.7104 1.946, -2.5 0.3445 2.5669, -2.5 -0.6594 1.9528, -2.5 0.3445 1.9528, -2.5 -4.2147 1.4618, -2.5 -4.2147 1.8138, -2.5 -4.2618 1.4618, -2.5 -4.2618 1.8138, -2.5 -4.6809 1.3092, -2.5 -4.7143 1.2859, -2.5 -4.6991 1.2997, -2.5 -4.6991 1.9758, -2.5 -4.6809 1.9664, -2.5 -4.627 2.1143, -2.5 -4.1831 1.9528, -2.5 -3.4744 1.9528, -2.5 -0.8496 1.705, -2.5 -0.8563 1.7559, -2.5 -0.8496 1.8069, -2.5 -0.8299 1.8543, -2.4328 -4.8524 0.5185, -2.4328 -1.1516 0.5185, -2.4803 -4.8524 0.5382, -2.4803 -1.1516 0.5382, -2.5211 -4.8524 0.5695, -2.5211 -1.1516 0.5695, -2.5524 -4.8524 0.6102, -2.5524 -1.1516 0.6102, -2.572 -4.8524 0.6577, -2.572 -1.1516 0.6577, -2.496 -1.1516 0.6781, -2.496 -4.8524 0.6781, -2.4842 -1.1516 0.6496, -2.4842 -4.8524 0.6496, -2.4654 -1.1516 0.6251, -2.4654 -4.8524 0.6251, -2.4409 -1.1516 0.6064, -2.4409 -4.8524 0.6064, -2.4125 -1.1516 0.5946, -2.4125 -4.8524 0.5946, -2.3819 -1.1516 0.5906, -2.3819 -4.8524 0.5906, 0.5906 -4.8524 0.5906, 0.5906 -4.9705 0.5906, 2.1654 -4.9705 0.5906, -2.1654 -4.9705 0.5906, -0.5906 -4.9705 0.5906, -1.7717 -4.7736 0.5906, -0.5906 -4.8524 0.5906, -0.5906 -4.7736 0.5906, 2.3819 -1.1516 0.5906, 2.0306 -2.2834 0.5906, 2.0291 -2.3142 0.5906, 0.5906 -4.7736 0.5906, 1.7717 -4.7736 0.5906, 1.7717 -3.7479 0.5906, 2.1654 -4.8524 0.5906, 2.3819 -4.8524 0.5906, -0.3731 -2.2031 0.5906, -0.3524 -2.2259 0.5906, 0.3317 -2.2834 0.5906, -0.3317 -2.2834 0.5906, 0.3331 -2.3142 0.5906, -0.3331 -2.3142 0.5906, 0.5906 -3.7479 0.5906, -0.5906 -3.7479 0.5906, -0.5168 -2.1963 0.5906, -0.5396 -2.2171 0.5906, -0.5562 -2.2431 0.5906, -0.3991 -2.1864 0.5906, -2.1654 -4.8524 0.5906, -1.7717 -3.7479 0.5906, -2.0291 -2.3142 0.5906, -1.9337 -2.1771 0.5906, -1.9029 -2.1756 0.5906, -1.8728 -2.1822 0.5906, -1.8454 -2.1963 0.5906, -1.564 -3.5677 0.5906, -0.7982 -3.5677 0.5906, -1.7966 -2.2724 0.5906, -0.5656 -2.2724 0.5906, -1.806 -2.2431 0.5906, -1.8226 -2.2171 0.5906, -0.4894 -2.1822 0.5906, -0.4593 -2.1756 0.5906, -0.4285 -2.1771 0.5906, 1.9631 -2.1864 0.5906, 1.9891 -2.2031 0.5906, -2.0306 -2.2834 0.5906, -2.024 -2.2533 0.5906, -2.0098 -2.2259 0.5906, 2.0098 -2.2259 0.5906, 2.024 -2.2533 0.5906, -1.9891 -2.2031 0.5906, -1.9631 -2.1864 0.5906, 0.4285 -2.1771 0.5906, 0.4593 -2.1756 0.5906, 0.4894 -2.1822 0.5906, 1.8728 -2.1822 0.5906, 1.9029 -2.1756 0.5906, 1.9337 -2.1771 0.5906, 0.3382 -2.2533 0.5906, 0.3524 -2.2259 0.5906, -0.3382 -2.2533 0.5906, 0.3731 -2.2031 0.5906, 0.3991 -2.1864 0.5906, 0.5168 -2.1963 0.5906, 0.5396 -2.2171 0.5906, 0.5562 -2.2431 0.5906, 1.8454 -2.1963 0.5906, 1.8226 -2.2171 0.5906, 0.7982 -3.5677 0.5906, 1.564 -3.5677 0.5906, 0.5656 -2.2724 0.5906, 1.7966 -2.2724 0.5906, 1.806 -2.2431 0.5906, 2.5 -3.4744 1.9528, 2.5 -4.1831 1.9528, 2.5 -4.627 2.1143, 2.5 -0.7986 1.6167, 2.5 -0.7579 1.5854, 2.5 -0.6398 0.9055, 2.5 -0.7104 1.5658, 2.5 -4.7279 1.2083, 2.5 -4.7184 1.1901, 2.5 -4.8524 0.8504, 2.5 -0.6594 1.9528, 2.5 -0.7104 1.946, 2.5 -4.8524 2.5669, 2.5 -0.7579 1.9264, 2.5 -0.7986 1.8951, 2.5 -0.8299 1.8543, 2.5 -0.8496 1.8069, 2.5 -0.8563 1.7559, 2.5 0.3445 0.126, 2.5 -0.6398 0.126, 2.5 0.3445 1.5591, 2.5 -0.6594 1.5591, 2.5 -4.7046 1.1749, 2.5 -4.6872 1.1639, 2.5 -4.8524 0.7087, 2.5 -3.4569 1.9508, 2.5 -3.4402 1.945, 2.5 -0.8496 1.705, 2.5 -3.4253 1.9356, 2.5 -1.1516 0.9055, 2.5 -0.8299 1.6575, 2.5 -4.6471 2.1188, 2.5 -4.8524 2.4252, 2.5 -4.6676 2.1179, 2.5 -4.6872 2.1117, 2.5 -4.9705 2.4252, 2.5 -4.6676 1.1577, 2.5 -4.6471 1.1568, 2.5 -4.627 1.1613, 2.5 -1.1516 0.7087, 2.5 -3.4402 1.3306, 2.5 -3.4253 1.34, 2.5 -3.3976 1.8915, 2.5 -3.3957 1.874, 2.5 -3.3957 1.4016, 2.5 -4.7046 2.1007, 2.5 -4.7184 2.0855, 2.5 -4.7279 2.0673, 2.5 -4.7324 2.0472, 2.5 -4.7315 2.0267, 2.5 -4.9705 0.8504, 2.5 -4.7253 2.0071, 2.5 -3.4128 1.3525, 2.5 -3.4035 1.3674, 2.5 -3.3976 1.3841, 2.5 -3.4035 1.9082, 2.5 -3.4128 1.9231, 2.5 -4.7143 1.9897, 2.5 -4.7315 1.2489, 2.5 -4.7324 1.2284, 2.5 -4.1831 1.3228, 2.5 -3.4744 1.3228, 2.5 -3.4569 1.3248, 2.5 -4.2147 1.8138, 2.5 -4.2147 1.4618, 2.5 -4.2618 1.8138, 2.5 -4.2618 1.4618, 2.5 -4.6809 1.9664, 2.5 -4.6809 1.3092, 2.5 -4.6991 1.2997, 2.5 -4.6991 1.9758, 2.5 -4.7143 1.2859, 2.5 -4.7253 1.2685, 2.4328 -1.1516 0.5185, 2.572 -4.8524 0.6577, 2.572 -1.1516 0.6577, 2.5524 -4.8524 0.6102, 2.5524 -1.1516 0.6102, 2.5211 -4.8524 0.5695, 2.5211 -1.1516 0.5695, 2.4803 -4.8524 0.5382, 2.4803 -1.1516 0.5382, 2.4328 -4.8524 0.5185, 2.4125 -1.1516 0.5946, 2.4125 -4.8524 0.5946, 2.4409 -1.1516 0.6064, 2.4409 -4.8524 0.6064, 2.4654 -1.1516 0.6251, 2.4654 -4.8524 0.6251, 2.4842 -1.1516 0.6496, 2.4842 -4.8524 0.6496, 2.496 -1.1516 0.6781, 2.496 -4.8524 0.6781, 2.1654 -5.1673 2.8819, 2.1654 -5.1673 3.0, 0.5906 -5.1673 2.8819, 0.5906 -5.1673 3.0, 3.1693 0.3445 0.0079, 3.1693 0.3445 0.0866, 3.1693 0.0492 0.0079, 3.1693 0.0492 0.0866, -3.1693 -0.6398 0.0079, -3.1693 -0.6398 0.0866, -3.1693 -0.3445 0.0079, -3.1693 -0.3445 0.0866, -2.6181 -0.6398 0.0866, -2.6181 -0.6398 0.0079, -2.6079 -0.6398 0.088, -2.5875 -0.6398 0.0119, -2.5984 -0.6398 0.0919, -2.5591 -0.6398 0.0237, -2.5903 -0.6398 0.0981, -2.5346 -0.6398 0.0425, -2.584 -0.6398 0.1063, -2.5158 -0.6398 0.0669, -2.5801 -0.6398 0.1158, -2.504 -0.6398 0.0954, -0.5906 -5.1673 2.8819, -0.5906 -5.1673 3.0, -2.1654 -5.1673 2.8819, -2.1654 -5.1673 3.0, -2.4902 -3.6334 1.4909, -2.4909 -3.6323 1.5011, -2.4712 -3.6664 1.4618, -2.3644 -3.8512 1.4618, -2.481 -3.6493 1.467, -2.4851 -3.6423 1.4733, -2.4882 -3.6368 1.4814, -2.3644 -3.8512 1.8138, -2.4909 -3.6323 1.7745, -2.4712 -3.6664 1.8138, -2.4763 -3.6575 1.4631, -2.4882 -3.6368 1.7941, -2.4851 -3.6423 1.8023, -2.481 -3.6493 1.8086, -2.4902 -3.6334 1.7846, -2.4763 -3.6575 1.8125, -2.5591 -3.6716 1.5011, -2.5591 -3.6716 1.7745, -2.5394 -3.7057 1.4618, -2.4326 -3.8906 1.4618, -2.5584 -3.6728 1.7846, -2.5394 -3.7057 1.8138, -2.4326 -3.8906 1.8138, -2.5492 -3.6887 1.8086, -2.5533 -3.6816 1.8023, -2.5564 -3.6762 1.7941, -2.5564 -3.6762 1.4814, -2.5533 -3.6816 1.4733, -2.5492 -3.6887 1.467, -2.5584 -3.6728 1.4909, -2.5445 -3.6969 1.4631, -2.5445 -3.6969 1.8125, -2.5629 -4.1557 1.4618, -2.5629 -4.1557 1.8138, -2.4326 -3.93 1.4618, -2.4326 -3.93 1.8138, -2.3644 -3.9694 1.4618, -2.3644 -3.9694 1.8138, -2.4947 -4.195 1.4618, -2.4947 -4.195 1.8138, -2.4994 -4.2079 1.8138, -2.4994 -4.2079 1.4618, -2.4976 -4.2012 1.8138, -2.4976 -4.2012 1.4618, -2.4287 -3.9205 1.4618, -2.4287 -3.9205 1.8138, -2.4274 -3.9103 1.4618, -2.4274 -3.9103 1.8138, -2.4287 -3.9001 1.4618, -2.4287 -3.9001 1.8138, -2.3526 -3.9409 1.4618, -2.3526 -3.9409 1.8138, -2.3486 -3.9103 1.4618, -2.3486 -3.9103 1.8138, -2.3526 -3.8797 1.4618, -2.3526 -3.8797 1.8138, -2.5769 -4.1942 1.8138, -2.5769 -4.1942 1.4618, -2.5716 -4.1743 1.8138, -2.5716 -4.1743 1.4618, -2.572 -4.8524 2.6179, -2.572 0.3445 2.6179, -2.5524 -4.8524 2.6654, -2.5524 0.3445 2.6654, -2.5211 -4.8524 2.7061, -2.5211 0.3445 2.7061, -2.4803 -4.8524 2.7374, -2.4803 0.3445 2.7374, -2.4328 -4.8524 2.7571, -2.4328 0.3445 2.7571, -2.3819 -4.8524 2.7638, -2.3819 0.3445 2.7638, 2.3819 -4.8524 2.7638, 2.0306 -2.2834 2.7638, 0.5906 -4.9705 2.7638, 1.7717 -4.7736 2.7638, 0.5906 -4.8524 2.7638, 0.5906 -4.7736 2.7638, -0.5906 -4.8524 2.7638, 2.0291 -2.3142 2.7638, 1.7717 -3.7479 2.7638, 2.1654 -4.8524 2.7638, 2.1654 -4.9705 2.7638, 1.9631 -2.1864 2.7638, 1.9891 -2.2031 2.7638, 2.3622 0.4035 2.7638, 1.5748 0.4035 2.7638, 0.3317 -2.2834 2.7638, -0.3317 -2.2834 2.7638, 0.3331 -2.3142 2.7638, -0.3331 -2.3142 2.7638, 0.5906 -3.7479 2.7638, -0.5906 -3.7479 2.7638, -0.5906 -4.7736 2.7638, -1.7717 -4.7736 2.7638, -0.5906 -4.9705 2.7638, 2.0098 -2.2259 2.7638, 2.024 -2.2533 2.7638, 1.8226 -2.2171 2.7638, 1.8454 -2.1963 2.7638, 0.5562 -2.2431 2.7638, 0.3937 0.4035 2.7638, -0.3937 0.4035 2.7638, -0.5168 -2.1963 2.7638, -0.4894 -2.1822 2.7638, -1.9337 -2.1771 2.7638, -1.9029 -2.1756 2.7638, 0.8026 -3.5925 2.7638, 1.5596 -3.5925 2.7638, 0.5656 -2.2724 2.7638, 1.7966 -2.2724 2.7638, 1.806 -2.2431 2.7638, -0.4593 -2.1756 2.7638, -0.4285 -2.1771 2.7638, -0.3991 -2.1864 2.7638, 0.4285 -2.1771 2.7638, 0.4593 -2.1756 2.7638, 0.4894 -2.1822 2.7638, 0.5168 -2.1963 2.7638, 0.5396 -2.2171 2.7638, -1.8728 -2.1822 2.7638, -1.8454 -2.1963 2.7638, -1.8226 -2.2171 2.7638, -1.806 -2.2431 2.7638, -0.5396 -2.2171 2.7638, -2.0306 -2.2834 2.7638, -2.024 -2.2533 2.7638, -2.0098 -2.2259 2.7638, -1.9891 -2.2031 2.7638, -1.9631 -2.1864 2.7638, -2.3622 0.3445 2.7638, -2.0291 -2.3142 2.7638, -2.3622 0.4035 2.7638, -1.5748 0.4035 2.7638, 0.3382 -2.2533 2.7638, 0.3524 -2.2259 2.7638, -0.3382 -2.2533 2.7638, 0.3731 -2.2031 2.7638, -0.3731 -2.2031 2.7638, -0.3524 -2.2259 2.7638, 0.3991 -2.1864 2.7638, 1.8728 -2.1822 2.7638, 1.9029 -2.1756 2.7638, 1.9337 -2.1771 2.7638, -1.5596 -3.5925 2.7638, -0.8026 -3.5925 2.7638, -1.7966 -2.2724 2.7638, -0.5656 -2.2724 2.7638, -0.5562 -2.2431 2.7638, -1.7717 -3.7479 2.7638, -2.1654 -4.8524 2.7638, -2.1654 -4.9705 2.7638, -2.3819 0.3445 2.685, -2.3819 -4.8524 2.685, -2.4125 0.3445 2.681, -2.4125 -4.8524 2.681, -2.4409 0.3445 2.6692, -2.4409 -4.8524 2.6692, -2.4654 0.3445 2.6504, -2.4654 -4.8524 2.6504, -2.4842 0.3445 2.626, -2.4842 -4.8524 2.626, -2.496 0.3445 2.5975, -2.496 -4.8524 2.5975, -0.5906 -4.8524 2.685, -0.5906 -4.9705 2.685, -2.1654 -4.9705 2.685, -2.3622 0.3445 2.685, -2.3622 0.4035 2.685, -1.5748 0.4035 2.685, -2.024 -2.2533 2.685, -2.0306 -2.2834 2.685, -2.0291 -2.3142 2.685, -1.7717 -3.7479 2.685, -2.1654 -4.8524 2.685, -1.7717 -4.7736 2.685, -0.5906 -4.7736 2.685, -0.3317 -2.2834 2.685, 0.3317 -2.2834 2.685, -0.3331 -2.3142 2.685, 0.3331 -2.3142 2.685, -0.5906 -3.7479 2.685, 0.5906 -3.7479 2.685, 0.5906 -4.7736 2.685, 0.5906 -4.8524 2.685, 1.7717 -4.7736 2.685, 0.5906 -4.9705 2.685, -0.3937 0.4035 2.685, 0.3937 0.4035 2.685, 0.3731 -2.2031 2.685, 0.3524 -2.2259 2.685, 1.564 -3.5677 2.685, 0.7982 -3.5677 2.685, 1.7966 -2.2724 2.685, 0.5656 -2.2724 2.685, 1.806 -2.2431 2.685, 1.8226 -2.2171 2.685, 0.5396 -2.2171 2.685, 1.9029 -2.1756 2.685, 0.5562 -2.2431 2.685, 1.8728 -2.1822 2.685, 1.8454 -2.1963 2.685, 2.0306 -2.2834 2.685, 2.024 -2.2533 2.685, 2.0098 -2.2259 2.685, 1.9891 -2.2031 2.685, 2.0291 -2.3142 2.685, 2.3622 0.4035 2.685, 1.5748 0.4035 2.685, 1.9631 -2.1864 2.685, 1.9337 -2.1771 2.685, 0.3991 -2.1864 2.685, 0.4285 -2.1771 2.685, 2.3819 -4.8524 2.685, 1.7717 -3.7479 2.685, 2.1654 -4.8524 2.685, 2.1654 -4.9705 2.685, 0.5168 -2.1963 2.685, 0.4894 -2.1822 2.685, 0.4593 -2.1756 2.685, -1.8728 -2.1822 2.685, -1.9029 -2.1756 2.685, -1.9337 -2.1771 2.685, -1.9631 -2.1864 2.685, -0.3382 -2.2533 2.685, -0.3524 -2.2259 2.685, 0.3382 -2.2533 2.685, -0.3731 -2.2031 2.685, -0.4285 -2.1771 2.685, -0.4593 -2.1756 2.685, -0.4894 -2.1822 2.685, -1.9891 -2.2031 2.685, -2.0098 -2.2259 2.685, -0.3991 -2.1864 2.685, -0.5168 -2.1963 2.685, -0.5396 -2.2171 2.685, -0.5562 -2.2431 2.685, -1.8454 -2.1963 2.685, -0.5656 -2.2724 2.685, -0.7982 -3.5677 2.685, -1.564 -3.5677 2.685, -1.7966 -2.2724 2.685, -1.806 -2.2431 2.685, -1.8226 -2.2171 2.685, -1.3894 -4.5399 2.6484, -1.3954 -4.5066 2.7198, -1.4886 -3.9877 2.3909, -1.4872 -3.9956 2.4815, -0.8736 -3.9877 2.3909, -0.875 -3.9956 2.4815, -0.9728 -4.5399 2.6484, -0.9668 -4.5066 2.7198, -1.0149 -4.5921 2.6728, -1.0323 -4.5979 2.6754, -1.0507 -4.5998 2.6764, -1.3115 -4.5998 2.6764, -1.3299 -4.5979 2.6754, -1.3473 -4.5921 2.6728, -1.3627 -4.5828 2.6684, -1.3753 -4.5705 2.6627, -1.3844 -4.556 2.6559, -0.9778 -4.556 2.6559, -0.9869 -4.5705 2.6627, -0.9995 -4.5828 2.6684, -1.0447 -4.5665 2.7477, -1.3175 -4.5665 2.7477, -1.3532 -4.5588 2.7441, -1.3359 -4.5646 2.7468, -1.0263 -4.5646 2.7468, -1.009 -4.5588 2.7441, -1.3903 -4.5227 2.7273, -1.3812 -4.5373 2.7341, -1.3686 -4.5495 2.7398, -0.9936 -4.5495 2.7398, -0.981 -4.5373 2.7341, -0.9719 -4.5227 2.7273, -1.4886 -3.9877 0.8847, -1.4872 -3.9956 0.7941, -1.3894 -4.5399 0.6272, -1.3954 -4.5066 0.5558, -0.9728 -4.5399 0.6272, -0.9668 -4.5066 0.5558, -0.8736 -3.9877 0.8847, -0.875 -3.9956 0.7941, -1.3473 -4.5921 0.6028, -1.3299 -4.5979 0.6001, -1.3115 -4.5998 0.5992, -1.0507 -4.5998 0.5992, -1.0323 -4.5979 0.6001, -1.0149 -4.5921 0.6028, -1.3844 -4.556 0.6197, -1.3753 -4.5705 0.6129, -1.3627 -4.5828 0.6072, -0.9995 -4.5828 0.6072, -0.9869 -4.5705 0.6129, -0.9778 -4.556 0.6197, -1.3175 -4.5665 0.5279, -1.0447 -4.5665 0.5279, -1.009 -4.5588 0.5315, -1.0263 -4.5646 0.5288, -1.3359 -4.5646 0.5288, -1.3532 -4.5588 0.5315, -1.3686 -4.5495 0.5358, -1.3812 -4.5373 0.5415, -1.3903 -4.5227 0.5483, -0.9719 -4.5227 0.5483, -0.981 -4.5373 0.5415, -0.9936 -4.5495 0.5358, 2.4909 -3.6323 1.7745, 2.3644 -3.8512 1.8138, 2.4712 -3.6664 1.8138, 2.3644 -3.8512 1.4618, 2.4909 -3.6323 1.5011, 2.4712 -3.6664 1.4618, 2.481 -3.6493 1.8086, 2.4851 -3.6423 1.8023, 2.4763 -3.6575 1.8125, 2.4882 -3.6368 1.7941, 2.4902 -3.6334 1.7846, 2.4882 -3.6368 1.4814, 2.4851 -3.6423 1.4733, 2.481 -3.6493 1.467, 2.4902 -3.6334 1.4909, 2.4763 -3.6575 1.4631, 2.5591 -3.6716 1.7745, 2.5591 -3.6716 1.5011, 2.5584 -3.6728 1.4909, 2.5394 -3.7057 1.4618, 2.4326 -3.8906 1.4618, 2.5492 -3.6887 1.467, 2.5533 -3.6816 1.4733, 2.5564 -3.6762 1.4814, 2.4326 -3.8906 1.8138, 2.5394 -3.7057 1.8138, 2.5584 -3.6728 1.7846, 2.5564 -3.6762 1.7941, 2.5533 -3.6816 1.8023, 2.5492 -3.6887 1.8086, 2.5445 -3.6969 1.8125, 2.5445 -3.6969 1.4631, 2.5629 -4.1557 1.8138, 2.5629 -4.1557 1.4618, 2.4326 -3.93 1.8138, 2.4326 -3.93 1.4618, 2.3644 -3.9694 1.8138, 2.3644 -3.9694 1.4618, 2.4947 -4.195 1.8138, 2.4947 -4.195 1.4618, 2.4976 -4.2012 1.8138, 2.4976 -4.2012 1.4618, 2.4994 -4.2079 1.8138, 2.4994 -4.2079 1.4618, 2.4293 -3.8981 1.4618, 2.4293 -3.8981 1.8138, 2.4276 -3.9062 1.4618, 2.4276 -3.9062 1.8138, 2.4276 -3.9144 1.4618, 2.4276 -3.9144 1.8138, 2.4293 -3.9225 1.4618, 2.4293 -3.9225 1.8138, 2.3544 -3.8738 1.4618, 2.3544 -3.8738 1.8138, 2.3493 -3.898 1.4618, 2.3493 -3.898 1.8138, 2.3493 -3.9226 1.4618, 2.3493 -3.9226 1.8138, 2.3544 -3.9468 1.4618, 2.3544 -3.9468 1.8138, 2.5716 -4.1743 1.8138, 2.5716 -4.1743 1.4618, 2.5769 -4.1942 1.8138, 2.5769 -4.1942 1.4618, 2.4328 -4.8524 2.7571, 2.4803 -4.8524 2.7374, 2.5211 -4.8524 2.7061, 2.5524 -4.8524 2.6654, 2.572 -4.8524 2.6179, 2.496 -4.8524 2.5975, 2.4842 -4.8524 2.626, 2.4654 -4.8524 2.6504, 2.4409 -4.8524 2.6692, 2.4125 -4.8524 2.681, 1.4886 -3.9877 2.3909, 1.4872 -3.9956 2.4815, 1.3894 -4.5399 2.6484, 1.3954 -4.5066 2.7198, 0.9728 -4.5399 2.6484, 0.9668 -4.5066 2.7198, 0.8736 -3.9877 2.3909, 0.875 -3.9956 2.4815, 1.3473 -4.5921 2.6728, 1.3299 -4.5979 2.6754, 1.3115 -4.5998 2.6764, 1.0507 -4.5998 2.6764, 1.0323 -4.5979 2.6754, 1.0149 -4.5921 2.6728, 1.3844 -4.556 2.6559, 1.3753 -4.5705 2.6627, 1.3627 -4.5828 2.6684, 0.9995 -4.5828 2.6684, 0.9869 -4.5705 2.6627, 0.9778 -4.556 2.6559, 1.3175 -4.5665 2.7477, 1.0447 -4.5665 2.7477, 1.009 -4.5588 2.7441, 1.0263 -4.5646 2.7468, 1.3359 -4.5646 2.7468, 1.3532 -4.5588 2.7441, 1.3686 -4.5495 2.7398, 1.3812 -4.5373 2.7341, 1.3903 -4.5227 2.7273, 0.9719 -4.5227 2.7273, 0.981 -4.5373 2.7341, 0.9936 -4.5495 2.7398, 1.3894 -4.5399 0.6272, 1.3954 -4.5066 0.5558, 1.4886 -3.9877 0.8847, 1.4872 -3.9956 0.7941, 0.9668 -4.5066 0.5558, 0.9728 -4.5399 0.6272, 0.875 -3.9956 0.7941, 0.8736 -3.9877 0.8847, 1.0149 -4.5921 0.6028, 1.0323 -4.5979 0.6001, 1.0507 -4.5998 0.5992, 1.3115 -4.5998 0.5992, 1.3299 -4.5979 0.6001, 1.3473 -4.5921 0.6028, 1.3627 -4.5828 0.6072, 1.3753 -4.5705 0.6129, 1.3844 -4.556 0.6197, 0.9778 -4.556 0.6197, 0.9869 -4.5705 0.6129, 0.9995 -4.5828 0.6072, 1.0447 -4.5665 0.5279, 1.3175 -4.5665 0.5279, 1.3532 -4.5588 0.5315, 1.3359 -4.5646 0.5288, 1.0263 -4.5646 0.5288, 1.009 -4.5588 0.5315, 1.3903 -4.5227 0.5483, 1.3812 -4.5373 0.5415, 1.3686 -4.5495 0.5358, 0.9936 -4.5495 0.5358, 0.981 -4.5373 0.5415, 0.9719 -4.5227 0.5483, 2.5801 -0.6398 0.1158, 2.504 -0.6398 0.0954, 2.584 -0.6398 0.1063, 2.5158 -0.6398 0.0669, 2.5903 -0.6398 0.0981, 2.5346 -0.6398 0.0425, 2.5984 -0.6398 0.0919, 2.5591 -0.6398 0.0237, 2.6079 -0.6398 0.088, 2.5875 -0.6398 0.0119, 2.6181 -0.6398 0.0866, 2.6181 -0.6398 0.0079, 3.1693 -0.6398 0.0866, 3.1693 -0.6398 0.0079, -2.5801 0.3445 0.1158, -2.504 0.3445 0.0954, -2.584 0.3445 0.1063, -2.5158 0.3445 0.0669, -2.5903 0.3445 0.0981, -2.5346 0.3445 0.0425, -2.5984 0.3445 0.0919, -2.5591 0.3445 0.0237, -2.6079 0.3445 0.088, -2.5875 0.3445 0.0119, -2.6181 0.3445 0.0866, -2.6181 0.3445 0.0079, -3.1693 0.3445 0.0866, -3.1693 0.3445 0.0079, 2.6181 0.3445 0.0866, 2.6181 0.3445 0.0079, 2.6079 0.3445 0.088, 2.5875 0.3445 0.0119, 2.5984 0.3445 0.0919, 2.5591 0.3445 0.0237, 2.5903 0.3445 0.0981, 2.5346 0.3445 0.0425, 2.584 0.3445 0.1063, 2.5158 0.3445 0.0669, 2.5801 0.3445 0.1158, 2.504 0.3445 0.0954, -3.0301 -0.2868 0.0079, -2.9988 -0.2461 0.0079, -3.1183 -0.3378 0.0079, -3.0709 -0.3181 0.0079, -2.9988 -0.0492 0.0079, -3.0301 -0.0084 0.0079, -3.0709 0.0228 0.0079, -3.1183 0.0425 0.0079, -3.1693 0.0492 0.0079, -2.9791 -0.1986 0.0079, -2.9724 -0.1476 0.0079, -2.9791 -0.0967 0.0079, 3.0709 0.0228 0.0079, 3.0301 -0.0084 0.0079, 2.9988 -0.0492 0.0079, 3.1183 0.0425 0.0079, 2.9791 -0.0967 0.0079, 2.9724 -0.1476 0.0079, 2.9791 -0.1986 0.0079, 2.9988 -0.2461 0.0079, 3.0301 -0.2868 0.0079, 3.0709 -0.3181 0.0079, 3.1183 -0.3378 0.0079, 3.1693 -0.3445 0.0079, 3.0301 -0.2868 0.0866, 2.9988 -0.2461 0.0866, 3.1693 -0.3445 0.0866, 3.1183 -0.3378 0.0866, 2.9988 -0.0492 0.0866, 3.0301 -0.0084 0.0866, 3.0709 0.0228 0.0866, 3.1183 0.0425 0.0866, 3.0709 -0.3181 0.0866, 2.9791 -0.1986 0.0866, 2.9724 -0.1476 0.0866, 2.9791 -0.0967 0.0866, -3.0301 -0.0084 0.0866, -2.9988 -0.0492 0.0866, -3.1693 0.0492 0.0866, -3.1183 0.0425 0.0866, -3.0709 0.0228 0.0866, -2.9988 -0.2461 0.0866, -3.0301 -0.2868 0.0866, -3.0709 -0.3181 0.0866, -3.1183 -0.3378 0.0866, -2.9791 -0.0967 0.0866, -2.9724 -0.1476 0.0866, -2.9791 -0.1986 0.0866, -2.1654 -5.001 2.7678, -2.1654 -5.0214 2.6917, -2.1654 -5.0295 2.7796, -2.1654 -5.0689 2.7114, -2.1654 -5.054 2.7984, -2.1654 -5.1097 2.7427, -2.1654 -5.0728 2.8228, -2.1654 -5.1409 2.7835, -2.1654 -5.0846 2.8513, -2.1654 -5.1606 2.8309, -2.1654 -5.0886 2.8819, -2.1654 -5.0886 3.0, -0.5906 -5.0886 3.0, -0.5906 -5.0886 2.8819, -0.5906 -5.0846 2.8513, -0.5906 -5.1606 2.8309, -0.5906 -5.0728 2.8228, -0.5906 -5.1409 2.7835, -0.5906 -5.054 2.7984, -0.5906 -5.1097 2.7427, -0.5906 -5.0295 2.7796, -0.5906 -5.0689 2.7114, -0.5906 -5.001 2.7678, -0.5906 -5.0214 2.6917, 2.1654 -5.0886 3.0, 2.1654 -5.0886 2.8819, 2.1654 -5.0846 2.8513, 2.1654 -5.1606 2.8309, 2.1654 -5.0728 2.8228, 2.1654 -5.1409 2.7835, 2.1654 -5.054 2.7984, 2.1654 -5.1097 2.7427, 2.1654 -5.0295 2.7796, 2.1654 -5.0689 2.7114, 2.1654 -5.001 2.7678, 2.1654 -5.0214 2.6917, 0.5906 -5.001 2.7678, 0.5906 -5.0214 2.6917, 0.5906 -5.0295 2.7796, 0.5906 -5.0689 2.7114, 0.5906 -5.054 2.7984, 0.5906 -5.1097 2.7427, 0.5906 -5.0728 2.8228, 0.5906 -5.1409 2.7835, 0.5906 -5.0846 2.8513, 0.5906 -5.1606 2.8309, 0.5906 -5.0886 2.8819, 0.5906 -5.0886 3.0, 2.1654 -5.001 0.5078, 2.1654 -5.0214 0.5838, 2.1654 -5.0295 0.496, 2.1654 -5.0689 0.5642, 2.1654 -5.054 0.4772, 2.1654 -5.1097 0.5329, 2.1654 -5.0728 0.4528, 2.1654 -5.1409 0.4921, 2.1654 -5.0846 0.4243, 2.1654 -5.1606 0.4446, 2.1654 -5.0886 0.3937, 2.1654 -5.0886 0.2756, 0.5906 -5.0886 0.2756, 0.5906 -5.0886 0.3937, 0.5906 -5.0846 0.4243, 0.5906 -5.1606 0.4446, 0.5906 -5.0728 0.4528, 0.5906 -5.1409 0.4921, 0.5906 -5.054 0.4772, 0.5906 -5.1097 0.5329, 0.5906 -5.0295 0.496, 0.5906 -5.0689 0.5642, 0.5906 -5.001 0.5078, 0.5906 -5.0214 0.5838, -0.5906 -5.001 0.5078, -0.5906 -5.0214 0.5838, -0.5906 -5.0295 0.496, -0.5906 -5.0689 0.5642, -0.5906 -5.054 0.4772, -0.5906 -5.1097 0.5329, -0.5906 -5.0728 0.4528, -0.5906 -5.1409 0.4921, -0.5906 -5.0846 0.4243, -0.5906 -5.1606 0.4446, -0.5906 -5.0886 0.3937, -0.5906 -5.0886 0.2756, -2.1654 -5.0886 0.2756, -2.1654 -5.0886 0.3937, -2.1654 -5.0846 0.4243, -2.1654 -5.1606 0.4446, -2.1654 -5.0728 0.4528, -2.1654 -5.1409 0.4921, -2.1654 -5.054 0.4772, -2.1654 -5.1097 0.5329, -2.1654 -5.0295 0.496, -2.1654 -5.0689 0.5642, -2.1654 -5.001 0.5078, -2.1654 -5.0214 0.5838, 2.5828 -5.001 2.4252, 2.5067 -5.0214 2.4252, 2.5946 -5.0295 2.4252, 2.5264 -5.0689 2.4252, 2.6133 -5.054 2.4252, 2.5577 -5.1097 2.4252, 2.6378 -5.0728 2.4252, 2.5984 -5.1409 2.4252, 2.6663 -5.0846 2.4252, 2.6459 -5.1606 2.4252, 2.6969 -5.0886 2.4252, 2.8937 -5.0886 2.4252, 2.8937 -5.0886 0.8504, 2.6969 -5.0886 0.8504, 2.6663 -5.0846 0.8504, 2.6459 -5.1606 0.8504, 2.6378 -5.0728 0.8504, 2.5984 -5.1409 0.8504, 2.6133 -5.054 0.8504, 2.5577 -5.1097 0.8504, 2.5946 -5.0295 0.8504, 2.5264 -5.0689 0.8504, 2.5828 -5.001 0.8504, 2.5067 -5.0214 0.8504, -2.8937 -5.0886 2.4252, -2.8937 -5.0886 0.8504, -2.6969 -5.0886 2.4252, -2.6663 -5.0846 2.4252, -2.6459 -5.1606 2.4252, -2.6378 -5.0728 2.4252, -2.5984 -5.1409 2.4252, -2.6133 -5.054 2.4252, -2.5577 -5.1097 2.4252, -2.5946 -5.0295 2.4252, -2.5264 -5.0689 2.4252, -2.5828 -5.001 2.4252, -2.5067 -5.0214 2.4252, -2.5828 -5.001 0.8504, -2.5067 -5.0214 0.8504, -2.5946 -5.0295 0.8504, -2.5264 -5.0689 0.8504, -2.6133 -5.054 0.8504, -2.5577 -5.1097 0.8504, -2.6378 -5.0728 0.8504, -2.5984 -5.1409 0.8504, -2.6663 -5.0846 0.8504, -2.6459 -5.1606 0.8504, -2.6969 -5.0886 0.8504, -2.4606 0.4429 1.189, -2.6181 0.4429 1.189, -2.6181 0.4429 0.4016, -1.5748 0.4429 2.6457, -2.3622 0.4429 2.6457, 2.6181 0.4429 0.4016, 2.6181 0.4429 1.189, 2.3622 0.4429 2.6457, 1.5748 0.4429 2.6457, 1.5748 0.4429 2.2913, -2.3622 0.4429 2.2913, -2.4606 0.4429 2.2913, 0.3937 0.4429 2.2913, 0.3937 0.4429 2.6457, -0.3937 0.4429 2.6457, -2.6181 0.5217 0.4016, -2.6181 0.5217 1.189, -2.4606 0.5217 1.189, 2.6181 0.5217 1.189, 2.6181 0.5217 0.4016, 1.5748 0.5217 2.2913, 1.5748 0.5217 2.6457, 2.3622 0.5217 2.6457, -2.4606 0.5217 2.2913, -2.3622 0.5217 2.2913, -2.3622 0.5217 2.6457, -1.5748 0.5217 2.6457, -0.3937 0.5217 2.6457, 0.3937 0.5217 2.6457, 0.3937 0.5217 2.2913, -0.3937 0.5187 2.672, 0.3937 0.5187 2.672, -0.3937 0.51 2.6969, 0.3937 0.51 2.6969, -0.3937 0.4959 2.7193, 0.3937 0.4959 2.7193, -0.3937 0.4772 2.738, 0.3937 0.4772 2.738, -0.3937 0.4548 2.7521, 0.3937 0.4548 2.7521, -0.3937 0.4298 2.7608, 0.3937 0.4298 2.7608, 0.3937 0.4123 2.6841, -0.3937 0.4123 2.6841, 0.3937 0.4206 2.6811, -0.3937 0.4206 2.6811, 0.3937 0.4281 2.6765, -0.3937 0.4281 2.6765, 0.3937 0.4343 2.6702, -0.3937 0.4343 2.6702, 0.3937 0.439 2.6628, -0.3937 0.439 2.6628, 0.3937 0.4419 2.6544, -0.3937 0.4419 2.6544, -2.6561 0.4137 0.4016, -2.7322 0.4341 0.4016, -2.6522 0.4232 0.4016, -2.7204 0.4626 0.4016, -2.6459 0.4314 0.4016, -2.7016 0.4871 0.4016, -2.6378 0.4376 0.4016, -2.6772 0.5058 0.4016, -2.6283 0.4416 0.4016, -2.6487 0.5176 0.4016, 2.6283 0.4416 0.4016, 2.6487 0.5176 0.4016, 2.6378 0.4376 0.4016, 2.6772 0.5058 0.4016, 2.6459 0.4314 0.4016, 2.7016 0.4871 0.4016, 2.6522 0.4232 0.4016, 2.7204 0.4626 0.4016, 2.6561 0.4137 0.4016, 2.7322 0.4341 0.4016, 2.6575 0.4035 0.4016, 2.7362 0.4035 0.4016, 2.6575 -0.5413 0.4016, 2.7362 -0.5413 0.4016, -2.3622 0.5187 2.672, -1.5748 0.5187 2.672, -2.3622 0.51 2.6969, -1.5748 0.51 2.6969, -2.3622 0.4959 2.7193, -1.5748 0.4959 2.7193, -2.3622 0.4772 2.738, -1.5748 0.4772 2.738, -2.3622 0.4548 2.7521, -1.5748 0.4548 2.7521, -2.3622 0.4298 2.7608, -1.5748 0.4298 2.7608, -1.5748 0.4123 2.6841, -2.3622 0.4123 2.6841, -1.5748 0.4206 2.6811, -2.3622 0.4206 2.6811, -1.5748 0.4281 2.6765, -2.3622 0.4281 2.6765, -1.5748 0.4343 2.6702, -2.3622 0.4343 2.6702, -1.5748 0.439 2.6628, -2.3622 0.439 2.6628, -1.5748 0.4419 2.6544, -2.3622 0.4419 2.6544, 1.5748 0.5187 2.672, 2.3622 0.5187 2.672, 1.5748 0.51 2.6969, 2.3622 0.51 2.6969, 1.5748 0.4959 2.7193, 2.3622 0.4959 2.7193, 1.5748 0.4772 2.738, 2.3622 0.4772 2.738, 1.5748 0.4548 2.7521, 2.3622 0.4548 2.7521, 1.5748 0.4298 2.7608, 2.3622 0.4298 2.7608, 2.3622 0.4123 2.6841, 1.5748 0.4123 2.6841, 2.3622 0.4206 2.6811, 1.5748 0.4206 2.6811, 2.3622 0.4281 2.6765, 1.5748 0.4281 2.6765, 2.3622 0.4343 2.6702, 1.5748 0.4343 2.6702, 2.3622 0.439 2.6628, 1.5748 0.439 2.6628, 2.3622 0.4419 2.6544, 1.5748 0.4419 2.6544, 2.7362 -0.3445 0.5984, 2.7362 0.2067 0.5984, 2.7362 0.2067 0.9921, 2.7362 0.4035 1.189, 2.7362 -0.3445 0.9921, 2.7362 -0.5413 1.189, 2.7322 0.4341 1.189, 2.7204 0.4626 1.189, 2.7016 0.4871 1.189, 2.6772 0.5058 1.189, 2.6487 0.5176 1.189, 2.6283 0.4416 1.189, 2.6378 0.4376 1.189, 2.6459 0.4314 1.189, 2.6522 0.4232 1.189, 2.6561 0.4137 1.189, 2.6575 0.4035 1.189, 2.6575 0.2067 0.9921, 2.6575 0.2067 0.5984, 2.6575 -0.3445 0.5984, 2.6575 -0.3445 0.9921, 2.6575 -0.5413 1.189, -2.6561 0.4137 1.189, -2.6522 0.4232 1.189, -2.6459 0.4314 1.189, -2.6378 0.4376 1.189, -2.6283 0.4416 1.189, -2.6487 0.5176 1.189, -2.6772 0.5058 1.189, -2.7016 0.4871 1.189, -2.7204 0.4626 1.189, -2.7322 0.4341 1.189
            ]
        }
        coordIndex [
            0,1,2,-1,3,4,5,-1,6,7,8,-1,9,10,11,-1,12,13,6,-1,6,13,14,-1,6,14,15,-1,15,16,6,-1,6,16,17,-1,6,17,9,-1,10,18,11,-1,11,18,19,-1,11,19,20,-1,21,22,23,-1,23,22,24,-1,23,24,8,-1,8,24,25,-1,8,25,6,-1,6,25,26,-1,6,26,12,-1,27,28,29,-1,30,31,32,-1,33,34,35,-1,35,34,36,-1,35,36,37,-1,37,38,35,-1,35,38,39,-1,35,39,32,-1,32,39,40,-1,32,40,30,-1,31,41,32,-1,32,41,42,-1,32,42,43,-1,21,44,22,-1,22,44,45,-1,22,45,29,-1,29,45,46,-1,29,46,27,-1,27,46,47,-1,27,47,48,-1,49,50,5,-1,5,50,11,-1,5,11,3,-1,3,11,20,-1,51,52,53,-1,54,55,56,-1,57,58,59,-1,60,61,51,-1,62,63,64,-1,64,63,65,-1,64,65,59,-1,59,65,66,-1,59,66,57,-1,67,68,69,-1,70,71,58,-1,58,71,72,-1,58,72,59,-1,59,72,73,-1,59,73,74,-1,69,75,67,-1,67,75,76,-1,67,76,58,-1,58,76,77,-1,58,77,70,-1,59,78,79,-1,74,80,59,-1,59,80,81,-1,59,81,78,-1,60,51,56,-1,56,51,53,-1,56,53,54,-1,54,53,82,-1,54,82,79,-1,79,82,83,-1,79,83,59,-1,84,85,86,-1,86,85,87,-1,86,87,88,-1,60,89,61,-1,61,89,90,-1,61,90,91,-1,88,92,86,-1,86,92,93,-1,86,93,64,-1,64,93,94,-1,64,94,62,-1,43,48,32,-1,32,48,47,-1,32,47,95,-1,95,47,96,-1,95,96,86,-1,86,96,91,-1,86,91,84,-1,84,91,90,-1,97,98,99,-1,99,98,100,-1,99,100,101,-1,102,103,104,-1,104,103,105,-1,104,105,106,-1,107,108,109,-1,110,111,112,-1,112,111,113,-1,109,114,107,-1,107,114,115,-1,107,115,116,-1,110,117,111,-1,111,117,118,-1,111,118,100,-1,100,118,119,-1,100,119,101,-1,116,120,107,-1,107,120,121,-1,107,121,111,-1,111,121,122,-1,111,122,113,-1,123,124,125,-1,125,124,126,-1,127,128,129,-1,129,128,130,-1,129,130,131,-1,131,132,129,-1,129,132,133,-1,129,133,123,-1,123,133,134,-1,123,134,135,-1,135,134,136,-1,135,136,137,-1,137,138,135,-1,135,138,139,-1,135,139,140,-1,141,142,135,-1,135,142,143,-1,144,145,146,-1,146,145,147,-1,143,148,135,-1,135,148,147,-1,135,147,149,-1,149,147,145,-1,140,150,135,-1,135,150,151,-1,135,151,141,-1,152,153,154,-1,152,154,155,-1,156,157,158,-1,159,160,156,-1,156,160,161,-1,156,161,157,-1,158,162,156,-1,156,162,163,-1,156,163,164,-1,153,165,154,-1,154,165,166,-1,154,166,159,-1,167,168,32,-1,32,168,169,-1,32,169,35,-1,35,169,170,-1,35,170,154,-1,154,170,171,-1,154,171,155,-1,172,104,107,-1,107,104,106,-1,107,106,108,-1,172,173,104,-1,104,173,97,-1,104,97,102,-1,102,97,99,-1,2,156,0,-1,0,156,164,-1,0,164,128,-1,128,164,174,-1,128,174,130,-1,175,111,176,-1,176,111,177,-1,176,177,178,-1,178,177,179,-1,178,179,107,-1,107,179,180,-1,107,180,172,-1,181,182,175,-1,175,182,183,-1,175,183,111,-1,111,183,184,-1,111,184,107,-1,107,184,185,-1,107,185,178,-1,186,125,98,-1,123,125,129,-1,129,125,186,-1,129,186,187,-1,173,127,97,-1,97,127,129,-1,97,129,188,-1,188,129,187,-1,188,189,97,-1,97,189,190,-1,97,190,98,-1,98,190,191,-1,98,191,186,-1,192,193,194,-1,194,193,190,-1,194,190,195,-1,195,190,189,-1,195,189,196,-1,196,189,197,-1,198,199,154,-1,159,156,154,-1,154,156,200,-1,154,200,198,-1,126,167,125,-1,125,167,32,-1,125,32,98,-1,98,32,95,-1,98,95,100,-1,100,95,86,-1,100,86,111,-1,111,86,64,-1,111,64,177,-1,177,64,59,-1,201,200,202,-1,202,200,156,-1,202,156,203,-1,203,156,2,-1,203,2,199,-1,199,2,204,-1,199,204,154,-1,154,204,11,-1,154,11,35,-1,35,11,50,-1,35,50,33,-1,9,11,6,-1,6,11,204,-1,6,204,205,-1,205,204,2,-1,205,2,206,-1,206,2,1,-1,206,1,207,-1,208,209,210,-1,210,209,211,-1,210,211,212,-1,212,211,213,-1,212,213,214,-1,214,213,215,-1,214,215,208,-1,208,215,209,-1,216,217,218,-1,218,217,219,-1,218,219,220,-1,220,219,221,-1,220,221,222,-1,222,221,223,-1,222,223,216,-1,216,223,217,-1,224,225,226,-1,226,225,227,-1,228,229,230,-1,230,229,231,-1,230,231,232,-1,232,231,233,-1,232,233,234,-1,234,233,235,-1,234,235,236,-1,236,235,237,-1,236,237,238,-1,238,237,239,-1,238,239,240,-1,240,239,241,-1,240,241,242,-1,242,241,243,-1,242,243,244,-1,244,243,245,-1,225,224,246,-1,246,224,247,-1,248,249,250,-1,250,249,251,-1,252,253,254,-1,254,253,255,-1,256,257,258,-1,258,257,259,-1,260,261,262,-1,262,261,263,-1,264,265,266,-1,266,265,267,-1,268,269,270,-1,270,269,271,-1,272,273,274,-1,274,273,275,-1,276,277,278,-1,279,280,281,-1,282,283,284,-1,282,285,286,-1,287,288,289,-1,290,291,292,-1,292,291,293,-1,284,294,282,-1,282,294,295,-1,282,295,285,-1,286,296,282,-1,282,296,297,-1,282,297,287,-1,287,297,298,-1,287,298,288,-1,289,299,287,-1,287,299,293,-1,287,293,277,-1,277,293,291,-1,277,291,278,-1,300,301,302,-1,301,303,302,-1,302,303,304,-1,302,304,305,-1,305,304,306,-1,305,306,307,-1,281,308,279,-1,279,308,309,-1,279,309,282,-1,282,309,310,-1,278,311,276,-1,276,311,312,-1,276,312,313,-1,312,314,313,-1,313,314,315,-1,313,315,316,-1,317,318,319,-1,319,318,320,-1,319,320,321,-1,310,322,282,-1,282,322,323,-1,282,323,283,-1,283,323,324,-1,283,324,325,-1,307,326,305,-1,305,326,327,-1,305,327,328,-1,324,329,325,-1,325,329,330,-1,325,330,328,-1,328,330,331,-1,328,331,305,-1,305,331,332,-1,305,332,333,-1,333,334,305,-1,305,334,335,-1,305,335,243,-1,243,335,336,-1,243,336,245,-1,316,337,313,-1,313,337,319,-1,313,319,338,-1,338,319,321,-1,338,321,302,-1,302,321,339,-1,302,339,300,-1,340,341,342,-1,342,341,343,-1,342,343,344,-1,317,345,318,-1,318,345,346,-1,318,346,347,-1,347,346,344,-1,347,344,348,-1,348,344,343,-1,349,350,351,-1,352,353,354,-1,354,353,355,-1,356,357,358,-1,359,360,361,-1,361,360,354,-1,361,354,362,-1,362,354,355,-1,363,364,365,-1,365,364,366,-1,365,366,367,-1,368,369,354,-1,354,369,370,-1,354,370,352,-1,371,372,373,-1,373,372,374,-1,373,374,365,-1,365,374,375,-1,365,375,363,-1,376,377,367,-1,357,378,358,-1,358,378,379,-1,358,379,380,-1,381,382,368,-1,383,384,385,-1,377,349,367,-1,367,349,351,-1,367,351,365,-1,365,351,386,-1,365,386,387,-1,388,389,390,-1,367,369,376,-1,376,369,368,-1,376,368,391,-1,391,368,382,-1,386,392,387,-1,387,392,393,-1,387,393,385,-1,385,393,394,-1,385,394,383,-1,395,396,368,-1,368,396,397,-1,368,397,381,-1,384,398,385,-1,385,398,399,-1,385,399,400,-1,400,399,401,-1,402,403,404,-1,404,403,405,-1,379,406,380,-1,380,406,407,-1,380,407,408,-1,402,404,409,-1,409,404,410,-1,409,410,411,-1,401,404,400,-1,400,404,405,-1,400,405,358,-1,358,405,412,-1,358,412,356,-1,389,413,390,-1,390,413,414,-1,390,414,368,-1,368,414,415,-1,368,415,395,-1,408,416,380,-1,380,416,417,-1,380,417,390,-1,390,417,418,-1,390,418,388,-1,419,420,421,-1,421,420,422,-1,421,422,411,-1,411,422,423,-1,411,423,409,-1,424,425,426,-1,427,428,429,-1,430,431,432,-1,433,434,435,-1,435,434,436,-1,433,437,434,-1,434,437,438,-1,434,438,439,-1,440,441,442,-1,439,443,434,-1,434,443,444,-1,434,444,432,-1,432,444,445,-1,432,445,430,-1,446,447,448,-1,448,447,449,-1,431,450,432,-1,432,450,449,-1,432,449,425,-1,425,449,447,-1,425,447,426,-1,442,451,440,-1,440,451,452,-1,440,452,453,-1,453,452,454,-1,453,454,455,-1,426,456,424,-1,424,456,457,-1,424,457,458,-1,459,460,461,-1,461,460,462,-1,461,462,463,-1,429,464,427,-1,427,464,465,-1,427,465,434,-1,434,465,466,-1,457,467,458,-1,458,467,468,-1,458,468,469,-1,469,470,458,-1,458,470,461,-1,458,461,471,-1,471,461,463,-1,471,463,440,-1,440,463,472,-1,440,472,441,-1,466,473,434,-1,434,473,474,-1,434,474,436,-1,436,474,475,-1,436,475,476,-1,477,478,453,-1,453,478,479,-1,453,479,480,-1,480,479,481,-1,480,481,482,-1,483,484,485,-1,485,484,486,-1,485,486,487,-1,459,488,460,-1,460,488,489,-1,460,489,490,-1,490,489,487,-1,490,487,491,-1,491,487,486,-1,455,492,453,-1,453,492,493,-1,453,493,494,-1,475,495,476,-1,476,495,496,-1,476,496,494,-1,494,496,497,-1,494,497,453,-1,453,497,498,-1,453,498,477,-1,59,83,499,-1,180,179,500,-1,500,179,177,-1,500,177,59,-1,59,499,500,-1,500,499,501,-1,500,501,502,-1,502,501,503,-1,502,503,504,-1,504,503,505,-1,504,505,506,-1,506,505,507,-1,506,507,508,-1,508,507,380,-1,508,380,390,-1,432,425,509,-1,509,425,510,-1,509,510,511,-1,511,510,512,-1,511,512,513,-1,513,512,514,-1,513,514,515,-1,515,514,516,-1,515,516,517,-1,517,516,518,-1,517,518,519,-1,519,518,520,-1,521,522,523,-1,524,525,526,-1,526,525,527,-1,526,527,528,-1,529,530,531,-1,532,521,533,-1,533,521,523,-1,533,523,534,-1,534,523,535,-1,534,535,531,-1,531,535,536,-1,531,536,529,-1,537,538,529,-1,539,540,541,-1,541,540,542,-1,541,542,543,-1,543,542,544,-1,543,544,532,-1,532,544,528,-1,532,528,521,-1,521,528,527,-1,545,519,546,-1,546,519,547,-1,537,529,548,-1,524,526,549,-1,549,526,550,-1,549,550,520,-1,520,550,551,-1,520,551,519,-1,552,553,519,-1,519,553,554,-1,519,554,547,-1,547,554,555,-1,556,557,558,-1,558,557,559,-1,558,559,560,-1,560,559,547,-1,560,547,561,-1,561,547,555,-1,545,562,519,-1,519,562,563,-1,519,563,529,-1,529,563,564,-1,529,564,548,-1,565,566,529,-1,551,567,519,-1,519,567,568,-1,519,568,569,-1,566,570,529,-1,529,570,571,-1,529,571,530,-1,569,572,519,-1,519,572,573,-1,519,573,552,-1,538,574,529,-1,529,574,575,-1,529,575,576,-1,577,578,529,-1,529,578,579,-1,529,579,565,-1,539,580,540,-1,540,580,581,-1,540,581,582,-1,582,581,583,-1,582,583,538,-1,538,583,584,-1,538,584,574,-1,576,585,529,-1,529,585,586,-1,529,586,587,-1,577,529,588,-1,588,529,587,-1,588,587,589,-1,590,591,592,-1,592,591,593,-1,592,593,587,-1,587,593,594,-1,587,594,589,-1,595,596,597,-1,598,599,600,-1,600,599,601,-1,602,603,604,-1,244,605,242,-1,242,605,606,-1,242,606,607,-1,607,606,608,-1,607,608,609,-1,609,610,607,-1,607,610,611,-1,607,611,612,-1,613,614,615,-1,615,614,600,-1,615,600,616,-1,616,600,601,-1,603,617,604,-1,604,617,618,-1,604,618,619,-1,620,612,621,-1,621,612,622,-1,623,621,624,-1,624,621,622,-1,624,622,600,-1,600,622,625,-1,600,625,598,-1,620,595,612,-1,612,595,597,-1,612,597,607,-1,607,597,626,-1,607,626,627,-1,626,628,627,-1,627,628,629,-1,627,629,630,-1,618,631,619,-1,619,631,632,-1,619,632,633,-1,634,635,636,-1,637,624,638,-1,638,624,639,-1,629,640,630,-1,630,640,641,-1,630,641,642,-1,642,643,630,-1,630,643,644,-1,630,644,645,-1,645,644,646,-1,636,647,634,-1,634,647,648,-1,634,648,624,-1,624,648,649,-1,624,649,639,-1,637,650,624,-1,624,650,651,-1,624,651,623,-1,646,652,645,-1,645,652,653,-1,645,653,604,-1,604,653,654,-1,604,654,602,-1,633,655,619,-1,619,655,656,-1,619,656,634,-1,634,656,657,-1,634,657,635,-1,658,659,660,-1,660,659,661,-1,660,661,662,-1,661,663,662,-1,662,663,664,-1,662,664,665,-1,665,664,666,-1,665,666,652,-1,652,666,667,-1,652,667,653,-1,206,207,668,-1,287,277,669,-1,287,669,670,-1,670,669,671,-1,670,671,672,-1,672,671,673,-1,672,673,674,-1,674,673,675,-1,674,675,676,-1,676,675,677,-1,676,677,668,-1,677,7,6,-1,677,6,668,-1,668,6,205,-1,668,205,206,-1,529,536,678,-1,678,536,679,-1,678,679,680,-1,680,679,681,-1,680,681,682,-1,682,681,683,-1,682,683,684,-1,684,683,685,-1,684,685,686,-1,686,685,687,-1,686,687,634,-1,634,687,619,-1,688,689,690,-1,690,689,691,-1,692,693,694,-1,694,693,695,-1,696,697,698,-1,698,697,699,-1,697,696,700,-1,700,696,701,-1,700,701,702,-1,702,701,703,-1,702,703,704,-1,704,703,705,-1,704,705,706,-1,706,705,707,-1,706,707,708,-1,708,707,709,-1,708,709,710,-1,710,709,711,-1,710,711,360,-1,360,711,428,-1,360,428,354,-1,354,428,427,-1,712,713,714,-1,714,713,715,-1,443,439,395,-1,395,439,396,-1,716,717,718,-1,718,717,719,-1,720,721,722,-1,719,717,723,-1,723,717,724,-1,723,724,725,-1,716,718,722,-1,722,718,726,-1,722,726,720,-1,727,728,729,-1,724,730,725,-1,725,730,727,-1,725,727,731,-1,731,727,729,-1,732,733,717,-1,717,733,724,-1,734,735,732,-1,736,733,737,-1,732,735,733,-1,733,735,738,-1,733,738,737,-1,739,740,741,-1,742,743,744,-1,732,745,734,-1,734,745,742,-1,734,742,746,-1,746,742,744,-1,736,737,741,-1,741,737,747,-1,741,747,739,-1,748,749,750,-1,750,749,751,-1,752,753,754,-1,754,753,755,-1,484,483,756,-1,756,483,757,-1,756,757,758,-1,758,757,759,-1,758,759,755,-1,755,759,754,-1,750,751,760,-1,760,751,761,-1,760,761,762,-1,762,761,763,-1,762,763,764,-1,764,763,765,-1,764,765,735,-1,735,765,738,-1,753,752,766,-1,753,766,767,-1,767,766,768,-1,767,768,769,-1,769,768,770,-1,769,770,771,-1,771,770,719,-1,771,719,723,-1,420,419,772,-1,420,772,773,-1,773,772,774,-1,773,774,775,-1,775,774,749,-1,775,749,748,-1,373,365,776,-1,373,776,777,-1,777,776,778,-1,777,778,779,-1,779,778,780,-1,779,780,781,-1,781,780,782,-1,781,782,783,-1,783,782,784,-1,783,784,785,-1,785,784,786,-1,785,786,787,-1,788,231,789,-1,790,791,792,-1,792,791,793,-1,792,793,794,-1,789,795,788,-1,788,795,796,-1,788,796,797,-1,797,796,791,-1,797,791,798,-1,798,791,790,-1,799,800,231,-1,801,802,229,-1,229,802,258,-1,803,804,805,-1,805,804,806,-1,805,806,807,-1,807,806,808,-1,807,808,793,-1,793,808,809,-1,793,809,794,-1,794,809,810,-1,794,810,811,-1,800,812,231,-1,231,812,813,-1,231,813,789,-1,814,815,816,-1,817,818,259,-1,259,818,248,-1,229,819,820,-1,259,821,822,-1,823,824,825,-1,825,824,826,-1,825,826,816,-1,816,826,827,-1,816,827,814,-1,820,828,229,-1,229,828,829,-1,229,829,830,-1,229,831,832,-1,832,833,229,-1,229,833,834,-1,229,834,231,-1,231,834,835,-1,231,835,816,-1,822,836,259,-1,259,836,837,-1,259,837,258,-1,258,837,838,-1,258,838,229,-1,229,838,839,-1,229,839,819,-1,819,839,840,-1,841,842,250,-1,250,842,843,-1,250,843,248,-1,248,843,844,-1,248,844,259,-1,259,844,845,-1,259,845,821,-1,846,847,841,-1,846,841,848,-1,848,841,250,-1,848,250,849,-1,803,850,804,-1,804,850,851,-1,804,851,852,-1,852,851,853,-1,830,854,229,-1,229,854,855,-1,229,855,831,-1,831,855,852,-1,831,852,856,-1,856,852,853,-1,815,857,816,-1,816,857,858,-1,816,858,231,-1,231,858,859,-1,231,859,799,-1,860,861,862,-1,862,861,863,-1,862,863,839,-1,839,863,864,-1,839,864,840,-1,846,787,847,-1,847,787,786,-1,847,786,865,-1,865,786,866,-1,865,866,810,-1,810,866,867,-1,810,867,811,-1,868,869,870,-1,870,869,871,-1,870,871,872,-1,872,871,873,-1,872,873,874,-1,874,873,875,-1,874,875,876,-1,876,875,877,-1,876,877,878,-1,878,877,879,-1,878,879,480,-1,480,879,453,-1,880,881,882,-1,883,884,885,-1,886,887,251,-1,887,888,869,-1,869,888,889,-1,869,889,890,-1,890,889,891,-1,890,891,892,-1,893,894,895,-1,895,894,896,-1,895,896,897,-1,897,896,898,-1,897,898,892,-1,892,898,899,-1,892,899,890,-1,882,890,880,-1,880,890,899,-1,880,899,900,-1,900,899,901,-1,900,901,902,-1,869,868,887,-1,887,868,883,-1,887,883,251,-1,251,883,885,-1,903,904,249,-1,249,904,257,-1,905,906,251,-1,907,908,909,-1,909,908,910,-1,909,910,911,-1,911,910,912,-1,913,914,915,-1,915,914,916,-1,915,916,910,-1,910,916,917,-1,910,917,912,-1,918,919,256,-1,256,919,920,-1,256,920,257,-1,257,920,921,-1,257,921,249,-1,228,922,918,-1,228,918,923,-1,923,918,256,-1,923,256,924,-1,921,925,249,-1,249,925,926,-1,249,926,914,-1,905,251,927,-1,927,251,249,-1,927,249,928,-1,228,230,922,-1,922,230,929,-1,922,929,930,-1,930,929,931,-1,930,931,901,-1,901,931,932,-1,901,932,902,-1,913,933,914,-1,914,933,934,-1,914,934,249,-1,249,934,935,-1,249,935,928,-1,936,937,251,-1,251,937,938,-1,251,938,939,-1,893,940,894,-1,894,940,941,-1,894,941,942,-1,942,941,943,-1,942,943,906,-1,944,945,251,-1,251,945,946,-1,939,947,251,-1,251,947,948,-1,251,948,886,-1,906,943,251,-1,251,943,949,-1,251,949,944,-1,946,950,251,-1,251,950,951,-1,251,951,936,-1,936,951,952,-1,936,952,953,-1,954,955,956,-1,956,957,954,-1,954,957,958,-1,954,958,952,-1,952,958,959,-1,952,959,953,-1,494,349,476,-1,476,349,377,-1,476,377,436,-1,436,377,376,-1,436,376,435,-1,435,376,391,-1,435,391,433,-1,433,391,382,-1,433,382,437,-1,437,382,381,-1,437,381,438,-1,438,381,397,-1,438,397,439,-1,439,397,396,-1,350,349,493,-1,493,349,494,-1,351,350,492,-1,492,350,493,-1,491,411,490,-1,490,411,410,-1,490,410,460,-1,460,410,404,-1,460,404,462,-1,462,404,401,-1,462,401,463,-1,463,401,399,-1,463,399,472,-1,472,399,398,-1,472,398,441,-1,441,398,384,-1,441,384,442,-1,442,384,383,-1,442,383,451,-1,451,383,394,-1,451,394,452,-1,452,394,393,-1,452,393,454,-1,454,393,392,-1,454,392,455,-1,455,392,386,-1,455,386,492,-1,492,386,351,-1,421,411,486,-1,486,411,491,-1,725,737,723,-1,723,737,738,-1,723,738,771,-1,771,738,765,-1,771,765,769,-1,769,765,763,-1,769,763,767,-1,767,763,761,-1,767,761,753,-1,753,761,751,-1,753,751,755,-1,755,751,749,-1,755,749,758,-1,758,749,774,-1,758,774,756,-1,756,774,772,-1,756,772,484,-1,484,772,419,-1,484,419,486,-1,486,419,421,-1,724,733,736,-1,724,736,730,-1,730,736,741,-1,730,741,727,-1,727,741,740,-1,727,740,728,-1,728,740,739,-1,728,739,729,-1,729,739,747,-1,729,747,731,-1,731,747,737,-1,731,737,725,-1,865,810,889,-1,889,810,891,-1,847,865,888,-1,888,865,889,-1,957,862,958,-1,958,862,839,-1,958,839,959,-1,959,839,838,-1,959,838,953,-1,953,838,837,-1,953,837,936,-1,936,837,836,-1,936,836,937,-1,937,836,822,-1,937,822,938,-1,938,822,821,-1,938,821,939,-1,939,821,845,-1,939,845,947,-1,947,845,844,-1,947,844,948,-1,948,844,843,-1,948,843,886,-1,886,843,842,-1,886,842,887,-1,887,842,841,-1,887,841,888,-1,888,841,847,-1,960,961,962,-1,962,961,963,-1,962,963,956,-1,956,963,860,-1,956,860,957,-1,957,860,862,-1,954,863,955,-1,955,863,861,-1,955,861,964,-1,964,861,965,-1,964,965,966,-1,966,965,967,-1,895,806,893,-1,893,806,804,-1,893,804,940,-1,940,804,852,-1,940,852,941,-1,941,852,855,-1,941,855,943,-1,943,855,854,-1,943,854,949,-1,949,854,830,-1,949,830,944,-1,944,830,829,-1,944,829,945,-1,945,829,828,-1,945,828,946,-1,946,828,820,-1,946,820,950,-1,950,820,819,-1,950,819,951,-1,951,819,840,-1,951,840,952,-1,952,840,864,-1,952,864,954,-1,954,864,863,-1,808,806,897,-1,897,806,895,-1,897,892,808,-1,808,892,809,-1,810,809,891,-1,891,809,892,-1,968,969,966,-1,966,969,970,-1,966,970,964,-1,964,970,962,-1,962,970,971,-1,962,971,960,-1,960,971,972,-1,960,972,973,-1,973,974,960,-1,960,974,975,-1,960,975,976,-1,977,978,966,-1,966,978,979,-1,966,979,968,-1,980,981,970,-1,970,981,971,-1,982,983,961,-1,961,983,981,-1,961,981,963,-1,963,981,965,-1,965,981,980,-1,965,980,967,-1,967,980,984,-1,967,984,985,-1,986,987,961,-1,961,987,988,-1,961,988,982,-1,985,989,967,-1,967,989,990,-1,967,990,991,-1,860,963,861,-1,861,963,965,-1,964,962,955,-1,955,962,956,-1,966,967,991,-1,966,991,977,-1,977,991,990,-1,977,990,978,-1,978,990,989,-1,978,989,979,-1,979,989,985,-1,979,985,968,-1,968,985,984,-1,968,984,969,-1,969,984,980,-1,969,980,970,-1,961,960,976,-1,961,976,986,-1,986,976,975,-1,986,975,987,-1,987,975,974,-1,987,974,988,-1,988,974,973,-1,988,973,982,-1,982,973,972,-1,982,972,983,-1,983,972,971,-1,983,971,981,-1,443,395,444,-1,444,395,415,-1,444,415,445,-1,445,415,414,-1,445,414,430,-1,430,414,413,-1,430,413,431,-1,431,413,389,-1,431,389,450,-1,450,389,388,-1,450,388,449,-1,449,388,418,-1,449,418,448,-1,448,418,417,-1,417,416,448,-1,448,416,446,-1,416,408,446,-1,446,408,447,-1,447,408,426,-1,426,408,407,-1,426,407,456,-1,456,407,406,-1,456,406,457,-1,457,406,379,-1,457,379,467,-1,467,379,378,-1,467,378,468,-1,468,378,357,-1,468,357,469,-1,469,357,356,-1,469,356,470,-1,470,356,412,-1,470,412,461,-1,461,412,405,-1,461,405,459,-1,459,405,403,-1,459,403,488,-1,488,403,402,-1,488,402,489,-1,489,402,409,-1,489,409,487,-1,487,409,423,-1,423,422,487,-1,487,422,485,-1,485,422,483,-1,483,422,420,-1,483,420,757,-1,757,420,773,-1,757,773,759,-1,759,773,775,-1,759,775,754,-1,754,775,748,-1,754,748,752,-1,752,748,750,-1,752,750,766,-1,766,750,760,-1,766,760,768,-1,768,760,762,-1,768,762,770,-1,770,762,764,-1,770,764,719,-1,719,764,735,-1,719,735,718,-1,718,735,734,-1,718,734,746,-1,718,746,726,-1,726,746,744,-1,726,744,720,-1,720,744,743,-1,720,743,721,-1,721,743,742,-1,721,742,722,-1,722,742,745,-1,722,745,716,-1,716,745,732,-1,716,732,717,-1,56,55,526,-1,526,55,550,-1,55,54,550,-1,550,54,551,-1,551,54,567,-1,567,54,79,-1,567,79,568,-1,568,79,78,-1,568,78,569,-1,569,78,81,-1,569,81,572,-1,572,81,80,-1,572,80,573,-1,573,80,74,-1,573,74,552,-1,552,74,73,-1,552,73,553,-1,553,73,72,-1,553,72,554,-1,554,72,71,-1,554,71,555,-1,555,71,70,-1,555,70,561,-1,561,70,77,-1,561,77,560,-1,560,77,76,-1,560,76,558,-1,558,76,75,-1,558,75,556,-1,556,75,69,-1,556,69,992,-1,992,69,993,-1,992,993,994,-1,994,993,995,-1,996,997,998,-1,998,997,999,-1,998,999,557,-1,557,999,68,-1,557,68,559,-1,559,68,67,-1,559,67,547,-1,547,67,58,-1,547,58,546,-1,546,58,57,-1,546,57,545,-1,545,57,66,-1,545,66,562,-1,562,66,65,-1,562,65,563,-1,65,63,563,-1,563,63,62,-1,563,62,564,-1,564,62,94,-1,564,94,548,-1,548,94,93,-1,548,93,537,-1,537,93,92,-1,537,92,538,-1,538,92,88,-1,538,88,582,-1,582,88,87,-1,582,87,540,-1,540,87,85,-1,540,85,542,-1,542,85,84,-1,89,544,90,-1,90,544,542,-1,90,542,84,-1,528,544,60,-1,60,544,89,-1,60,56,528,-1,528,56,526,-1,1000,1001,994,-1,994,1001,1002,-1,994,1002,992,-1,992,1002,998,-1,998,1002,1003,-1,998,1003,996,-1,996,1003,1004,-1,996,1004,1005,-1,1006,1007,994,-1,994,1007,1008,-1,994,1008,1000,-1,1005,1009,996,-1,996,1009,1010,-1,996,1010,1011,-1,1012,1013,1002,-1,1002,1013,1003,-1,1014,1015,997,-1,997,1015,1013,-1,997,1013,999,-1,999,1013,993,-1,993,1013,1012,-1,993,1012,995,-1,995,1012,1016,-1,995,1016,1017,-1,1017,1018,995,-1,995,1018,1019,-1,995,1019,1020,-1,1021,1022,997,-1,997,1022,1023,-1,997,1023,1014,-1,993,69,999,-1,999,69,68,-1,992,998,556,-1,556,998,557,-1,1003,1013,1015,-1,1003,1015,1004,-1,1004,1015,1014,-1,1004,1014,1005,-1,1005,1014,1023,-1,1005,1023,1009,-1,1009,1023,1022,-1,1009,1022,1010,-1,1010,1022,1021,-1,1010,1021,1011,-1,1011,1021,997,-1,1011,997,996,-1,1012,1002,1001,-1,1012,1001,1016,-1,1016,1001,1000,-1,1016,1000,1017,-1,1017,1000,1008,-1,1017,1008,1018,-1,1018,1008,1007,-1,1018,1007,1019,-1,1019,1007,1006,-1,1019,1006,1020,-1,1020,1006,994,-1,1020,994,995,-1,638,639,286,-1,286,639,296,-1,1024,1025,1026,-1,1025,1024,1027,-1,1027,1024,1028,-1,1027,1028,1029,-1,1030,1031,1032,-1,1032,1031,1033,-1,1032,1033,1026,-1,1026,1033,1034,-1,1026,1034,1024,-1,1035,1036,1037,-1,1028,1038,1029,-1,1029,1038,1035,-1,1029,1035,1039,-1,1039,1035,1037,-1,1040,1041,1024,-1,1024,1041,1028,-1,1042,1041,1043,-1,1043,1041,1044,-1,1045,1046,1047,-1,1044,1041,1048,-1,1048,1041,1040,-1,1048,1040,1049,-1,1049,1040,1050,-1,1049,1050,1051,-1,1052,1053,1051,-1,1051,1053,1054,-1,1051,1054,1049,-1,1042,1043,1047,-1,1047,1043,1055,-1,1047,1055,1045,-1,1056,1057,1058,-1,1058,1057,1059,-1,1060,1061,1062,-1,1062,1061,1063,-1,1062,1063,1064,-1,1064,1063,1065,-1,1064,1065,1066,-1,1066,1065,1067,-1,1066,1067,658,-1,658,1067,659,-1,1044,1048,1068,-1,1068,1048,1069,-1,1068,1069,1070,-1,1070,1069,1071,-1,1070,1071,1072,-1,1072,1071,1073,-1,1072,1073,1074,-1,1074,1073,1075,-1,1074,1075,1059,-1,1059,1075,1058,-1,1025,1027,1076,-1,1025,1076,1077,-1,1077,1076,1078,-1,1077,1078,1079,-1,1079,1078,1080,-1,1079,1080,1081,-1,1081,1080,1082,-1,1081,1082,1083,-1,1083,1082,1061,-1,1083,1061,1060,-1,1057,1056,1084,-1,1057,1084,1085,-1,1085,1084,1086,-1,1085,1086,1087,-1,1087,1086,341,-1,1087,341,340,-1,231,788,1088,-1,231,1088,233,-1,233,1088,1089,-1,233,1089,235,-1,235,1089,1090,-1,235,1090,237,-1,237,1090,1091,-1,237,1091,239,-1,239,1091,1092,-1,239,1092,241,-1,241,1092,305,-1,241,305,243,-1,242,607,240,-1,240,607,1093,-1,240,1093,238,-1,238,1093,1094,-1,238,1094,236,-1,236,1094,1095,-1,236,1095,234,-1,234,1095,1096,-1,234,1096,232,-1,232,1096,1097,-1,232,1097,230,-1,230,1097,929,-1,638,286,637,-1,637,286,285,-1,637,285,650,-1,650,285,295,-1,650,295,651,-1,651,295,294,-1,651,294,623,-1,623,294,284,-1,623,284,621,-1,621,284,283,-1,621,283,620,-1,620,283,325,-1,620,325,595,-1,595,325,328,-1,328,327,595,-1,595,327,596,-1,327,326,596,-1,596,326,597,-1,597,326,626,-1,626,326,307,-1,626,307,628,-1,628,307,306,-1,628,306,629,-1,629,306,304,-1,629,304,640,-1,640,304,303,-1,640,303,641,-1,641,303,301,-1,641,301,642,-1,642,301,300,-1,642,300,643,-1,643,300,339,-1,643,339,644,-1,644,339,321,-1,644,321,646,-1,646,321,320,-1,646,320,652,-1,652,320,318,-1,652,318,665,-1,665,318,347,-1,665,347,662,-1,662,347,348,-1,348,343,662,-1,662,343,660,-1,660,343,658,-1,658,343,341,-1,658,341,1066,-1,1066,341,1086,-1,1066,1086,1064,-1,1064,1086,1084,-1,1064,1084,1062,-1,1062,1084,1056,-1,1062,1056,1060,-1,1060,1056,1058,-1,1060,1058,1083,-1,1083,1058,1075,-1,1083,1075,1081,-1,1081,1075,1073,-1,1081,1073,1079,-1,1079,1073,1071,-1,1079,1071,1077,-1,1077,1071,1069,-1,1077,1069,1025,-1,1025,1069,1048,-1,1025,1048,1026,-1,1026,1048,1049,-1,1026,1049,1054,-1,1026,1054,1032,-1,1032,1054,1053,-1,1032,1053,1030,-1,1030,1053,1052,-1,1030,1052,1031,-1,1031,1052,1051,-1,1031,1051,1033,-1,1033,1051,1050,-1,1033,1050,1034,-1,1034,1050,1040,-1,1034,1040,1024,-1,791,796,901,-1,901,796,930,-1,796,795,930,-1,930,795,922,-1,922,795,918,-1,918,795,789,-1,918,789,919,-1,919,789,813,-1,919,813,920,-1,920,813,812,-1,920,812,921,-1,921,812,800,-1,921,800,925,-1,925,800,799,-1,925,799,926,-1,926,799,859,-1,926,859,914,-1,914,859,858,-1,914,858,916,-1,916,858,857,-1,916,857,917,-1,917,857,815,-1,917,815,912,-1,912,815,814,-1,912,814,911,-1,911,814,827,-1,911,827,909,-1,909,827,826,-1,909,826,907,-1,907,826,824,-1,907,824,1098,-1,1098,824,1099,-1,1098,1099,1100,-1,1100,1099,1101,-1,1102,1103,1104,-1,1104,1103,1105,-1,1104,1105,908,-1,908,1105,823,-1,908,823,910,-1,910,823,825,-1,910,825,915,-1,915,825,816,-1,915,816,913,-1,913,816,835,-1,913,835,933,-1,933,835,834,-1,933,834,934,-1,934,834,833,-1,934,833,935,-1,935,833,832,-1,935,832,928,-1,928,832,831,-1,928,831,927,-1,927,831,856,-1,927,856,905,-1,905,856,853,-1,905,853,906,-1,906,853,851,-1,906,851,942,-1,942,851,850,-1,942,850,894,-1,894,850,803,-1,894,803,896,-1,896,803,805,-1,805,807,896,-1,896,807,898,-1,899,898,793,-1,793,898,807,-1,793,791,899,-1,899,791,901,-1,1106,1107,1100,-1,1100,1107,1108,-1,1100,1108,1098,-1,1098,1108,1104,-1,1104,1108,1109,-1,1104,1109,1102,-1,1102,1109,1110,-1,1102,1110,1111,-1,1112,1113,1100,-1,1100,1113,1114,-1,1100,1114,1106,-1,1111,1115,1102,-1,1102,1115,1116,-1,1102,1116,1117,-1,1118,1119,1108,-1,1108,1119,1109,-1,1120,1121,1103,-1,1103,1121,1119,-1,1103,1119,1105,-1,1105,1119,1099,-1,1099,1119,1118,-1,1099,1118,1101,-1,1101,1118,1122,-1,1101,1122,1123,-1,1123,1124,1101,-1,1101,1124,1125,-1,1101,1125,1126,-1,1127,1128,1103,-1,1103,1128,1129,-1,1103,1129,1120,-1,1099,824,1105,-1,1105,824,823,-1,1098,1104,907,-1,907,1104,908,-1,1109,1119,1121,-1,1109,1121,1110,-1,1110,1121,1120,-1,1110,1120,1111,-1,1111,1120,1129,-1,1111,1129,1115,-1,1115,1129,1128,-1,1115,1128,1116,-1,1116,1128,1127,-1,1116,1127,1117,-1,1117,1127,1103,-1,1117,1103,1102,-1,1118,1108,1107,-1,1118,1107,1122,-1,1122,1107,1106,-1,1122,1106,1123,-1,1123,1106,1114,-1,1123,1114,1124,-1,1124,1114,1113,-1,1124,1113,1125,-1,1125,1113,1112,-1,1125,1112,1126,-1,1126,1112,1100,-1,1126,1100,1101,-1,656,292,657,-1,657,292,293,-1,657,293,635,-1,635,293,299,-1,635,299,636,-1,636,299,289,-1,636,289,647,-1,647,289,288,-1,647,288,648,-1,648,288,298,-1,648,298,649,-1,649,298,297,-1,649,297,639,-1,639,297,296,-1,290,292,655,-1,655,292,656,-1,291,290,633,-1,633,290,655,-1,663,344,664,-1,664,344,346,-1,664,346,666,-1,666,346,345,-1,666,345,667,-1,667,345,317,-1,667,317,653,-1,653,317,319,-1,653,319,654,-1,654,319,337,-1,654,337,602,-1,602,337,316,-1,602,316,603,-1,603,316,315,-1,603,315,617,-1,617,315,314,-1,617,314,618,-1,618,314,312,-1,618,312,631,-1,631,312,311,-1,631,311,632,-1,632,311,278,-1,632,278,633,-1,633,278,291,-1,342,344,661,-1,661,344,663,-1,1029,1043,1027,-1,1027,1043,1044,-1,1027,1044,1076,-1,1076,1044,1068,-1,1076,1068,1078,-1,1078,1068,1070,-1,1078,1070,1080,-1,1080,1070,1072,-1,1080,1072,1082,-1,1082,1072,1074,-1,1082,1074,1061,-1,1061,1074,1059,-1,1061,1059,1063,-1,1063,1059,1057,-1,1063,1057,1065,-1,1065,1057,1085,-1,1065,1085,1067,-1,1067,1085,1087,-1,1067,1087,659,-1,659,1087,340,-1,659,340,661,-1,661,340,342,-1,1028,1041,1042,-1,1028,1042,1038,-1,1038,1042,1047,-1,1038,1047,1035,-1,1035,1047,1046,-1,1035,1046,1036,-1,1036,1046,1045,-1,1036,1045,1037,-1,1037,1045,1055,-1,1037,1055,1039,-1,1039,1055,1043,-1,1039,1043,1029,-1,25,24,534,-1,534,24,533,-1,26,25,531,-1,531,25,534,-1,593,3,594,-1,594,3,20,-1,594,20,589,-1,589,20,19,-1,589,19,588,-1,588,19,18,-1,588,18,577,-1,577,18,10,-1,577,10,578,-1,578,10,9,-1,578,9,579,-1,579,9,17,-1,579,17,565,-1,565,17,16,-1,565,16,566,-1,566,16,15,-1,566,15,570,-1,570,15,14,-1,570,14,571,-1,571,14,13,-1,571,13,530,-1,530,13,12,-1,530,12,531,-1,531,12,26,-1,1130,1131,1132,-1,1132,1131,1133,-1,1132,1133,591,-1,591,1133,4,-1,591,4,593,-1,593,4,3,-1,1134,1135,1136,-1,1136,1135,1137,-1,1136,1137,49,-1,49,1137,590,-1,49,590,50,-1,50,590,592,-1,50,592,33,-1,541,48,539,-1,539,48,43,-1,539,43,580,-1,580,43,42,-1,580,42,581,-1,581,42,41,-1,581,41,583,-1,583,41,31,-1,583,31,584,-1,584,31,30,-1,584,30,574,-1,574,30,40,-1,574,40,575,-1,575,40,39,-1,575,39,576,-1,576,39,38,-1,576,38,585,-1,585,38,37,-1,585,37,586,-1,586,37,36,-1,586,36,587,-1,587,36,34,-1,587,34,592,-1,592,34,33,-1,48,541,27,-1,27,541,543,-1,27,543,28,-1,543,532,28,-1,28,532,29,-1,29,532,22,-1,22,532,533,-1,22,533,24,-1,1138,1139,1135,-1,1135,1139,1140,-1,1135,1140,1137,-1,1137,1140,1132,-1,1132,1140,1141,-1,1132,1141,1130,-1,1130,1141,1142,-1,1130,1142,1143,-1,1143,1144,1130,-1,1130,1144,1145,-1,1130,1145,1146,-1,1147,1148,1135,-1,1135,1148,1149,-1,1135,1149,1138,-1,1150,1151,1140,-1,1140,1151,1141,-1,1152,1153,1131,-1,1131,1153,1151,-1,1131,1151,1133,-1,1133,1151,1136,-1,1136,1151,1150,-1,1136,1150,1134,-1,1134,1150,1154,-1,1134,1154,1155,-1,1156,1157,1131,-1,1131,1157,1158,-1,1131,1158,1152,-1,1155,1159,1134,-1,1134,1159,1160,-1,1134,1160,1161,-1,4,1133,5,-1,5,1133,1136,-1,5,1136,49,-1,1137,1132,590,-1,590,1132,591,-1,1135,1134,1161,-1,1135,1161,1147,-1,1147,1161,1160,-1,1147,1160,1148,-1,1148,1160,1159,-1,1148,1159,1149,-1,1149,1159,1155,-1,1149,1155,1138,-1,1138,1155,1154,-1,1138,1154,1139,-1,1139,1154,1150,-1,1139,1150,1140,-1,1131,1130,1146,-1,1131,1146,1156,-1,1156,1146,1145,-1,1156,1145,1157,-1,1157,1145,1144,-1,1157,1144,1158,-1,1158,1144,1143,-1,1158,1143,1152,-1,1152,1143,1142,-1,1152,1142,1153,-1,1153,1142,1141,-1,1153,1141,1151,-1,615,616,308,-1,308,616,309,-1,309,616,310,-1,310,616,601,-1,310,601,322,-1,322,601,599,-1,322,599,323,-1,323,599,598,-1,323,598,324,-1,324,598,625,-1,324,625,329,-1,329,625,622,-1,329,622,330,-1,330,622,612,-1,330,612,331,-1,331,612,611,-1,331,611,332,-1,332,611,610,-1,332,610,333,-1,333,610,609,-1,333,609,334,-1,334,609,608,-1,334,608,335,-1,335,608,606,-1,335,606,336,-1,336,606,605,-1,245,336,244,-1,244,336,605,-1,482,481,371,-1,371,481,372,-1,465,362,466,-1,466,362,355,-1,466,355,473,-1,473,355,353,-1,473,353,474,-1,474,353,352,-1,474,352,475,-1,475,352,370,-1,475,370,495,-1,495,370,369,-1,495,369,496,-1,496,369,367,-1,496,367,497,-1,497,367,366,-1,497,366,498,-1,498,366,364,-1,498,364,477,-1,477,364,363,-1,477,363,478,-1,478,363,375,-1,478,375,479,-1,479,375,374,-1,479,374,481,-1,481,374,372,-1,361,362,464,-1,464,362,465,-1,368,354,434,-1,434,354,427,-1,279,600,280,-1,280,600,614,-1,280,614,1162,-1,1162,614,1163,-1,1162,1163,1164,-1,1164,1163,1165,-1,1164,1165,1166,-1,1166,1165,1167,-1,1166,1167,1168,-1,1168,1167,1169,-1,1168,1169,1170,-1,1170,1169,1171,-1,1170,1171,1172,-1,1172,1171,1173,-1,1172,1173,1174,-1,1174,1173,1175,-1,624,282,634,-1,634,282,287,-1,634,287,686,-1,686,287,670,-1,686,670,684,-1,684,670,672,-1,684,672,682,-1,682,672,674,-1,682,674,680,-1,680,674,676,-1,680,676,678,-1,678,676,668,-1,678,668,529,-1,668,207,529,-1,529,207,1,-1,529,1,0,-1,368,434,390,-1,390,434,432,-1,390,432,508,-1,508,432,509,-1,508,509,506,-1,506,509,511,-1,506,511,504,-1,504,511,513,-1,504,513,502,-1,502,513,515,-1,502,515,500,-1,500,515,517,-1,500,517,180,-1,180,517,519,-1,180,519,172,-1,0,128,529,-1,529,128,127,-1,529,127,519,-1,519,127,173,-1,519,173,172,-1,279,282,600,-1,600,282,624,-1,361,464,359,-1,359,464,429,-1,359,429,1176,-1,1176,429,1177,-1,1176,1177,1178,-1,1178,1177,1179,-1,1178,1179,1180,-1,1180,1179,1181,-1,1180,1181,1182,-1,1182,1181,1183,-1,1182,1183,1184,-1,1184,1183,1185,-1,1184,1185,1186,-1,1186,1185,1187,-1,1186,1187,1188,-1,1188,1187,1189,-1,482,371,480,-1,480,371,373,-1,480,373,878,-1,878,373,777,-1,878,777,876,-1,876,777,779,-1,876,779,874,-1,874,779,781,-1,874,781,872,-1,872,781,783,-1,872,783,870,-1,870,783,785,-1,870,785,868,-1,868,785,787,-1,868,787,883,-1,883,787,846,-1,693,692,1190,-1,1190,692,1191,-1,1190,1191,1192,-1,1192,1191,1193,-1,1192,1193,1194,-1,1194,1193,1195,-1,1194,1195,1196,-1,1196,1195,1197,-1,1196,1197,1198,-1,1198,1197,1199,-1,1198,1199,1200,-1,1200,1199,1201,-1,1200,1201,281,-1,281,1201,613,-1,281,613,308,-1,308,613,615,-1,1202,1203,701,-1,696,698,1204,-1,696,1204,701,-1,701,1204,1205,-1,701,1205,1202,-1,1206,1207,1187,-1,1187,1207,1208,-1,1187,1208,1189,-1,1189,1208,1209,-1,1189,1209,1210,-1,1203,1211,701,-1,701,1211,1212,-1,701,1212,1187,-1,1187,1212,1213,-1,1187,1213,1206,-1,1214,1215,1191,-1,1191,1215,1216,-1,1214,1191,1217,-1,1217,1191,692,-1,1217,692,694,-1,1216,1218,1191,-1,1191,1218,1219,-1,1191,1219,1173,-1,1173,1219,1220,-1,1173,1220,1221,-1,1221,1222,1173,-1,1173,1222,1223,-1,1173,1223,1175,-1,1175,1223,1224,-1,1175,1224,1225,-1,1226,1227,1172,-1,1174,1228,1229,-1,1230,1231,1190,-1,1190,1231,1232,-1,1190,1232,693,-1,693,1232,1233,-1,693,1233,695,-1,1174,1229,1172,-1,1172,1229,1234,-1,1172,1234,1226,-1,1227,1235,1172,-1,1172,1235,1236,-1,1172,1236,1190,-1,1190,1236,1237,-1,1190,1237,1230,-1,1174,1175,1228,-1,1228,1175,1225,-1,1238,1239,1186,-1,1188,1240,1241,-1,1188,1241,1186,-1,1186,1241,1242,-1,1186,1242,1238,-1,1243,1244,700,-1,700,1244,1245,-1,700,1245,697,-1,697,1245,1246,-1,697,1246,699,-1,1239,1247,1186,-1,1186,1247,1248,-1,1186,1248,700,-1,700,1248,1249,-1,700,1249,1243,-1,1188,1189,1240,-1,1240,1189,1210,-1,1186,700,1184,-1,1184,700,702,-1,1184,702,1182,-1,1182,702,704,-1,1182,704,1180,-1,1180,704,706,-1,1180,706,1178,-1,1178,706,708,-1,1178,708,1176,-1,1176,708,710,-1,1176,710,359,-1,359,710,360,-1,1172,1190,1170,-1,1170,1190,1192,-1,1170,1192,1168,-1,1168,1192,1194,-1,1168,1194,1166,-1,1166,1194,1196,-1,1166,1196,1164,-1,1164,1196,1198,-1,1164,1198,1162,-1,1162,1198,1200,-1,1162,1200,280,-1,280,1200,281,-1,429,428,711,-1,429,711,1177,-1,1177,711,709,-1,1177,709,1179,-1,1179,709,707,-1,1179,707,1181,-1,1181,707,705,-1,1181,705,1183,-1,1183,705,703,-1,1183,703,1185,-1,1185,703,701,-1,1185,701,1187,-1,614,613,1201,-1,614,1201,1163,-1,1163,1201,1199,-1,1163,1199,1165,-1,1165,1199,1197,-1,1165,1197,1167,-1,1167,1197,1195,-1,1167,1195,1169,-1,1169,1195,1193,-1,1169,1193,1171,-1,1171,1193,1191,-1,1171,1191,1173,-1,698,699,1204,-1,1204,699,1246,-1,1204,1246,1205,-1,1205,1246,1245,-1,1205,1245,1202,-1,1202,1245,1244,-1,1202,1244,1203,-1,1203,1244,1243,-1,1203,1243,1211,-1,1211,1243,1249,-1,1211,1249,1212,-1,1212,1249,1248,-1,1212,1248,1213,-1,1213,1248,1247,-1,1213,1247,1206,-1,1206,1247,1239,-1,1206,1239,1207,-1,1207,1239,1238,-1,1207,1238,1208,-1,1208,1238,1242,-1,1208,1242,1209,-1,1209,1242,1241,-1,1209,1241,1210,-1,1210,1241,1240,-1,694,695,1217,-1,1217,695,1233,-1,1217,1233,1214,-1,1214,1233,1232,-1,1214,1232,1215,-1,1215,1232,1231,-1,1215,1231,1216,-1,1216,1231,1230,-1,1216,1230,1218,-1,1218,1230,1237,-1,1218,1237,1219,-1,1219,1237,1236,-1,1219,1236,1220,-1,1220,1236,1235,-1,1220,1235,1221,-1,1221,1235,1227,-1,1221,1227,1222,-1,1222,1227,1226,-1,1222,1226,1223,-1,1223,1226,1234,-1,1223,1234,1224,-1,1224,1234,1229,-1,1224,1229,1225,-1,1225,1229,1228,-1,866,890,867,-1,867,890,882,-1,867,882,1250,-1,1250,882,1251,-1,1250,1251,1252,-1,1252,1251,1253,-1,1252,1253,1254,-1,1254,1253,1255,-1,1254,1255,1256,-1,1256,1255,1257,-1,1256,1257,1258,-1,1258,1257,1259,-1,1258,1259,1260,-1,1260,1259,714,-1,1260,714,1261,-1,1261,714,715,-1,1262,713,1263,-1,1263,713,712,-1,1263,712,1264,-1,1264,712,1265,-1,1264,1265,1266,-1,1266,1265,1267,-1,1266,1267,1268,-1,1268,1267,1269,-1,1268,1269,1270,-1,1270,1269,1271,-1,1270,1271,1272,-1,1272,1271,1273,-1,1272,1273,811,-1,811,1273,881,-1,811,881,794,-1,794,881,880,-1,1260,1261,1263,-1,1263,1261,1262,-1,1262,1261,713,-1,713,1261,715,-1,1274,689,1275,-1,1275,689,688,-1,1275,688,1276,-1,1276,688,1277,-1,1276,1277,1278,-1,1278,1277,1279,-1,1278,1279,1280,-1,1280,1279,1281,-1,1280,1281,1282,-1,1282,1281,1283,-1,1282,1283,1284,-1,1284,1283,1285,-1,1284,1285,798,-1,798,1285,932,-1,798,932,797,-1,797,932,931,-1,792,900,790,-1,790,900,902,-1,790,902,1286,-1,1286,902,1287,-1,1286,1287,1288,-1,1288,1287,1289,-1,1288,1289,1290,-1,1290,1289,1291,-1,1290,1291,1292,-1,1292,1291,1293,-1,1292,1293,1294,-1,1294,1293,1295,-1,1294,1295,1296,-1,1296,1295,690,-1,1296,690,1297,-1,1297,690,691,-1,1296,1297,1275,-1,1275,1297,1274,-1,1274,1297,689,-1,689,1297,691,-1,8,535,23,-1,23,535,523,-1,23,523,1298,-1,1298,523,1299,-1,1298,1299,1300,-1,1300,1299,1301,-1,1300,1301,1302,-1,1302,1301,1303,-1,1302,1303,1304,-1,1304,1303,1305,-1,1304,1305,1306,-1,1306,1305,1307,-1,1306,1307,1308,-1,1308,1307,262,-1,1308,262,1309,-1,1309,262,263,-1,1310,261,1311,-1,1311,261,260,-1,1311,260,1312,-1,1312,260,1313,-1,1312,1313,1314,-1,1314,1313,1315,-1,1314,1315,1316,-1,1316,1315,1317,-1,1316,1317,1318,-1,1318,1317,1319,-1,1318,1319,1320,-1,1320,1319,1321,-1,1320,1321,44,-1,44,1321,522,-1,44,522,45,-1,45,522,521,-1,1308,1309,1311,-1,1311,1309,1310,-1,1310,1309,261,-1,261,1309,263,-1,51,527,52,-1,52,527,525,-1,52,525,1322,-1,1322,525,1323,-1,1322,1323,1324,-1,1324,1323,1325,-1,1324,1325,1326,-1,1326,1325,1327,-1,1326,1327,1328,-1,1328,1327,1329,-1,1328,1329,1330,-1,1330,1329,1331,-1,1330,1331,1332,-1,1332,1331,270,-1,1332,270,1333,-1,1333,270,271,-1,1334,269,1335,-1,1335,269,268,-1,1335,268,1336,-1,1336,268,1337,-1,1336,1337,1338,-1,1338,1337,1339,-1,1338,1339,1340,-1,1340,1339,1341,-1,1340,1341,1342,-1,1342,1341,1343,-1,1342,1343,1344,-1,1344,1343,1345,-1,1344,1345,53,-1,53,1345,524,-1,53,524,82,-1,82,524,549,-1,1332,1333,1335,-1,1335,1333,1334,-1,1334,1333,269,-1,269,1333,271,-1,302,627,338,-1,338,627,630,-1,338,630,1346,-1,1346,630,1347,-1,1346,1347,1348,-1,1348,1347,1349,-1,1348,1349,1350,-1,1350,1349,1351,-1,1350,1351,1352,-1,1352,1351,1353,-1,1352,1353,1354,-1,1354,1353,1355,-1,1354,1355,1356,-1,1356,1355,266,-1,1356,266,1357,-1,1357,266,267,-1,1358,1357,265,-1,265,1357,267,-1,1358,265,1359,-1,1359,265,264,-1,1359,264,1360,-1,1360,264,1361,-1,1360,1361,1362,-1,1362,1361,1363,-1,1362,1363,1364,-1,1364,1363,1365,-1,1364,1365,1366,-1,1366,1365,1367,-1,1366,1367,1368,-1,1368,1367,1369,-1,1368,1369,313,-1,313,1369,645,-1,313,645,276,-1,276,645,604,-1,1356,1357,1359,-1,1359,1357,1358,-1,1370,1371,273,-1,273,1371,275,-1,1370,273,1372,-1,1372,273,272,-1,1372,272,1373,-1,1373,272,1374,-1,1373,1374,1375,-1,1375,1374,1376,-1,1375,1376,1377,-1,1377,1376,1378,-1,1377,1378,1379,-1,1379,1378,1380,-1,1379,1380,1381,-1,1381,1380,1382,-1,1381,1382,385,-1,385,1382,471,-1,385,471,387,-1,387,471,440,-1,358,424,400,-1,400,424,458,-1,400,458,1383,-1,1383,458,1384,-1,1383,1384,1385,-1,1385,1384,1386,-1,1385,1386,1387,-1,1387,1386,1388,-1,1387,1388,1389,-1,1389,1388,1390,-1,1389,1390,1391,-1,1391,1390,1392,-1,1391,1392,1393,-1,1393,1392,274,-1,1393,274,1371,-1,1371,274,275,-1,1393,1371,1372,-1,1372,1371,1370,-1,1356,1359,1354,-1,1354,1359,1360,-1,1354,1360,1352,-1,1352,1360,1362,-1,1352,1362,1350,-1,1350,1362,1364,-1,1350,1364,1348,-1,1348,1364,1366,-1,1348,1366,1346,-1,1346,1366,1368,-1,1346,1368,338,-1,338,1368,313,-1,21,23,1298,-1,1308,1311,1306,-1,1306,1311,1312,-1,1306,1312,1304,-1,1304,1312,1314,-1,1304,1314,1302,-1,1302,1314,1316,-1,1302,1316,1300,-1,1300,1316,1318,-1,1300,1318,1298,-1,1298,1318,1320,-1,1298,1320,21,-1,21,1320,44,-1,1332,1335,1330,-1,1330,1335,1336,-1,1330,1336,1328,-1,1328,1336,1338,-1,1328,1338,1326,-1,1326,1338,1340,-1,1326,1340,1324,-1,1324,1340,1342,-1,1324,1342,1322,-1,1322,1342,1344,-1,1322,1344,52,-1,52,1344,53,-1,1296,1275,1294,-1,1294,1275,1276,-1,1294,1276,1292,-1,1292,1276,1278,-1,1292,1278,1290,-1,1290,1278,1280,-1,1290,1280,1288,-1,1288,1280,1282,-1,1288,1282,1286,-1,1286,1282,1284,-1,1286,1284,790,-1,790,1284,798,-1,1260,1263,1258,-1,1258,1263,1264,-1,1258,1264,1256,-1,1256,1264,1266,-1,1256,1266,1254,-1,1254,1266,1268,-1,1254,1268,1252,-1,1252,1268,1270,-1,1252,1270,1250,-1,1250,1270,1272,-1,1250,1272,867,-1,867,1272,811,-1,385,400,1381,-1,1381,400,1383,-1,1381,1383,1379,-1,1379,1383,1385,-1,1379,1385,1377,-1,1377,1385,1387,-1,1377,1387,1375,-1,1375,1387,1389,-1,1375,1389,1373,-1,1373,1389,1391,-1,1373,1391,1372,-1,1372,1391,1393,-1,890,866,869,-1,869,866,786,-1,869,786,871,-1,871,786,784,-1,871,784,873,-1,873,784,782,-1,873,782,875,-1,875,782,780,-1,875,780,877,-1,877,780,778,-1,877,778,879,-1,879,778,776,-1,879,776,453,-1,453,776,365,-1,453,365,440,-1,440,365,387,-1,627,302,607,-1,607,302,305,-1,607,305,1093,-1,1093,305,1092,-1,1093,1092,1094,-1,1094,1092,1091,-1,1094,1091,1095,-1,1095,1091,1090,-1,1095,1090,1096,-1,1096,1090,1089,-1,1096,1089,1097,-1,1097,1089,1088,-1,1097,1088,929,-1,929,1088,788,-1,929,788,931,-1,931,788,797,-1,792,794,900,-1,900,794,880,-1,424,358,425,-1,425,358,380,-1,425,380,510,-1,510,380,507,-1,510,507,512,-1,512,507,505,-1,512,505,514,-1,514,505,503,-1,514,503,516,-1,516,503,501,-1,516,501,518,-1,518,501,499,-1,518,499,520,-1,520,499,83,-1,520,83,549,-1,549,83,82,-1,535,8,536,-1,536,8,7,-1,536,7,679,-1,679,7,677,-1,679,677,681,-1,681,677,675,-1,681,675,683,-1,683,675,673,-1,683,673,685,-1,685,673,671,-1,685,671,687,-1,687,671,669,-1,687,669,619,-1,619,669,277,-1,619,277,604,-1,604,277,276,-1,46,45,521,-1,527,51,61,-1,61,91,527,-1,527,91,96,-1,527,96,521,-1,521,96,47,-1,521,47,46,-1,268,270,1331,-1,268,1331,1337,-1,1337,1331,1329,-1,1337,1329,1339,-1,1339,1329,1327,-1,1339,1327,1341,-1,1341,1327,1325,-1,1341,1325,1343,-1,1343,1325,1323,-1,1343,1323,1345,-1,1345,1323,525,-1,1345,525,524,-1,458,471,1382,-1,458,1382,1384,-1,1384,1382,1380,-1,1384,1380,1386,-1,1386,1380,1378,-1,1386,1378,1388,-1,1388,1378,1376,-1,1388,1376,1390,-1,1390,1376,1374,-1,1390,1374,1392,-1,1392,1374,272,-1,1392,272,274,-1,882,881,1273,-1,882,1273,1251,-1,1251,1273,1271,-1,1251,1271,1253,-1,1253,1271,1269,-1,1253,1269,1255,-1,1255,1269,1267,-1,1255,1267,1257,-1,1257,1267,1265,-1,1257,1265,1259,-1,1259,1265,712,-1,1259,712,714,-1,902,932,1285,-1,902,1285,1287,-1,1287,1285,1283,-1,1287,1283,1289,-1,1289,1283,1281,-1,1289,1281,1291,-1,1291,1281,1279,-1,1291,1279,1293,-1,1293,1279,1277,-1,1293,1277,1295,-1,1295,1277,688,-1,1295,688,690,-1,260,262,1307,-1,260,1307,1313,-1,1313,1307,1305,-1,1313,1305,1315,-1,1315,1305,1303,-1,1315,1303,1317,-1,1317,1303,1301,-1,1317,1301,1319,-1,1319,1301,1299,-1,1319,1299,1321,-1,1321,1299,523,-1,1321,523,522,-1,264,266,1355,-1,264,1355,1361,-1,1361,1355,1353,-1,1361,1353,1363,-1,1363,1353,1351,-1,1363,1351,1365,-1,1365,1351,1349,-1,1365,1349,1367,-1,1367,1349,1347,-1,1367,1347,1369,-1,1369,1347,630,-1,1369,630,645,-1,1394,1395,1396,-1,227,225,246,-1,254,1397,1398,-1,1399,1400,227,-1,1401,1402,246,-1,246,1402,1403,-1,1404,1405,1394,-1,1399,227,1396,-1,1396,227,246,-1,1396,246,1394,-1,1394,246,1403,-1,1394,1403,1406,-1,1407,1408,1406,-1,1406,1408,252,-1,1406,252,1394,-1,1394,252,254,-1,1394,254,1404,-1,1404,254,1398,-1,1409,1410,1411,-1,1412,1413,226,-1,226,1413,1409,-1,1414,1415,1416,-1,1411,247,1409,-1,1409,247,224,-1,1409,224,226,-1,1411,1417,1418,-1,1419,1420,1418,-1,1418,1420,255,-1,1418,255,1411,-1,1411,255,253,-1,1421,1422,253,-1,253,1422,1423,-1,253,1423,1411,-1,1411,1423,1414,-1,1411,1414,247,-1,247,1414,1416,-1,1422,1421,1424,-1,1422,1424,1425,-1,1425,1424,1426,-1,1425,1426,1427,-1,1427,1426,1428,-1,1427,1428,1429,-1,1429,1428,1430,-1,1429,1430,1431,-1,1431,1430,1432,-1,1431,1432,1433,-1,1433,1432,1434,-1,1433,1434,1435,-1,1435,1434,818,-1,1435,818,817,-1,904,903,1436,-1,1436,903,1437,-1,1436,1437,1438,-1,1438,1437,1439,-1,1438,1439,1440,-1,1440,1439,1441,-1,1440,1441,1442,-1,1442,1441,1443,-1,1442,1443,1444,-1,1444,1443,1445,-1,1444,1445,1446,-1,1446,1445,1447,-1,1446,1447,1407,-1,1407,1447,1408,-1,1406,1423,1407,-1,1407,1423,1422,-1,1407,1422,1446,-1,1446,1422,1425,-1,1446,1425,1444,-1,1444,1425,1427,-1,1444,1427,1442,-1,1442,1427,1429,-1,1442,1429,1440,-1,1440,1429,1431,-1,1440,1431,1438,-1,1438,1431,1433,-1,1438,1433,1436,-1,1436,1433,1435,-1,1436,1435,904,-1,904,1435,817,-1,904,817,257,-1,257,817,259,-1,249,248,903,-1,903,248,818,-1,903,818,1437,-1,1437,818,1434,-1,1437,1434,1439,-1,1439,1434,1432,-1,1439,1432,1441,-1,1441,1432,1430,-1,1441,1430,1443,-1,1443,1430,1428,-1,1443,1428,1445,-1,1445,1428,1426,-1,1445,1426,1447,-1,1447,1426,1424,-1,1447,1424,1408,-1,1408,1424,1421,-1,1408,1421,252,-1,252,1421,253,-1,1414,1423,1403,-1,1403,1423,1406,-1,1418,1417,1404,-1,1404,1417,1405,-1,1394,1405,1411,-1,1411,1405,1417,-1,219,215,221,-1,221,215,213,-1,221,213,1448,-1,1448,213,1449,-1,1448,1449,1450,-1,1450,1449,1451,-1,1450,1451,1452,-1,1452,1451,1453,-1,1452,1453,1454,-1,1454,1453,1455,-1,1454,1455,1456,-1,1456,1455,1457,-1,1456,1457,1396,-1,1396,1457,1409,-1,1396,1409,1399,-1,1399,1409,1413,-1,1399,1413,1458,-1,1458,1413,1459,-1,1458,1459,1460,-1,1460,1459,1461,-1,1460,1461,1462,-1,1462,1461,1463,-1,1462,1463,1464,-1,1464,1463,1465,-1,1464,1465,1466,-1,1466,1465,1467,-1,1466,1467,1468,-1,1468,1467,1469,-1,1468,1469,1470,-1,1470,1469,1471,-1,1420,1419,1472,-1,1420,1472,1473,-1,1473,1472,1474,-1,1473,1474,1475,-1,1475,1474,1476,-1,1475,1476,1477,-1,1477,1476,1478,-1,1477,1478,1479,-1,1479,1478,1480,-1,1479,1480,1481,-1,1481,1480,1482,-1,1481,1482,1483,-1,1483,1482,848,-1,1483,848,849,-1,885,884,1484,-1,1484,884,1485,-1,1484,1485,1486,-1,1486,1485,1487,-1,1486,1487,1488,-1,1488,1487,1489,-1,1488,1489,1490,-1,1490,1489,1491,-1,1490,1491,1492,-1,1492,1491,1493,-1,1492,1493,1494,-1,1494,1493,1495,-1,1494,1495,1397,-1,1397,1495,1398,-1,254,255,1397,-1,1397,255,1420,-1,1397,1420,1494,-1,1494,1420,1473,-1,1494,1473,1492,-1,1492,1473,1475,-1,1492,1475,1490,-1,1490,1475,1477,-1,1490,1477,1488,-1,1488,1477,1479,-1,1488,1479,1486,-1,1486,1479,1481,-1,1486,1481,1484,-1,1484,1481,1483,-1,1484,1483,885,-1,885,1483,849,-1,885,849,251,-1,251,849,250,-1,883,846,884,-1,884,846,848,-1,884,848,1485,-1,1485,848,1482,-1,1485,1482,1487,-1,1487,1482,1480,-1,1487,1480,1489,-1,1489,1480,1478,-1,1489,1478,1491,-1,1491,1478,1476,-1,1491,1476,1493,-1,1493,1476,1474,-1,1493,1474,1495,-1,1495,1474,1472,-1,1495,1472,1398,-1,1398,1472,1419,-1,1398,1419,1404,-1,1404,1419,1418,-1,1416,1415,1496,-1,1416,1496,1497,-1,1497,1496,1498,-1,1497,1498,1499,-1,1499,1498,1500,-1,1499,1500,1501,-1,1501,1500,1502,-1,1501,1502,1503,-1,1503,1502,1504,-1,1503,1504,1505,-1,1505,1504,1506,-1,1505,1506,1507,-1,1507,1506,802,-1,1507,802,801,-1,923,924,1508,-1,1508,924,1509,-1,1508,1509,1510,-1,1510,1509,1511,-1,1510,1511,1512,-1,1512,1511,1513,-1,1512,1513,1514,-1,1514,1513,1515,-1,1514,1515,1516,-1,1516,1515,1517,-1,1516,1517,1518,-1,1518,1517,1519,-1,1518,1519,1401,-1,1401,1519,1402,-1,246,247,1401,-1,1401,247,1416,-1,1401,1416,1518,-1,1518,1416,1497,-1,1518,1497,1516,-1,1516,1497,1499,-1,1516,1499,1514,-1,1514,1499,1501,-1,1514,1501,1512,-1,1512,1501,1503,-1,1512,1503,1510,-1,1510,1503,1505,-1,1510,1505,1508,-1,1508,1505,1507,-1,1508,1507,923,-1,923,1507,801,-1,923,801,228,-1,228,801,229,-1,256,258,924,-1,924,258,802,-1,924,802,1509,-1,1509,802,1506,-1,1509,1506,1511,-1,1511,1506,1504,-1,1511,1504,1513,-1,1513,1504,1502,-1,1513,1502,1515,-1,1515,1502,1500,-1,1515,1500,1517,-1,1517,1500,1498,-1,1517,1498,1519,-1,1519,1498,1496,-1,1519,1496,1402,-1,1402,1496,1415,-1,1402,1415,1403,-1,1403,1415,1414,-1,1520,1471,1521,-1,1521,1471,1469,-1,1521,1469,1522,-1,1522,1469,1523,-1,1522,1523,1524,-1,1524,1523,1525,-1,1524,1525,1520,-1,1520,1525,1471,-1,1523,1469,1467,-1,1523,1467,1526,-1,1526,1467,1465,-1,1526,1465,1527,-1,1527,1465,1463,-1,1527,1463,1528,-1,1528,1463,1461,-1,1528,1461,1529,-1,1529,1461,1459,-1,1529,1459,1530,-1,1530,1459,1413,-1,1530,1413,1412,-1,1400,1399,1531,-1,1531,1399,1458,-1,1531,1458,1532,-1,1532,1458,1460,-1,1532,1460,1533,-1,1533,1460,1462,-1,1533,1462,1534,-1,1534,1462,1464,-1,1534,1464,1535,-1,1535,1464,1466,-1,1535,1466,1536,-1,1536,1466,1468,-1,1537,1536,1538,-1,1538,1536,1468,-1,1538,1468,1539,-1,1539,1468,1470,-1,1539,1470,1540,-1,1540,1470,1541,-1,1540,1541,1537,-1,1537,1541,1536,-1,1525,1541,1471,-1,1471,1541,1470,-1,1541,1525,1536,-1,1536,1525,1523,-1,1536,1523,1535,-1,1535,1523,1526,-1,1535,1526,1534,-1,1534,1526,1527,-1,1534,1527,1533,-1,1533,1527,1528,-1,1533,1528,1532,-1,1532,1528,1529,-1,1532,1529,1531,-1,1531,1529,1530,-1,1531,1530,1400,-1,1400,1530,1412,-1,1400,1412,227,-1,227,1412,226,-1,217,209,219,-1,219,209,215,-1,223,221,1542,-1,1542,221,1448,-1,1542,1448,1543,-1,1543,1448,1450,-1,1543,1450,1544,-1,1544,1450,1452,-1,1544,1452,1545,-1,1545,1452,1454,-1,1545,1454,1546,-1,1546,1454,1456,-1,1546,1456,1395,-1,1395,1456,1396,-1,1410,1409,1457,-1,1410,1457,1547,-1,1547,1457,1455,-1,1547,1455,1548,-1,1548,1455,1453,-1,1548,1453,1549,-1,1549,1453,1451,-1,1549,1451,1550,-1,1550,1451,1449,-1,1550,1449,1551,-1,1551,1449,213,-1,1551,213,211,-1,1394,1411,1395,-1,1395,1411,1410,-1,1395,1410,1546,-1,1546,1410,1547,-1,1546,1547,1545,-1,1545,1547,1548,-1,1545,1548,1544,-1,1544,1548,1549,-1,1544,1549,1543,-1,1543,1549,1550,-1,1543,1550,1542,-1,1542,1550,1551,-1,1542,1551,223,-1,223,1551,211,-1,223,211,217,-1,217,211,209,-1,1539,1540,1520,-1,1520,1540,1524,-1,1540,1537,1524,-1,1524,1537,1522,-1,1537,1538,1522,-1,1522,1538,1521,-1,1538,1539,1521,-1,1521,1539,1520,-1,216,218,208,-1,208,218,214,-1,218,220,214,-1,214,220,212,-1,220,222,212,-1,212,222,210,-1,222,216,210,-1,210,216,208,-1,
        ]
    }
}
Shape{
    appearance Appearance {
        material  Material 	{
            diffuseColor 0.0 0.0 0.0
            specularColor 0.0 0.0 0.0
            ambientIntensity 0.0
            transparency 0.0
            shininess 0.5
        }
    }
    geometry IndexedFaceSet {
        ccw TRUE
        solid FALSE
        coord DEF co Coordinate {
            point [
                -0.6449 -1.4199 0.5122, -0.7985 -1.8136 0.5122, -0.6449 -1.4199 0.5118, -0.7985 -1.8136 0.5118, -0.7409 -1.8136 0.5122, -0.7409 -1.8136 0.5118, -0.7011 -1.7031 0.5122, -0.7011 -1.7031 0.5118, -0.5384 -1.7031 0.5122, -0.5384 -1.7031 0.5118, -0.5008 -1.8136 0.5122, -0.5008 -1.8136 0.5118, -0.4432 -1.8136 0.5122, -0.4432 -1.8136 0.5118, -0.5921 -1.4199 0.5122, -0.5921 -1.4199 0.5118, -0.5517 -1.6599 0.5122, -0.6834 -1.6599 0.5122, -0.6104 -1.4955 0.5122, -0.6142 -1.4818 0.5122, -0.6168 -1.4679 0.5122, -0.618 -1.4679 0.5122, -0.6206 -1.4818 0.5122, -0.6241 -1.4955 0.5122, -0.5517 -1.6599 0.5118, -0.6834 -1.6599 0.5118, -0.6104 -1.4955 0.5118, -0.6142 -1.4818 0.5118, -0.6168 -1.4679 0.5118, -0.618 -1.4679 0.5118, -0.6206 -1.4818 0.5118, -0.6241 -1.4955 0.5118, -0.2046 -1.8136 0.5122, -0.0975 -1.8136 0.5122, -0.2046 -1.8136 0.5118, -0.0975 -1.8136 0.5118, -0.0975 -1.4199 0.5122, -0.0975 -1.4199 0.5118, -0.2086 -1.4199 0.5122, -0.2086 -1.4199 0.5118, -0.2144 -1.4205 0.5118, -0.2655 -1.426 0.5122, -0.2655 -1.426 0.5118, -0.3116 -1.4421 0.5122, -0.3116 -1.4421 0.5118, -0.3544 -1.4708 0.5122, -0.3544 -1.4708 0.5118, -0.3549 -1.4712 0.5122, -0.3549 -1.4712 0.5118, -0.3827 -1.5021 0.5122, -0.3827 -1.5021 0.5118, -0.401 -1.5359 0.5122, -0.401 -1.5359 0.5118, -0.4116 -1.5747 0.5122, -0.4116 -1.5747 0.5118, -0.4144 -1.6118 0.5122, -0.4144 -1.6118 0.5118, -0.2144 -1.8127 0.5118, -0.2533 -1.8093 0.5122, -0.2533 -1.8093 0.5118, -0.2987 -1.7958 0.5118, -0.2987 -1.7958 0.5122, -0.3398 -1.7719 0.5118, -0.3398 -1.7719 0.5122, -0.3722 -1.7409 0.5118, -0.3722 -1.7409 0.5122, -0.3948 -1.7057 0.5118, -0.3948 -1.7057 0.5122, -0.4089 -1.6645 0.5118, -0.4089 -1.6645 0.5122, -0.3354 -1.5183 0.5122, -0.3163 -1.498 0.5122, -0.2875 -1.4794 0.5122, -0.255 -1.468 0.5122, -0.2084 -1.4631 0.5122, -0.1504 -1.4631 0.5122, -0.1504 -1.7704 0.5122, -0.2062 -1.7704 0.5122, -0.2478 -1.7665 0.5122, -0.2809 -1.7562 0.5122, -0.3078 -1.7402 0.5122, -0.3298 -1.7184 0.5122, -0.3464 -1.6913 0.5122, -0.358 -1.6543 0.5122, -0.3616 -1.6129 0.5122, -0.3583 -1.5737 0.5122, -0.3491 -1.5426 0.5122, -0.2084 -1.4631 0.5118, -0.1504 -1.4631 0.5118, -0.255 -1.468 0.5118, -0.2875 -1.4794 0.5118, -0.3163 -1.498 0.5118, -0.3354 -1.5183 0.5118, -0.3491 -1.5426 0.5118, -0.3583 -1.5737 0.5118, -0.3616 -1.6129 0.5118, -0.358 -1.6543 0.5118, -0.3464 -1.6913 0.5118, -0.3298 -1.7184 0.5118, -0.3078 -1.7402 0.5118, -0.2809 -1.7562 0.5118, -0.2478 -1.7665 0.5118, -0.2062 -1.7704 0.5118, -0.1504 -1.7704 0.5118, -0.0207 -1.7704 0.5122, -0.0207 -1.8136 0.5122, -0.0207 -1.7704 0.5118, -0.0207 -1.8136 0.5118, 0.1905 -1.8136 0.5122, 0.1905 -1.8136 0.5118, 0.1905 -1.4199 0.5122, 0.1905 -1.4199 0.5118, -0.0111 -1.4199 0.5122, -0.0111 -1.4199 0.5118, -0.0111 -1.4631 0.5122, -0.0111 -1.4631 0.5118, 0.1377 -1.4631 0.5122, 0.1377 -1.4631 0.5118, 0.1377 -1.5927 0.5122, 0.1377 -1.5927 0.5118, -0.0015 -1.5927 0.5122, -0.0015 -1.5927 0.5118, -0.0015 -1.6359 0.5122, -0.0015 -1.6359 0.5118, 0.1377 -1.6359 0.5122, 0.1377 -1.6359 0.5118, 0.1377 -1.7704 0.5122, 0.1377 -1.7704 0.5118, 0.2674 -1.75 0.5122, 0.2674 -1.7932 0.5122, 0.2674 -1.75 0.5118, 0.2674 -1.7932 0.5118, 0.3093 -1.8104 0.5122, 0.3757 -1.8184 0.5122, 0.3757 -1.8184 0.5118, 0.3649 -1.8182 0.5118, 0.3649 -1.8182 0.5122, 0.3491 -1.816 0.5118, 0.3093 -1.8104 0.5118, 0.3988 -1.816 0.5118, 0.4242 -1.8133 0.5122, 0.4242 -1.8133 0.5118, 0.4624 -1.8002 0.5122, 0.4624 -1.8002 0.5118, 0.494 -1.78 0.5122, 0.494 -1.78 0.5118, 0.5236 -1.7489 0.5122, 0.5236 -1.7489 0.5118, 0.5446 -1.7114 0.5122, 0.5446 -1.7114 0.5118, 0.5564 -1.6697 0.5122, 0.5564 -1.6697 0.5118, 0.5602 -1.6242 0.5122, 0.5602 -1.6242 0.5118, 0.3995 -1.4183 0.5122, 0.36 -1.4151 0.5122, 0.3894 -1.4175 0.5118, 0.36 -1.4151 0.5118, 0.3995 -1.4183 0.5118, 0.4434 -1.4311 0.5118, 0.4434 -1.4311 0.5122, 0.4808 -1.4526 0.5118, 0.4808 -1.4526 0.5122, 0.5164 -1.4868 0.5118, 0.5164 -1.4868 0.5122, 0.5394 -1.5236 0.5118, 0.5394 -1.5236 0.5122, 0.5546 -1.5682 0.5118, 0.5546 -1.5682 0.5122, 0.3252 -1.4175 0.5118, 0.3129 -1.4183 0.5122, 0.3129 -1.4183 0.5118, 0.2674 -1.4307 0.5122, 0.2674 -1.4307 0.5118, 0.2674 -1.4835 0.5122, 0.2674 -1.4835 0.5118, 0.3595 -1.4583 0.5122, 0.3595 -1.4583 0.5118, 0.3117 -1.4645 0.5118, 0.3117 -1.4645 0.5122, 0.5074 -1.6209 0.5122, 0.5074 -1.6209 0.5118, 0.5055 -1.5903 0.5118, 0.5055 -1.5903 0.5122, 0.495 -1.5481 0.5118, 0.495 -1.5481 0.5122, 0.4788 -1.5177 0.5118, 0.4788 -1.5177 0.5122, 0.455 -1.4915 0.5118, 0.455 -1.4915 0.5122, 0.4278 -1.4733 0.5118, 0.4278 -1.4733 0.5122, 0.3983 -1.4626 0.5118, 0.3983 -1.4626 0.5122, 0.3684 -1.7752 0.5122, 0.3684 -1.7752 0.5118, 0.4051 -1.771 0.5118, 0.4051 -1.771 0.5122, 0.4338 -1.7605 0.5118, 0.4338 -1.7605 0.5122, 0.458 -1.7442 0.5118, 0.458 -1.7442 0.5122, 0.4764 -1.7247 0.5118, 0.4764 -1.7247 0.5122, 0.4927 -1.6974 0.5118, 0.4927 -1.6974 0.5122, 0.5034 -1.6635 0.5118, 0.5034 -1.6635 0.5122, 0.2744 -1.7539 0.5118, 0.2744 -1.7539 0.5122, 0.3161 -1.7694 0.5118, 0.3161 -1.7694 0.5122, 0.5938 -1.7704 0.5122, 0.5938 -1.8136 0.5122, 0.5938 -1.7704 0.5118, 0.5938 -1.8136 0.5118, 0.7955 -1.8136 0.5122, 0.7955 -1.8136 0.5118, 0.7955 -1.4199 0.5122, 0.7955 -1.4199 0.5118, 0.7427 -1.4199 0.5122, 0.7427 -1.4199 0.5118, 0.7427 -1.7704 0.5122, 0.7427 -1.7704 0.5118
            ]
        }
        coordIndex [
            0,1,2,-1,2,1,3,-1,1,4,3,-1,3,4,5,-1,4,6,5,-1,5,6,7,-1,6,8,7,-1,7,8,9,-1,8,10,9,-1,9,10,11,-1,10,12,11,-1,11,12,13,-1,12,14,13,-1,13,14,15,-1,14,0,15,-1,15,0,2,-1,16,8,17,-1,17,8,6,-1,18,14,16,-1,16,14,12,-1,16,12,8,-1,8,12,10,-1,18,19,14,-1,14,19,20,-1,14,20,0,-1,0,20,21,-1,0,21,22,-1,22,23,0,-1,0,23,17,-1,0,17,1,-1,1,17,6,-1,1,6,4,-1,16,17,24,-1,24,17,25,-1,18,16,26,-1,26,16,24,-1,18,26,27,-1,18,27,19,-1,19,27,28,-1,19,28,20,-1,21,20,29,-1,29,20,28,-1,21,29,30,-1,21,30,22,-1,22,30,31,-1,22,31,23,-1,17,23,25,-1,25,23,31,-1,32,33,34,-1,34,33,35,-1,33,36,35,-1,35,36,37,-1,36,38,37,-1,37,38,39,-1,39,38,40,-1,40,38,41,-1,40,41,42,-1,42,41,43,-1,42,43,44,-1,44,43,45,-1,44,45,46,-1,46,45,47,-1,46,47,48,-1,48,47,49,-1,48,49,50,-1,50,49,51,-1,50,51,52,-1,52,51,53,-1,52,53,54,-1,54,53,55,-1,54,55,56,-1,32,34,57,-1,32,57,58,-1,57,59,58,-1,58,59,60,-1,58,60,61,-1,61,60,62,-1,61,62,63,-1,63,62,64,-1,63,64,65,-1,65,64,66,-1,65,66,67,-1,67,66,68,-1,67,68,69,-1,69,68,56,-1,69,56,55,-1,51,49,70,-1,70,49,47,-1,70,47,71,-1,71,47,45,-1,71,45,72,-1,72,45,43,-1,72,43,73,-1,73,43,41,-1,73,41,74,-1,74,41,38,-1,74,38,75,-1,75,38,36,-1,75,36,76,-1,76,36,33,-1,76,33,77,-1,77,33,32,-1,77,32,78,-1,78,32,58,-1,78,58,79,-1,79,58,61,-1,79,61,80,-1,80,61,63,-1,80,63,81,-1,81,63,65,-1,81,65,82,-1,82,65,67,-1,82,67,83,-1,83,67,69,-1,83,69,84,-1,84,69,55,-1,84,55,85,-1,85,55,53,-1,85,53,86,-1,86,53,51,-1,86,51,70,-1,74,75,87,-1,87,75,88,-1,74,87,89,-1,74,89,73,-1,73,89,90,-1,73,90,72,-1,72,90,91,-1,72,91,71,-1,71,91,92,-1,71,92,70,-1,70,92,93,-1,70,93,86,-1,86,93,94,-1,86,94,85,-1,85,94,95,-1,85,95,84,-1,84,95,96,-1,84,96,83,-1,83,96,97,-1,83,97,82,-1,82,97,98,-1,82,98,81,-1,81,98,99,-1,81,99,80,-1,80,99,100,-1,80,100,79,-1,79,100,101,-1,79,101,78,-1,78,101,102,-1,78,102,77,-1,76,77,103,-1,103,77,102,-1,75,76,88,-1,88,76,103,-1,104,105,106,-1,106,105,107,-1,105,108,107,-1,107,108,109,-1,108,110,109,-1,109,110,111,-1,110,112,111,-1,111,112,113,-1,112,114,113,-1,113,114,115,-1,114,116,115,-1,115,116,117,-1,116,118,117,-1,117,118,119,-1,118,120,119,-1,119,120,121,-1,120,122,121,-1,121,122,123,-1,122,124,123,-1,123,124,125,-1,124,126,125,-1,125,126,127,-1,126,104,127,-1,127,104,106,-1,108,105,104,-1,104,126,108,-1,108,126,124,-1,108,124,110,-1,114,112,116,-1,116,112,110,-1,116,110,118,-1,118,110,124,-1,118,124,120,-1,120,124,122,-1,128,129,130,-1,130,129,131,-1,131,129,132,-1,133,134,135,-1,133,135,136,-1,136,135,137,-1,136,137,132,-1,132,137,138,-1,132,138,131,-1,134,133,139,-1,139,133,140,-1,139,140,141,-1,141,140,142,-1,141,142,143,-1,143,142,144,-1,143,144,145,-1,145,144,146,-1,145,146,147,-1,147,146,148,-1,147,148,149,-1,149,148,150,-1,149,150,151,-1,151,150,152,-1,151,152,153,-1,154,155,156,-1,156,155,157,-1,156,158,154,-1,154,158,159,-1,154,159,160,-1,160,159,161,-1,160,161,162,-1,162,161,163,-1,162,163,164,-1,164,163,165,-1,164,165,166,-1,166,165,167,-1,166,167,168,-1,168,167,153,-1,168,153,152,-1,157,155,169,-1,169,155,170,-1,169,170,171,-1,171,170,172,-1,171,172,173,-1,172,174,173,-1,173,174,175,-1,176,177,178,-1,176,178,179,-1,179,178,175,-1,179,175,174,-1,180,181,182,-1,180,182,183,-1,183,182,184,-1,183,184,185,-1,185,184,186,-1,185,186,187,-1,187,186,188,-1,187,188,189,-1,189,188,190,-1,189,190,191,-1,191,190,192,-1,191,192,193,-1,193,192,177,-1,193,177,176,-1,194,195,196,-1,194,196,197,-1,197,196,198,-1,197,198,199,-1,199,198,200,-1,199,200,201,-1,201,200,202,-1,201,202,203,-1,203,202,204,-1,203,204,205,-1,205,204,206,-1,205,206,207,-1,207,206,181,-1,207,181,180,-1,128,130,208,-1,128,208,209,-1,209,208,210,-1,209,210,211,-1,211,210,195,-1,211,195,194,-1,197,133,194,-1,194,133,136,-1,194,136,211,-1,211,136,132,-1,211,132,209,-1,209,132,129,-1,209,129,128,-1,174,172,179,-1,179,172,170,-1,179,170,176,-1,176,170,155,-1,176,155,193,-1,193,155,154,-1,193,154,191,-1,191,154,160,-1,191,160,189,-1,189,160,162,-1,189,162,187,-1,187,162,164,-1,187,164,185,-1,185,164,166,-1,185,166,183,-1,183,166,168,-1,183,168,180,-1,180,168,152,-1,180,152,207,-1,207,152,150,-1,207,150,205,-1,205,150,148,-1,205,148,203,-1,203,148,146,-1,203,146,201,-1,201,146,144,-1,201,144,199,-1,199,144,142,-1,199,142,197,-1,197,142,140,-1,197,140,133,-1,212,213,214,-1,214,213,215,-1,213,216,215,-1,215,216,217,-1,216,218,217,-1,217,218,219,-1,218,220,219,-1,219,220,221,-1,220,222,221,-1,221,222,223,-1,222,212,223,-1,223,212,214,-1,220,218,222,-1,222,218,216,-1,222,216,212,-1,212,216,213,-1,
        ]
    }
}
Shape{
    appearance Appearance {
        material  Material 	{
            diffuseColor 1.0 1.0 1.0
            specularColor 0.5019607843137255 0.5019607843137255 0.5019607843137255
            ambientIntensity 1.0
            transparency 0.0
            shininess 0.5
        }
    }
    geometry IndexedFaceSet {
        ccw TRUE
        solid FALSE
        coord DEF co Coordinate {
            point [
                -0.5517 -1.6599 0.5118, -0.6834 -1.6599 0.5118, -0.6104 -1.4955 0.5118, -0.6241 -1.4955 0.5118, -0.6142 -1.4818 0.5118, -0.6206 -1.4818 0.5118, -0.6168 -1.4679 0.5118, -0.618 -1.4679 0.5118, -0.1504 -1.4631 0.5118, -0.1504 -1.7704 0.5118, -0.2084 -1.4631 0.5118, -0.2062 -1.7704 0.5118, -0.2478 -1.7665 0.5118, -0.3616 -1.6129 0.5118, -0.3583 -1.5737 0.5118, -0.3491 -1.5426 0.5118, -0.255 -1.468 0.5118, -0.2809 -1.7562 0.5118, -0.3078 -1.7402 0.5118, -0.3298 -1.7184 0.5118, -0.3464 -1.6913 0.5118, -0.358 -1.6543 0.5118, -0.3354 -1.5183 0.5118, -0.3163 -1.498 0.5118, -0.2875 -1.4794 0.5118
            ]
        }
        coordIndex [
            0,1,2,-1,2,1,3,-1,2,3,4,-1,4,3,5,-1,4,5,6,-1,6,5,7,-1,8,9,10,-1,10,9,11,-1,10,11,12,-1,13,14,10,-1,10,14,15,-1,10,15,16,-1,12,17,10,-1,10,17,18,-1,10,18,19,-1,19,20,10,-1,10,20,21,-1,10,21,13,-1,22,23,15,-1,15,23,24,-1,15,24,16,-1,
        ]
    }
}