#VRML V2.0 utf8
# 3D model generated by easyeda2kicad.py (https://github.com/uPesy/easyeda2kicad.py)

Shape{
    appearance Appearance {
        material  Material 	{
            diffuseColor 0.25098039215686274 0.25098039215686274 0.25098039215686274
            specularColor 0.12549019607843137 0.12549019607843137 0.12549019607843137
            ambientIntensity 0.251
            transparency 0.0
            shininess 0.5
        }
    }
    geometry IndexedFaceSet {
        ccw TRUE
        solid FALSE
        coord DEF co Coordinate {
            point [
                0.1181 -2.1653 0.0079, 0.1181 -2.3622 0.0079, 0.0759 -2.3622 0.0079, -0.1968 -2.1653 0.0079, -0.1968 -2.3622 0.0079, -0.253 -2.3622 0.0079, -2.1375 1.7602 0.0079, -2.1427 1.7641 0.0079, -1.0063 1.7641 0.0079, 0.2583 1.787 0.0079, 0.2583 1.7653 0.0079, 0.2499 1.7641 0.0079, 0.3592 1.7653 0.0079, 0.3592 1.9622 0.0079, 0.3327 1.9622 0.0079, 0.2499 1.9634 0.0079, 2.1313 1.8701 0.0079, 2.1375 1.862 0.0079, 2.1552 1.7703 0.0079, 2.1457 1.8557 0.0079, 2.126 1.8898 0.0079, 2.1274 1.8796 0.0079, 2.1654 1.8504 0.0079, 2.3622 1.8504 0.0079, 2.3622 1.7717 0.0079, 2.1375 1.9176 0.0079, 2.1313 1.9095 0.0079, 2.1274 1.9 0.0079, 2.1552 1.8518 0.0079, 2.1654 1.7717 0.0079, 2.3622 1.9292 0.0079, 2.1654 1.9292 0.0079, 2.3622 1.9634 0.0079, 2.1552 1.9278 0.0079, 2.1457 1.9239 0.0079, 1.4275 2.1274 0.0079, 1.437 2.1313 0.0079, 1.5368 2.1552 0.0079, 1.4452 2.1375 0.0079, 1.4514 2.1457 0.0079, 1.4567 2.1654 0.0079, 1.4567 2.3622 0.0079, 1.5355 2.3622 0.0079, 1.4554 2.1552 0.0079, 1.5355 2.1654 0.0079, 0.7976 2.1274 0.0079, 0.8071 2.1313 0.0079, 0.9069 2.1552 0.0079, 0.8153 2.1375 0.0079, 0.8215 2.1457 0.0079, 0.8268 2.1654 0.0079, 0.8268 2.3622 0.0079, 0.9055 2.3622 0.0079, 0.8255 2.1552 0.0079, 0.9055 2.1654 0.0079, 0.9551 2.1274 0.0079, 0.9646 2.1313 0.0079, 1.0644 2.1552 0.0079, 0.9728 2.1375 0.0079, 0.979 2.1457 0.0079, 0.9843 2.1654 0.0079, 0.9843 2.3622 0.0079, 1.063 2.3622 0.0079, 0.9829 2.1552 0.0079, 1.063 2.1654 0.0079, 1.2218 2.1552 0.0079, 1.1302 2.1375 0.0079, 1.1365 2.1457 0.0079, 1.1418 2.1654 0.0079, 1.1418 2.3622 0.0079, 1.2205 2.3622 0.0079, 0.2499 2.3622 0.0079, 0.2756 2.3622 0.0079, 0.2756 2.1654 0.0079, 1.1404 2.1552 0.0079, 1.2205 2.1654 0.0079, 1.2701 2.1274 0.0079, 1.2796 2.1313 0.0079, 1.3793 2.1552 0.0079, 1.2877 2.1375 0.0079, 1.294 2.1457 0.0079, 1.2992 2.1654 0.0079, 1.2992 2.3622 0.0079, 1.378 2.3622 0.0079, 1.2979 2.1552 0.0079, 1.378 2.1654 0.0079, 0.4344 2.1552 0.0079, 0.3428 2.1375 0.0079, 0.3491 2.1457 0.0079, 0.3544 2.1654 0.0079, 0.3544 2.3622 0.0079, 0.4331 2.3622 0.0079, 0.353 2.1552 0.0079, 0.4331 2.1654 0.0079, 0.5919 2.1552 0.0079, 0.5003 2.1375 0.0079, 0.5066 2.1457 0.0079, 0.5118 2.1654 0.0079, 0.5118 2.3622 0.0079, 0.5906 2.3622 0.0079, 1.585 2.1274 0.0079, 1.5945 2.1313 0.0079, 1.6943 2.1552 0.0079, 1.6027 2.1375 0.0079, 1.6089 2.1457 0.0079, 0.5105 2.1552 0.0079, 0.5906 2.1654 0.0079, 0.7494 2.1552 0.0079, 0.6578 2.1375 0.0079, 0.664 2.1457 0.0079, 0.6693 2.1654 0.0079, 0.6693 2.3622 0.0079, 0.7481 2.3622 0.0079, 1.7425 2.1274 0.0079, 1.752 2.1313 0.0079, 1.8518 2.1552 0.0079, 1.7602 2.1375 0.0079, 1.7664 2.1457 0.0079, 0.668 2.1552 0.0079, 0.7481 2.1654 0.0079, 0.2872 2.1375 0.0079, 0.2953 2.1313 0.0079, 0.4446 2.1375 0.0079, 0.4528 2.1313 0.0079, 0.6021 2.1375 0.0079, 0.6103 2.1313 0.0079, 1.6142 2.1654 0.0079, 1.6142 2.3622 0.0079, 1.6929 2.3622 0.0079, 0.2809 2.1457 0.0079, 1.6129 2.1552 0.0079, 1.6929 2.1654 0.0079, 1.7717 2.1654 0.0079, 1.7717 2.3622 0.0079, 1.8504 2.3622 0.0079, 0.277 2.1552 0.0079, 0.7596 2.1375 0.0079, 0.7677 2.1313 0.0079, 0.7772 2.1274 0.0079, 1.7703 2.1552 0.0079, 1.8504 2.1654 0.0079, 0.3048 2.1274 0.0079, 0.315 2.126 0.0079, 0.3252 2.1274 0.0079, 0.4623 2.1274 0.0079, 0.4725 2.126 0.0079, 0.4827 2.1274 0.0079, 0.9108 2.1457 0.0079, 0.9171 2.1375 0.0079, 0.9252 2.1313 0.0079, 0.9347 2.1274 0.0079, 0.4384 2.1457 0.0079, 0.3347 2.1313 0.0079, 0.5959 2.1457 0.0079, 0.4922 2.1313 0.0079, 0.6198 2.1274 0.0079, 0.63 2.126 0.0079, 0.6401 2.1274 0.0079, 1.0683 2.1457 0.0079, 1.0746 2.1375 0.0079, 1.0827 2.1313 0.0079, 1.0922 2.1274 0.0079, 1.232 2.1375 0.0079, 1.2402 2.1313 0.0079, 0.7533 2.1457 0.0079, 0.6496 2.1313 0.0079, 1.3895 2.1375 0.0079, 1.3977 2.1313 0.0079, 0.7874 2.126 0.0079, 1.2258 2.1457 0.0079, 1.1126 2.1274 0.0079, 1.1221 2.1313 0.0079, 1.4072 2.1274 0.0079, 1.4174 2.126 0.0079, 0.9449 2.126 0.0079, 1.8796 2.1274 0.0079, 1.8898 2.126 0.0079, 1.1024 2.126 0.0079, 1.5551 2.1313 0.0079, 1.547 2.1375 0.0079, 1.5407 2.1457 0.0079, 1.3833 2.1457 0.0079, 1.2599 2.126 0.0079, 1.2497 2.1274 0.0079, 1.6982 2.1457 0.0079, 1.7045 2.1375 0.0079, 1.5748 2.126 0.0079, 1.9176 2.1375 0.0079, 1.9239 2.1457 0.0079, 1.7126 2.1313 0.0079, 1.7221 2.1274 0.0079, 1.7323 2.126 0.0079, 1.8701 2.1313 0.0079, 1.862 2.1375 0.0079, 1.8557 2.1457 0.0079, 1.9 2.1274 0.0079, 1.9095 2.1313 0.0079, 1.5646 2.1274 0.0079, 1.9292 2.3622 0.0079, 2.3622 2.3622 0.0079, 1.9292 2.1654 0.0079, 1.9278 2.1552 0.0079, 0.1414 1.9646 0.0079, 0.124 1.9634 0.0079, 0.1473 2.1274 0.0079, 0.0759 2.3622 0.0079, 0.1181 2.3622 0.0079, 0.1181 2.1654 0.0079, 0.1297 2.1375 0.0079, 0.1378 2.1313 0.0079, 0.0759 1.9634 0.0079, 0.1234 2.1457 0.0079, 0.1195 2.1552 0.0079, 0.1575 2.126 0.0079, 0.1677 2.1274 0.0079, 0.1561 1.9634 0.0079, 0.1772 2.1313 0.0079, 0.1853 2.1375 0.0079, 0.1916 2.1457 0.0079, 0.1969 2.3622 0.0079, 0.1969 2.1654 0.0079, 0.1955 2.1552 0.0079, -0.0682 2.3622 0.0079, -0.0393 2.3622 0.0079, -0.0393 2.1654 0.0079, -0.0341 2.1457 0.0079, -0.0278 2.1375 0.0079, -0.0682 1.9634 0.0079, -0.0197 2.1313 0.0079, -0.0102 2.1274 0.0079, -0.038 2.1552 0.0079, 0.0 2.126 0.0079, 0.0102 2.1274 0.0079, 0.0197 2.1313 0.0079, 0.0279 2.1375 0.0079, 0.0341 2.1457 0.0079, 0.0394 2.3622 0.0079, 0.0394 2.1654 0.0079, 0.0381 2.1552 0.0079, -0.253 2.3622 0.0079, -0.1968 2.3622 0.0079, -0.1968 2.1654 0.0079, -0.1853 2.1375 0.0079, -0.1771 2.1313 0.0079, -0.253 1.9634 0.0079, -0.1915 2.1457 0.0079, -0.1676 2.1274 0.0079, -0.1575 2.126 0.0079, -0.1473 2.1274 0.0079, -0.1955 2.1552 0.0079, -0.1378 2.1313 0.0079, -0.1296 2.1375 0.0079, -0.1234 2.1457 0.0079, -0.1181 2.3622 0.0079, -0.1181 2.1654 0.0079, -0.1194 2.1552 0.0079, -1.0063 2.3622 0.0079, -0.9842 2.3622 0.0079, -0.9842 2.1654 0.0079, -0.8254 2.1552 0.0079, -0.917 2.1375 0.0079, -0.9108 2.1457 0.0079, -0.9055 2.1654 0.0079, -0.9055 2.3622 0.0079, -0.8267 2.3622 0.0079, -0.9068 2.1552 0.0079, -0.8267 2.1654 0.0079, -0.6679 2.1552 0.0079, -0.7595 2.1375 0.0079, -0.7533 2.1457 0.0079, -0.748 2.1654 0.0079, -0.748 2.3622 0.0079, -0.6693 2.3622 0.0079, -0.9727 2.1375 0.0079, -0.9645 2.1313 0.0079, -1.0063 1.9634 0.0079, -0.7493 2.1552 0.0079, -0.6693 2.1654 0.0079, -0.5104 2.1552 0.0079, -0.6021 2.1375 0.0079, -0.5958 2.1457 0.0079, -0.5905 2.1654 0.0079, -0.5905 2.3622 0.0079, -0.5118 2.3622 0.0079, -0.9789 2.1457 0.0079, -0.8152 2.1375 0.0079, -0.8071 2.1313 0.0079, -0.5919 2.1552 0.0079, -0.5118 2.1654 0.0079, -0.4622 2.1274 0.0079, -0.4527 2.1313 0.0079, -0.353 2.1552 0.0079, -0.4446 2.1375 0.0079, -0.4383 2.1457 0.0079, -0.433 2.1654 0.0079, -0.433 2.3622 0.0079, -0.3543 2.3622 0.0079, -0.9829 2.1552 0.0079, -0.6577 2.1375 0.0079, -0.6496 2.1313 0.0079, -0.4344 2.1552 0.0079, -0.3543 2.1654 0.0079, -0.955 2.1274 0.0079, -0.9449 2.126 0.0079, -0.9347 2.1274 0.0079, -0.5002 2.1375 0.0079, -0.4921 2.1313 0.0079, -0.4826 2.1274 0.0079, -0.3428 2.1375 0.0079, -0.3346 2.1313 0.0079, -0.8215 2.1457 0.0079, -0.9252 2.1313 0.0079, -0.7976 2.1274 0.0079, -0.7874 2.126 0.0079, -0.7772 2.1274 0.0079, -0.3251 2.1274 0.0079, -0.3149 2.126 0.0079, -0.3047 2.1274 0.0079, -0.664 2.1457 0.0079, -0.7677 2.1313 0.0079, -0.6401 2.1274 0.0079, -0.6299 2.126 0.0079, -0.6197 2.1274 0.0079, -0.5065 2.1457 0.0079, -0.6102 2.1313 0.0079, -0.4724 2.126 0.0079, -0.349 2.1457 0.0079, -0.2952 2.1313 0.0079, -0.2871 2.1375 0.0079, -0.2808 2.1457 0.0079, -0.2756 2.3622 0.0079, -0.2756 2.1654 0.0079, -0.2769 2.1552 0.0079, -1.5646 2.1274 0.0079, -1.5551 2.1313 0.0079, -1.4553 2.1552 0.0079, -1.5469 2.1375 0.0079, -1.5407 2.1457 0.0079, -1.5354 2.1654 0.0079, -1.5354 2.3622 0.0079, -1.4567 2.3622 0.0079, -1.5367 2.1552 0.0079, -1.4567 2.1654 0.0079, -2.3622 1.9634 0.0079, -2.3622 2.3622 0.0079, -1.9291 2.3622 0.0079, -1.4071 2.1274 0.0079, -1.3976 2.1313 0.0079, -1.2978 2.1552 0.0079, -1.3895 2.1375 0.0079, -1.3832 2.1457 0.0079, -1.3779 2.1654 0.0079, -1.3779 2.3622 0.0079, -1.2992 2.3622 0.0079, -1.3793 2.1552 0.0079, -1.2992 2.1654 0.0079, -1.2496 2.1274 0.0079, -1.2401 2.1313 0.0079, -1.1404 2.1552 0.0079, -1.232 2.1375 0.0079, -1.2257 2.1457 0.0079, -1.2204 2.1654 0.0079, -1.2204 2.3622 0.0079, -1.1417 2.3622 0.0079, -1.8795 2.1274 0.0079, -1.87 2.1313 0.0079, -1.7703 2.1552 0.0079, -1.8619 2.1375 0.0079, -1.8556 2.1457 0.0079, -1.2218 2.1552 0.0079, -1.1417 2.1654 0.0079, -1.9291 2.1654 0.0079, -1.9278 2.1552 0.0079, -1.9238 2.1457 0.0079, -1.8504 2.1654 0.0079, -1.8504 2.3622 0.0079, -1.7716 2.3622 0.0079, -1.9176 2.1375 0.0079, -1.9094 2.1313 0.0079, -1.8999 2.1274 0.0079, -1.6128 2.1552 0.0079, -1.7044 2.1375 0.0079, -1.6982 2.1457 0.0079, -1.6089 2.1457 0.0079, -1.6026 2.1375 0.0079, -1.5945 2.1313 0.0079, -1.2598 2.126 0.0079, -1.27 2.1274 0.0079, -1.4173 2.126 0.0079, -1.8517 2.1552 0.0079, -1.7716 2.1654 0.0079, -1.7663 2.1457 0.0079, -1.7601 2.1375 0.0079, -1.7519 2.1313 0.0079, -1.7424 2.1274 0.0079, -1.1023 2.126 0.0079, -1.0921 2.1274 0.0079, -1.8897 2.126 0.0079, -1.7323 2.126 0.0079, -1.7221 2.1274 0.0079, -1.7126 2.1313 0.0079, -1.585 2.1274 0.0079, -1.5748 2.126 0.0079, -1.4275 2.1274 0.0079, -1.4514 2.1457 0.0079, -1.4451 2.1375 0.0079, -1.437 2.1313 0.0079, -1.2939 2.1457 0.0079, -1.2877 2.1375 0.0079, -1.2795 2.1313 0.0079, -1.6929 2.1654 0.0079, -1.6929 2.3622 0.0079, -1.6141 2.3622 0.0079, -1.1364 2.1457 0.0079, -1.1302 2.1375 0.0079, -1.122 2.1313 0.0079, -1.1125 2.1274 0.0079, -1.0826 2.1313 0.0079, -1.0745 2.1375 0.0079, -1.0682 2.1457 0.0079, -1.063 2.3622 0.0079, -1.063 2.1654 0.0079, -1.0643 2.1552 0.0079, -1.6942 2.1552 0.0079, -1.6141 2.1654 0.0079, -2.1312 1.9095 0.0079, -2.1375 1.9176 0.0079, -2.1273 1.9 0.0079, -2.1653 1.7717 0.0079, -2.3622 1.7717 0.0079, -2.3622 1.8504 0.0079, -2.1375 1.862 0.0079, -2.1456 1.8557 0.0079, -2.1551 1.8518 0.0079, -2.1456 1.7664 0.0079, -2.1551 1.7703 0.0079, -2.1653 1.8504 0.0079, -2.1312 1.8701 0.0079, -2.1273 1.8796 0.0079, -2.126 1.8898 0.0079, -2.1456 1.9239 0.0079, -2.1551 1.9278 0.0079, -2.1653 1.9292 0.0079, -2.3622 1.9292 0.0079, -2.1653 1.6929 0.0079, -2.1551 1.6943 0.0079, -1.0063 1.6689 0.0079, -2.1273 1.7221 0.0079, -2.126 1.7323 0.0079, -2.1456 1.6982 0.0079, -2.1375 1.7045 0.0079, -2.1312 1.7126 0.0079, -2.1273 1.7425 0.0079, -2.1312 1.752 0.0079, -2.3622 1.6929 0.0079, -2.3622 1.6689 0.0079, -1.5748 1.5748 0.0079, -1.0063 1.5748 0.0079, -1.063 -2.1653 0.0079, -1.0643 -2.1551 0.0079, -1.0063 -1.5748 0.0079, -1.4275 -2.1273 0.0079, -1.437 -2.1312 0.0079, -1.5367 -2.1551 0.0079, -1.4451 -2.1375 0.0079, -1.4514 -2.1456 0.0079, -1.4567 -2.1653 0.0079, -1.4567 -2.3622 0.0079, -1.5354 -2.3622 0.0079, -2.1551 1.5368 0.0079, -2.1375 1.4452 0.0079, -2.1456 1.4514 0.0079, -2.1653 1.4567 0.0079, -2.3622 1.4567 0.0079, -2.3622 1.5355 0.0079, -1.5198 1.387 0.0079, -1.5134 1.3717 0.0079, -1.5299 1.4001 0.0079, -1.5113 1.3552 0.0079, -1.5134 1.3388 0.0079, -1.5198 1.3235 0.0079, -1.5299 1.3103 0.0079, -1.543 1.3002 0.0079, -1.5583 1.4166 0.0079, -1.543 1.4102 0.0079, -1.5748 1.2917 0.0079, -1.5583 1.2939 0.0079, -1.4553 -2.1551 0.0079, -1.5354 -2.1653 0.0079, -2.1551 1.4554 0.0079, -2.1653 1.5355 0.0079, -2.1273 0.9551 0.0079, -2.1312 0.9646 0.0079, -2.1551 1.0644 0.0079, -2.1375 0.9728 0.0079, -2.1456 0.979 0.0079, -2.1653 0.9843 0.0079, -2.3622 0.9843 0.0079, -2.3622 1.063 0.0079, -2.1312 0.9252 0.0079, -2.1273 0.9347 0.0079, -1.5748 1.4187 0.0079, -2.126 0.9449 0.0079, -2.1273 -0.7772 0.0079, -2.1312 -0.7677 0.0079, -2.1551 -0.6679 0.0079, -2.1375 -0.7595 0.0079, -2.1456 -0.7533 0.0079, -2.1653 -0.748 0.0079, -2.3622 -0.748 0.0079, -2.3622 -0.6693 0.0079, -1.2218 -2.1551 0.0079, -1.1302 -2.1375 0.0079, -1.1364 -2.1456 0.0079, -1.1417 -2.1653 0.0079, -1.1417 -2.3622 0.0079, -1.2204 -2.3622 0.0079, -1.6942 -2.1551 0.0079, -1.6026 -2.1375 0.0079, -1.6089 -2.1456 0.0079, -2.1551 0.9829 0.0079, -2.1653 1.063 0.0079, -2.1273 1.1126 0.0079, -2.1312 1.1221 0.0079, -2.1551 1.2218 0.0079, -2.1375 1.1302 0.0079, -2.1456 1.1365 0.0079, -2.1653 1.1418 0.0079, -2.3622 1.1418 0.0079, -2.3622 1.2205 0.0079, -2.1312 1.5945 0.0079, -2.1375 1.6027 0.0079, -2.1551 -0.7493 0.0079, -2.1653 -0.6693 0.0079, -2.1273 -0.6197 0.0079, -2.1312 -0.6102 0.0079, -2.1551 -0.5104 0.0079, -2.1375 -0.6021 0.0079, -2.1456 -0.5958 0.0079, -2.1653 -0.5905 0.0079, -2.3622 -0.5905 0.0079, -2.3622 -0.5118 0.0079, -1.1404 -2.1551 0.0079, -1.2204 -2.1653 0.0079, -1.27 -2.1273 0.0079, -1.2795 -2.1312 0.0079, -1.3793 -2.1551 0.0079, -1.2877 -2.1375 0.0079, -1.2939 -2.1456 0.0079, -1.2992 -2.1653 0.0079, -1.2992 -2.3622 0.0079, -1.3779 -2.3622 0.0079, -1.7424 -2.1273 0.0079, -1.7519 -2.1312 0.0079, -1.8517 -2.1551 0.0079, -1.7601 -2.1375 0.0079, -1.7663 -2.1456 0.0079, -2.1551 1.1404 0.0079, -2.1653 1.2205 0.0079, -2.1273 1.2701 0.0079, -2.1312 1.2796 0.0079, -2.1551 1.3793 0.0079, -2.1375 1.2877 0.0079, -2.1456 1.294 0.0079, -2.1653 1.2992 0.0079, -2.3622 1.2992 0.0079, -2.3622 1.378 0.0079, -2.1456 1.5407 0.0079, -2.1273 1.4275 0.0079, -2.1312 1.437 0.0079, -2.1273 1.585 0.0079, -2.1551 -0.5919 0.0079, -2.1653 -0.5118 0.0079, -2.1273 0.3252 0.0079, -2.1312 0.3347 0.0079, -2.1551 0.4344 0.0079, -2.1375 0.3428 0.0079, -2.1456 0.3491 0.0079, -2.1653 0.3544 0.0079, -2.3622 0.3544 0.0079, -2.3622 0.4331 0.0079, -1.2978 -2.1551 0.0079, -1.3779 -2.1653 0.0079, -1.0826 -2.1312 0.0079, -1.0921 -2.1273 0.0079, -1.232 -2.1375 0.0079, -1.2401 -2.1312 0.0079, -2.1551 1.2979 0.0079, -2.1653 1.378 0.0079, -2.1375 1.232 0.0079, -2.1312 1.2402 0.0079, -2.1551 0.353 0.0079, -2.1653 0.4331 0.0079, -1.6141 -2.1653 0.0079, -1.6141 -2.3622 0.0079, -1.6929 -2.3622 0.0079, -1.0682 -2.1456 0.0079, -1.0745 -2.1375 0.0079, -2.1375 1.3895 0.0079, -2.1312 1.3977 0.0079, -2.1273 1.4072 0.0079, -2.1375 1.547 0.0079, -2.126 1.4174 0.0079, -2.1312 1.5551 0.0079, -2.1273 1.5646 0.0079, -2.126 1.5748 0.0079, -2.1273 -0.4622 0.0079, -2.1312 -0.4527 0.0079, -2.1551 -0.353 0.0079, -2.1375 -0.4446 0.0079, -2.1456 -0.4383 0.0079, -2.1653 -0.433 0.0079, -2.3622 -0.433 0.0079, -2.3622 -0.3543 0.0079, -2.1273 0.6401 0.0079, -2.1312 0.6496 0.0079, -2.1551 0.7494 0.0079, -2.1375 0.6578 0.0079, -2.1456 0.664 0.0079, -2.1653 0.6693 0.0079, -2.3622 0.6693 0.0079, -2.3622 0.7481 0.0079, -2.1456 0.5959 0.0079, -2.1375 0.6021 0.0079, -1.5748 -1.5748 0.0079, -1.6128 -2.1551 0.0079, -1.6929 -2.1653 0.0079, -1.7716 -2.1653 0.0079, -1.7716 -2.3622 0.0079, -1.8504 -2.3622 0.0079, -1.2257 -2.1456 0.0079, -1.1125 -2.1273 0.0079, -1.122 -2.1312 0.0079, -2.1456 1.0683 0.0079, -2.1375 1.0746 0.0079, -2.1312 1.0827 0.0079, -2.1456 1.6089 0.0079, -2.1551 1.6129 0.0079, -2.1653 1.6142 0.0079, -2.3622 1.6142 0.0079, -2.1551 -0.4344 0.0079, -2.1653 -0.3543 0.0079, -2.1273 0.1677 0.0079, -2.1312 0.1772 0.0079, -2.1551 0.277 0.0079, -2.1375 0.1853 0.0079, -2.1456 0.1916 0.0079, -2.1653 0.1969 0.0079, -2.3622 0.1969 0.0079, -2.3622 0.2756 0.0079, -2.1551 0.668 0.0079, -2.1653 0.7481 0.0079, -2.1273 0.7976 0.0079, -2.1312 0.8071 0.0079, -2.1551 0.9069 0.0079, -2.1375 0.8153 0.0079, -2.1456 0.8215 0.0079, -2.1653 0.8268 0.0079, -2.3622 0.8268 0.0079, -2.3622 0.9055 0.0079, -2.1312 0.6103 0.0079, -2.1273 0.6198 0.0079, -2.126 0.63 0.0079, -1.7703 -2.1551 0.0079, -1.8504 -2.1653 0.0079, -1.4173 -2.126 0.0079, -1.4071 -2.1273 0.0079, -2.1273 1.0922 0.0079, -2.126 1.1024 0.0079, -2.1456 1.2258 0.0079, -2.1273 1.2497 0.0079, -2.126 1.2599 0.0079, -2.1456 1.3833 0.0079, -2.1551 0.1955 0.0079, -2.1653 0.2756 0.0079, -2.1551 -0.9829 0.0079, -2.1375 -1.0745 0.0079, -2.1456 -1.0682 0.0079, -2.1653 -1.063 0.0079, -2.3622 -1.063 0.0079, -2.3622 -0.9842 0.0079, -2.1551 0.8255 0.0079, -2.1653 0.9055 0.0079, -1.1023 -2.126 0.0079, -1.2496 -2.1273 0.0079, -1.2598 -2.126 0.0079, -1.5407 -2.1456 0.0079, -1.5469 -2.1375 0.0079, -1.5551 -2.1312 0.0079, -1.5646 -2.1273 0.0079, -1.6982 -2.1456 0.0079, -1.585 -2.1273 0.0079, -1.5945 -2.1312 0.0079, -1.7044 -2.1375 0.0079, -1.7126 -2.1312 0.0079, -2.1551 -1.0643 0.0079, -2.1653 -0.9842 0.0079, -2.1551 -0.8254 0.0079, -2.1375 -0.917 0.0079, -2.1456 -0.9108 0.0079, -2.1653 -0.9055 0.0079, -2.3622 -0.9055 0.0079, -2.3622 -0.8267 0.0079, -2.1456 0.7533 0.0079, -2.1375 0.7596 0.0079, -2.1312 0.7677 0.0079, -2.1273 0.7772 0.0079, -2.126 0.7874 0.0079, -2.1456 0.9108 0.0079, -2.1375 0.9171 0.0079, -1.3832 -2.1456 0.0079, -1.3895 -2.1375 0.0079, -1.3976 -2.1312 0.0079, -2.1551 -0.9068 0.0079, -2.1653 -0.8267 0.0079, -2.1273 -0.1473 0.0079, -2.1312 -0.1378 0.0079, -2.1551 -0.038 0.0079, -2.1375 -0.1296 0.0079, -2.1456 -0.1234 0.0079, -2.1653 -0.1181 0.0079, -2.3622 -0.1181 0.0079, -2.3622 -0.0393 0.0079, -2.1551 -1.9278 0.0079, -2.3622 -2.3622 0.0079, -2.1653 -1.9291 0.0079, -2.3622 -1.9291 0.0079, -1.5748 -2.126 0.0079, -1.7221 -2.1273 0.0079, -1.7323 -2.126 0.0079, -1.8795 -2.1273 0.0079, -1.8897 -2.126 0.0079, -1.8999 -2.1273 0.0079, -1.9094 -2.1312 0.0079, -1.9176 -2.1375 0.0079, -1.9238 -2.1456 0.0079, -2.1551 -0.1194 0.0079, -2.1653 -0.0393 0.0079, -2.1273 0.0102 0.0079, -2.1312 0.0197 0.0079, -2.1551 0.1195 0.0079, -2.1375 0.0279 0.0079, -2.1456 0.0341 0.0079, -2.1653 0.0394 0.0079, -2.3622 0.0394 0.0079, -2.3622 0.1181 0.0079, -1.8556 -2.1456 0.0079, -1.8619 -2.1375 0.0079, -1.87 -2.1312 0.0079, -1.9278 -2.1551 0.0079, -1.9291 -2.1653 0.0079, -1.9291 -2.3622 0.0079, -2.1551 0.0381 0.0079, -2.1653 0.1181 0.0079, -2.1273 -0.3047 0.0079, -2.1312 -0.2952 0.0079, -2.1551 -0.1955 0.0079, -2.1375 -0.2871 0.0079, -2.1456 -0.2808 0.0079, -2.1653 -0.2756 0.0079, -2.3622 -0.2756 0.0079, -2.3622 -0.1968 0.0079, -2.1273 -1.8795 0.0079, -2.1312 -1.87 0.0079, -2.1551 -1.7703 0.0079, -2.1375 -1.8619 0.0079, -2.1456 -1.8556 0.0079, -2.1551 -0.2769 0.0079, -2.1653 -0.1968 0.0079, -2.1312 -1.7126 0.0079, -2.1375 -1.7044 0.0079, -2.1551 -1.6128 0.0079, -2.1456 -1.6982 0.0079, -2.1653 -1.8504 0.0079, -2.3622 -1.8504 0.0079, -2.3622 -1.7716 0.0079, -2.1273 -1.5646 0.0079, -2.1312 -1.5551 0.0079, -2.1551 -1.4553 0.0079, -2.1375 -1.5469 0.0079, -2.1456 -1.5407 0.0079, -2.1653 -1.5354 0.0079, -2.3622 -1.5354 0.0079, -2.3622 -1.4567 0.0079, -2.1551 -1.8517 0.0079, -2.1653 -1.7716 0.0079, -2.1653 -1.6929 0.0079, -2.3622 -1.6929 0.0079, -2.3622 -1.6141 0.0079, -2.1551 -1.5367 0.0079, -2.1653 -1.4567 0.0079, -2.1551 -1.6942 0.0079, -2.1653 -1.6141 0.0079, -2.1273 -1.4071 0.0079, -2.1312 -1.3976 0.0079, -2.1551 -1.2978 0.0079, -2.1375 -1.3895 0.0079, -2.1456 -1.3832 0.0079, -2.1653 -1.3779 0.0079, -2.3622 -1.3779 0.0079, -2.3622 -1.2992 0.0079, -2.1273 -1.8999 0.0079, -2.126 -1.8897 0.0079, -2.1375 -0.9727 0.0079, -2.1312 -0.9645 0.0079, -2.1551 -1.3793 0.0079, -2.1653 -1.2992 0.0079, -2.1273 -1.2496 0.0079, -2.1312 -1.2401 0.0079, -2.1551 -1.1404 0.0079, -2.1375 -1.232 0.0079, -2.1456 -1.2257 0.0079, -2.1653 -1.2204 0.0079, -2.3622 -1.2204 0.0079, -2.3622 -1.1417 0.0079, -2.1273 -1.7424 0.0079, -2.126 -1.7323 0.0079, -2.1551 -1.2218 0.0079, -2.1653 -1.1417 0.0079, -2.1375 -0.8152 0.0079, -2.1312 -0.8071 0.0079, -2.1273 -0.7976 0.0079, -2.1456 -1.9238 0.0079, -2.1375 -1.9176 0.0079, -2.1312 -1.9094 0.0079, -2.1273 -1.1125 0.0079, -2.126 -1.1023 0.0079, -2.1273 -1.0921 0.0079, -2.1456 -0.664 0.0079, -2.1375 -0.6577 0.0079, -2.1312 -0.6496 0.0079, -2.1273 -0.6401 0.0079, -2.1456 -1.7663 0.0079, -2.1375 -1.7601 0.0079, -2.1312 -1.7519 0.0079, -2.1273 -1.7221 0.0079, -2.1456 -1.6089 0.0079, -2.1375 -1.6026 0.0079, -2.1273 -1.4275 0.0079, -2.126 -1.4173 0.0079, -2.1273 -1.27 0.0079, -2.126 -1.2598 0.0079, -2.1456 -0.9789 0.0079, -2.1312 -1.0826 0.0079, -2.1273 -0.955 0.0079, -2.126 -0.9449 0.0079, -2.1273 -0.9347 0.0079, -2.1456 -0.5065 0.0079, -2.1375 -0.5002 0.0079, -2.1312 -0.4921 0.0079, -2.1273 -0.4826 0.0079, -2.1312 -1.5945 0.0079, -2.1456 -1.2939 0.0079, -2.1375 -1.2877 0.0079, -2.1312 -1.2795 0.0079, -2.1456 -1.1364 0.0079, -2.1375 -1.1302 0.0079, -2.1312 -1.122 0.0079, -2.1456 -0.8215 0.0079, -2.1312 -0.9252 0.0079, -2.1273 -1.585 0.0079, -2.126 -1.5748 0.0079, -2.126 -0.7874 0.0079, -2.1456 -0.349 0.0079, -2.1375 -0.3428 0.0079, -2.1312 -0.3346 0.0079, -2.1273 -0.3251 0.0079, -2.1456 -0.1915 0.0079, -2.1375 -0.1853 0.0079, -2.1312 -0.1771 0.0079, -2.1273 -0.1676 0.0079, -2.1456 -1.4514 0.0079, -2.1375 -1.4451 0.0079, -2.1312 -1.437 0.0079, -2.126 -0.6299 0.0079, -2.1456 -0.0341 0.0079, -2.1375 -0.0278 0.0079, -2.1312 -0.0197 0.0079, -2.1273 -0.0102 0.0079, -2.1456 0.1234 0.0079, -2.1375 0.1297 0.0079, -2.1312 0.1378 0.0079, -2.1273 0.1473 0.0079, -2.1456 0.2809 0.0079, -2.1375 0.2872 0.0079, -2.1312 0.2953 0.0079, -2.1273 0.3048 0.0079, -2.1456 0.4384 0.0079, -2.1375 0.4446 0.0079, -2.1312 0.4528 0.0079, -2.1273 0.4623 0.0079, -2.126 0.4725 0.0079, -2.1273 0.4827 0.0079, -2.1551 0.5919 0.0079, -2.126 -0.4724 0.0079, -2.126 -0.3149 0.0079, -2.1312 0.4922 0.0079, -2.1375 0.5003 0.0079, -2.1456 0.5066 0.0079, -2.1653 0.5118 0.0079, -2.3622 0.5118 0.0079, -2.3622 0.5906 0.0079, -2.126 -0.1575 0.0079, -2.126 0.0 0.0079, -2.1551 0.5105 0.0079, -2.1653 0.5906 0.0079, -2.126 0.1575 0.0079, -2.126 0.315 0.0079, -0.2756 -2.1653 0.0079, -0.2769 -2.1551 0.0079, -0.253 -1.5748 0.0079, -0.7976 -2.1273 0.0079, -0.8071 -2.1312 0.0079, -0.9068 -2.1551 0.0079, -0.8152 -2.1375 0.0079, -0.8215 -2.1456 0.0079, -0.8267 -2.1653 0.0079, -0.8267 -2.3622 0.0079, -0.9055 -2.3622 0.0079, -0.8254 -2.1551 0.0079, -0.9055 -2.1653 0.0079, -0.3251 -2.1273 0.0079, -0.3346 -2.1312 0.0079, -0.4344 -2.1551 0.0079, -0.3428 -2.1375 0.0079, -0.349 -2.1456 0.0079, -0.3543 -2.1653 0.0079, -0.3543 -2.3622 0.0079, -0.433 -2.3622 0.0079, -0.353 -2.1551 0.0079, -0.433 -2.1653 0.0079, -0.4826 -2.1273 0.0079, -0.4921 -2.1312 0.0079, -0.5919 -2.1551 0.0079, -0.5002 -2.1375 0.0079, -0.5065 -2.1456 0.0079, -0.5118 -2.1653 0.0079, -0.5118 -2.3622 0.0079, -0.5905 -2.3622 0.0079, -0.5104 -2.1551 0.0079, -0.5905 -2.1653 0.0079, -0.6401 -2.1273 0.0079, -0.6496 -2.1312 0.0079, -0.7493 -2.1551 0.0079, -0.6577 -2.1375 0.0079, -0.664 -2.1456 0.0079, -0.6693 -2.1653 0.0079, -0.6693 -2.3622 0.0079, -0.748 -2.3622 0.0079, -0.7595 -2.1375 0.0079, -0.7677 -2.1312 0.0079, -0.917 -2.1375 0.0079, -0.9252 -2.1312 0.0079, -0.9347 -2.1273 0.0079, -0.9449 -2.126 0.0079, -0.955 -2.1273 0.0079, -0.9645 -2.1312 0.0079, -0.6679 -2.1551 0.0079, -0.748 -2.1653 0.0079, -0.9842 -2.1653 0.0079, -0.9842 -2.3622 0.0079, -1.0063 -2.3622 0.0079, -0.2808 -2.1456 0.0079, -0.2871 -2.1375 0.0079, -0.2952 -2.1312 0.0079, -0.7772 -2.1273 0.0079, -0.7874 -2.126 0.0079, -0.9108 -2.1456 0.0079, -0.9727 -2.1375 0.0079, -0.9789 -2.1456 0.0079, -0.9829 -2.1551 0.0079, -1.063 -2.3622 0.0079, -0.3047 -2.1273 0.0079, -0.3149 -2.126 0.0079, -0.4622 -2.1273 0.0079, -0.4724 -2.126 0.0079, -0.6197 -2.1273 0.0079, -0.6299 -2.126 0.0079, -0.7533 -2.1456 0.0079, -0.4383 -2.1456 0.0079, -0.4446 -2.1375 0.0079, -0.4527 -2.1312 0.0079, -0.5958 -2.1456 0.0079, -0.6021 -2.1375 0.0079, -0.6102 -2.1312 0.0079, -0.1181 -2.1653 0.0079, -0.1194 -2.1551 0.0079, -0.0682 -1.5748 0.0079, -0.1234 -2.1456 0.0079, -0.1296 -2.1375 0.0079, -0.1378 -2.1312 0.0079, -0.1473 -2.1273 0.0079, -0.1575 -2.126 0.0079, -0.1676 -2.1273 0.0079, -0.1771 -2.1312 0.0079, -0.1853 -2.1375 0.0079, -0.1915 -2.1456 0.0079, -0.1955 -2.1551 0.0079, -0.2756 -2.3622 0.0079, -0.0102 -2.1273 0.0079, -0.0197 -2.1312 0.0079, 0.0394 -2.1653 0.0079, 0.0381 -2.1551 0.0079, 0.0759 -1.5748 0.0079, 0.0341 -2.1456 0.0079, 0.0279 -2.1375 0.0079, 0.0197 -2.1312 0.0079, 0.0102 -2.1273 0.0079, 0.0 -2.126 0.0079, -0.0393 -2.1653 0.0079, -0.0393 -2.3622 0.0079, -0.0682 -2.3622 0.0079, -0.0278 -2.1375 0.0079, -0.0341 -2.1456 0.0079, -0.038 -2.1551 0.0079, -0.1181 -2.3622 0.0079, 0.1473 -2.1273 0.0079, 0.1378 -2.1312 0.0079, 0.1969 -2.1653 0.0079, 0.1955 -2.1551 0.0079, 0.2499 -1.5748 0.0079, 0.1916 -2.1456 0.0079, 0.1853 -2.1375 0.0079, 0.1772 -2.1312 0.0079, 0.1677 -2.1273 0.0079, 0.1575 -2.126 0.0079, 0.1297 -2.1375 0.0079, 0.1234 -2.1456 0.0079, 0.1195 -2.1551 0.0079, 0.0394 -2.3622 0.0079, 1.5646 -2.1273 0.0079, 1.5551 -2.1312 0.0079, 1.4554 -2.1551 0.0079, 1.547 -2.1375 0.0079, 1.5407 -2.1456 0.0079, 1.5355 -2.1653 0.0079, 1.5355 -2.3622 0.0079, 1.4567 -2.3622 0.0079, 1.5368 -2.1551 0.0079, 1.4567 -2.1653 0.0079, 2.1274 0.6198 0.0079, 2.1313 0.6103 0.0079, 2.1552 0.5105 0.0079, 2.1375 0.6021 0.0079, 2.1457 0.5959 0.0079, 1.4072 -2.1273 0.0079, 1.3977 -2.1312 0.0079, 1.2979 -2.1551 0.0079, 1.3895 -2.1375 0.0079, 1.3833 -2.1456 0.0079, 1.378 -2.1653 0.0079, 1.378 -2.3622 0.0079, 1.2992 -2.3622 0.0079, 2.1654 0.5906 0.0079, 2.3622 0.5906 0.0079, 2.3622 0.5118 0.0079, 2.1274 -0.3251 0.0079, 2.1313 -0.3346 0.0079, 2.1552 -0.4344 0.0079, 2.1375 -0.3428 0.0079, 2.1457 -0.349 0.0079, 1.3793 -2.1551 0.0079, 1.2992 -2.1653 0.0079, 1.1404 -2.1551 0.0079, 1.232 -2.1375 0.0079, 1.2258 -2.1456 0.0079, 1.2205 -2.1653 0.0079, 1.2205 -2.3622 0.0079, 1.1418 -2.3622 0.0079, 2.1552 0.5919 0.0079, 2.1654 0.5118 0.0079, 2.1654 -0.3543 0.0079, 2.3622 -0.3543 0.0079, 2.3622 -0.433 0.0079, 2.1457 -0.664 0.0079, 2.1552 -0.7493 0.0079, 2.1375 -0.6577 0.0079, 2.1313 -0.6496 0.0079, 1.2218 -2.1551 0.0079, 1.1418 -2.1653 0.0079, 0.9829 -2.1551 0.0079, 1.0746 -2.1375 0.0079, 1.0683 -2.1456 0.0079, 1.063 -2.1653 0.0079, 1.063 -2.3622 0.0079, 0.9843 -2.3622 0.0079, 2.1552 -0.353 0.0079, 2.1654 -0.433 0.0079, 2.1654 -0.6693 0.0079, 2.3622 -0.6693 0.0079, 2.3622 -0.748 0.0079, 2.1274 -0.7976 0.0079, 2.1313 -0.8071 0.0079, 2.1552 -0.9068 0.0079, 2.1375 -0.8152 0.0079, 2.1457 -0.8215 0.0079, 1.0644 -2.1551 0.0079, 0.9843 -2.1653 0.0079, 0.8255 -2.1551 0.0079, 0.9171 -2.1375 0.0079, 0.9108 -2.1456 0.0079, 0.9055 -2.1653 0.0079, 0.9055 -2.3622 0.0079, 0.8268 -2.3622 0.0079, 2.1552 -0.6679 0.0079, 2.1654 -0.748 0.0079, 2.1654 -0.8267 0.0079, 2.3622 -0.8267 0.0079, 2.3622 -0.9055 0.0079, 2.1274 -0.955 0.0079, 2.1313 -0.9645 0.0079, 2.1552 -1.0643 0.0079, 2.1375 -0.9727 0.0079, 2.1457 -0.9789 0.0079, 0.9069 -2.1551 0.0079, 0.8268 -2.1653 0.0079, 0.7772 -2.1273 0.0079, 0.7677 -2.1312 0.0079, 0.668 -2.1551 0.0079, 0.7596 -2.1375 0.0079, 0.7533 -2.1456 0.0079, 0.7481 -2.1653 0.0079, 0.7481 -2.3622 0.0079, 0.6693 -2.3622 0.0079, 1.9278 -2.1551 0.0079, 2.3622 -2.3622 0.0079, 1.9292 -2.1653 0.0079, 1.9292 -2.3622 0.0079, 2.1552 -0.8254 0.0079, 2.1654 -0.9055 0.0079, 2.1654 -0.9842 0.0079, 2.3622 -0.9842 0.0079, 2.3622 -1.063 0.0079, 2.1274 -1.1125 0.0079, 2.1313 -1.122 0.0079, 2.1552 -1.2218 0.0079, 2.1375 -1.1302 0.0079, 2.1457 -1.1364 0.0079, 0.7494 -2.1551 0.0079, 0.6693 -2.1653 0.0079, 0.6198 -2.1273 0.0079, 0.6103 -2.1312 0.0079, 0.5105 -2.1551 0.0079, 0.6021 -2.1375 0.0079, 0.5959 -2.1456 0.0079, 0.5906 -2.1653 0.0079, 0.5906 -2.3622 0.0079, 0.5118 -2.3622 0.0079, 2.1552 -0.9829 0.0079, 2.1654 -1.063 0.0079, 2.1654 -1.1417 0.0079, 2.3622 -1.1417 0.0079, 2.3622 -1.2204 0.0079, 2.1457 -1.2939 0.0079, 2.1552 -1.3793 0.0079, 2.1375 -1.2877 0.0079, 2.1313 -1.2795 0.0079, 0.5919 -2.1551 0.0079, 0.5118 -2.1653 0.0079, 0.4623 -2.1273 0.0079, 0.4528 -2.1312 0.0079, 0.353 -2.1551 0.0079, 0.4446 -2.1375 0.0079, 0.4384 -2.1456 0.0079, 0.4331 -2.1653 0.0079, 0.4331 -2.3622 0.0079, 0.3544 -2.3622 0.0079, 1.8796 -2.1273 0.0079, 1.8701 -2.1312 0.0079, 1.7703 -2.1551 0.0079, 1.862 -2.1375 0.0079, 1.8557 -2.1456 0.0079, 2.1552 -1.1404 0.0079, 2.1654 -1.2204 0.0079, 2.1654 -1.2992 0.0079, 2.3622 -1.2992 0.0079, 2.3622 -1.3779 0.0079, 2.1274 -1.4275 0.0079, 2.1313 -1.437 0.0079, 2.1552 -1.5367 0.0079, 2.1375 -1.4451 0.0079, 2.1457 -1.4514 0.0079, 0.4344 -2.1551 0.0079, 0.3544 -2.1653 0.0079, 1.7126 -2.1312 0.0079, 1.7045 -2.1375 0.0079, 1.6129 -2.1551 0.0079, 1.6982 -2.1456 0.0079, 1.9 -2.1273 0.0079, 1.8898 -2.126 0.0079, 1.5748 -1.5748 0.0079, 2.1552 -1.2978 0.0079, 2.1654 -1.3779 0.0079, 2.1654 -1.4567 0.0079, 2.3622 -1.4567 0.0079, 2.3622 -1.5354 0.0079, 2.1274 1.5646 0.0079, 2.1313 1.5551 0.0079, 2.1552 1.4554 0.0079, 2.1375 1.547 0.0079, 2.1457 1.5407 0.0079, 1.7425 -2.1273 0.0079, 1.7323 -2.126 0.0079, 2.1552 -1.4553 0.0079, 2.1654 -1.5354 0.0079, 2.1654 1.5355 0.0079, 2.3622 1.5355 0.0079, 2.3622 1.4567 0.0079, 2.1274 1.4072 0.0079, 2.1313 1.3977 0.0079, 2.1552 1.2979 0.0079, 2.1375 1.3895 0.0079, 2.1457 1.3833 0.0079, 1.8504 -2.1653 0.0079, 1.8504 -2.3622 0.0079, 1.7717 -2.3622 0.0079, 1.1302 -2.1375 0.0079, 1.1221 -2.1312 0.0079, 2.1552 1.5368 0.0079, 2.1654 1.4567 0.0079, 2.1654 1.378 0.0079, 2.3622 1.378 0.0079, 2.3622 1.2992 0.0079, 2.1274 1.2497 0.0079, 2.1313 1.2402 0.0079, 2.1552 1.1404 0.0079, 2.1375 1.232 0.0079, 2.1457 1.2258 0.0079, 2.1375 0.9171 0.0079, 2.1457 0.9108 0.0079, 2.1552 0.8255 0.0079, 1.8518 -2.1551 0.0079, 1.7717 -2.1653 0.0079, 1.6929 -2.1653 0.0079, 1.6929 -2.3622 0.0079, 1.6142 -2.3622 0.0079, 1.9239 -2.1456 0.0079, 1.9176 -2.1375 0.0079, 1.9095 -2.1312 0.0079, 0.9728 -2.1375 0.0079, 0.9646 -2.1312 0.0079, 2.1552 1.3793 0.0079, 2.1654 1.2992 0.0079, 2.1654 1.2205 0.0079, 2.3622 1.2205 0.0079, 2.3622 1.1418 0.0079, 2.1457 1.0683 0.0079, 2.1552 0.9829 0.0079, 2.1375 1.0746 0.0079, 2.1313 1.0827 0.0079, 1.6943 -2.1551 0.0079, 1.6142 -2.1653 0.0079, 1.7664 -2.1456 0.0079, 1.7602 -2.1375 0.0079, 1.752 -2.1312 0.0079, 1.7221 -2.1273 0.0079, 1.6089 -2.1456 0.0079, 1.6027 -2.1375 0.0079, 1.4275 -2.1273 0.0079, 1.4174 -2.126 0.0079, 1.1365 -2.1456 0.0079, 1.2497 -2.1273 0.0079, 1.2402 -2.1312 0.0079, 2.1552 1.2218 0.0079, 2.1654 1.1418 0.0079, 2.1654 1.063 0.0079, 2.3622 1.063 0.0079, 2.3622 0.9843 0.0079, 1.5945 -2.1312 0.0079, 1.294 -2.1456 0.0079, 1.2877 -2.1375 0.0079, 1.2796 -2.1312 0.0079, 1.2701 -2.1273 0.0079, 2.1552 1.0644 0.0079, 2.1654 0.9843 0.0079, 2.1654 0.9055 0.0079, 2.3622 0.9055 0.0079, 2.3622 0.8268 0.0079, 2.1274 0.7772 0.0079, 2.1313 0.7677 0.0079, 2.1552 0.668 0.0079, 2.1375 0.7596 0.0079, 2.1457 0.7533 0.0079, 1.585 -2.1273 0.0079, 1.5748 -2.126 0.0079, 1.2599 -2.126 0.0079, 1.1126 -2.1273 0.0079, 1.1024 -2.126 0.0079, 1.0922 -2.1273 0.0079, 0.7874 -2.126 0.0079, 0.7976 -2.1273 0.0079, 0.8071 -2.1312 0.0079, 0.8153 -2.1375 0.0079, 0.5003 -2.1375 0.0079, 0.4922 -2.1312 0.0079, 2.1552 0.9069 0.0079, 2.1654 0.8268 0.0079, 2.1654 0.7481 0.0079, 2.3622 0.7481 0.0079, 2.3622 0.6693 0.0079, 2.1274 0.4623 0.0079, 2.1313 0.4528 0.0079, 2.1552 0.353 0.0079, 2.1375 0.4446 0.0079, 2.1457 0.4384 0.0079, 1.4514 -2.1456 0.0079, 1.4452 -2.1375 0.0079, 1.437 -2.1312 0.0079, 0.979 -2.1456 0.0079, 1.0827 -2.1312 0.0079, 0.9551 -2.1273 0.0079, 0.9449 -2.126 0.0079, 0.9347 -2.1273 0.0079, 2.1552 0.7494 0.0079, 2.1654 0.6693 0.0079, 2.1654 0.4331 0.0079, 2.3622 0.4331 0.0079, 2.3622 0.3544 0.0079, 2.1274 0.3048 0.0079, 2.1313 0.2953 0.0079, 2.1552 0.1955 0.0079, 2.1375 0.2872 0.0079, 2.1457 0.2809 0.0079, 0.8215 -2.1456 0.0079, 0.9252 -2.1312 0.0079, 0.664 -2.1456 0.0079, 0.6578 -2.1375 0.0079, 0.6496 -2.1312 0.0079, 0.3428 -2.1375 0.0079, 0.3347 -2.1312 0.0079, 0.3252 -2.1273 0.0079, 0.315 -2.126 0.0079, 0.3048 -2.1273 0.0079, 0.2953 -2.1312 0.0079, 2.1552 0.4344 0.0079, 2.1654 0.3544 0.0079, 2.1654 0.2756 0.0079, 2.3622 0.2756 0.0079, 2.3622 0.1969 0.0079, 2.1274 -0.1676 0.0079, 2.1313 -0.1771 0.0079, 2.1552 -0.2769 0.0079, 2.1375 -0.1853 0.0079, 2.1457 -0.1915 0.0079, 0.6401 -2.1273 0.0079, 0.63 -2.126 0.0079, 0.5066 -2.1456 0.0079, 0.2756 -2.1653 0.0079, 0.2756 -2.3622 0.0079, 0.2499 -2.3622 0.0079, 2.1552 0.277 0.0079, 2.1654 0.1969 0.0079, 2.1654 -0.1968 0.0079, 2.3622 -0.1968 0.0079, 2.3622 -0.2756 0.0079, 0.4827 -2.1273 0.0079, 0.4725 -2.126 0.0079, 0.3491 -2.1456 0.0079, 0.2872 -2.1375 0.0079, 0.2809 -2.1456 0.0079, 0.277 -2.1551 0.0079, 0.1969 -2.3622 0.0079, 2.1552 -0.1955 0.0079, 2.1654 -0.2756 0.0079, 2.1274 0.1473 0.0079, 2.1313 0.1378 0.0079, 2.1552 0.0381 0.0079, 2.1375 0.1297 0.0079, 2.1457 0.1234 0.0079, 2.3622 1.6689 0.0079, 2.3622 1.6142 0.0079, 2.1654 1.6142 0.0079, 2.1552 -1.6942 0.0079, 2.1375 -1.6026 0.0079, 2.1457 -1.6089 0.0079, 2.1375 -0.6021 0.0079, 1.5748 1.5748 0.0079, 2.1457 -0.5958 0.0079, 2.1552 -0.5919 0.0079, 2.1654 0.1181 0.0079, 2.3622 0.1181 0.0079, 2.3622 0.0394 0.0079, 2.1274 -0.0102 0.0079, 2.1313 -0.0197 0.0079, 2.1552 -0.1194 0.0079, 2.1375 -0.0278 0.0079, 2.1457 -0.0341 0.0079, 2.1457 0.5066 0.0079, 2.1375 0.5003 0.0079, 2.1654 -1.6141 0.0079, 2.3622 -1.6141 0.0079, 2.3622 -1.6929 0.0079, 2.1274 -1.7424 0.0079, 2.1313 -1.7519 0.0079, 2.1552 -1.8517 0.0079, 2.1375 -1.7601 0.0079, 2.1457 -1.7663 0.0079, 2.1552 0.1195 0.0079, 2.1654 0.0394 0.0079, 2.1654 -0.0393 0.0079, 2.3622 -0.0393 0.0079, 2.3622 -0.1181 0.0079, 2.1552 -1.6128 0.0079, 2.1654 -1.6929 0.0079, 2.1654 -1.7716 0.0079, 2.3622 -1.7716 0.0079, 2.3622 -1.8504 0.0079, 2.1552 -0.038 0.0079, 2.1654 -0.1181 0.0079, 2.1457 0.664 0.0079, 2.1375 0.6578 0.0079, 2.1313 0.6496 0.0079, 2.1274 0.6401 0.0079, 2.1552 -1.7703 0.0079, 2.1654 -1.8504 0.0079, 2.1313 -0.6102 0.0079, 2.1274 -0.6197 0.0079, 2.126 -0.6299 0.0079, 2.1274 -0.6401 0.0079, 2.1457 -0.7533 0.0079, 2.1375 -0.7595 0.0079, 2.1375 1.6027 0.0079, 2.1457 1.6089 0.0079, 2.1552 1.6129 0.0079, 2.126 1.5748 0.0079, 2.1313 -0.7677 0.0079, 2.1313 1.5945 0.0079, 2.1274 1.585 0.0079, 2.1457 1.4514 0.0079, 2.1375 1.4452 0.0079, 2.1313 1.437 0.0079, 2.1274 1.4275 0.0079, 2.126 1.4174 0.0079, 2.1313 0.4922 0.0079, 2.1274 0.4827 0.0079, 2.126 0.4725 0.0079, 2.1274 -0.7772 0.0079, 2.126 -0.7874 0.0079, 2.1457 -0.9108 0.0079, 2.1375 -0.917 0.0079, 2.1313 -0.9252 0.0079, 2.1274 -1.4071 0.0079, 2.126 -1.4173 0.0079, 2.1457 1.294 0.0079, 2.1375 1.2877 0.0079, 2.1313 1.2796 0.0079, 2.1274 1.2701 0.0079, 2.126 1.2599 0.0079, 2.126 0.63 0.0079, 2.1457 0.3491 0.0079, 2.1375 0.3428 0.0079, 2.1274 -0.9347 0.0079, 2.126 -0.9449 0.0079, 2.1457 -1.0682 0.0079, 2.1375 -1.0745 0.0079, 2.1313 -1.0826 0.0079, 2.1274 -1.2496 0.0079, 2.126 -1.2598 0.0079, 2.1274 -1.27 0.0079, 2.1457 -1.3832 0.0079, 2.1375 -1.3895 0.0079, 2.1457 1.1365 0.0079, 2.1375 1.1302 0.0079, 2.1313 1.1221 0.0079, 2.1274 1.1126 0.0079, 2.126 1.1024 0.0079, 2.1274 1.0922 0.0079, 2.1457 -0.2808 0.0079, 2.1375 -0.2871 0.0079, 2.1313 -0.2952 0.0079, 2.1274 -0.3047 0.0079, 2.1457 -0.4383 0.0079, 2.1375 -0.4446 0.0079, 2.1313 -0.4527 0.0079, 2.1274 -0.4622 0.0079, 2.1375 -0.5002 0.0079, 2.1457 -0.5065 0.0079, 2.1274 -1.0921 0.0079, 2.126 -1.1023 0.0079, 2.1457 -1.2257 0.0079, 2.1375 -1.232 0.0079, 2.1313 -1.2401 0.0079, 2.1457 0.979 0.0079, 2.1375 0.9728 0.0079, 2.1313 0.9646 0.0079, 2.1274 0.9551 0.0079, 2.126 0.9449 0.0079, 2.1274 0.9347 0.0079, 2.1274 0.7976 0.0079, 2.1313 0.8071 0.0079, 2.1375 0.8153 0.0079, 2.1313 0.3347 0.0079, 2.1274 0.3252 0.0079, 2.1457 0.1916 0.0079, 2.1375 0.1853 0.0079, 2.1313 0.1772 0.0079, 2.1274 0.1677 0.0079, 2.1457 0.0341 0.0079, 2.1375 0.0279 0.0079, 2.1313 0.0197 0.0079, 2.1274 0.0102 0.0079, 2.1457 -0.1234 0.0079, 2.1375 -0.1296 0.0079, 2.1313 -0.1378 0.0079, 2.1274 -0.1473 0.0079, 2.126 -0.3149 0.0079, 2.1654 -0.5118 0.0079, 2.3622 -0.5118 0.0079, 2.3622 -0.5905 0.0079, 2.1313 -1.3976 0.0079, 2.1457 0.8215 0.0079, 2.1313 0.9252 0.0079, 2.126 0.7874 0.0079, 2.126 0.315 0.0079, 2.126 0.1575 0.0079, 2.126 0.0 0.0079, 2.126 -0.1575 0.0079, 2.126 -0.4724 0.0079, 2.1274 -0.4826 0.0079, 2.1313 -0.4921 0.0079, 2.1552 -0.5104 0.0079, 2.1654 -0.5905 0.0079, 2.1457 -1.5407 0.0079, 2.1375 -1.5469 0.0079, 2.1457 -1.6982 0.0079, 2.1274 -1.585 0.0079, 2.1313 -1.5945 0.0079, 2.1313 -1.5551 0.0079, 2.1274 -1.5646 0.0079, 2.1375 -1.7044 0.0079, 2.1313 -1.7126 0.0079, 2.126 -1.5748 0.0079, 2.1274 -1.7221 0.0079, 2.126 -1.7323 0.0079, 2.1274 -1.8795 0.0079, 2.126 -1.8897 0.0079, 2.1274 -1.8999 0.0079, 2.1313 -1.9094 0.0079, 2.1375 -1.9176 0.0079, 2.1457 -1.9238 0.0079, 2.1552 -1.9278 0.0079, 2.1654 -1.9291 0.0079, 2.3622 -1.9291 0.0079, 2.1457 -1.8556 0.0079, 2.1375 -1.8619 0.0079, 2.1313 -1.87 0.0079, 2.1457 1.7664 0.0079, 2.1428 1.7641 0.0079, 2.1375 1.7602 0.0079, 2.1313 1.752 0.0079, 2.1313 1.7126 0.0079, 2.1375 1.7045 0.0079, 0.2499 1.6689 0.0079, 2.1457 1.6982 0.0079, 2.1274 1.7425 0.0079, 2.126 1.7323 0.0079, 2.1274 1.7221 0.0079, 2.1552 1.6943 0.0079, 2.1654 1.6929 0.0079, 2.3622 1.6929 0.0079, -0.253 1.5748 0.0079, -0.253 1.6689 0.0079, -0.0682 1.5748 0.0079, -0.0682 1.6689 0.0079, 0.0759 1.5748 0.0079, 0.0759 1.6689 0.0079, 0.2499 1.5748 0.0079, 0.0951 1.7756 0.0079, 0.0759 1.7641 0.0079, 0.0951 1.7972 0.0079, 0.1178 1.963 0.0079, 0.0951 1.9568 0.0079, 0.0951 1.9304 0.0079, 0.1173 1.9399 0.0079, 0.0986 1.7952 0.0079, 0.1412 1.943 0.0079, 0.1606 1.9408 0.0079, 0.1753 1.9355 0.0079, 0.1889 1.9264 0.0079, 0.2008 1.9133 0.0079, 0.2151 1.8617 0.0079, 0.2131 1.8404 0.0079, 0.2078 1.8234 0.0079, 0.164 1.7866 0.0079, 0.1456 1.7846 0.0079, 0.1783 1.7919 0.0079, 0.1904 1.8 0.0079, 0.1996 1.8098 0.0079, 0.1195 1.7875 0.0079, 0.2089 1.8981 0.0079, 0.2142 1.877 0.0079, 0.1926 1.772 0.0079, 0.2084 1.7821 0.0079, 0.2196 1.9288 0.0079, 0.2018 1.9458 0.0079, 0.1831 1.9566 0.0079, 0.2415 1.8601 0.0079, 0.2387 1.888 0.0079, 0.2311 1.9104 0.0079, 0.1612 1.963 0.0079, 0.2232 1.7977 0.0079, 0.2337 1.8164 0.0079, 0.2396 1.8373 0.0079, 0.3327 1.787 0.0079, 0.1161 1.7669 0.0079, 0.136 1.7641 0.0079, 0.1439 1.763 0.0079, 0.1492 1.7629 0.0079, 0.1608 1.7641 0.0079, 0.1735 1.7655 0.0079, -0.253 1.7641 0.0079, -0.0682 1.7641 0.0079, -0.0442 1.9622 0.0079, 0.0567 1.7653 0.0079, 0.0567 1.9622 0.0079, -0.0442 1.9406 0.0079, -0.049 1.787 0.0079, -0.049 1.7653 0.0079, 0.0303 1.8542 0.0079, 0.0303 1.787 0.0079, -0.0393 1.8542 0.0079, -0.0393 1.8758 0.0079, 0.0303 1.8758 0.0079, 0.0303 1.9406 0.0079, -0.236 1.8193 0.0079, -0.2247 1.8017 0.0079, -0.2085 1.7862 0.0079, -0.1879 1.7742 0.0079, -0.1429 1.9622 0.0079, -0.1714 1.9592 0.0079, -0.1944 1.9511 0.0079, -0.2158 1.9367 0.0079, -0.216 1.9365 0.0079, -0.2299 1.9211 0.0079, -0.2391 1.9042 0.0079, -0.1652 1.7675 0.0079, -0.1409 1.7653 0.0079, -0.0874 1.7653 0.0079, -0.0874 1.9622 0.0079, -0.2444 1.8848 0.0079, -0.2458 1.8662 0.0079, -0.243 1.8399 0.0079, -0.409 1.7653 0.0079, -0.4379 1.7653 0.0079, -0.361 1.9622 0.0079, -0.3891 1.8206 0.0079, -0.3078 1.8206 0.0079, -0.289 1.7653 0.0079, -0.2602 1.7653 0.0079, -0.3346 1.9622 0.0079, -2.3622 -2.2913 0.0456, -2.3622 -2.1899 0.0456, -2.3622 1.8504 0.0878, -2.3622 1.6929 0.0878, -2.3622 2.2913 0.0818, -2.3622 2.3622 0.3346, -2.3622 2.19 0.0818, -2.3622 -2.3622 0.3346, -2.3622 1.6142 0.0878, -2.3622 1.5355 0.0878, -2.3622 1.378 0.0878, -2.3622 1.7717 0.0878, -2.3622 1.9292 0.0878, -2.3622 2.19 0.0456, -2.3622 2.2913 0.0456, -2.3622 1.2992 0.0878, -2.3622 1.2205 0.0878, -2.3622 1.063 0.0878, -2.3622 1.4567 0.0878, -2.3622 0.9843 0.0878, -2.3622 0.9055 0.0878, -2.3622 0.7481 0.0878, -2.3622 1.1418 0.0878, -2.3622 0.6693 0.0878, -2.3622 0.5906 0.0878, -2.3622 0.8268 0.0878, -2.3622 0.2756 0.0878, -2.3622 0.1969 0.0878, -2.3622 0.1181 0.0878, -2.3622 0.5118 0.0878, -2.3622 0.4331 0.0878, -2.3622 0.3544 0.0878, -2.3622 -0.0393 0.0878, -2.3622 -0.1181 0.0878, -2.3622 -0.1968 0.0878, -2.3622 0.0394 0.0878, -2.3622 -0.3543 0.0878, -2.3622 -0.433 0.0878, -2.3622 -0.5118 0.0878, -2.3622 -0.2756 0.0878, -2.3622 -0.6693 0.0878, -2.3622 -0.748 0.0878, -2.3622 -0.8267 0.0878, -2.3622 -0.5905 0.0878, -2.3622 -0.9842 0.0878, -2.3622 -1.063 0.0878, -2.3622 -1.1417 0.0878, -2.3622 -0.9055 0.0878, -2.3622 -1.2992 0.0878, -2.3622 -1.3779 0.0878, -2.3622 -1.4567 0.0878, -2.3622 -1.2204 0.0878, -2.3622 -1.5354 0.0878, -2.3622 -1.6141 0.0878, -2.3622 -1.8504 0.0878, -2.3622 -1.9291 0.0878, -2.3622 -1.6929 0.0878, -2.3622 -1.7716 0.0878, -2.3622 -2.2913 0.0818, -2.3622 -2.1899 0.0818, 2.2913 2.3622 0.0818, 2.3622 2.3622 0.3346, 2.19 2.3622 0.0818, 1.8504 2.3622 0.0878, 1.9292 2.3622 0.0878, 2.19 2.3622 0.0456, 2.2913 2.3622 0.0456, 1.7717 2.3622 0.0878, 1.6929 2.3622 0.0878, -2.1899 2.3622 0.0456, -1.9291 2.3622 0.0878, -2.1899 2.3622 0.0818, -2.2913 2.3622 0.0818, -2.2913 2.3622 0.0456, -1.6929 2.3622 0.0878, -1.7716 2.3622 0.0878, 0.4331 2.3622 0.0878, -1.8504 2.3622 0.0878, 0.1181 2.3622 0.0878, -0.1968 2.3622 0.0878, -0.6693 2.3622 0.0878, -1.2992 2.3622 0.0878, -1.6141 2.3622 0.0878, 1.6142 2.3622 0.0878, 1.5355 2.3622 0.0878, 1.4567 2.3622 0.0878, 1.378 2.3622 0.0878, 1.2992 2.3622 0.0878, 1.2205 2.3622 0.0878, 1.1418 2.3622 0.0878, 1.063 2.3622 0.0878, 0.9843 2.3622 0.0878, 0.9055 2.3622 0.0878, 0.8268 2.3622 0.0878, 0.7481 2.3622 0.0878, 0.6693 2.3622 0.0878, 0.5906 2.3622 0.0878, 0.3544 2.3622 0.0878, 0.2756 2.3622 0.0878, 0.5118 2.3622 0.0878, 0.0394 2.3622 0.0878, -0.0393 2.3622 0.0878, 0.1969 2.3622 0.0878, -0.2756 2.3622 0.0878, -0.3543 2.3622 0.0878, -0.1181 2.3622 0.0878, -0.433 2.3622 0.0878, -0.5118 2.3622 0.0878, -0.748 2.3622 0.0878, -0.8267 2.3622 0.0878, -0.5905 2.3622 0.0878, -0.9055 2.3622 0.0878, -0.9842 2.3622 0.0878, -1.063 2.3622 0.0878, -1.1417 2.3622 0.0878, -1.3779 2.3622 0.0878, -1.4567 2.3622 0.0878, -1.2204 2.3622 0.0878, -1.5354 2.3622 0.0878, 2.3622 -1.6929 0.0878, 2.3622 0.0394 0.0878, 2.3622 2.19 0.0818, 2.3622 2.2913 0.0818, 2.3622 -1.8504 0.0878, 2.3622 2.2913 0.0456, 2.3622 2.19 0.0456, 2.3622 1.9292 0.0878, 2.3622 -2.2913 0.0818, 2.3622 -2.3622 0.3346, 2.3622 -2.1899 0.0818, 2.3622 -1.6141 0.0878, 2.3622 -1.5354 0.0878, 2.3622 -1.3779 0.0878, 2.3622 -1.7716 0.0878, 2.3622 -1.9291 0.0878, 2.3622 -2.1899 0.0456, 2.3622 -2.2913 0.0456, 2.3622 -1.2992 0.0878, 2.3622 -1.2204 0.0878, 2.3622 -1.063 0.0878, 2.3622 -1.4567 0.0878, 2.3622 -0.9842 0.0878, 2.3622 -0.9055 0.0878, 2.3622 -0.748 0.0878, 2.3622 -1.1417 0.0878, 2.3622 -0.6693 0.0878, 2.3622 -0.5905 0.0878, 2.3622 -0.8267 0.0878, 2.3622 -0.2756 0.0878, 2.3622 -0.1968 0.0878, 2.3622 -0.1181 0.0878, 2.3622 -0.5118 0.0878, 2.3622 -0.433 0.0878, 2.3622 -0.3543 0.0878, 2.3622 0.1181 0.0878, 2.3622 0.1969 0.0878, 2.3622 -0.0393 0.0878, 2.3622 0.3544 0.0878, 2.3622 0.4331 0.0878, 2.3622 0.5118 0.0878, 2.3622 0.2756 0.0878, 2.3622 0.6693 0.0878, 2.3622 0.7481 0.0878, 2.3622 0.8268 0.0878, 2.3622 0.5906 0.0878, 2.3622 0.9843 0.0878, 2.3622 1.063 0.0878, 2.3622 1.1418 0.0878, 2.3622 0.9055 0.0878, 2.3622 1.2992 0.0878, 2.3622 1.378 0.0878, 2.3622 1.4567 0.0878, 2.3622 1.2205 0.0878, 2.3622 1.5355 0.0878, 2.3622 1.6142 0.0878, 2.3622 1.6929 0.0878, 2.3622 1.7717 0.0878, 2.3622 1.8504 0.0878, 2.19 -2.3622 0.0818, 2.2913 -2.3622 0.0818, -2.2913 -2.3622 0.0818, -2.1899 -2.3622 0.0818, -1.8504 -2.3622 0.0878, -1.9291 -2.3622 0.0878, -2.1899 -2.3622 0.0456, -2.2913 -2.3622 0.0456, -1.7716 -2.3622 0.0878, -1.6929 -2.3622 0.0878, 1.6929 -2.3622 0.0878, 1.7717 -2.3622 0.0878, 2.2913 -2.3622 0.0456, 2.19 -2.3622 0.0456, 1.9292 -2.3622 0.0878, 1.8504 -2.3622 0.0878, -0.433 -2.3622 0.0878, -0.1181 -2.3622 0.0878, 0.1969 -2.3622 0.0878, 0.6693 -2.3622 0.0878, 1.2992 -2.3622 0.0878, 1.6142 -2.3622 0.0878, -1.6141 -2.3622 0.0878, -1.5354 -2.3622 0.0878, -1.4567 -2.3622 0.0878, -1.3779 -2.3622 0.0878, -1.2992 -2.3622 0.0878, -1.2204 -2.3622 0.0878, -1.1417 -2.3622 0.0878, -1.063 -2.3622 0.0878, -0.9842 -2.3622 0.0878, -0.9055 -2.3622 0.0878, -0.8267 -2.3622 0.0878, -0.748 -2.3622 0.0878, -0.6693 -2.3622 0.0878, -0.5905 -2.3622 0.0878, -0.3543 -2.3622 0.0878, -0.2756 -2.3622 0.0878, -0.5118 -2.3622 0.0878, -0.0393 -2.3622 0.0878, 0.0394 -2.3622 0.0878, -0.1968 -2.3622 0.0878, 0.2756 -2.3622 0.0878, 0.3544 -2.3622 0.0878, 0.1181 -2.3622 0.0878, 0.4331 -2.3622 0.0878, 0.5118 -2.3622 0.0878, 0.7481 -2.3622 0.0878, 0.8268 -2.3622 0.0878, 0.5906 -2.3622 0.0878, 0.9055 -2.3622 0.0878, 0.9843 -2.3622 0.0878, 1.063 -2.3622 0.0878, 1.1418 -2.3622 0.0878, 1.378 -2.3622 0.0878, 1.4567 -2.3622 0.0878, 1.2205 -2.3622 0.0878, 1.5355 -2.3622 0.0878
            ]
        }
        coordIndex [
            0,1,2,-1,3,4,5,-1,6,7,8,-1,9,10,11,-1,11,10,12,-1,13,14,15,-1,16,17,18,-1,18,17,19,-1,12,20,21,-1,22,23,24,-1,25,26,12,-1,12,26,27,-1,12,27,20,-1,19,28,18,-1,18,28,22,-1,18,22,29,-1,29,22,24,-1,30,31,32,-1,32,31,33,-1,32,33,12,-1,12,33,34,-1,12,34,25,-1,35,36,37,-1,37,36,38,-1,37,38,39,-1,40,41,42,-1,39,43,37,-1,37,43,40,-1,37,40,44,-1,44,40,42,-1,45,46,47,-1,47,46,48,-1,47,48,49,-1,50,51,52,-1,49,53,47,-1,47,53,50,-1,47,50,54,-1,54,50,52,-1,55,56,57,-1,57,56,58,-1,57,58,59,-1,60,61,62,-1,59,63,57,-1,57,63,60,-1,57,60,64,-1,64,60,62,-1,65,66,67,-1,68,69,70,-1,71,72,73,-1,67,74,65,-1,65,74,68,-1,65,68,75,-1,75,68,70,-1,76,77,78,-1,78,77,79,-1,78,79,80,-1,81,82,83,-1,80,84,78,-1,78,84,81,-1,78,81,85,-1,85,81,83,-1,86,87,88,-1,89,90,91,-1,88,92,86,-1,86,92,89,-1,86,89,93,-1,93,89,91,-1,94,95,96,-1,97,98,99,-1,100,101,102,-1,102,101,103,-1,102,103,104,-1,96,105,94,-1,94,105,97,-1,94,97,106,-1,106,97,99,-1,107,108,109,-1,110,111,112,-1,113,114,115,-1,115,114,116,-1,115,116,117,-1,109,118,107,-1,107,118,110,-1,107,110,119,-1,119,110,112,-1,120,121,15,-1,122,123,15,-1,124,125,15,-1,126,127,128,-1,120,15,129,-1,104,130,102,-1,102,130,126,-1,102,126,131,-1,131,126,128,-1,132,133,134,-1,71,73,15,-1,15,73,135,-1,15,135,129,-1,136,137,15,-1,15,137,138,-1,117,139,115,-1,115,139,132,-1,115,132,140,-1,140,132,134,-1,121,141,15,-1,15,141,142,-1,15,142,143,-1,123,144,15,-1,15,144,145,-1,15,145,146,-1,147,148,15,-1,15,148,149,-1,15,149,150,-1,122,15,151,-1,151,15,143,-1,151,143,86,-1,86,143,152,-1,86,152,87,-1,124,15,153,-1,153,15,146,-1,153,146,94,-1,94,146,154,-1,94,154,95,-1,125,155,15,-1,15,155,156,-1,15,156,157,-1,158,159,15,-1,15,159,160,-1,15,160,161,-1,162,163,15,-1,136,15,164,-1,164,15,157,-1,164,157,107,-1,107,157,165,-1,107,165,108,-1,166,167,15,-1,138,168,15,-1,15,168,45,-1,15,45,147,-1,147,45,47,-1,169,170,65,-1,65,170,171,-1,65,171,66,-1,172,173,32,-1,150,174,15,-1,15,174,55,-1,15,55,158,-1,158,55,57,-1,12,13,32,-1,32,13,15,-1,32,15,172,-1,172,15,167,-1,175,176,32,-1,161,177,15,-1,15,177,170,-1,15,170,162,-1,162,170,169,-1,178,173,179,-1,179,173,35,-1,179,35,180,-1,180,35,37,-1,78,181,76,-1,76,181,166,-1,76,166,182,-1,182,166,15,-1,182,15,183,-1,183,15,163,-1,102,184,100,-1,100,184,185,-1,100,185,186,-1,32,187,188,-1,185,189,186,-1,186,189,190,-1,186,190,191,-1,192,191,193,-1,193,191,113,-1,193,113,194,-1,194,113,115,-1,176,195,32,-1,32,195,196,-1,32,196,187,-1,192,175,191,-1,191,175,32,-1,191,32,186,-1,186,32,173,-1,186,173,197,-1,197,173,178,-1,198,199,200,-1,200,199,32,-1,200,32,201,-1,201,32,188,-1,202,203,204,-1,205,206,207,-1,208,209,210,-1,208,210,211,-1,205,207,210,-1,210,207,212,-1,210,212,211,-1,213,214,15,-1,202,204,215,-1,214,216,15,-1,15,216,217,-1,15,217,218,-1,219,71,220,-1,220,71,15,-1,220,15,221,-1,221,15,218,-1,222,223,224,-1,225,226,227,-1,227,226,228,-1,227,228,229,-1,222,224,227,-1,227,224,230,-1,227,230,225,-1,231,232,210,-1,232,233,210,-1,210,233,234,-1,210,234,235,-1,236,205,237,-1,237,205,210,-1,237,210,238,-1,238,210,235,-1,239,240,241,-1,242,243,244,-1,242,244,245,-1,246,247,227,-1,227,247,248,-1,239,241,244,-1,244,241,249,-1,244,249,245,-1,248,250,227,-1,227,250,251,-1,227,251,252,-1,253,222,254,-1,254,222,227,-1,254,227,255,-1,255,227,252,-1,256,257,258,-1,259,260,261,-1,262,263,264,-1,261,265,259,-1,259,265,262,-1,259,262,266,-1,266,262,264,-1,267,268,269,-1,270,271,272,-1,273,274,275,-1,269,276,267,-1,267,276,270,-1,267,270,277,-1,277,270,272,-1,278,279,280,-1,281,282,283,-1,273,275,284,-1,285,286,275,-1,280,287,278,-1,278,287,281,-1,278,281,288,-1,288,281,283,-1,289,290,291,-1,291,290,292,-1,291,292,293,-1,294,295,296,-1,256,258,275,-1,275,258,297,-1,275,297,284,-1,298,299,275,-1,293,300,291,-1,291,300,294,-1,291,294,301,-1,301,294,296,-1,274,302,275,-1,275,302,303,-1,275,303,304,-1,305,306,275,-1,275,306,307,-1,308,309,244,-1,285,275,310,-1,310,275,304,-1,310,304,259,-1,259,304,311,-1,259,311,260,-1,286,312,275,-1,275,312,313,-1,275,313,314,-1,309,315,244,-1,244,315,316,-1,244,316,317,-1,298,275,318,-1,318,275,314,-1,318,314,267,-1,267,314,319,-1,267,319,268,-1,299,320,275,-1,275,320,321,-1,275,321,322,-1,305,275,323,-1,323,275,322,-1,323,322,278,-1,278,322,324,-1,278,324,279,-1,244,325,308,-1,308,325,289,-1,308,289,326,-1,326,289,291,-1,317,327,244,-1,244,327,328,-1,244,328,329,-1,330,239,331,-1,331,239,244,-1,331,244,332,-1,332,244,329,-1,333,334,335,-1,335,334,336,-1,335,336,337,-1,338,339,340,-1,337,341,335,-1,335,341,338,-1,335,338,342,-1,342,338,340,-1,343,344,345,-1,346,347,348,-1,348,347,349,-1,348,349,350,-1,351,352,353,-1,350,354,348,-1,348,354,351,-1,348,351,355,-1,355,351,353,-1,356,357,358,-1,358,357,359,-1,358,359,360,-1,361,362,363,-1,364,365,366,-1,366,365,367,-1,366,367,368,-1,360,369,358,-1,358,369,361,-1,358,361,370,-1,370,361,363,-1,345,371,343,-1,343,371,372,-1,343,372,373,-1,374,375,376,-1,373,377,343,-1,343,377,378,-1,343,378,379,-1,380,381,382,-1,380,383,343,-1,343,383,384,-1,343,384,385,-1,386,275,387,-1,387,275,388,-1,368,389,366,-1,366,389,374,-1,366,374,390,-1,390,374,376,-1,391,392,343,-1,343,392,393,-1,343,393,394,-1,275,395,396,-1,379,397,343,-1,343,397,364,-1,343,364,391,-1,391,364,366,-1,394,398,343,-1,343,398,399,-1,343,399,380,-1,380,399,400,-1,380,400,381,-1,385,401,343,-1,343,401,402,-1,343,402,275,-1,275,402,403,-1,275,403,388,-1,335,404,333,-1,333,404,405,-1,333,405,402,-1,402,405,406,-1,402,406,403,-1,348,407,346,-1,346,407,408,-1,346,408,388,-1,388,408,409,-1,388,409,387,-1,410,411,412,-1,358,413,356,-1,356,413,414,-1,356,414,386,-1,386,414,415,-1,386,415,275,-1,275,415,416,-1,275,416,395,-1,396,417,275,-1,275,417,418,-1,275,418,419,-1,420,256,421,-1,421,256,275,-1,421,275,422,-1,422,275,419,-1,382,423,380,-1,380,423,410,-1,380,410,424,-1,424,410,412,-1,425,426,275,-1,425,275,427,-1,428,429,430,-1,431,8,432,-1,432,8,7,-1,432,7,433,-1,433,7,434,-1,434,435,433,-1,433,435,428,-1,433,428,436,-1,436,428,430,-1,431,437,8,-1,8,437,438,-1,8,438,275,-1,275,438,439,-1,275,439,427,-1,426,440,275,-1,275,440,441,-1,275,441,343,-1,343,441,442,-1,343,442,443,-1,444,445,446,-1,447,448,8,-1,445,449,446,-1,446,449,450,-1,446,450,451,-1,448,452,8,-1,8,452,453,-1,8,453,6,-1,454,444,455,-1,455,444,446,-1,455,446,456,-1,456,446,457,-1,458,459,460,-1,461,462,463,-1,463,462,464,-1,463,464,465,-1,466,467,468,-1,469,470,471,-1,472,473,474,-1,475,476,477,-1,477,476,478,-1,477,478,479,-1,479,480,477,-1,477,480,481,-1,477,481,482,-1,483,484,485,-1,485,484,477,-1,485,477,486,-1,486,477,482,-1,465,487,463,-1,463,487,466,-1,463,466,488,-1,488,466,468,-1,471,489,469,-1,469,489,472,-1,469,472,490,-1,490,472,474,-1,491,492,493,-1,493,492,494,-1,493,494,495,-1,496,497,498,-1,499,500,501,-1,501,500,502,-1,503,504,505,-1,505,504,506,-1,505,506,507,-1,508,509,510,-1,511,512,513,-1,514,515,516,-1,517,518,519,-1,495,520,493,-1,493,520,496,-1,493,496,521,-1,521,496,498,-1,522,523,524,-1,524,523,525,-1,524,525,526,-1,527,528,529,-1,530,531,456,-1,507,532,505,-1,505,532,508,-1,505,508,533,-1,533,508,510,-1,534,535,536,-1,536,535,537,-1,536,537,538,-1,539,540,541,-1,513,542,511,-1,511,542,514,-1,511,514,543,-1,543,514,516,-1,544,545,546,-1,546,545,547,-1,546,547,548,-1,549,550,551,-1,552,553,554,-1,554,553,555,-1,554,555,556,-1,526,557,524,-1,524,557,527,-1,524,527,558,-1,558,527,529,-1,559,560,561,-1,561,560,562,-1,561,562,563,-1,564,565,566,-1,567,568,469,-1,469,568,569,-1,469,569,470,-1,530,456,570,-1,538,571,536,-1,536,571,539,-1,536,539,572,-1,572,539,541,-1,573,574,575,-1,575,574,576,-1,575,576,577,-1,578,579,580,-1,548,581,546,-1,546,581,549,-1,546,549,582,-1,582,549,551,-1,460,583,584,-1,585,586,460,-1,563,587,561,-1,561,587,564,-1,561,564,588,-1,588,564,566,-1,589,590,501,-1,577,591,575,-1,575,591,578,-1,575,578,592,-1,592,578,580,-1,593,594,595,-1,459,596,460,-1,460,596,597,-1,460,597,583,-1,598,599,501,-1,501,599,600,-1,567,601,568,-1,568,601,501,-1,568,501,602,-1,602,501,600,-1,601,603,501,-1,501,603,604,-1,501,604,456,-1,456,604,605,-1,456,605,570,-1,606,607,608,-1,608,607,609,-1,608,609,610,-1,611,612,613,-1,614,615,616,-1,616,615,617,-1,616,617,618,-1,619,620,621,-1,622,623,624,-1,519,625,517,-1,517,625,593,-1,517,593,626,-1,626,593,595,-1,627,628,629,-1,630,631,511,-1,511,631,632,-1,511,632,512,-1,493,633,491,-1,491,633,634,-1,491,634,502,-1,502,634,635,-1,502,635,501,-1,531,636,456,-1,456,636,637,-1,456,637,455,-1,455,637,638,-1,455,638,639,-1,610,640,608,-1,608,640,611,-1,608,611,641,-1,641,611,613,-1,642,643,644,-1,644,643,645,-1,644,645,646,-1,647,648,649,-1,618,650,616,-1,616,650,619,-1,616,619,651,-1,651,619,621,-1,652,653,654,-1,654,653,655,-1,654,655,656,-1,657,658,659,-1,623,660,624,-1,624,660,661,-1,624,661,485,-1,485,661,662,-1,556,663,554,-1,554,663,627,-1,554,627,664,-1,664,627,629,-1,665,624,666,-1,666,624,460,-1,635,667,501,-1,501,667,668,-1,501,668,589,-1,589,668,522,-1,589,522,669,-1,669,522,524,-1,590,670,501,-1,501,670,671,-1,501,671,598,-1,598,671,559,-1,598,559,672,-1,672,559,561,-1,646,673,644,-1,644,673,647,-1,644,647,674,-1,674,647,649,-1,675,676,677,-1,678,679,680,-1,656,681,654,-1,654,681,657,-1,654,657,682,-1,682,657,659,-1,630,585,631,-1,631,585,460,-1,631,460,683,-1,683,460,584,-1,586,684,460,-1,460,684,685,-1,460,685,544,-1,463,686,461,-1,461,686,687,-1,461,687,665,-1,665,687,624,-1,624,687,688,-1,624,688,689,-1,690,691,517,-1,517,691,692,-1,517,692,518,-1,624,693,694,-1,677,695,675,-1,675,695,678,-1,675,678,696,-1,696,678,680,-1,697,698,699,-1,700,701,702,-1,616,703,614,-1,614,703,704,-1,614,704,662,-1,662,704,705,-1,662,705,485,-1,485,705,706,-1,485,706,707,-1,654,708,652,-1,652,708,709,-1,652,709,707,-1,707,709,499,-1,707,499,485,-1,485,499,501,-1,485,501,483,-1,546,710,544,-1,544,710,711,-1,544,711,460,-1,460,711,712,-1,460,712,666,-1,699,713,697,-1,697,713,700,-1,697,700,714,-1,714,700,702,-1,715,716,717,-1,717,716,718,-1,717,718,719,-1,720,721,722,-1,723,724,725,-1,725,724,726,-1,690,693,691,-1,691,693,624,-1,691,624,727,-1,727,624,689,-1,694,728,624,-1,624,728,729,-1,624,729,552,-1,730,731,624,-1,624,731,732,-1,732,733,624,-1,624,733,734,-1,624,734,724,-1,724,734,735,-1,719,736,717,-1,717,736,720,-1,717,720,737,-1,737,720,722,-1,738,739,740,-1,740,739,741,-1,740,741,742,-1,743,744,745,-1,554,746,552,-1,552,746,747,-1,552,747,624,-1,624,747,748,-1,624,748,730,-1,735,749,724,-1,724,749,750,-1,724,750,751,-1,742,752,740,-1,740,752,743,-1,740,743,753,-1,753,743,745,-1,754,755,756,-1,756,755,757,-1,756,757,758,-1,759,760,761,-1,762,763,764,-1,764,763,765,-1,764,765,766,-1,758,767,756,-1,756,767,759,-1,756,759,768,-1,768,759,761,-1,769,770,771,-1,771,770,772,-1,773,774,775,-1,776,777,778,-1,778,777,779,-1,778,779,780,-1,781,782,783,-1,766,784,764,-1,764,784,773,-1,764,773,785,-1,785,773,775,-1,786,787,788,-1,780,789,778,-1,778,789,781,-1,778,781,790,-1,790,781,783,-1,772,791,771,-1,771,791,786,-1,771,786,792,-1,792,786,788,-1,793,794,795,-1,795,794,796,-1,795,796,797,-1,798,799,800,-1,801,802,624,-1,803,804,624,-1,797,805,795,-1,795,805,798,-1,795,798,806,-1,806,798,800,-1,807,808,809,-1,809,808,810,-1,809,810,811,-1,812,813,814,-1,815,816,624,-1,811,817,809,-1,809,817,812,-1,809,812,818,-1,818,812,814,-1,819,820,624,-1,624,820,821,-1,723,822,724,-1,724,822,823,-1,724,823,624,-1,624,823,824,-1,624,824,801,-1,825,826,624,-1,624,826,827,-1,828,829,624,-1,624,829,830,-1,624,830,831,-1,764,832,762,-1,762,832,833,-1,762,833,802,-1,802,833,624,-1,624,833,834,-1,624,834,815,-1,769,771,835,-1,835,771,836,-1,835,836,837,-1,838,839,624,-1,624,839,793,-1,840,841,624,-1,624,841,807,-1,803,624,842,-1,842,624,827,-1,842,827,675,-1,675,827,843,-1,675,843,676,-1,804,844,624,-1,624,844,845,-1,624,845,846,-1,847,848,624,-1,624,848,849,-1,624,849,850,-1,851,624,837,-1,837,624,816,-1,837,816,835,-1,795,852,793,-1,793,852,853,-1,793,853,624,-1,624,853,854,-1,624,854,840,-1,809,855,807,-1,807,855,856,-1,807,856,624,-1,624,856,857,-1,624,857,825,-1,819,624,858,-1,858,624,846,-1,858,846,697,-1,697,846,859,-1,697,859,698,-1,851,860,624,-1,624,860,861,-1,624,861,776,-1,821,862,624,-1,624,862,503,-1,624,503,828,-1,828,503,505,-1,863,864,624,-1,624,864,865,-1,624,865,866,-1,867,868,624,-1,624,868,869,-1,624,869,870,-1,778,871,776,-1,776,871,872,-1,776,872,624,-1,624,872,873,-1,624,873,838,-1,831,874,624,-1,624,874,534,-1,624,534,847,-1,847,534,536,-1,875,876,624,-1,624,876,877,-1,624,877,878,-1,879,880,624,-1,624,880,881,-1,624,881,882,-1,883,884,624,-1,624,884,885,-1,624,885,886,-1,887,888,624,-1,888,889,624,-1,624,889,890,-1,624,890,891,-1,891,892,624,-1,624,892,893,-1,624,893,622,-1,850,894,624,-1,624,894,606,-1,624,606,863,-1,863,606,608,-1,866,895,624,-1,624,895,754,-1,624,754,867,-1,867,754,756,-1,892,896,893,-1,893,896,897,-1,893,897,898,-1,899,900,901,-1,870,902,624,-1,624,902,715,-1,624,715,875,-1,875,715,717,-1,878,903,624,-1,624,903,738,-1,624,738,879,-1,879,738,740,-1,898,904,893,-1,893,904,899,-1,893,899,905,-1,905,899,901,-1,882,906,624,-1,624,906,642,-1,624,642,883,-1,883,642,644,-1,886,907,624,-1,624,907,573,-1,624,573,887,-1,887,573,575,-1,908,909,910,-1,911,912,913,-1,913,912,914,-1,913,914,915,-1,916,917,918,-1,915,919,913,-1,913,919,916,-1,913,916,920,-1,920,916,918,-1,921,922,923,-1,923,922,924,-1,923,924,925,-1,926,927,928,-1,925,929,923,-1,923,929,926,-1,923,926,930,-1,930,926,928,-1,931,932,933,-1,933,932,934,-1,933,934,935,-1,936,937,938,-1,935,939,933,-1,933,939,936,-1,933,936,940,-1,940,936,938,-1,941,942,943,-1,943,942,944,-1,943,944,945,-1,946,947,948,-1,949,950,460,-1,951,952,460,-1,460,952,953,-1,953,954,460,-1,460,954,955,-1,460,955,956,-1,945,957,943,-1,943,957,946,-1,943,946,958,-1,958,946,948,-1,959,960,961,-1,909,962,910,-1,910,962,963,-1,910,963,964,-1,950,965,460,-1,460,965,966,-1,460,966,951,-1,951,966,911,-1,951,911,967,-1,967,911,913,-1,956,968,460,-1,460,968,969,-1,460,969,970,-1,971,458,961,-1,961,458,460,-1,961,460,959,-1,959,460,970,-1,964,972,910,-1,910,972,973,-1,910,973,921,-1,974,975,910,-1,910,975,931,-1,910,976,460,-1,460,976,977,-1,460,977,949,-1,949,977,941,-1,949,941,978,-1,978,941,943,-1,923,979,921,-1,921,979,980,-1,921,980,910,-1,910,980,981,-1,910,981,974,-1,933,982,931,-1,931,982,983,-1,931,983,910,-1,910,983,984,-1,910,984,976,-1,985,986,987,-1,986,988,987,-1,987,988,989,-1,987,989,990,-1,990,991,987,-1,987,991,992,-1,987,992,910,-1,910,992,993,-1,910,993,994,-1,994,995,910,-1,910,995,996,-1,910,996,997,-1,998,908,5,-1,5,908,910,-1,5,910,3,-1,3,910,997,-1,999,1000,987,-1,1001,1002,1003,-1,1003,1002,1004,-1,1003,1004,1005,-1,1005,1006,1003,-1,1003,1006,1007,-1,1003,1007,987,-1,987,1007,1008,-1,987,1008,999,-1,1009,1010,1011,-1,1000,1012,987,-1,987,1012,1013,-1,987,1013,1014,-1,1015,985,1011,-1,1011,985,987,-1,1011,987,1009,-1,1009,987,1014,-1,1016,1017,1003,-1,1018,1019,1020,-1,1020,1019,1021,-1,1020,1021,1022,-1,1022,1023,1020,-1,1020,1023,1024,-1,1020,1024,1003,-1,1003,1024,1025,-1,1003,1025,1016,-1,1017,1026,1003,-1,1003,1026,1027,-1,1003,1027,1028,-1,1029,1001,2,-1,2,1001,1003,-1,2,1003,0,-1,0,1003,1028,-1,1030,1031,1032,-1,1032,1031,1033,-1,1032,1033,1034,-1,1035,1036,1037,-1,1034,1038,1032,-1,1032,1038,1035,-1,1032,1035,1039,-1,1039,1035,1037,-1,1040,1041,1042,-1,1042,1041,1043,-1,1042,1043,1044,-1,1045,1046,1047,-1,1047,1046,1048,-1,1047,1048,1049,-1,1050,1051,1052,-1,1053,1054,1055,-1,1056,1057,1058,-1,1058,1057,1059,-1,1058,1059,1060,-1,1049,1061,1047,-1,1047,1061,1050,-1,1047,1050,1062,-1,1062,1050,1052,-1,1063,1064,1065,-1,1066,1067,1068,-1,1044,1069,1042,-1,1042,1069,1053,-1,1042,1053,1070,-1,1070,1053,1055,-1,1071,1072,1073,-1,1074,1075,1076,-1,1076,1075,1077,-1,1065,1078,1063,-1,1063,1078,1066,-1,1063,1066,1079,-1,1079,1066,1068,-1,1080,1081,1082,-1,1083,1084,1085,-1,1060,1086,1058,-1,1058,1086,1071,-1,1058,1071,1087,-1,1087,1071,1073,-1,1088,1089,1090,-1,1091,1092,1093,-1,1093,1092,1094,-1,1093,1094,1095,-1,1082,1096,1080,-1,1080,1096,1083,-1,1080,1083,1097,-1,1097,1083,1085,-1,1098,1099,1100,-1,1101,1102,1103,-1,1074,1104,1075,-1,1075,1104,1088,-1,1075,1088,1105,-1,1105,1088,1090,-1,1106,1107,1108,-1,1109,1110,1111,-1,1111,1110,1112,-1,1111,1112,1113,-1,1100,1114,1098,-1,1098,1114,1101,-1,1098,1101,1115,-1,1115,1101,1103,-1,1116,1117,1118,-1,1118,1117,1119,-1,1118,1119,1120,-1,1121,1122,1123,-1,1124,1125,1126,-1,1126,1125,1127,-1,1095,1128,1093,-1,1093,1128,1106,-1,1093,1106,1129,-1,1129,1106,1108,-1,1130,1131,1132,-1,1133,1134,1135,-1,1135,1134,1136,-1,1135,1136,1137,-1,1120,1138,1118,-1,1118,1138,1121,-1,1118,1121,1139,-1,1139,1121,1123,-1,1140,1141,1142,-1,1142,1141,1143,-1,1142,1143,1144,-1,1145,1146,1147,-1,1113,1148,1111,-1,1111,1148,1130,-1,1111,1130,1149,-1,1149,1130,1132,-1,1150,1151,1152,-1,1153,1154,1155,-1,1155,1154,1156,-1,1144,1157,1142,-1,1142,1157,1145,-1,1142,1145,1158,-1,1158,1145,1147,-1,1159,1160,1161,-1,1161,1160,1162,-1,1161,1162,1163,-1,1164,1165,1166,-1,1167,1168,1169,-1,1169,1168,1170,-1,1169,1170,1171,-1,1137,1172,1135,-1,1135,1172,1150,-1,1135,1150,1173,-1,1173,1150,1152,-1,1174,1175,1176,-1,1177,1178,1179,-1,1179,1178,1180,-1,1179,1180,1181,-1,1163,1182,1161,-1,1161,1182,1164,-1,1161,1164,1183,-1,1183,1164,1166,-1,1184,1185,1186,-1,1186,1185,1187,-1,1188,1189,1190,-1,1153,1191,1154,-1,1154,1191,1174,-1,1154,1174,1192,-1,1192,1174,1176,-1,1193,1194,1195,-1,1196,1197,1198,-1,1198,1197,1199,-1,1198,1199,1200,-1,1201,1202,1190,-1,1181,1203,1179,-1,1179,1203,1193,-1,1179,1193,1204,-1,1204,1193,1195,-1,1205,1206,1207,-1,1208,1209,1210,-1,1210,1209,1211,-1,1210,1211,1212,-1,1213,1214,1215,-1,1216,1217,1190,-1,1200,1218,1198,-1,1198,1218,1205,-1,1198,1205,1219,-1,1219,1205,1207,-1,1220,1221,1222,-1,1223,1224,1225,-1,1225,1224,1226,-1,1225,1226,1227,-1,1228,1229,1230,-1,1171,1231,1169,-1,1169,1231,1213,-1,1169,1213,1232,-1,1232,1213,1215,-1,1233,1234,1235,-1,1124,1236,1125,-1,1125,1236,1237,-1,1125,1237,1190,-1,1190,1237,1238,-1,1190,1238,1188,-1,1239,1240,1190,-1,1212,1241,1210,-1,1210,1241,1220,-1,1210,1220,1242,-1,1242,1220,1222,-1,1243,1244,1245,-1,1246,1247,1248,-1,1248,1247,1249,-1,1187,1250,1186,-1,1186,1250,1233,-1,1186,1233,1251,-1,1251,1233,1235,-1,1169,1252,1167,-1,1167,1252,1253,-1,1167,1253,1189,-1,1189,1253,1190,-1,1190,1253,1254,-1,1190,1254,1201,-1,1184,1186,1255,-1,1255,1186,1256,-1,1255,1256,1257,-1,1258,1259,1190,-1,1190,1259,1045,-1,1260,1261,1063,-1,1063,1261,1262,-1,1063,1262,1064,-1,1227,1263,1225,-1,1225,1263,1243,-1,1225,1243,1264,-1,1264,1243,1245,-1,1265,1266,1267,-1,1268,1190,1257,-1,1257,1190,1202,-1,1257,1202,1255,-1,1047,1269,1045,-1,1045,1269,1270,-1,1045,1270,1190,-1,1190,1270,1271,-1,1190,1271,1272,-1,1246,1273,1247,-1,1247,1273,1265,-1,1247,1265,1274,-1,1274,1265,1267,-1,1275,1276,1277,-1,1278,1279,1280,-1,1280,1279,1281,-1,1280,1281,1282,-1,1268,1283,1190,-1,1190,1283,1284,-1,1190,1284,1030,-1,1260,1216,1261,-1,1261,1216,1190,-1,1261,1190,1285,-1,1285,1190,1272,-1,1217,1286,1190,-1,1190,1286,1287,-1,1190,1287,1288,-1,1289,1020,1290,-1,1290,1020,1190,-1,1290,1190,1291,-1,1291,1190,1292,-1,1293,1294,1020,-1,1229,1295,1230,-1,1230,1295,1275,-1,1230,1275,1296,-1,1296,1275,1277,-1,1297,1298,1299,-1,1300,1301,1302,-1,1302,1301,1303,-1,1302,1303,1304,-1,1032,1305,1030,-1,1030,1305,1306,-1,1030,1306,1190,-1,1190,1306,1307,-1,1190,1307,1258,-1,1239,1190,1308,-1,1308,1190,1288,-1,1308,1288,1080,-1,1080,1288,1309,-1,1080,1309,1081,-1,1240,1310,1190,-1,1190,1310,1311,-1,1190,1311,1312,-1,1282,1313,1280,-1,1280,1313,1297,-1,1280,1297,1314,-1,1314,1297,1299,-1,1315,1316,1317,-1,1318,1319,1320,-1,1320,1319,1321,-1,1320,1321,1322,-1,1292,1190,1323,-1,1323,1190,1312,-1,1323,1312,1098,-1,1098,1312,1324,-1,1098,1324,1099,-1,1118,1325,1116,-1,1116,1325,1326,-1,1116,1326,1289,-1,1289,1326,1327,-1,1289,1327,1020,-1,1328,1329,1020,-1,1020,1329,1330,-1,1330,1331,1020,-1,1020,1331,1332,-1,1020,1332,1333,-1,1304,1334,1302,-1,1302,1334,1315,-1,1302,1315,1335,-1,1335,1315,1317,-1,1336,1337,1338,-1,1339,1340,1341,-1,1341,1340,1342,-1,1341,1342,1343,-1,1327,1344,1020,-1,1020,1344,1345,-1,1020,1345,1293,-1,1293,1345,1140,-1,1293,1140,1346,-1,1346,1140,1142,-1,1347,1348,1349,-1,1322,1350,1320,-1,1320,1350,1336,-1,1320,1336,1351,-1,1351,1336,1338,-1,1352,1353,1354,-1,1294,1355,1020,-1,1020,1355,1356,-1,1020,1356,1328,-1,1328,1356,1159,-1,1328,1159,1357,-1,1357,1159,1161,-1,1333,1358,1020,-1,1020,1358,1359,-1,1020,1359,1360,-1,1361,1018,1349,-1,1349,1018,1020,-1,1349,1020,1347,-1,1347,1020,1360,-1,1343,1362,1341,-1,1341,1362,1352,-1,1341,1352,1363,-1,1363,1352,1354,-1,1364,1365,1366,-1,1366,1365,1367,-1,1366,1367,1368,-1,1369,1370,1371,-1,1372,1373,1374,-1,1375,1376,1377,-1,1377,1376,1378,-1,1379,1380,1381,-1,1382,1383,1384,-1,1384,1383,1385,-1,1384,1385,1386,-1,1387,1388,1376,-1,1389,1390,1391,-1,1392,1393,1394,-1,1394,1393,1395,-1,1394,1395,1396,-1,1368,1397,1366,-1,1366,1397,1379,-1,1366,1379,1398,-1,1398,1379,1381,-1,1399,1400,1401,-1,1374,1402,1372,-1,1372,1402,1389,-1,1372,1389,1403,-1,1403,1389,1391,-1,1404,1405,1406,-1,1386,1407,1384,-1,1384,1407,1399,-1,1384,1399,1408,-1,1408,1399,1401,-1,1409,1410,1376,-1,1376,1410,1411,-1,1376,1411,1412,-1,1396,1413,1394,-1,1394,1413,1404,-1,1394,1404,1414,-1,1414,1404,1406,-1,1375,1415,1376,-1,1376,1415,1416,-1,1376,1416,1417,-1,1077,1075,1418,-1,1418,1075,1419,-1,1418,1419,1420,-1,1421,1376,1422,-1,1422,1376,1423,-1,1376,1424,1196,-1,1425,1376,1420,-1,1420,1376,1417,-1,1420,1417,1418,-1,1421,1426,1376,-1,1376,1426,1427,-1,1376,1427,1424,-1,1198,1428,1196,-1,1196,1428,1429,-1,1196,1429,1376,-1,1376,1429,1430,-1,1430,1431,1376,-1,1376,1431,1432,-1,1376,1432,1208,-1,1388,1433,1376,-1,1376,1433,1434,-1,1376,1434,1435,-1,1425,1436,1376,-1,1376,1436,1437,-1,1376,1437,1091,-1,1093,1438,1091,-1,1091,1438,1439,-1,1091,1439,1376,-1,1376,1439,1440,-1,1441,1442,1190,-1,1210,1443,1208,-1,1208,1443,1444,-1,1208,1444,1376,-1,1376,1444,1445,-1,1445,1446,1376,-1,1376,1446,1447,-1,1376,1447,1223,-1,1412,1448,1376,-1,1376,1448,1040,-1,1376,1040,1387,-1,1387,1040,1042,-1,1302,1449,1300,-1,1300,1449,1450,-1,1300,1450,1435,-1,1440,1451,1376,-1,1376,1451,1452,-1,1376,1452,1109,-1,1111,1453,1109,-1,1109,1453,1454,-1,1109,1454,1376,-1,1376,1454,1455,-1,1456,1457,1376,-1,1156,1154,1458,-1,1458,1154,1459,-1,1458,1459,1460,-1,1225,1461,1223,-1,1223,1461,1462,-1,1223,1462,1376,-1,1376,1462,1463,-1,1463,1464,1376,-1,1376,1464,1465,-1,1376,1465,1466,-1,1467,1468,1376,-1,1376,1468,1469,-1,1376,1469,1470,-1,1471,1472,1376,-1,1376,1472,1473,-1,1376,1473,1474,-1,1475,1476,1378,-1,1455,1477,1376,-1,1376,1477,1478,-1,1376,1478,1133,-1,1135,1479,1133,-1,1133,1479,1480,-1,1133,1480,1376,-1,1376,1480,1481,-1,1376,1481,1456,-1,1249,1247,1466,-1,1466,1247,1482,-1,1466,1482,1376,-1,1376,1482,1483,-1,1376,1483,1484,-1,1484,1485,1376,-1,1376,1485,1486,-1,1376,1486,1487,-1,1488,1376,1489,-1,1489,1376,1490,-1,1435,1450,1376,-1,1376,1450,1491,-1,1376,1491,1492,-1,1493,1494,1376,-1,1376,1494,1495,-1,1376,1495,1496,-1,1497,1498,1376,-1,1376,1498,1499,-1,1376,1499,1500,-1,1501,1502,1376,-1,1376,1502,1503,-1,1376,1503,1504,-1,1470,1505,1376,-1,1376,1505,1056,-1,1376,1056,1471,-1,1471,1056,1058,-1,1506,1507,1508,-1,1457,1458,1376,-1,1376,1458,1460,-1,1376,1460,1190,-1,1190,1460,1509,-1,1190,1509,1441,-1,1490,1376,1510,-1,1510,1376,1487,-1,1510,1487,1230,-1,1230,1487,1511,-1,1230,1511,1228,-1,1488,1512,1376,-1,1376,1512,1278,-1,1376,1278,1409,-1,1409,1278,1280,-1,1492,1513,1376,-1,1376,1513,1318,-1,1376,1318,1493,-1,1493,1318,1320,-1,1496,1514,1376,-1,1376,1514,1364,-1,1376,1364,1497,-1,1497,1364,1366,-1,1500,1515,1376,-1,1376,1515,1382,-1,1376,1382,1501,-1,1501,1382,1384,-1,1504,1516,1376,-1,1376,1516,1339,-1,1376,1339,1467,-1,1467,1339,1341,-1,1474,1517,1376,-1,1376,1517,1518,-1,1376,1518,1378,-1,1378,1518,1519,-1,1378,1519,1475,-1,1476,1520,1378,-1,1378,1520,1506,-1,1378,1506,1521,-1,1521,1506,1508,-1,1179,1522,1177,-1,1177,1522,1523,-1,1177,1523,1442,-1,1524,1525,1372,-1,1372,1525,1526,-1,1372,1526,1373,-1,1442,1523,1190,-1,1190,1523,1527,-1,1190,1527,1528,-1,1190,1529,1530,-1,1524,1529,1525,-1,1525,1529,1190,-1,1525,1190,1531,-1,1531,1190,1528,-1,1530,1532,1190,-1,1190,1532,1533,-1,1190,1533,1392,-1,1534,1535,1190,-1,1190,1535,1536,-1,1536,1537,1190,-1,1190,1537,1538,-1,1190,1538,1125,-1,1125,1538,1539,-1,1539,1540,1125,-1,1125,1540,1541,-1,1125,1541,1542,-1,1394,1543,1392,-1,1392,1543,1544,-1,1392,1544,1190,-1,1190,1544,1545,-1,1190,1545,1534,-1,16,18,21,-1,21,18,1546,-1,21,1546,12,-1,12,1546,1547,-1,12,1547,11,-1,11,1547,1548,-1,11,1548,1549,-1,1550,1551,1552,-1,1552,1551,1553,-1,1549,1554,11,-1,11,1554,1555,-1,11,1555,1552,-1,1552,1555,1556,-1,1552,1556,1550,-1,1553,1557,1552,-1,1552,1557,1558,-1,1552,1558,1369,-1,1369,1558,1559,-1,457,446,1560,-1,1560,446,1561,-1,1560,1561,1562,-1,1562,1561,1563,-1,1562,1563,1564,-1,1564,1565,1566,-1,1566,1565,1552,-1,1566,1552,1376,-1,1376,1552,1369,-1,1376,1369,1423,-1,1423,1369,1371,-1,1567,1568,1569,-1,1569,1568,210,-1,1570,210,203,-1,203,210,209,-1,203,209,204,-1,1570,1571,210,-1,210,1571,1572,-1,210,1572,1569,-1,1569,1572,1573,-1,1569,1573,1574,-1,1574,1573,1575,-1,1574,1575,1576,-1,1576,1577,1574,-1,1574,1577,1578,-1,1574,1578,1579,-1,1580,1581,1574,-1,1574,1581,1582,-1,1583,1584,1585,-1,1585,1584,1586,-1,1582,1587,1574,-1,1574,1587,1586,-1,1574,1586,1588,-1,1588,1586,1584,-1,1579,1589,1574,-1,1574,1589,1590,-1,1574,1590,1580,-1,1591,1592,11,-1,1593,1594,15,-1,15,1594,1595,-1,1596,1597,15,-1,15,1597,1598,-1,15,1598,1593,-1,204,213,215,-1,215,213,15,-1,215,15,1599,-1,1599,15,1595,-1,1592,1600,11,-1,11,1600,1601,-1,11,1601,1602,-1,1602,1596,11,-1,11,1596,15,-1,11,15,9,-1,9,15,14,-1,9,14,1603,-1,1567,1604,1568,-1,1568,1604,1605,-1,1568,1605,1565,-1,1605,1606,1565,-1,1565,1606,1607,-1,1565,1607,1552,-1,1552,1607,1608,-1,1552,1608,11,-1,11,1608,1609,-1,11,1609,1591,-1,451,447,446,-1,446,447,8,-1,446,8,1561,-1,1561,8,1610,-1,1561,1610,1563,-1,1563,1610,1611,-1,229,231,227,-1,227,231,210,-1,227,210,1612,-1,1564,1563,1565,-1,1565,1563,1611,-1,1565,1611,1568,-1,1568,1611,1613,-1,1568,1613,210,-1,210,1613,1614,-1,210,1614,1612,-1,1612,1615,227,-1,227,1615,1616,-1,227,1616,1611,-1,1611,1616,1617,-1,1611,1617,1613,-1,1618,1619,1620,-1,1620,1619,1616,-1,1620,1616,1621,-1,1621,1616,1615,-1,1621,1615,1622,-1,1622,1615,1623,-1,1624,1625,1610,-1,1610,1625,1626,-1,1610,1626,1627,-1,243,246,244,-1,244,246,227,-1,244,227,1628,-1,1628,1629,244,-1,244,1629,1630,-1,244,1630,1631,-1,1631,1632,244,-1,244,1632,1633,-1,244,1633,1634,-1,1627,1635,1610,-1,1610,1635,1636,-1,1610,1636,1611,-1,1611,1636,1637,-1,1611,1637,227,-1,227,1637,1638,-1,227,1638,1628,-1,1634,1639,244,-1,244,1639,1640,-1,244,1640,1610,-1,1610,1640,1641,-1,1610,1641,1624,-1,1642,1610,1643,-1,1643,1610,8,-1,1643,8,1644,-1,1644,8,275,-1,1644,275,244,-1,244,275,307,-1,244,307,325,-1,1645,1646,1642,-1,1642,1646,1647,-1,1642,1647,1610,-1,1610,1647,1648,-1,1610,1648,244,-1,244,1648,1649,-1,244,1649,1644,-1,724,1650,1651,-1,1652,430,429,-1,1653,454,639,-1,344,1654,1655,-1,1655,1654,1656,-1,1655,1656,1657,-1,1658,1659,1657,-1,1660,566,565,-1,639,1658,1653,-1,1653,1658,1657,-1,1653,1657,1661,-1,429,1661,1652,-1,1652,1661,1657,-1,1652,1657,1662,-1,1662,1657,1656,-1,1662,1656,443,-1,443,1656,1663,-1,443,1663,344,-1,344,1663,1664,-1,344,1664,1654,-1,1665,1666,1657,-1,1667,498,497,-1,565,1665,1660,-1,1660,1665,1657,-1,1660,1657,1668,-1,1668,1657,1659,-1,1668,1659,473,-1,473,1659,474,-1,1669,1670,1657,-1,1671,621,620,-1,497,1669,1667,-1,1667,1669,1657,-1,1667,1657,1672,-1,1672,1657,1666,-1,1672,1666,528,-1,528,1666,529,-1,1673,1674,1657,-1,659,658,1670,-1,1670,658,1675,-1,1670,1675,1657,-1,1657,1675,1671,-1,1657,1671,1673,-1,1673,1671,620,-1,1676,649,648,-1,1677,1678,1657,-1,901,900,1674,-1,1674,900,1679,-1,1674,1679,1657,-1,1657,1679,1680,-1,648,1677,1676,-1,1676,1677,1657,-1,1676,1657,1681,-1,1681,1657,1680,-1,1681,1680,579,-1,579,1680,580,-1,1682,722,721,-1,1683,1684,1657,-1,721,1683,1682,-1,1682,1683,1657,-1,1682,1657,1685,-1,1685,1657,1678,-1,1685,1678,744,-1,744,1678,745,-1,1686,613,612,-1,1687,1688,1657,-1,612,1687,1686,-1,1686,1687,1657,-1,1686,1657,1689,-1,1689,1657,1684,-1,1689,1684,760,-1,760,1684,761,-1,1690,510,509,-1,1691,1692,1657,-1,509,1691,1690,-1,1690,1691,1657,-1,1690,1657,1693,-1,1693,1657,1688,-1,1693,1688,540,-1,540,1688,541,-1,1694,680,679,-1,1695,1696,1657,-1,679,1695,1694,-1,1694,1695,1657,-1,1694,1657,1697,-1,1697,1657,1692,-1,1697,1692,701,-1,701,1692,702,-1,1698,800,799,-1,1699,1700,1657,-1,799,1699,1698,-1,1698,1699,1657,-1,1698,1657,1701,-1,1701,1657,1696,-1,1701,1696,813,-1,813,1696,814,-1,783,782,1700,-1,1700,782,1702,-1,1700,1702,1657,-1,1657,1702,1703,-1,1704,1705,1657,-1,788,787,1703,-1,1703,787,1706,-1,1703,1706,1657,-1,1657,1706,1707,-1,1657,1707,1704,-1,1704,1707,775,-1,1704,775,774,-1,1650,724,1708,-1,1708,724,1657,-1,1708,1657,1709,-1,1709,1657,1705,-1,1709,1705,1651,-1,1651,1705,726,-1,1651,726,724,-1,199,1710,1711,-1,1711,1710,1712,-1,1713,1711,1714,-1,1714,1711,1712,-1,1714,1712,198,-1,198,1712,1715,-1,198,1715,199,-1,199,1715,1716,-1,199,1716,1710,-1,134,133,1713,-1,1713,133,1717,-1,1713,1717,1711,-1,1711,1717,1718,-1,1719,345,344,-1,345,1719,1720,-1,1711,1721,1655,-1,1655,1721,1722,-1,1655,1722,344,-1,344,1722,1723,-1,344,1723,1719,-1,1711,1724,1725,-1,1726,91,90,-1,1719,1721,1720,-1,1720,1721,1711,-1,1720,1711,1727,-1,1727,1711,1725,-1,1727,1725,375,-1,375,1725,376,-1,1728,206,236,-1,1729,240,330,-1,1730,272,271,-1,1731,353,352,-1,1732,412,411,-1,128,127,1718,-1,1718,127,1733,-1,1718,1733,1711,-1,1711,1733,1734,-1,42,41,1734,-1,1734,41,1735,-1,1734,1735,1711,-1,1711,1735,1736,-1,83,82,1736,-1,1736,82,1737,-1,1736,1737,1711,-1,1711,1737,1738,-1,70,69,1738,-1,1738,69,1739,-1,1738,1739,1711,-1,1711,1739,1740,-1,62,61,1740,-1,1740,61,1741,-1,1740,1741,1711,-1,1711,1741,1742,-1,52,51,1742,-1,1742,51,1743,-1,1742,1743,1711,-1,1711,1743,1744,-1,112,111,1744,-1,1744,111,1745,-1,1744,1745,1711,-1,1711,1745,1746,-1,1747,1748,1711,-1,90,1747,1726,-1,1726,1747,1711,-1,1726,1711,1749,-1,1749,1711,1746,-1,1749,1746,98,-1,98,1746,99,-1,1750,1751,1711,-1,236,1750,1728,-1,1728,1750,1711,-1,1728,1711,1752,-1,1752,1711,1748,-1,1752,1748,219,-1,219,1748,72,-1,1753,1754,1711,-1,330,1753,1729,-1,1729,1753,1711,-1,1729,1711,1755,-1,1755,1711,1751,-1,1755,1751,253,-1,253,1751,223,-1,296,295,1754,-1,1754,295,1756,-1,1754,1756,1711,-1,1711,1756,1757,-1,1758,1759,1711,-1,271,1758,1730,-1,1730,1758,1711,-1,1730,1711,1760,-1,1760,1711,1757,-1,1760,1757,282,-1,282,1757,283,-1,264,263,1759,-1,1759,263,1761,-1,1759,1761,1711,-1,1711,1761,1762,-1,257,420,1762,-1,1762,420,1763,-1,1762,1763,1711,-1,1711,1763,1764,-1,1711,1765,1766,-1,363,362,1764,-1,1764,362,1767,-1,1764,1767,1711,-1,1711,1767,1731,-1,1711,1731,1765,-1,1765,1731,352,-1,340,339,1766,-1,1766,339,1768,-1,1766,1768,1711,-1,1711,1768,1732,-1,1711,1732,1724,-1,1724,1732,411,-1,1769,1391,1390,-1,1770,1381,1380,-1,1771,1772,1711,-1,1711,1772,199,-1,1773,1406,1405,-1,1772,1774,199,-1,199,1774,1775,-1,199,1775,30,-1,30,1775,1776,-1,1125,1777,1778,-1,1778,1777,1779,-1,1778,1779,1711,-1,1780,1781,1711,-1,1782,1176,1175,-1,1390,1780,1769,-1,1769,1780,1711,-1,1769,1711,1783,-1,1405,1783,1773,-1,1773,1783,1711,-1,1773,1711,1784,-1,1784,1711,1779,-1,1784,1779,1542,-1,1542,1779,1785,-1,1542,1785,1125,-1,1125,1785,1786,-1,1125,1786,1777,-1,1787,1788,1711,-1,1789,1132,1131,-1,1175,1787,1782,-1,1782,1787,1711,-1,1782,1711,1790,-1,1790,1711,1781,-1,1790,1781,1194,-1,1194,1781,1195,-1,1791,1792,1711,-1,1793,1090,1089,-1,1131,1791,1789,-1,1789,1791,1711,-1,1789,1711,1794,-1,1794,1711,1788,-1,1794,1788,1151,-1,1151,1788,1152,-1,1795,1796,1711,-1,1108,1107,1792,-1,1792,1107,1797,-1,1792,1797,1711,-1,1711,1797,1793,-1,1711,1793,1795,-1,1795,1793,1089,-1,1798,1354,1353,-1,1799,1800,1711,-1,1508,1507,1796,-1,1796,1507,1801,-1,1796,1801,1711,-1,1711,1801,1802,-1,1353,1799,1798,-1,1798,1799,1711,-1,1798,1711,1803,-1,1803,1711,1802,-1,1803,1802,1072,-1,1072,1802,1073,-1,1804,1805,1711,-1,1380,1804,1770,-1,1770,1804,1711,-1,1770,1711,1806,-1,1806,1711,1800,-1,1806,1800,1400,-1,1400,1800,1401,-1,1807,1317,1316,-1,1808,1809,1711,-1,1316,1808,1807,-1,1807,1808,1711,-1,1807,1711,1810,-1,1810,1711,1805,-1,1810,1805,1337,-1,1337,1805,1338,-1,1811,1299,1298,-1,1812,1813,1711,-1,1298,1812,1811,-1,1811,1812,1711,-1,1811,1711,1814,-1,1814,1711,1809,-1,1814,1809,1054,-1,1054,1809,1055,-1,1815,1267,1266,-1,1816,1817,1711,-1,1266,1816,1815,-1,1815,1816,1711,-1,1815,1711,1818,-1,1818,1711,1813,-1,1818,1813,1276,-1,1276,1813,1277,-1,1819,1222,1221,-1,1820,1821,1711,-1,1221,1820,1819,-1,1819,1820,1711,-1,1819,1711,1822,-1,1822,1711,1817,-1,1822,1817,1244,-1,1244,1817,1245,-1,1207,1206,1821,-1,1821,1206,1823,-1,1821,1823,1711,-1,1711,1823,1824,-1,1370,1559,1824,-1,1824,1559,1825,-1,1824,1825,1711,-1,1711,1825,1826,-1,1775,1771,1776,-1,1776,1771,1711,-1,1776,1711,1827,-1,1827,1711,1826,-1,1827,1826,23,-1,23,1826,24,-1,1657,1828,1778,-1,1778,1828,1829,-1,1778,1829,1125,-1,724,1830,1657,-1,1657,1830,1831,-1,1832,1657,1833,-1,1833,1657,1831,-1,1833,1831,751,-1,751,1831,1834,-1,751,1834,724,-1,724,1834,1835,-1,724,1835,1830,-1,629,628,1832,-1,1832,628,1836,-1,1832,1836,1657,-1,1657,1836,1837,-1,1657,1838,1839,-1,1829,1840,1125,-1,1125,1840,1841,-1,1125,1841,1127,-1,1127,1841,1842,-1,1841,1828,1842,-1,1842,1828,1657,-1,1842,1657,1843,-1,1843,1657,1839,-1,1843,1839,1214,-1,1214,1839,1215,-1,1844,928,927,-1,1845,1015,1010,-1,1846,1361,1348,-1,1847,1123,1122,-1,1848,1052,1051,-1,1849,1235,1234,-1,595,594,1837,-1,1837,594,1850,-1,1837,1850,1657,-1,1657,1850,1851,-1,468,467,1851,-1,1851,467,1852,-1,1851,1852,1657,-1,1657,1852,1853,-1,551,550,1853,-1,1853,550,1854,-1,1853,1854,1657,-1,1657,1854,1855,-1,516,515,1855,-1,1855,515,1856,-1,1855,1856,1657,-1,1657,1856,1857,-1,971,960,1857,-1,1857,960,1858,-1,1857,1858,1657,-1,1657,1858,1859,-1,918,917,1859,-1,1859,917,1860,-1,1859,1860,1657,-1,1657,1860,1861,-1,948,947,1861,-1,1861,947,1862,-1,1861,1862,1657,-1,1657,1862,1863,-1,1864,1865,1657,-1,927,1864,1844,-1,1844,1864,1657,-1,1844,1657,1866,-1,1866,1657,1863,-1,1866,1863,937,-1,937,1863,938,-1,1867,1868,1657,-1,1010,1867,1845,-1,1845,1867,1657,-1,1845,1657,1869,-1,1869,1657,1865,-1,1869,1865,4,-1,4,1865,998,-1,1870,1871,1657,-1,1348,1870,1846,-1,1846,1870,1657,-1,1846,1657,1872,-1,1872,1657,1868,-1,1872,1868,1,-1,1,1868,1029,-1,1166,1165,1871,-1,1871,1165,1873,-1,1871,1873,1657,-1,1657,1873,1874,-1,1875,1876,1657,-1,1122,1875,1847,-1,1847,1875,1657,-1,1847,1657,1877,-1,1877,1657,1874,-1,1877,1874,1146,-1,1146,1874,1147,-1,1103,1102,1876,-1,1876,1102,1878,-1,1876,1878,1657,-1,1657,1878,1879,-1,1085,1084,1879,-1,1879,1084,1880,-1,1879,1880,1657,-1,1657,1880,1881,-1,1657,1882,1883,-1,1068,1067,1881,-1,1881,1067,1884,-1,1881,1884,1657,-1,1657,1884,1848,-1,1657,1848,1882,-1,1882,1848,1051,-1,1037,1036,1883,-1,1883,1036,1885,-1,1883,1885,1657,-1,1657,1885,1849,-1,1657,1849,1838,-1,1838,1849,1234,-1,
        ]
    }
}
Shape{
    appearance Appearance {
        material  Material 	{
            diffuseColor 1.0 1.0 0.5019607843137255
            specularColor 0.5019607843137255 0.5019607843137255 0.25098039215686274
            ambientIntensity 0.9432
            transparency 0.0
            shininess 0.5
        }
    }
    geometry IndexedFaceSet {
        ccw TRUE
        solid FALSE
        coord DEF co Coordinate {
            point [
                -1.5748 1.2917 0.0, -1.5748 -1.5748 0.0, -1.5748 1.2917 0.0079, -1.5748 -1.5748 0.0079
            ]
        }
        coordIndex [
            0,1,2,-1,2,1,3,-1,
        ]
    }
}
Shape{
    appearance Appearance {
        material  Material 	{
            diffuseColor 0.25098039215686274 0.25098039215686274 0.25098039215686274
            specularColor 0.12549019607843137 0.12549019607843137 0.12549019607843137
            ambientIntensity 0.251
            transparency 0.0
            shininess 0.5
        }
    }
    geometry IndexedFaceSet {
        ccw TRUE
        solid FALSE
        coord DEF co Coordinate {
            point [
                -1.9267 1.9852 0.3346, 2.3622 -2.3622 0.3346, -1.9129 2.0185 0.3346, 2.3622 2.3622 0.3346, -1.9485 2.1515 0.3346, -1.9267 2.123 0.3346, -1.9485 1.9567 0.3346, -1.9771 1.9348 0.3346, -2.3622 -2.3622 0.3346, -2.0103 1.9211 0.3346, -2.046 1.9164 0.3346, -2.0816 1.9211 0.3346, -2.1148 1.9348 0.3346, -2.1434 1.9567 0.3346, -2.1652 1.9852 0.3346, -2.179 2.0185 0.3346, -2.3622 2.3622 0.3346, -2.1837 2.0541 0.3346, -2.179 2.0898 0.3346, -2.1148 2.1734 0.3346, -2.0816 2.1872 0.3346, -1.9129 2.0898 0.3346, -1.9082 2.0541 0.3346, -2.1652 2.123 0.3346, -2.1434 2.1515 0.3346, -2.046 2.1919 0.3346, -2.0103 2.1872 0.3346, -1.9771 2.1734 0.3346
            ]
        }
        coordIndex [
            0,1,2,-1,2,1,3,-1,4,5,3,-1,0,6,1,-1,1,6,7,-1,1,7,8,-1,8,7,9,-1,8,9,10,-1,10,11,8,-1,8,11,12,-1,8,12,13,-1,13,14,8,-1,8,14,15,-1,8,15,16,-1,16,15,17,-1,16,17,18,-1,16,19,20,-1,5,21,3,-1,3,21,22,-1,3,22,2,-1,18,23,16,-1,16,23,24,-1,16,24,19,-1,20,25,16,-1,16,25,26,-1,16,26,3,-1,3,26,27,-1,3,27,4,-1,
        ]
    }
}
Shape{
    appearance Appearance {
        material  Material 	{
            diffuseColor 0.7529411764705882 0.7529411764705882 0.7529411764705882
            specularColor 0.3764705882352941 0.3764705882352941 0.3764705882352941
            ambientIntensity 0.7529
            transparency 0.0
            shininess 0.5
        }
    }
    geometry IndexedFaceSet {
        ccw TRUE
        solid FALSE
        coord DEF co Coordinate {
            point [
                -1.9082 2.0541 0.3343, -1.9082 2.0541 0.3346, -1.9129 2.0898 0.3343, -1.9129 2.0898 0.3346, -1.9267 2.123 0.3343, -1.9267 2.123 0.3346, -1.9485 2.1515 0.3343, -1.9485 2.1515 0.3346, -1.9771 2.1734 0.3343, -1.9771 2.1734 0.3346, -2.0103 2.1872 0.3343, -2.0103 2.1872 0.3346, -2.046 2.1919 0.3343, -2.046 2.1919 0.3346, -2.0816 2.1872 0.3343, -2.0816 2.1872 0.3346, -2.1148 2.1734 0.3343, -2.1148 2.1734 0.3346, -2.1434 2.1515 0.3343, -2.1434 2.1515 0.3346, -2.1652 2.123 0.3343, -2.1652 2.123 0.3346, -2.179 2.0898 0.3343, -2.179 2.0898 0.3346, -2.1837 2.0541 0.3343, -2.1837 2.0541 0.3346, -2.179 2.0185 0.3343, -2.179 2.0185 0.3346, -2.1652 1.9852 0.3343, -2.1652 1.9852 0.3346, -2.1434 1.9567 0.3343, -2.1434 1.9567 0.3346, -2.1148 1.9348 0.3343, -2.1148 1.9348 0.3346, -2.0816 1.9211 0.3343, -2.0816 1.9211 0.3346, -2.046 1.9164 0.3343, -2.046 1.9164 0.3346, -2.0103 1.9211 0.3343, -2.0103 1.9211 0.3346, -1.9771 1.9348 0.3343, -1.9771 1.9348 0.3346, -1.9485 1.9567 0.3343, -1.9485 1.9567 0.3346, -1.9267 1.9852 0.3343, -1.9267 1.9852 0.3346, -1.9129 2.0185 0.3343, -1.9129 2.0185 0.3346, -2.046 2.0541 0.3343
            ]
        }
        coordIndex [
            0,1,2,-1,2,1,3,-1,2,3,4,-1,4,3,5,-1,4,5,6,-1,6,5,7,-1,6,7,8,-1,8,7,9,-1,8,9,10,-1,10,9,11,-1,10,11,12,-1,12,11,13,-1,12,13,14,-1,14,13,15,-1,14,15,16,-1,16,15,17,-1,16,17,18,-1,18,17,19,-1,18,19,20,-1,20,19,21,-1,20,21,22,-1,22,21,23,-1,22,23,24,-1,24,23,25,-1,24,25,26,-1,26,25,27,-1,26,27,28,-1,28,27,29,-1,28,29,30,-1,30,29,31,-1,30,31,32,-1,32,31,33,-1,32,33,34,-1,34,33,35,-1,34,35,36,-1,36,35,37,-1,36,37,38,-1,38,37,39,-1,38,39,40,-1,40,39,41,-1,40,41,42,-1,42,41,43,-1,42,43,44,-1,44,43,45,-1,44,45,46,-1,46,45,47,-1,46,47,0,-1,0,47,1,-1,44,46,48,-1,48,46,0,-1,48,0,2,-1,38,40,48,-1,48,40,42,-1,48,42,44,-1,32,34,48,-1,48,34,36,-1,48,36,38,-1,26,28,48,-1,48,28,30,-1,48,30,32,-1,20,22,48,-1,48,22,24,-1,48,24,26,-1,14,16,48,-1,48,16,18,-1,48,18,20,-1,8,10,48,-1,48,10,12,-1,48,12,14,-1,2,4,48,-1,48,4,6,-1,48,6,8,-1,
        ]
    }
}
Shape{
    appearance Appearance {
        material  Material 	{
            diffuseColor 1.0 1.0 0.5019607843137255
            specularColor 0.5019607843137255 0.5019607843137255 0.25098039215686274
            ambientIntensity 0.9432
            transparency 0.0
            shininess 0.5
        }
    }
    geometry IndexedFaceSet {
        ccw TRUE
        solid FALSE
        coord DEF co Coordinate {
            point [
                0.0394 2.3662 0.0878, -0.0393 2.3662 0.0878, 0.0394 2.3622 0.0878, -0.0393 2.3622 0.0878, 0.0394 2.1654 0.0079, 0.0394 2.1654 0.0, 0.0394 2.3622 0.0079, 0.0394 2.3662 0.0, -0.0393 2.3622 0.0079, -0.0393 2.3662 0.0, -0.0393 2.1654 0.0079, -0.0393 2.1654 0.0, -0.038 2.1552 0.0, -0.038 2.1552 0.0079, -0.0341 2.1457 0.0, -0.0341 2.1457 0.0079, -0.0278 2.1375 0.0, -0.0278 2.1375 0.0079, -0.0197 2.1313 0.0, -0.0197 2.1313 0.0079, -0.0102 2.1274 0.0, -0.0102 2.1274 0.0079, 0.0 2.126 0.0, 0.0 2.126 0.0079, 0.0102 2.1274 0.0, 0.0102 2.1274 0.0079, 0.0197 2.1313 0.0, 0.0197 2.1313 0.0079, 0.0279 2.1375 0.0, 0.0279 2.1375 0.0079, 0.0341 2.1457 0.0, 0.0341 2.1457 0.0079, 0.0381 2.1552 0.0, 0.0381 2.1552 0.0079, 0.1969 2.3662 0.0878, 0.1181 2.3662 0.0878, 0.1969 2.3622 0.0878, 0.1181 2.3622 0.0878, 0.1969 2.1654 0.0079, 0.1969 2.1654 0.0, 0.1969 2.3622 0.0079, 0.1969 2.3662 0.0, 0.1181 2.3622 0.0079, 0.1181 2.3662 0.0, 0.1181 2.1654 0.0079, 0.1181 2.1654 0.0, 0.1195 2.1552 0.0, 0.1195 2.1552 0.0079, 0.1234 2.1457 0.0, 0.1234 2.1457 0.0079, 0.1297 2.1375 0.0, 0.1297 2.1375 0.0079, 0.1378 2.1313 0.0, 0.1378 2.1313 0.0079, 0.1473 2.1274 0.0, 0.1473 2.1274 0.0079, 0.1575 2.126 0.0, 0.1575 2.126 0.0079, 0.1677 2.1274 0.0, 0.1677 2.1274 0.0079, 0.1772 2.1313 0.0, 0.1772 2.1313 0.0079, 0.1853 2.1375 0.0, 0.1853 2.1375 0.0079, 0.1916 2.1457 0.0, 0.1916 2.1457 0.0079, 0.1955 2.1552 0.0, 0.1955 2.1552 0.0079, 0.3544 2.3662 0.0878, 0.2756 2.3662 0.0878, 0.3544 2.3622 0.0878, 0.2756 2.3622 0.0878, 0.3544 2.1654 0.0079, 0.3544 2.1654 0.0, 0.3544 2.3622 0.0079, 0.3544 2.3662 0.0, 0.2756 2.3622 0.0079, 0.2756 2.3662 0.0, 0.2756 2.1654 0.0079, 0.2756 2.1654 0.0, 0.277 2.1552 0.0, 0.277 2.1552 0.0079, 0.2809 2.1457 0.0, 0.2809 2.1457 0.0079, 0.2872 2.1375 0.0, 0.2872 2.1375 0.0079, 0.2953 2.1313 0.0, 0.2953 2.1313 0.0079, 0.3048 2.1274 0.0, 0.3048 2.1274 0.0079, 0.315 2.126 0.0, 0.315 2.126 0.0079, 0.3252 2.1274 0.0, 0.3252 2.1274 0.0079, 0.3347 2.1313 0.0, 0.3347 2.1313 0.0079, 0.3428 2.1375 0.0, 0.3428 2.1375 0.0079, 0.3491 2.1457 0.0, 0.3491 2.1457 0.0079, 0.353 2.1552 0.0, 0.353 2.1552 0.0079, 0.5118 2.3662 0.0878, 0.4331 2.3662 0.0878, 0.5118 2.3622 0.0878, 0.4331 2.3622 0.0878, 0.5118 2.1654 0.0079, 0.5118 2.1654 0.0, 0.5118 2.3622 0.0079, 0.5118 2.3662 0.0, 0.4331 2.3622 0.0079, 0.4331 2.3662 0.0, 0.4331 2.1654 0.0079, 0.4331 2.1654 0.0, 0.4344 2.1552 0.0, 0.4344 2.1552 0.0079, 0.4384 2.1457 0.0, 0.4384 2.1457 0.0079, 0.4446 2.1375 0.0, 0.4446 2.1375 0.0079, 0.4528 2.1313 0.0, 0.4528 2.1313 0.0079, 0.4623 2.1274 0.0, 0.4623 2.1274 0.0079, 0.4725 2.126 0.0, 0.4725 2.126 0.0079, 0.4827 2.1274 0.0, 0.4827 2.1274 0.0079, 0.4922 2.1313 0.0, 0.4922 2.1313 0.0079, 0.5003 2.1375 0.0, 0.5003 2.1375 0.0079, 0.5066 2.1457 0.0, 0.5066 2.1457 0.0079, 0.5105 2.1552 0.0, 0.5105 2.1552 0.0079, 0.6693 2.3662 0.0878, 0.5906 2.3662 0.0878, 0.6693 2.3622 0.0878, 0.5906 2.3622 0.0878, 0.6693 2.1654 0.0079, 0.6693 2.1654 0.0, 0.6693 2.3622 0.0079, 0.6693 2.3662 0.0, 0.5906 2.3622 0.0079, 0.5906 2.3662 0.0, 0.5906 2.1654 0.0079, 0.5906 2.1654 0.0, 0.5919 2.1552 0.0, 0.5919 2.1552 0.0079, 0.5959 2.1457 0.0, 0.5959 2.1457 0.0079, 0.6021 2.1375 0.0, 0.6021 2.1375 0.0079, 0.6103 2.1313 0.0, 0.6103 2.1313 0.0079, 0.6198 2.1274 0.0, 0.6198 2.1274 0.0079, 0.63 2.126 0.0, 0.63 2.126 0.0079, 0.6401 2.1274 0.0, 0.6401 2.1274 0.0079, 0.6496 2.1313 0.0, 0.6496 2.1313 0.0079, 0.6578 2.1375 0.0, 0.6578 2.1375 0.0079, 0.664 2.1457 0.0, 0.664 2.1457 0.0079, 0.668 2.1552 0.0, 0.668 2.1552 0.0079, 0.8268 2.3662 0.0878, 0.7481 2.3662 0.0878, 0.8268 2.3622 0.0878, 0.7481 2.3622 0.0878, 0.8268 2.1654 0.0079, 0.8268 2.1654 0.0, 0.8268 2.3622 0.0079, 0.8268 2.3662 0.0, 0.7481 2.3622 0.0079, 0.7481 2.3662 0.0, 0.7481 2.1654 0.0079, 0.7481 2.1654 0.0, 0.7494 2.1552 0.0, 0.7494 2.1552 0.0079, 0.7533 2.1457 0.0, 0.7533 2.1457 0.0079, 0.7596 2.1375 0.0, 0.7596 2.1375 0.0079, 0.7677 2.1313 0.0, 0.7677 2.1313 0.0079, 0.7772 2.1274 0.0, 0.7772 2.1274 0.0079, 0.7874 2.126 0.0, 0.7874 2.126 0.0079, 0.7976 2.1274 0.0, 0.7976 2.1274 0.0079, 0.8071 2.1313 0.0, 0.8071 2.1313 0.0079, 0.8153 2.1375 0.0, 0.8153 2.1375 0.0079, 0.8215 2.1457 0.0, 0.8215 2.1457 0.0079, 0.8255 2.1552 0.0, 0.8255 2.1552 0.0079, 0.9843 2.3662 0.0878, 0.9055 2.3662 0.0878, 0.9843 2.3622 0.0878, 0.9055 2.3622 0.0878, 0.9843 2.1654 0.0079, 0.9843 2.1654 0.0, 0.9843 2.3622 0.0079, 0.9843 2.3662 0.0, 0.9055 2.3622 0.0079, 0.9055 2.3662 0.0, 0.9055 2.1654 0.0079, 0.9055 2.1654 0.0, 0.9069 2.1552 0.0, 0.9069 2.1552 0.0079, 0.9108 2.1457 0.0, 0.9108 2.1457 0.0079, 0.9171 2.1375 0.0, 0.9171 2.1375 0.0079, 0.9252 2.1313 0.0, 0.9252 2.1313 0.0079, 0.9347 2.1274 0.0, 0.9347 2.1274 0.0079, 0.9449 2.126 0.0, 0.9449 2.126 0.0079, 0.9551 2.1274 0.0, 0.9551 2.1274 0.0079, 0.9646 2.1313 0.0, 0.9646 2.1313 0.0079, 0.9728 2.1375 0.0, 0.9728 2.1375 0.0079, 0.979 2.1457 0.0, 0.979 2.1457 0.0079, 0.9829 2.1552 0.0, 0.9829 2.1552 0.0079, 1.1418 2.3662 0.0878, 1.063 2.3662 0.0878, 1.1418 2.3622 0.0878, 1.063 2.3622 0.0878, 1.1418 2.1654 0.0079, 1.1418 2.1654 0.0, 1.1418 2.3622 0.0079, 1.1418 2.3662 0.0, 1.063 2.3622 0.0079, 1.063 2.3662 0.0, 1.063 2.1654 0.0079, 1.063 2.1654 0.0, 1.0644 2.1552 0.0, 1.0644 2.1552 0.0079, 1.0683 2.1457 0.0, 1.0683 2.1457 0.0079, 1.0746 2.1375 0.0, 1.0746 2.1375 0.0079, 1.0827 2.1313 0.0, 1.0827 2.1313 0.0079, 1.0922 2.1274 0.0, 1.0922 2.1274 0.0079, 1.1024 2.126 0.0, 1.1024 2.126 0.0079, 1.1126 2.1274 0.0, 1.1126 2.1274 0.0079, 1.1221 2.1313 0.0, 1.1221 2.1313 0.0079, 1.1302 2.1375 0.0, 1.1302 2.1375 0.0079, 1.1365 2.1457 0.0, 1.1365 2.1457 0.0079, 1.1404 2.1552 0.0, 1.1404 2.1552 0.0079, 1.2992 2.3662 0.0878, 1.2205 2.3662 0.0878, 1.2992 2.3622 0.0878, 1.2205 2.3622 0.0878, 1.2992 2.1654 0.0079, 1.2992 2.1654 0.0, 1.2992 2.3622 0.0079, 1.2992 2.3662 0.0, 1.2205 2.3622 0.0079, 1.2205 2.3662 0.0, 1.2205 2.1654 0.0079, 1.2205 2.1654 0.0, 1.2218 2.1552 0.0, 1.2218 2.1552 0.0079, 1.2258 2.1457 0.0, 1.2258 2.1457 0.0079, 1.232 2.1375 0.0, 1.232 2.1375 0.0079, 1.2402 2.1313 0.0, 1.2402 2.1313 0.0079, 1.2497 2.1274 0.0, 1.2497 2.1274 0.0079, 1.2599 2.126 0.0, 1.2599 2.126 0.0079, 1.2701 2.1274 0.0, 1.2701 2.1274 0.0079, 1.2796 2.1313 0.0, 1.2796 2.1313 0.0079, 1.2877 2.1375 0.0, 1.2877 2.1375 0.0079, 1.294 2.1457 0.0, 1.294 2.1457 0.0079, 1.2979 2.1552 0.0, 1.2979 2.1552 0.0079, 1.4567 2.3662 0.0878, 1.378 2.3662 0.0878, 1.4567 2.3622 0.0878, 1.378 2.3622 0.0878, 1.4567 2.1654 0.0079, 1.4567 2.1654 0.0, 1.4567 2.3622 0.0079, 1.4567 2.3662 0.0, 1.378 2.3622 0.0079, 1.378 2.3662 0.0, 1.378 2.1654 0.0079, 1.378 2.1654 0.0, 1.3793 2.1552 0.0, 1.3793 2.1552 0.0079, 1.3833 2.1457 0.0, 1.3833 2.1457 0.0079, 1.3895 2.1375 0.0, 1.3895 2.1375 0.0079, 1.3977 2.1313 0.0, 1.3977 2.1313 0.0079, 1.4072 2.1274 0.0, 1.4072 2.1274 0.0079, 1.4174 2.126 0.0, 1.4174 2.126 0.0079, 1.4275 2.1274 0.0, 1.4275 2.1274 0.0079, 1.437 2.1313 0.0, 1.437 2.1313 0.0079, 1.4452 2.1375 0.0, 1.4452 2.1375 0.0079, 1.4514 2.1457 0.0, 1.4514 2.1457 0.0079, 1.4554 2.1552 0.0, 1.4554 2.1552 0.0079, 1.6142 2.3662 0.0878, 1.5355 2.3662 0.0878, 1.6142 2.3622 0.0878, 1.5355 2.3622 0.0878, 1.6142 2.1654 0.0079, 1.6142 2.1654 0.0, 1.6142 2.3622 0.0079, 1.6142 2.3662 0.0, 1.5355 2.3622 0.0079, 1.5355 2.3662 0.0, 1.5355 2.1654 0.0079, 1.5355 2.1654 0.0, 1.5368 2.1552 0.0, 1.5368 2.1552 0.0079, 1.5407 2.1457 0.0, 1.5407 2.1457 0.0079, 1.547 2.1375 0.0, 1.547 2.1375 0.0079, 1.5551 2.1313 0.0, 1.5551 2.1313 0.0079, 1.5646 2.1274 0.0, 1.5646 2.1274 0.0079, 1.5748 2.126 0.0, 1.5748 2.126 0.0079, 1.585 2.1274 0.0, 1.585 2.1274 0.0079, 1.5945 2.1313 0.0, 1.5945 2.1313 0.0079, 1.6027 2.1375 0.0, 1.6027 2.1375 0.0079, 1.6089 2.1457 0.0, 1.6089 2.1457 0.0079, 1.6129 2.1552 0.0, 1.6129 2.1552 0.0079, 1.7717 2.3662 0.0878, 1.6929 2.3662 0.0878, 1.7717 2.3622 0.0878, 1.6929 2.3622 0.0878, 1.7717 2.1654 0.0079, 1.7717 2.1654 0.0, 1.7717 2.3622 0.0079, 1.7717 2.3662 0.0, 1.6929 2.3622 0.0079, 1.6929 2.3662 0.0, 1.6929 2.1654 0.0079, 1.6929 2.1654 0.0, 1.6943 2.1552 0.0, 1.6943 2.1552 0.0079, 1.6982 2.1457 0.0, 1.6982 2.1457 0.0079, 1.7045 2.1375 0.0, 1.7045 2.1375 0.0079, 1.7126 2.1313 0.0, 1.7126 2.1313 0.0079, 1.7221 2.1274 0.0, 1.7221 2.1274 0.0079, 1.7323 2.126 0.0, 1.7323 2.126 0.0079, 1.7425 2.1274 0.0, 1.7425 2.1274 0.0079, 1.752 2.1313 0.0, 1.752 2.1313 0.0079, 1.7602 2.1375 0.0, 1.7602 2.1375 0.0079, 1.7664 2.1457 0.0, 1.7664 2.1457 0.0079, 1.7703 2.1552 0.0, 1.7703 2.1552 0.0079, 1.9292 2.3662 0.0878, 1.8504 2.3662 0.0878, 1.9292 2.3622 0.0878, 1.8504 2.3622 0.0878, 1.9292 2.1654 0.0079, 1.9292 2.1654 0.0, 1.9292 2.3622 0.0079, 1.9292 2.3662 0.0, 1.8504 2.3622 0.0079, 1.8504 2.3662 0.0, 1.8504 2.1654 0.0079, 1.8504 2.1654 0.0, 1.8518 2.1552 0.0, 1.8518 2.1552 0.0079, 1.8557 2.1457 0.0, 1.8557 2.1457 0.0079, 1.862 2.1375 0.0, 1.862 2.1375 0.0079, 1.8701 2.1313 0.0, 1.8701 2.1313 0.0079, 1.8796 2.1274 0.0, 1.8796 2.1274 0.0079, 1.8898 2.126 0.0, 1.8898 2.126 0.0079, 1.9 2.1274 0.0, 1.9 2.1274 0.0079, 1.9095 2.1313 0.0, 1.9095 2.1313 0.0079, 1.9176 2.1375 0.0, 1.9176 2.1375 0.0079, 1.9239 2.1457 0.0, 1.9239 2.1457 0.0079, 1.9278 2.1552 0.0, 1.9278 2.1552 0.0079, -0.1181 2.3662 0.0878, -0.1968 2.3662 0.0878, -0.1181 2.3622 0.0878, -0.1968 2.3622 0.0878, -0.1181 2.1654 0.0079, -0.1181 2.1654 0.0, -0.1181 2.3622 0.0079, -0.1181 2.3662 0.0, -0.1968 2.3622 0.0079, -0.1968 2.3662 0.0, -0.1968 2.1654 0.0079, -0.1968 2.1654 0.0, -0.1955 2.1552 0.0, -0.1955 2.1552 0.0079, -0.1915 2.1457 0.0, -0.1915 2.1457 0.0079, -0.1853 2.1375 0.0, -0.1853 2.1375 0.0079, -0.1771 2.1313 0.0, -0.1771 2.1313 0.0079, -0.1676 2.1274 0.0, -0.1676 2.1274 0.0079, -0.1575 2.126 0.0, -0.1575 2.126 0.0079, -0.1473 2.1274 0.0, -0.1473 2.1274 0.0079, -0.1378 2.1313 0.0, -0.1378 2.1313 0.0079, -0.1296 2.1375 0.0, -0.1296 2.1375 0.0079, -0.1234 2.1457 0.0, -0.1234 2.1457 0.0079, -0.1194 2.1552 0.0, -0.1194 2.1552 0.0079, -0.2756 2.3662 0.0878, -0.3543 2.3662 0.0878, -0.2756 2.3622 0.0878, -0.3543 2.3622 0.0878, -0.2756 2.1654 0.0079, -0.2756 2.1654 0.0, -0.2756 2.3622 0.0079, -0.2756 2.3662 0.0, -0.3543 2.3622 0.0079, -0.3543 2.3662 0.0, -0.3543 2.1654 0.0079, -0.3543 2.1654 0.0, -0.353 2.1552 0.0, -0.353 2.1552 0.0079, -0.349 2.1457 0.0, -0.349 2.1457 0.0079, -0.3428 2.1375 0.0, -0.3428 2.1375 0.0079, -0.3346 2.1313 0.0, -0.3346 2.1313 0.0079, -0.3251 2.1274 0.0, -0.3251 2.1274 0.0079, -0.3149 2.126 0.0, -0.3149 2.126 0.0079, -0.3047 2.1274 0.0, -0.3047 2.1274 0.0079, -0.2952 2.1313 0.0, -0.2952 2.1313 0.0079, -0.2871 2.1375 0.0, -0.2871 2.1375 0.0079, -0.2808 2.1457 0.0, -0.2808 2.1457 0.0079, -0.2769 2.1552 0.0, -0.2769 2.1552 0.0079, -0.433 2.3662 0.0878, -0.5118 2.3662 0.0878, -0.433 2.3622 0.0878, -0.5118 2.3622 0.0878, -0.433 2.1654 0.0079, -0.433 2.1654 0.0, -0.433 2.3622 0.0079, -0.433 2.3662 0.0, -0.5118 2.3622 0.0079, -0.5118 2.3662 0.0, -0.5118 2.1654 0.0079, -0.5118 2.1654 0.0, -0.5104 2.1552 0.0, -0.5104 2.1552 0.0079, -0.5065 2.1457 0.0, -0.5065 2.1457 0.0079, -0.5002 2.1375 0.0, -0.5002 2.1375 0.0079, -0.4921 2.1313 0.0, -0.4921 2.1313 0.0079, -0.4826 2.1274 0.0, -0.4826 2.1274 0.0079, -0.4724 2.126 0.0, -0.4724 2.126 0.0079, -0.4622 2.1274 0.0, -0.4622 2.1274 0.0079, -0.4527 2.1313 0.0, -0.4527 2.1313 0.0079, -0.4446 2.1375 0.0, -0.4446 2.1375 0.0079, -0.4383 2.1457 0.0, -0.4383 2.1457 0.0079, -0.4344 2.1552 0.0, -0.4344 2.1552 0.0079, -0.5905 2.3662 0.0878, -0.6693 2.3662 0.0878, -0.5905 2.3622 0.0878, -0.6693 2.3622 0.0878, -0.5905 2.1654 0.0079, -0.5905 2.1654 0.0, -0.5905 2.3622 0.0079, -0.5905 2.3662 0.0, -0.6693 2.3622 0.0079, -0.6693 2.3662 0.0, -0.6693 2.1654 0.0079, -0.6693 2.1654 0.0, -0.6679 2.1552 0.0, -0.6679 2.1552 0.0079, -0.664 2.1457 0.0, -0.664 2.1457 0.0079, -0.6577 2.1375 0.0, -0.6577 2.1375 0.0079, -0.6496 2.1313 0.0, -0.6496 2.1313 0.0079, -0.6401 2.1274 0.0, -0.6401 2.1274 0.0079, -0.6299 2.126 0.0, -0.6299 2.126 0.0079, -0.6197 2.1274 0.0, -0.6197 2.1274 0.0079, -0.6102 2.1313 0.0, -0.6102 2.1313 0.0079, -0.6021 2.1375 0.0, -0.6021 2.1375 0.0079, -0.5958 2.1457 0.0, -0.5958 2.1457 0.0079, -0.5919 2.1552 0.0, -0.5919 2.1552 0.0079, -0.748 2.3662 0.0878, -0.8267 2.3662 0.0878, -0.748 2.3622 0.0878, -0.8267 2.3622 0.0878, -0.748 2.1654 0.0079, -0.748 2.1654 0.0, -0.748 2.3622 0.0079, -0.748 2.3662 0.0, -0.8267 2.3622 0.0079, -0.8267 2.3662 0.0, -0.8267 2.1654 0.0079, -0.8267 2.1654 0.0, -0.8254 2.1552 0.0, -0.8254 2.1552 0.0079, -0.8215 2.1457 0.0, -0.8215 2.1457 0.0079, -0.8152 2.1375 0.0, -0.8152 2.1375 0.0079, -0.8071 2.1313 0.0, -0.8071 2.1313 0.0079, -0.7976 2.1274 0.0, -0.7976 2.1274 0.0079, -0.7874 2.126 0.0, -0.7874 2.126 0.0079, -0.7772 2.1274 0.0, -0.7772 2.1274 0.0079, -0.7677 2.1313 0.0, -0.7677 2.1313 0.0079, -0.7595 2.1375 0.0, -0.7595 2.1375 0.0079, -0.7533 2.1457 0.0, -0.7533 2.1457 0.0079, -0.7493 2.1552 0.0, -0.7493 2.1552 0.0079, -0.9055 2.3662 0.0878, -0.9842 2.3662 0.0878, -0.9055 2.3622 0.0878, -0.9842 2.3622 0.0878, -0.9055 2.1654 0.0079, -0.9055 2.1654 0.0, -0.9055 2.3622 0.0079, -0.9055 2.3662 0.0, -0.9842 2.3622 0.0079, -0.9842 2.3662 0.0, -0.9842 2.1654 0.0079, -0.9842 2.1654 0.0, -0.9829 2.1552 0.0, -0.9829 2.1552 0.0079, -0.9789 2.1457 0.0, -0.9789 2.1457 0.0079, -0.9727 2.1375 0.0, -0.9727 2.1375 0.0079, -0.9645 2.1313 0.0, -0.9645 2.1313 0.0079, -0.955 2.1274 0.0, -0.955 2.1274 0.0079, -0.9449 2.126 0.0, -0.9449 2.126 0.0079, -0.9347 2.1274 0.0, -0.9347 2.1274 0.0079, -0.9252 2.1313 0.0, -0.9252 2.1313 0.0079, -0.917 2.1375 0.0, -0.917 2.1375 0.0079, -0.9108 2.1457 0.0, -0.9108 2.1457 0.0079, -0.9068 2.1552 0.0, -0.9068 2.1552 0.0079, -1.063 2.3662 0.0878, -1.1417 2.3662 0.0878, -1.063 2.3622 0.0878, -1.1417 2.3622 0.0878, -1.063 2.1654 0.0079, -1.063 2.1654 0.0, -1.063 2.3622 0.0079, -1.063 2.3662 0.0, -1.1417 2.3622 0.0079, -1.1417 2.3662 0.0, -1.1417 2.1654 0.0079, -1.1417 2.1654 0.0, -1.1404 2.1552 0.0, -1.1404 2.1552 0.0079, -1.1364 2.1457 0.0, -1.1364 2.1457 0.0079, -1.1302 2.1375 0.0, -1.1302 2.1375 0.0079, -1.122 2.1313 0.0, -1.122 2.1313 0.0079, -1.1125 2.1274 0.0, -1.1125 2.1274 0.0079, -1.1023 2.126 0.0, -1.1023 2.126 0.0079, -1.0921 2.1274 0.0, -1.0921 2.1274 0.0079, -1.0826 2.1313 0.0, -1.0826 2.1313 0.0079, -1.0745 2.1375 0.0, -1.0745 2.1375 0.0079, -1.0682 2.1457 0.0, -1.0682 2.1457 0.0079, -1.0643 2.1552 0.0, -1.0643 2.1552 0.0079, -1.2204 2.3662 0.0878, -1.2992 2.3662 0.0878, -1.2204 2.3622 0.0878, -1.2992 2.3622 0.0878, -1.2204 2.1654 0.0079, -1.2204 2.1654 0.0, -1.2204 2.3622 0.0079, -1.2204 2.3662 0.0, -1.2992 2.3622 0.0079, -1.2992 2.3662 0.0, -1.2992 2.1654 0.0079, -1.2992 2.1654 0.0, -1.2978 2.1552 0.0, -1.2978 2.1552 0.0079, -1.2939 2.1457 0.0, -1.2939 2.1457 0.0079, -1.2877 2.1375 0.0, -1.2877 2.1375 0.0079, -1.2795 2.1313 0.0, -1.2795 2.1313 0.0079, -1.27 2.1274 0.0, -1.27 2.1274 0.0079, -1.2598 2.126 0.0, -1.2598 2.126 0.0079, -1.2496 2.1274 0.0, -1.2496 2.1274 0.0079, -1.2401 2.1313 0.0, -1.2401 2.1313 0.0079, -1.232 2.1375 0.0, -1.232 2.1375 0.0079, -1.2257 2.1457 0.0, -1.2257 2.1457 0.0079, -1.2218 2.1552 0.0, -1.2218 2.1552 0.0079, -1.3779 2.3662 0.0878, -1.4567 2.3662 0.0878, -1.3779 2.3622 0.0878, -1.4567 2.3622 0.0878, -1.3779 2.1654 0.0079, -1.3779 2.1654 0.0, -1.3779 2.3622 0.0079, -1.3779 2.3662 0.0, -1.4567 2.3622 0.0079, -1.4567 2.3662 0.0, -1.4567 2.1654 0.0079, -1.4567 2.1654 0.0, -1.4553 2.1552 0.0, -1.4553 2.1552 0.0079, -1.4514 2.1457 0.0, -1.4514 2.1457 0.0079, -1.4451 2.1375 0.0, -1.4451 2.1375 0.0079, -1.437 2.1313 0.0, -1.437 2.1313 0.0079, -1.4275 2.1274 0.0, -1.4275 2.1274 0.0079, -1.4173 2.126 0.0, -1.4173 2.126 0.0079, -1.4071 2.1274 0.0, -1.4071 2.1274 0.0079, -1.3976 2.1313 0.0, -1.3976 2.1313 0.0079, -1.3895 2.1375 0.0, -1.3895 2.1375 0.0079, -1.3832 2.1457 0.0, -1.3832 2.1457 0.0079, -1.3793 2.1552 0.0, -1.3793 2.1552 0.0079, -1.5354 2.3662 0.0878, -1.6141 2.3662 0.0878, -1.5354 2.3622 0.0878, -1.6141 2.3622 0.0878, -1.5354 2.1654 0.0079, -1.5354 2.1654 0.0, -1.5354 2.3622 0.0079, -1.5354 2.3662 0.0, -1.6141 2.3622 0.0079, -1.6141 2.3662 0.0, -1.6141 2.1654 0.0079, -1.6141 2.1654 0.0, -1.6128 2.1552 0.0, -1.6128 2.1552 0.0079, -1.6089 2.1457 0.0, -1.6089 2.1457 0.0079, -1.6026 2.1375 0.0, -1.6026 2.1375 0.0079, -1.5945 2.1313 0.0, -1.5945 2.1313 0.0079, -1.585 2.1274 0.0, -1.585 2.1274 0.0079, -1.5748 2.126 0.0, -1.5748 2.126 0.0079, -1.5646 2.1274 0.0, -1.5646 2.1274 0.0079, -1.5551 2.1313 0.0, -1.5551 2.1313 0.0079, -1.5469 2.1375 0.0, -1.5469 2.1375 0.0079, -1.5407 2.1457 0.0, -1.5407 2.1457 0.0079, -1.5367 2.1552 0.0, -1.5367 2.1552 0.0079, -1.6929 2.3662 0.0878, -1.7716 2.3662 0.0878, -1.6929 2.3622 0.0878, -1.7716 2.3622 0.0878, -1.6929 2.1654 0.0079, -1.6929 2.1654 0.0, -1.6929 2.3622 0.0079, -1.6929 2.3662 0.0, -1.7716 2.3622 0.0079, -1.7716 2.3662 0.0, -1.7716 2.1654 0.0079, -1.7716 2.1654 0.0, -1.7703 2.1552 0.0, -1.7703 2.1552 0.0079, -1.7663 2.1457 0.0, -1.7663 2.1457 0.0079, -1.7601 2.1375 0.0, -1.7601 2.1375 0.0079, -1.7519 2.1313 0.0, -1.7519 2.1313 0.0079, -1.7424 2.1274 0.0, -1.7424 2.1274 0.0079, -1.7323 2.126 0.0, -1.7323 2.126 0.0079, -1.7221 2.1274 0.0, -1.7221 2.1274 0.0079, -1.7126 2.1313 0.0, -1.7126 2.1313 0.0079, -1.7044 2.1375 0.0, -1.7044 2.1375 0.0079, -1.6982 2.1457 0.0, -1.6982 2.1457 0.0079, -1.6942 2.1552 0.0, -1.6942 2.1552 0.0079, -1.8504 2.3662 0.0878, -1.9291 2.3662 0.0878, -1.8504 2.3622 0.0878, -1.9291 2.3622 0.0878, -1.8504 2.1654 0.0079, -1.8504 2.1654 0.0, -1.8504 2.3622 0.0079, -1.8504 2.3662 0.0, -1.9291 2.3622 0.0079, -1.9291 2.3662 0.0, -1.9291 2.1654 0.0079, -1.9291 2.1654 0.0, -1.9278 2.1552 0.0, -1.9278 2.1552 0.0079, -1.9238 2.1457 0.0, -1.9238 2.1457 0.0079, -1.9176 2.1375 0.0, -1.9176 2.1375 0.0079, -1.9094 2.1313 0.0, -1.9094 2.1313 0.0079, -1.8999 2.1274 0.0, -1.8999 2.1274 0.0079, -1.8897 2.126 0.0, -1.8897 2.126 0.0079, -1.8795 2.1274 0.0, -1.8795 2.1274 0.0079, -1.87 2.1313 0.0, -1.87 2.1313 0.0079, -1.8619 2.1375 0.0, -1.8619 2.1375 0.0079, -1.8556 2.1457 0.0, -1.8556 2.1457 0.0079, -1.8517 2.1552 0.0, -1.8517 2.1552 0.0079, -2.3661 0.0394 0.0878, -2.3661 -0.0393 0.0878, -2.3622 0.0394 0.0878, -2.3622 -0.0393 0.0878, -2.1653 0.0394 0.0079, -2.1653 0.0394 0.0, -2.3622 0.0394 0.0079, -2.3661 0.0394 0.0, -2.3622 -0.0393 0.0079, -2.3661 -0.0393 0.0, -2.1653 -0.0393 0.0079, -2.1653 -0.0393 0.0, -2.1551 -0.038 0.0, -2.1551 -0.038 0.0079, -2.1456 -0.0341 0.0, -2.1456 -0.0341 0.0079, -2.1375 -0.0278 0.0, -2.1375 -0.0278 0.0079, -2.1312 -0.0197 0.0, -2.1312 -0.0197 0.0079, -2.1273 -0.0102 0.0, -2.1273 -0.0102 0.0079, -2.126 0.0 0.0, -2.126 0.0 0.0079, -2.1273 0.0102 0.0, -2.1273 0.0102 0.0079, -2.1312 0.0197 0.0, -2.1312 0.0197 0.0079, -2.1375 0.0279 0.0, -2.1375 0.0279 0.0079, -2.1456 0.0341 0.0, -2.1456 0.0341 0.0079, -2.1551 0.0381 0.0, -2.1551 0.0381 0.0079, -2.3661 0.1969 0.0878, -2.3661 0.1181 0.0878, -2.3622 0.1969 0.0878, -2.3622 0.1181 0.0878, -2.1653 0.1969 0.0079, -2.1653 0.1969 0.0, -2.3622 0.1969 0.0079, -2.3661 0.1969 0.0, -2.3622 0.1181 0.0079, -2.3661 0.1181 0.0, -2.1653 0.1181 0.0079, -2.1653 0.1181 0.0, -2.1551 0.1195 0.0, -2.1551 0.1195 0.0079, -2.1456 0.1234 0.0, -2.1456 0.1234 0.0079, -2.1375 0.1297 0.0, -2.1375 0.1297 0.0079, -2.1312 0.1378 0.0, -2.1312 0.1378 0.0079, -2.1273 0.1473 0.0, -2.1273 0.1473 0.0079, -2.126 0.1575 0.0, -2.126 0.1575 0.0079, -2.1273 0.1677 0.0, -2.1273 0.1677 0.0079, -2.1312 0.1772 0.0, -2.1312 0.1772 0.0079, -2.1375 0.1853 0.0, -2.1375 0.1853 0.0079, -2.1456 0.1916 0.0, -2.1456 0.1916 0.0079, -2.1551 0.1955 0.0, -2.1551 0.1955 0.0079, -2.3661 0.3544 0.0878, -2.3661 0.2756 0.0878, -2.3622 0.3544 0.0878, -2.3622 0.2756 0.0878, -2.1653 0.3544 0.0079, -2.1653 0.3544 0.0, -2.3622 0.3544 0.0079, -2.3661 0.3544 0.0, -2.3622 0.2756 0.0079, -2.3661 0.2756 0.0, -2.1653 0.2756 0.0079, -2.1653 0.2756 0.0, -2.1551 0.277 0.0, -2.1551 0.277 0.0079, -2.1456 0.2809 0.0, -2.1456 0.2809 0.0079, -2.1375 0.2872 0.0, -2.1375 0.2872 0.0079, -2.1312 0.2953 0.0, -2.1312 0.2953 0.0079, -2.1273 0.3048 0.0, -2.1273 0.3048 0.0079, -2.126 0.315 0.0, -2.126 0.315 0.0079, -2.1273 0.3252 0.0, -2.1273 0.3252 0.0079, -2.1312 0.3347 0.0, -2.1312 0.3347 0.0079, -2.1375 0.3428 0.0, -2.1375 0.3428 0.0079, -2.1456 0.3491 0.0, -2.1456 0.3491 0.0079, -2.1551 0.353 0.0, -2.1551 0.353 0.0079, -2.3661 0.5118 0.0878, -2.3661 0.4331 0.0878, -2.3622 0.5118 0.0878, -2.3622 0.4331 0.0878, -2.1653 0.5118 0.0079, -2.1653 0.5118 0.0, -2.3622 0.5118 0.0079, -2.3661 0.5118 0.0, -2.3622 0.4331 0.0079, -2.3661 0.4331 0.0, -2.1653 0.4331 0.0079, -2.1653 0.4331 0.0, -2.1551 0.4344 0.0, -2.1551 0.4344 0.0079, -2.1456 0.4384 0.0, -2.1456 0.4384 0.0079, -2.1375 0.4446 0.0, -2.1375 0.4446 0.0079, -2.1312 0.4528 0.0, -2.1312 0.4528 0.0079, -2.1273 0.4623 0.0, -2.1273 0.4623 0.0079, -2.126 0.4725 0.0, -2.126 0.4725 0.0079, -2.1273 0.4827 0.0, -2.1273 0.4827 0.0079, -2.1312 0.4922 0.0, -2.1312 0.4922 0.0079, -2.1375 0.5003 0.0, -2.1375 0.5003 0.0079, -2.1456 0.5066 0.0, -2.1456 0.5066 0.0079, -2.1551 0.5105 0.0, -2.1551 0.5105 0.0079, -2.3661 0.6693 0.0878, -2.3661 0.5906 0.0878, -2.3622 0.6693 0.0878, -2.3622 0.5906 0.0878, -2.1653 0.6693 0.0079, -2.1653 0.6693 0.0, -2.3622 0.6693 0.0079, -2.3661 0.6693 0.0, -2.3622 0.5906 0.0079, -2.3661 0.5906 0.0, -2.1653 0.5906 0.0079, -2.1653 0.5906 0.0, -2.1551 0.5919 0.0, -2.1551 0.5919 0.0079, -2.1456 0.5959 0.0, -2.1456 0.5959 0.0079, -2.1375 0.6021 0.0, -2.1375 0.6021 0.0079, -2.1312 0.6103 0.0, -2.1312 0.6103 0.0079, -2.1273 0.6198 0.0, -2.1273 0.6198 0.0079, -2.126 0.63 0.0, -2.126 0.63 0.0079, -2.1273 0.6401 0.0, -2.1273 0.6401 0.0079, -2.1312 0.6496 0.0, -2.1312 0.6496 0.0079, -2.1375 0.6578 0.0, -2.1375 0.6578 0.0079, -2.1456 0.664 0.0, -2.1456 0.664 0.0079, -2.1551 0.668 0.0, -2.1551 0.668 0.0079, -2.3661 0.8268 0.0878, -2.3661 0.7481 0.0878, -2.3622 0.8268 0.0878, -2.3622 0.7481 0.0878, -2.1653 0.8268 0.0079, -2.1653 0.8268 0.0, -2.3622 0.8268 0.0079, -2.3661 0.8268 0.0, -2.3622 0.7481 0.0079, -2.3661 0.7481 0.0, -2.1653 0.7481 0.0079, -2.1653 0.7481 0.0, -2.1551 0.7494 0.0, -2.1551 0.7494 0.0079, -2.1456 0.7533 0.0, -2.1456 0.7533 0.0079, -2.1375 0.7596 0.0, -2.1375 0.7596 0.0079, -2.1312 0.7677 0.0, -2.1312 0.7677 0.0079, -2.1273 0.7772 0.0, -2.1273 0.7772 0.0079, -2.126 0.7874 0.0, -2.126 0.7874 0.0079, -2.1273 0.7976 0.0, -2.1273 0.7976 0.0079, -2.1312 0.8071 0.0, -2.1312 0.8071 0.0079, -2.1375 0.8153 0.0, -2.1375 0.8153 0.0079, -2.1456 0.8215 0.0, -2.1456 0.8215 0.0079, -2.1551 0.8255 0.0, -2.1551 0.8255 0.0079, -2.3661 0.9843 0.0878, -2.3661 0.9055 0.0878, -2.3622 0.9843 0.0878, -2.3622 0.9055 0.0878, -2.1653 0.9843 0.0079, -2.1653 0.9843 0.0, -2.3622 0.9843 0.0079, -2.3661 0.9843 0.0, -2.3622 0.9055 0.0079, -2.3661 0.9055 0.0, -2.1653 0.9055 0.0079, -2.1653 0.9055 0.0, -2.1551 0.9069 0.0, -2.1551 0.9069 0.0079, -2.1456 0.9108 0.0, -2.1456 0.9108 0.0079, -2.1375 0.9171 0.0, -2.1375 0.9171 0.0079, -2.1312 0.9252 0.0, -2.1312 0.9252 0.0079, -2.1273 0.9347 0.0, -2.1273 0.9347 0.0079, -2.126 0.9449 0.0, -2.126 0.9449 0.0079, -2.1273 0.9551 0.0, -2.1273 0.9551 0.0079, -2.1312 0.9646 0.0, -2.1312 0.9646 0.0079, -2.1375 0.9728 0.0, -2.1375 0.9728 0.0079, -2.1456 0.979 0.0, -2.1456 0.979 0.0079, -2.1551 0.9829 0.0, -2.1551 0.9829 0.0079, -2.3661 1.1418 0.0878, -2.3661 1.063 0.0878, -2.3622 1.1418 0.0878, -2.3622 1.063 0.0878, -2.1653 1.1418 0.0079, -2.1653 1.1418 0.0, -2.3622 1.1418 0.0079, -2.3661 1.1418 0.0, -2.3622 1.063 0.0079, -2.3661 1.063 0.0, -2.1653 1.063 0.0079, -2.1653 1.063 0.0, -2.1551 1.0644 0.0, -2.1551 1.0644 0.0079, -2.1456 1.0683 0.0, -2.1456 1.0683 0.0079, -2.1375 1.0746 0.0, -2.1375 1.0746 0.0079, -2.1312 1.0827 0.0, -2.1312 1.0827 0.0079, -2.1273 1.0922 0.0, -2.1273 1.0922 0.0079, -2.126 1.1024 0.0, -2.126 1.1024 0.0079, -2.1273 1.1126 0.0, -2.1273 1.1126 0.0079, -2.1312 1.1221 0.0, -2.1312 1.1221 0.0079, -2.1375 1.1302 0.0, -2.1375 1.1302 0.0079, -2.1456 1.1365 0.0, -2.1456 1.1365 0.0079, -2.1551 1.1404 0.0, -2.1551 1.1404 0.0079, -2.3661 1.2992 0.0878, -2.3661 1.2205 0.0878, -2.3622 1.2992 0.0878, -2.3622 1.2205 0.0878, -2.1653 1.2992 0.0079, -2.1653 1.2992 0.0, -2.3622 1.2992 0.0079, -2.3661 1.2992 0.0, -2.3622 1.2205 0.0079, -2.3661 1.2205 0.0, -2.1653 1.2205 0.0079, -2.1653 1.2205 0.0, -2.1551 1.2218 0.0, -2.1551 1.2218 0.0079, -2.1456 1.2258 0.0, -2.1456 1.2258 0.0079, -2.1375 1.232 0.0, -2.1375 1.232 0.0079, -2.1312 1.2402 0.0, -2.1312 1.2402 0.0079, -2.1273 1.2497 0.0, -2.1273 1.2497 0.0079, -2.126 1.2599 0.0, -2.126 1.2599 0.0079, -2.1273 1.2701 0.0, -2.1273 1.2701 0.0079, -2.1312 1.2796 0.0, -2.1312 1.2796 0.0079, -2.1375 1.2877 0.0, -2.1375 1.2877 0.0079, -2.1456 1.294 0.0, -2.1456 1.294 0.0079, -2.1551 1.2979 0.0, -2.1551 1.2979 0.0079, -2.3661 1.4567 0.0878, -2.3661 1.378 0.0878, -2.3622 1.4567 0.0878, -2.3622 1.378 0.0878, -2.1653 1.4567 0.0079, -2.1653 1.4567 0.0, -2.3622 1.4567 0.0079, -2.3661 1.4567 0.0, -2.3622 1.378 0.0079, -2.3661 1.378 0.0, -2.1653 1.378 0.0079, -2.1653 1.378 0.0, -2.1551 1.3793 0.0, -2.1551 1.3793 0.0079, -2.1456 1.3833 0.0, -2.1456 1.3833 0.0079, -2.1375 1.3895 0.0, -2.1375 1.3895 0.0079, -2.1312 1.3977 0.0, -2.1312 1.3977 0.0079, -2.1273 1.4072 0.0, -2.1273 1.4072 0.0079, -2.126 1.4174 0.0, -2.126 1.4174 0.0079, -2.1273 1.4275 0.0, -2.1273 1.4275 0.0079, -2.1312 1.437 0.0, -2.1312 1.437 0.0079, -2.1375 1.4452 0.0, -2.1375 1.4452 0.0079, -2.1456 1.4514 0.0, -2.1456 1.4514 0.0079, -2.1551 1.4554 0.0, -2.1551 1.4554 0.0079, -2.3661 1.6142 0.0878, -2.3661 1.5355 0.0878, -2.3622 1.6142 0.0878, -2.3622 1.5355 0.0878, -2.1653 1.6142 0.0079, -2.1653 1.6142 0.0, -2.3622 1.6142 0.0079, -2.3661 1.6142 0.0, -2.3622 1.5355 0.0079, -2.3661 1.5355 0.0, -2.1653 1.5355 0.0079, -2.1653 1.5355 0.0, -2.1551 1.5368 0.0, -2.1551 1.5368 0.0079, -2.1456 1.5407 0.0, -2.1456 1.5407 0.0079, -2.1375 1.547 0.0, -2.1375 1.547 0.0079, -2.1312 1.5551 0.0, -2.1312 1.5551 0.0079, -2.1273 1.5646 0.0, -2.1273 1.5646 0.0079, -2.126 1.5748 0.0, -2.126 1.5748 0.0079, -2.1273 1.585 0.0, -2.1273 1.585 0.0079, -2.1312 1.5945 0.0, -2.1312 1.5945 0.0079, -2.1375 1.6027 0.0, -2.1375 1.6027 0.0079, -2.1456 1.6089 0.0, -2.1456 1.6089 0.0079, -2.1551 1.6129 0.0, -2.1551 1.6129 0.0079, -2.3661 1.7717 0.0878, -2.3661 1.6929 0.0878, -2.3622 1.7717 0.0878, -2.3622 1.6929 0.0878, -2.1653 1.7717 0.0079, -2.1653 1.7717 0.0, -2.3622 1.7717 0.0079, -2.3661 1.7717 0.0, -2.3622 1.6929 0.0079, -2.3661 1.6929 0.0, -2.1653 1.6929 0.0079, -2.1653 1.6929 0.0, -2.1551 1.6943 0.0, -2.1551 1.6943 0.0079, -2.1456 1.6982 0.0, -2.1456 1.6982 0.0079, -2.1375 1.7045 0.0, -2.1375 1.7045 0.0079, -2.1312 1.7126 0.0, -2.1312 1.7126 0.0079, -2.1273 1.7221 0.0, -2.1273 1.7221 0.0079, -2.126 1.7323 0.0, -2.126 1.7323 0.0079, -2.1273 1.7425 0.0, -2.1273 1.7425 0.0079, -2.1312 1.752 0.0, -2.1312 1.752 0.0079, -2.1375 1.7602 0.0, -2.1375 1.7602 0.0079, -2.1456 1.7664 0.0, -2.1456 1.7664 0.0079, -2.1551 1.7703 0.0, -2.1551 1.7703 0.0079, -2.3661 1.9292 0.0878, -2.3661 1.8504 0.0878, -2.3622 1.9292 0.0878, -2.3622 1.8504 0.0878, -2.1653 1.9292 0.0079, -2.1653 1.9292 0.0, -2.3622 1.9292 0.0079, -2.3661 1.9292 0.0, -2.3622 1.8504 0.0079, -2.3661 1.8504 0.0, -2.1653 1.8504 0.0079, -2.1653 1.8504 0.0, -2.1551 1.8518 0.0, -2.1551 1.8518 0.0079, -2.1456 1.8557 0.0, -2.1456 1.8557 0.0079, -2.1375 1.862 0.0, -2.1375 1.862 0.0079, -2.1312 1.8701 0.0, -2.1312 1.8701 0.0079, -2.1273 1.8796 0.0, -2.1273 1.8796 0.0079, -2.126 1.8898 0.0, -2.126 1.8898 0.0079, -2.1273 1.9 0.0, -2.1273 1.9 0.0079, -2.1312 1.9095 0.0, -2.1312 1.9095 0.0079, -2.1375 1.9176 0.0, -2.1375 1.9176 0.0079, -2.1456 1.9239 0.0, -2.1456 1.9239 0.0079, -2.1551 1.9278 0.0, -2.1551 1.9278 0.0079, -2.3661 -0.1181 0.0878, -2.3661 -0.1968 0.0878, -2.3622 -0.1181 0.0878, -2.3622 -0.1968 0.0878, -2.1653 -0.1181 0.0079, -2.1653 -0.1181 0.0, -2.3622 -0.1181 0.0079, -2.3661 -0.1181 0.0, -2.3622 -0.1968 0.0079, -2.3661 -0.1968 0.0, -2.1653 -0.1968 0.0079, -2.1653 -0.1968 0.0, -2.1551 -0.1955 0.0, -2.1551 -0.1955 0.0079, -2.1456 -0.1915 0.0, -2.1456 -0.1915 0.0079, -2.1375 -0.1853 0.0, -2.1375 -0.1853 0.0079, -2.1312 -0.1771 0.0, -2.1312 -0.1771 0.0079, -2.1273 -0.1676 0.0, -2.1273 -0.1676 0.0079, -2.126 -0.1575 0.0, -2.126 -0.1575 0.0079, -2.1273 -0.1473 0.0, -2.1273 -0.1473 0.0079, -2.1312 -0.1378 0.0, -2.1312 -0.1378 0.0079, -2.1375 -0.1296 0.0, -2.1375 -0.1296 0.0079, -2.1456 -0.1234 0.0, -2.1456 -0.1234 0.0079, -2.1551 -0.1194 0.0, -2.1551 -0.1194 0.0079, -2.3661 -0.2756 0.0878, -2.3661 -0.3543 0.0878, -2.3622 -0.2756 0.0878, -2.3622 -0.3543 0.0878, -2.1653 -0.2756 0.0079, -2.1653 -0.2756 0.0, -2.3622 -0.2756 0.0079, -2.3661 -0.2756 0.0, -2.3622 -0.3543 0.0079, -2.3661 -0.3543 0.0, -2.1653 -0.3543 0.0079, -2.1653 -0.3543 0.0, -2.1551 -0.353 0.0, -2.1551 -0.353 0.0079, -2.1456 -0.349 0.0, -2.1456 -0.349 0.0079, -2.1375 -0.3428 0.0, -2.1375 -0.3428 0.0079, -2.1312 -0.3346 0.0, -2.1312 -0.3346 0.0079, -2.1273 -0.3251 0.0, -2.1273 -0.3251 0.0079, -2.126 -0.3149 0.0, -2.126 -0.3149 0.0079, -2.1273 -0.3047 0.0, -2.1273 -0.3047 0.0079, -2.1312 -0.2952 0.0, -2.1312 -0.2952 0.0079, -2.1375 -0.2871 0.0, -2.1375 -0.2871 0.0079, -2.1456 -0.2808 0.0, -2.1456 -0.2808 0.0079, -2.1551 -0.2769 0.0, -2.1551 -0.2769 0.0079, -2.3661 -0.433 0.0878, -2.3661 -0.5118 0.0878, -2.3622 -0.433 0.0878, -2.3622 -0.5118 0.0878, -2.1653 -0.433 0.0079, -2.1653 -0.433 0.0, -2.3622 -0.433 0.0079, -2.3661 -0.433 0.0, -2.3622 -0.5118 0.0079, -2.3661 -0.5118 0.0, -2.1653 -0.5118 0.0079, -2.1653 -0.5118 0.0, -2.1551 -0.5104 0.0, -2.1551 -0.5104 0.0079, -2.1456 -0.5065 0.0, -2.1456 -0.5065 0.0079, -2.1375 -0.5002 0.0, -2.1375 -0.5002 0.0079, -2.1312 -0.4921 0.0, -2.1312 -0.4921 0.0079, -2.1273 -0.4826 0.0, -2.1273 -0.4826 0.0079, -2.126 -0.4724 0.0, -2.126 -0.4724 0.0079, -2.1273 -0.4622 0.0, -2.1273 -0.4622 0.0079, -2.1312 -0.4527 0.0, -2.1312 -0.4527 0.0079, -2.1375 -0.4446 0.0, -2.1375 -0.4446 0.0079, -2.1456 -0.4383 0.0, -2.1456 -0.4383 0.0079, -2.1551 -0.4344 0.0, -2.1551 -0.4344 0.0079, -2.3661 -0.5905 0.0878, -2.3661 -0.6693 0.0878, -2.3622 -0.5905 0.0878, -2.3622 -0.6693 0.0878, -2.1653 -0.5905 0.0079, -2.1653 -0.5905 0.0, -2.3622 -0.5905 0.0079, -2.3661 -0.5905 0.0, -2.3622 -0.6693 0.0079, -2.3661 -0.6693 0.0, -2.1653 -0.6693 0.0079, -2.1653 -0.6693 0.0, -2.1551 -0.6679 0.0, -2.1551 -0.6679 0.0079, -2.1456 -0.664 0.0, -2.1456 -0.664 0.0079, -2.1375 -0.6577 0.0, -2.1375 -0.6577 0.0079, -2.1312 -0.6496 0.0, -2.1312 -0.6496 0.0079, -2.1273 -0.6401 0.0, -2.1273 -0.6401 0.0079, -2.126 -0.6299 0.0, -2.126 -0.6299 0.0079, -2.1273 -0.6197 0.0, -2.1273 -0.6197 0.0079, -2.1312 -0.6102 0.0, -2.1312 -0.6102 0.0079, -2.1375 -0.6021 0.0, -2.1375 -0.6021 0.0079, -2.1456 -0.5958 0.0, -2.1456 -0.5958 0.0079, -2.1551 -0.5919 0.0, -2.1551 -0.5919 0.0079, -2.3661 -0.748 0.0878, -2.3661 -0.8267 0.0878, -2.3622 -0.748 0.0878, -2.3622 -0.8267 0.0878, -2.1653 -0.748 0.0079, -2.1653 -0.748 0.0, -2.3622 -0.748 0.0079, -2.3661 -0.748 0.0, -2.3622 -0.8267 0.0079, -2.3661 -0.8267 0.0, -2.1653 -0.8267 0.0079, -2.1653 -0.8267 0.0, -2.1551 -0.8254 0.0, -2.1551 -0.8254 0.0079, -2.1456 -0.8215 0.0, -2.1456 -0.8215 0.0079, -2.1375 -0.8152 0.0, -2.1375 -0.8152 0.0079, -2.1312 -0.8071 0.0, -2.1312 -0.8071 0.0079, -2.1273 -0.7976 0.0, -2.1273 -0.7976 0.0079, -2.126 -0.7874 0.0, -2.126 -0.7874 0.0079, -2.1273 -0.7772 0.0, -2.1273 -0.7772 0.0079, -2.1312 -0.7677 0.0, -2.1312 -0.7677 0.0079, -2.1375 -0.7595 0.0, -2.1375 -0.7595 0.0079, -2.1456 -0.7533 0.0, -2.1456 -0.7533 0.0079, -2.1551 -0.7493 0.0, -2.1551 -0.7493 0.0079, -2.3661 -0.9055 0.0878, -2.3661 -0.9842 0.0878, -2.3622 -0.9055 0.0878, -2.3622 -0.9842 0.0878, -2.1653 -0.9055 0.0079, -2.1653 -0.9055 0.0, -2.3622 -0.9055 0.0079, -2.3661 -0.9055 0.0, -2.3622 -0.9842 0.0079, -2.3661 -0.9842 0.0, -2.1653 -0.9842 0.0079, -2.1653 -0.9842 0.0, -2.1551 -0.9829 0.0, -2.1551 -0.9829 0.0079, -2.1456 -0.9789 0.0, -2.1456 -0.9789 0.0079, -2.1375 -0.9727 0.0, -2.1375 -0.9727 0.0079, -2.1312 -0.9645 0.0, -2.1312 -0.9645 0.0079, -2.1273 -0.955 0.0, -2.1273 -0.955 0.0079, -2.126 -0.9449 0.0, -2.126 -0.9449 0.0079, -2.1273 -0.9347 0.0, -2.1273 -0.9347 0.0079, -2.1312 -0.9252 0.0, -2.1312 -0.9252 0.0079, -2.1375 -0.917 0.0, -2.1375 -0.917 0.0079, -2.1456 -0.9108 0.0, -2.1456 -0.9108 0.0079, -2.1551 -0.9068 0.0, -2.1551 -0.9068 0.0079, -2.3661 -1.063 0.0878, -2.3661 -1.1417 0.0878, -2.3622 -1.063 0.0878, -2.3622 -1.1417 0.0878, -2.1653 -1.063 0.0079, -2.1653 -1.063 0.0, -2.3622 -1.063 0.0079, -2.3661 -1.063 0.0, -2.3622 -1.1417 0.0079, -2.3661 -1.1417 0.0, -2.1653 -1.1417 0.0079, -2.1653 -1.1417 0.0, -2.1551 -1.1404 0.0, -2.1551 -1.1404 0.0079, -2.1456 -1.1364 0.0, -2.1456 -1.1364 0.0079, -2.1375 -1.1302 0.0, -2.1375 -1.1302 0.0079, -2.1312 -1.122 0.0, -2.1312 -1.122 0.0079, -2.1273 -1.1125 0.0, -2.1273 -1.1125 0.0079, -2.126 -1.1023 0.0, -2.126 -1.1023 0.0079, -2.1273 -1.0921 0.0, -2.1273 -1.0921 0.0079, -2.1312 -1.0826 0.0, -2.1312 -1.0826 0.0079, -2.1375 -1.0745 0.0, -2.1375 -1.0745 0.0079, -2.1456 -1.0682 0.0, -2.1456 -1.0682 0.0079, -2.1551 -1.0643 0.0, -2.1551 -1.0643 0.0079, -2.3661 -1.2204 0.0878, -2.3661 -1.2992 0.0878, -2.3622 -1.2204 0.0878, -2.3622 -1.2992 0.0878, -2.1653 -1.2204 0.0079, -2.1653 -1.2204 0.0, -2.3622 -1.2204 0.0079, -2.3661 -1.2204 0.0, -2.3622 -1.2992 0.0079, -2.3661 -1.2992 0.0, -2.1653 -1.2992 0.0079, -2.1653 -1.2992 0.0, -2.1551 -1.2978 0.0, -2.1551 -1.2978 0.0079, -2.1456 -1.2939 0.0, -2.1456 -1.2939 0.0079, -2.1375 -1.2877 0.0, -2.1375 -1.2877 0.0079, -2.1312 -1.2795 0.0, -2.1312 -1.2795 0.0079, -2.1273 -1.27 0.0, -2.1273 -1.27 0.0079, -2.126 -1.2598 0.0, -2.126 -1.2598 0.0079, -2.1273 -1.2496 0.0, -2.1273 -1.2496 0.0079, -2.1312 -1.2401 0.0, -2.1312 -1.2401 0.0079, -2.1375 -1.232 0.0, -2.1375 -1.232 0.0079, -2.1456 -1.2257 0.0, -2.1456 -1.2257 0.0079, -2.1551 -1.2218 0.0, -2.1551 -1.2218 0.0079, -2.3661 -1.3779 0.0878, -2.3661 -1.4567 0.0878, -2.3622 -1.3779 0.0878, -2.3622 -1.4567 0.0878, -2.1653 -1.3779 0.0079, -2.1653 -1.3779 0.0, -2.3622 -1.3779 0.0079, -2.3661 -1.3779 0.0, -2.3622 -1.4567 0.0079, -2.3661 -1.4567 0.0, -2.1653 -1.4567 0.0079, -2.1653 -1.4567 0.0, -2.1551 -1.4553 0.0, -2.1551 -1.4553 0.0079, -2.1456 -1.4514 0.0, -2.1456 -1.4514 0.0079, -2.1375 -1.4451 0.0, -2.1375 -1.4451 0.0079, -2.1312 -1.437 0.0, -2.1312 -1.437 0.0079, -2.1273 -1.4275 0.0, -2.1273 -1.4275 0.0079, -2.126 -1.4173 0.0, -2.126 -1.4173 0.0079, -2.1273 -1.4071 0.0, -2.1273 -1.4071 0.0079, -2.1312 -1.3976 0.0, -2.1312 -1.3976 0.0079, -2.1375 -1.3895 0.0, -2.1375 -1.3895 0.0079, -2.1456 -1.3832 0.0, -2.1456 -1.3832 0.0079, -2.1551 -1.3793 0.0, -2.1551 -1.3793 0.0079, -2.3661 -1.5354 0.0878, -2.3661 -1.6141 0.0878, -2.3622 -1.5354 0.0878, -2.3622 -1.6141 0.0878, -2.1653 -1.5354 0.0079, -2.1653 -1.5354 0.0, -2.3622 -1.5354 0.0079, -2.3661 -1.5354 0.0, -2.3622 -1.6141 0.0079, -2.3661 -1.6141 0.0, -2.1653 -1.6141 0.0079, -2.1653 -1.6141 0.0, -2.1551 -1.6128 0.0, -2.1551 -1.6128 0.0079, -2.1456 -1.6089 0.0, -2.1456 -1.6089 0.0079, -2.1375 -1.6026 0.0, -2.1375 -1.6026 0.0079, -2.1312 -1.5945 0.0, -2.1312 -1.5945 0.0079, -2.1273 -1.585 0.0, -2.1273 -1.585 0.0079, -2.126 -1.5748 0.0, -2.126 -1.5748 0.0079, -2.1273 -1.5646 0.0, -2.1273 -1.5646 0.0079, -2.1312 -1.5551 0.0, -2.1312 -1.5551 0.0079, -2.1375 -1.5469 0.0, -2.1375 -1.5469 0.0079, -2.1456 -1.5407 0.0, -2.1456 -1.5407 0.0079, -2.1551 -1.5367 0.0, -2.1551 -1.5367 0.0079, -2.3661 -1.6929 0.0878, -2.3661 -1.7716 0.0878, -2.3622 -1.6929 0.0878, -2.3622 -1.7716 0.0878, -2.1653 -1.6929 0.0079, -2.1653 -1.6929 0.0, -2.3622 -1.6929 0.0079, -2.3661 -1.6929 0.0, -2.3622 -1.7716 0.0079, -2.3661 -1.7716 0.0, -2.1653 -1.7716 0.0079, -2.1653 -1.7716 0.0, -2.1551 -1.7703 0.0, -2.1551 -1.7703 0.0079, -2.1456 -1.7663 0.0, -2.1456 -1.7663 0.0079, -2.1375 -1.7601 0.0, -2.1375 -1.7601 0.0079, -2.1312 -1.7519 0.0, -2.1312 -1.7519 0.0079, -2.1273 -1.7424 0.0, -2.1273 -1.7424 0.0079, -2.126 -1.7323 0.0, -2.126 -1.7323 0.0079, -2.1273 -1.7221 0.0, -2.1273 -1.7221 0.0079, -2.1312 -1.7126 0.0, -2.1312 -1.7126 0.0079, -2.1375 -1.7044 0.0, -2.1375 -1.7044 0.0079, -2.1456 -1.6982 0.0, -2.1456 -1.6982 0.0079, -2.1551 -1.6942 0.0, -2.1551 -1.6942 0.0079, -2.3661 -1.8504 0.0878, -2.3661 -1.9291 0.0878, -2.3622 -1.8504 0.0878, -2.3622 -1.9291 0.0878, -2.1653 -1.8504 0.0079, -2.1653 -1.8504 0.0, -2.3622 -1.8504 0.0079, -2.3661 -1.8504 0.0, -2.3622 -1.9291 0.0079, -2.3661 -1.9291 0.0, -2.1653 -1.9291 0.0079, -2.1653 -1.9291 0.0, -2.1551 -1.9278 0.0, -2.1551 -1.9278 0.0079, -2.1456 -1.9238 0.0, -2.1456 -1.9238 0.0079, -2.1375 -1.9176 0.0, -2.1375 -1.9176 0.0079, -2.1312 -1.9094 0.0, -2.1312 -1.9094 0.0079, -2.1273 -1.8999 0.0, -2.1273 -1.8999 0.0079, -2.126 -1.8897 0.0, -2.126 -1.8897 0.0079, -2.1273 -1.8795 0.0, -2.1273 -1.8795 0.0079, -2.1312 -1.87 0.0, -2.1312 -1.87 0.0079, -2.1375 -1.8619 0.0, -2.1375 -1.8619 0.0079, -2.1456 -1.8556 0.0, -2.1456 -1.8556 0.0079, -2.1551 -1.8517 0.0, -2.1551 -1.8517 0.0079, -0.0393 -2.3661 0.0878, 0.0394 -2.3661 0.0878, -0.0393 -2.3622 0.0878, 0.0394 -2.3622 0.0878, -0.0393 -2.1653 0.0079, -0.0393 -2.1653 0.0, -0.0393 -2.3622 0.0079, -0.0393 -2.3661 0.0, 0.0394 -2.3622 0.0079, 0.0394 -2.3661 0.0, 0.0394 -2.1653 0.0079, 0.0394 -2.1653 0.0, 0.0381 -2.1551 0.0, 0.0381 -2.1551 0.0079, 0.0341 -2.1456 0.0, 0.0341 -2.1456 0.0079, 0.0279 -2.1375 0.0, 0.0279 -2.1375 0.0079, 0.0197 -2.1312 0.0, 0.0197 -2.1312 0.0079, 0.0102 -2.1273 0.0, 0.0102 -2.1273 0.0079, 0.0 -2.126 0.0, 0.0 -2.126 0.0079, -0.0102 -2.1273 0.0, -0.0102 -2.1273 0.0079, -0.0197 -2.1312 0.0, -0.0197 -2.1312 0.0079, -0.0278 -2.1375 0.0, -0.0278 -2.1375 0.0079, -0.0341 -2.1456 0.0, -0.0341 -2.1456 0.0079, -0.038 -2.1551 0.0, -0.038 -2.1551 0.0079, -0.1968 -2.3661 0.0878, -0.1181 -2.3661 0.0878, -0.1968 -2.3622 0.0878, -0.1181 -2.3622 0.0878, -0.1968 -2.1653 0.0079, -0.1968 -2.1653 0.0, -0.1968 -2.3622 0.0079, -0.1968 -2.3661 0.0, -0.1181 -2.3622 0.0079, -0.1181 -2.3661 0.0, -0.1181 -2.1653 0.0079, -0.1181 -2.1653 0.0, -0.1194 -2.1551 0.0, -0.1194 -2.1551 0.0079, -0.1234 -2.1456 0.0, -0.1234 -2.1456 0.0079, -0.1296 -2.1375 0.0, -0.1296 -2.1375 0.0079, -0.1378 -2.1312 0.0, -0.1378 -2.1312 0.0079, -0.1473 -2.1273 0.0, -0.1473 -2.1273 0.0079, -0.1575 -2.126 0.0, -0.1575 -2.126 0.0079, -0.1676 -2.1273 0.0, -0.1676 -2.1273 0.0079, -0.1771 -2.1312 0.0, -0.1771 -2.1312 0.0079, -0.1853 -2.1375 0.0, -0.1853 -2.1375 0.0079, -0.1915 -2.1456 0.0, -0.1915 -2.1456 0.0079, -0.1955 -2.1551 0.0, -0.1955 -2.1551 0.0079, -0.3543 -2.3661 0.0878, -0.2756 -2.3661 0.0878, -0.3543 -2.3622 0.0878, -0.2756 -2.3622 0.0878, -0.3543 -2.1653 0.0079, -0.3543 -2.1653 0.0, -0.3543 -2.3622 0.0079, -0.3543 -2.3661 0.0, -0.2756 -2.3622 0.0079, -0.2756 -2.3661 0.0, -0.2756 -2.1653 0.0079, -0.2756 -2.1653 0.0, -0.2769 -2.1551 0.0, -0.2769 -2.1551 0.0079, -0.2808 -2.1456 0.0, -0.2808 -2.1456 0.0079, -0.2871 -2.1375 0.0, -0.2871 -2.1375 0.0079, -0.2952 -2.1312 0.0, -0.2952 -2.1312 0.0079, -0.3047 -2.1273 0.0, -0.3047 -2.1273 0.0079, -0.3149 -2.126 0.0, -0.3149 -2.126 0.0079, -0.3251 -2.1273 0.0, -0.3251 -2.1273 0.0079, -0.3346 -2.1312 0.0, -0.3346 -2.1312 0.0079, -0.3428 -2.1375 0.0, -0.3428 -2.1375 0.0079, -0.349 -2.1456 0.0, -0.349 -2.1456 0.0079, -0.353 -2.1551 0.0, -0.353 -2.1551 0.0079, -0.5118 -2.3661 0.0878, -0.433 -2.3661 0.0878, -0.5118 -2.3622 0.0878, -0.433 -2.3622 0.0878, -0.5118 -2.1653 0.0079, -0.5118 -2.1653 0.0, -0.5118 -2.3622 0.0079, -0.5118 -2.3661 0.0, -0.433 -2.3622 0.0079, -0.433 -2.3661 0.0, -0.433 -2.1653 0.0079, -0.433 -2.1653 0.0, -0.4344 -2.1551 0.0, -0.4344 -2.1551 0.0079, -0.4383 -2.1456 0.0, -0.4383 -2.1456 0.0079, -0.4446 -2.1375 0.0, -0.4446 -2.1375 0.0079, -0.4527 -2.1312 0.0, -0.4527 -2.1312 0.0079, -0.4622 -2.1273 0.0, -0.4622 -2.1273 0.0079, -0.4724 -2.126 0.0, -0.4724 -2.126 0.0079, -0.4826 -2.1273 0.0, -0.4826 -2.1273 0.0079, -0.4921 -2.1312 0.0, -0.4921 -2.1312 0.0079, -0.5002 -2.1375 0.0, -0.5002 -2.1375 0.0079, -0.5065 -2.1456 0.0, -0.5065 -2.1456 0.0079, -0.5104 -2.1551 0.0, -0.5104 -2.1551 0.0079, -0.6693 -2.3661 0.0878, -0.5905 -2.3661 0.0878, -0.6693 -2.3622 0.0878, -0.5905 -2.3622 0.0878, -0.6693 -2.1653 0.0079, -0.6693 -2.1653 0.0, -0.6693 -2.3622 0.0079, -0.6693 -2.3661 0.0, -0.5905 -2.3622 0.0079, -0.5905 -2.3661 0.0, -0.5905 -2.1653 0.0079, -0.5905 -2.1653 0.0, -0.5919 -2.1551 0.0, -0.5919 -2.1551 0.0079, -0.5958 -2.1456 0.0, -0.5958 -2.1456 0.0079, -0.6021 -2.1375 0.0, -0.6021 -2.1375 0.0079, -0.6102 -2.1312 0.0, -0.6102 -2.1312 0.0079, -0.6197 -2.1273 0.0, -0.6197 -2.1273 0.0079, -0.6299 -2.126 0.0, -0.6299 -2.126 0.0079, -0.6401 -2.1273 0.0, -0.6401 -2.1273 0.0079, -0.6496 -2.1312 0.0, -0.6496 -2.1312 0.0079, -0.6577 -2.1375 0.0, -0.6577 -2.1375 0.0079, -0.664 -2.1456 0.0, -0.664 -2.1456 0.0079, -0.6679 -2.1551 0.0, -0.6679 -2.1551 0.0079, -0.8267 -2.3661 0.0878, -0.748 -2.3661 0.0878, -0.8267 -2.3622 0.0878, -0.748 -2.3622 0.0878, -0.8267 -2.1653 0.0079, -0.8267 -2.1653 0.0, -0.8267 -2.3622 0.0079, -0.8267 -2.3661 0.0, -0.748 -2.3622 0.0079, -0.748 -2.3661 0.0, -0.748 -2.1653 0.0079, -0.748 -2.1653 0.0, -0.7493 -2.1551 0.0, -0.7493 -2.1551 0.0079, -0.7533 -2.1456 0.0, -0.7533 -2.1456 0.0079, -0.7595 -2.1375 0.0, -0.7595 -2.1375 0.0079, -0.7677 -2.1312 0.0, -0.7677 -2.1312 0.0079, -0.7772 -2.1273 0.0, -0.7772 -2.1273 0.0079, -0.7874 -2.126 0.0, -0.7874 -2.126 0.0079, -0.7976 -2.1273 0.0, -0.7976 -2.1273 0.0079, -0.8071 -2.1312 0.0, -0.8071 -2.1312 0.0079, -0.8152 -2.1375 0.0, -0.8152 -2.1375 0.0079, -0.8215 -2.1456 0.0, -0.8215 -2.1456 0.0079, -0.8254 -2.1551 0.0, -0.8254 -2.1551 0.0079, -0.9842 -2.3661 0.0878, -0.9055 -2.3661 0.0878, -0.9842 -2.3622 0.0878, -0.9055 -2.3622 0.0878, -0.9842 -2.1653 0.0079, -0.9842 -2.1653 0.0, -0.9842 -2.3622 0.0079, -0.9842 -2.3661 0.0, -0.9055 -2.3622 0.0079, -0.9055 -2.3661 0.0, -0.9055 -2.1653 0.0079, -0.9055 -2.1653 0.0, -0.9068 -2.1551 0.0, -0.9068 -2.1551 0.0079, -0.9108 -2.1456 0.0, -0.9108 -2.1456 0.0079, -0.917 -2.1375 0.0, -0.917 -2.1375 0.0079, -0.9252 -2.1312 0.0, -0.9252 -2.1312 0.0079, -0.9347 -2.1273 0.0, -0.9347 -2.1273 0.0079, -0.9449 -2.126 0.0, -0.9449 -2.126 0.0079, -0.955 -2.1273 0.0, -0.955 -2.1273 0.0079, -0.9645 -2.1312 0.0, -0.9645 -2.1312 0.0079, -0.9727 -2.1375 0.0, -0.9727 -2.1375 0.0079, -0.9789 -2.1456 0.0, -0.9789 -2.1456 0.0079, -0.9829 -2.1551 0.0, -0.9829 -2.1551 0.0079, -1.1417 -2.3661 0.0878, -1.063 -2.3661 0.0878, -1.1417 -2.3622 0.0878, -1.063 -2.3622 0.0878, -1.1417 -2.1653 0.0079, -1.1417 -2.1653 0.0, -1.1417 -2.3622 0.0079, -1.1417 -2.3661 0.0, -1.063 -2.3622 0.0079, -1.063 -2.3661 0.0, -1.063 -2.1653 0.0079, -1.063 -2.1653 0.0, -1.0643 -2.1551 0.0, -1.0643 -2.1551 0.0079, -1.0682 -2.1456 0.0, -1.0682 -2.1456 0.0079, -1.0745 -2.1375 0.0, -1.0745 -2.1375 0.0079, -1.0826 -2.1312 0.0, -1.0826 -2.1312 0.0079, -1.0921 -2.1273 0.0, -1.0921 -2.1273 0.0079, -1.1023 -2.126 0.0, -1.1023 -2.126 0.0079, -1.1125 -2.1273 0.0, -1.1125 -2.1273 0.0079, -1.122 -2.1312 0.0, -1.122 -2.1312 0.0079, -1.1302 -2.1375 0.0, -1.1302 -2.1375 0.0079, -1.1364 -2.1456 0.0, -1.1364 -2.1456 0.0079, -1.1404 -2.1551 0.0, -1.1404 -2.1551 0.0079, -1.2992 -2.3661 0.0878, -1.2204 -2.3661 0.0878, -1.2992 -2.3622 0.0878, -1.2204 -2.3622 0.0878, -1.2992 -2.1653 0.0079, -1.2992 -2.1653 0.0, -1.2992 -2.3622 0.0079, -1.2992 -2.3661 0.0, -1.2204 -2.3622 0.0079, -1.2204 -2.3661 0.0, -1.2204 -2.1653 0.0079, -1.2204 -2.1653 0.0, -1.2218 -2.1551 0.0, -1.2218 -2.1551 0.0079, -1.2257 -2.1456 0.0, -1.2257 -2.1456 0.0079, -1.232 -2.1375 0.0, -1.232 -2.1375 0.0079, -1.2401 -2.1312 0.0, -1.2401 -2.1312 0.0079, -1.2496 -2.1273 0.0, -1.2496 -2.1273 0.0079, -1.2598 -2.126 0.0, -1.2598 -2.126 0.0079, -1.27 -2.1273 0.0, -1.27 -2.1273 0.0079, -1.2795 -2.1312 0.0, -1.2795 -2.1312 0.0079, -1.2877 -2.1375 0.0, -1.2877 -2.1375 0.0079, -1.2939 -2.1456 0.0, -1.2939 -2.1456 0.0079, -1.2978 -2.1551 0.0, -1.2978 -2.1551 0.0079, -1.4567 -2.3661 0.0878, -1.3779 -2.3661 0.0878, -1.4567 -2.3622 0.0878, -1.3779 -2.3622 0.0878, -1.4567 -2.1653 0.0079, -1.4567 -2.1653 0.0, -1.4567 -2.3622 0.0079, -1.4567 -2.3661 0.0, -1.3779 -2.3622 0.0079, -1.3779 -2.3661 0.0, -1.3779 -2.1653 0.0079, -1.3779 -2.1653 0.0, -1.3793 -2.1551 0.0, -1.3793 -2.1551 0.0079, -1.3832 -2.1456 0.0, -1.3832 -2.1456 0.0079, -1.3895 -2.1375 0.0, -1.3895 -2.1375 0.0079, -1.3976 -2.1312 0.0, -1.3976 -2.1312 0.0079, -1.4071 -2.1273 0.0, -1.4071 -2.1273 0.0079, -1.4173 -2.126 0.0, -1.4173 -2.126 0.0079, -1.4275 -2.1273 0.0, -1.4275 -2.1273 0.0079, -1.437 -2.1312 0.0, -1.437 -2.1312 0.0079, -1.4451 -2.1375 0.0, -1.4451 -2.1375 0.0079, -1.4514 -2.1456 0.0, -1.4514 -2.1456 0.0079, -1.4553 -2.1551 0.0, -1.4553 -2.1551 0.0079, -1.6141 -2.3661 0.0878, -1.5354 -2.3661 0.0878, -1.6141 -2.3622 0.0878, -1.5354 -2.3622 0.0878, -1.6141 -2.1653 0.0079, -1.6141 -2.1653 0.0, -1.6141 -2.3622 0.0079, -1.6141 -2.3661 0.0, -1.5354 -2.3622 0.0079, -1.5354 -2.3661 0.0, -1.5354 -2.1653 0.0079, -1.5354 -2.1653 0.0, -1.5367 -2.1551 0.0, -1.5367 -2.1551 0.0079, -1.5407 -2.1456 0.0, -1.5407 -2.1456 0.0079, -1.5469 -2.1375 0.0, -1.5469 -2.1375 0.0079, -1.5551 -2.1312 0.0, -1.5551 -2.1312 0.0079, -1.5646 -2.1273 0.0, -1.5646 -2.1273 0.0079, -1.5748 -2.126 0.0, -1.5748 -2.126 0.0079, -1.585 -2.1273 0.0, -1.585 -2.1273 0.0079, -1.5945 -2.1312 0.0, -1.5945 -2.1312 0.0079, -1.6026 -2.1375 0.0, -1.6026 -2.1375 0.0079, -1.6089 -2.1456 0.0, -1.6089 -2.1456 0.0079, -1.6128 -2.1551 0.0, -1.6128 -2.1551 0.0079, -1.7716 -2.3661 0.0878, -1.6929 -2.3661 0.0878, -1.7716 -2.3622 0.0878, -1.6929 -2.3622 0.0878, -1.7716 -2.1653 0.0079, -1.7716 -2.1653 0.0, -1.7716 -2.3622 0.0079, -1.7716 -2.3661 0.0, -1.6929 -2.3622 0.0079, -1.6929 -2.3661 0.0, -1.6929 -2.1653 0.0079, -1.6929 -2.1653 0.0, -1.6942 -2.1551 0.0, -1.6942 -2.1551 0.0079, -1.6982 -2.1456 0.0, -1.6982 -2.1456 0.0079, -1.7044 -2.1375 0.0, -1.7044 -2.1375 0.0079, -1.7126 -2.1312 0.0, -1.7126 -2.1312 0.0079, -1.7221 -2.1273 0.0, -1.7221 -2.1273 0.0079, -1.7323 -2.126 0.0, -1.7323 -2.126 0.0079, -1.7424 -2.1273 0.0, -1.7424 -2.1273 0.0079, -1.7519 -2.1312 0.0, -1.7519 -2.1312 0.0079, -1.7601 -2.1375 0.0, -1.7601 -2.1375 0.0079, -1.7663 -2.1456 0.0, -1.7663 -2.1456 0.0079, -1.7703 -2.1551 0.0, -1.7703 -2.1551 0.0079, -1.9291 -2.3661 0.0878, -1.8504 -2.3661 0.0878, -1.9291 -2.3622 0.0878, -1.8504 -2.3622 0.0878, -1.9291 -2.1653 0.0079, -1.9291 -2.1653 0.0, -1.9291 -2.3622 0.0079, -1.9291 -2.3661 0.0, -1.8504 -2.3622 0.0079, -1.8504 -2.3661 0.0, -1.8504 -2.1653 0.0079, -1.8504 -2.1653 0.0, -1.8517 -2.1551 0.0, -1.8517 -2.1551 0.0079, -1.8556 -2.1456 0.0, -1.8556 -2.1456 0.0079, -1.8619 -2.1375 0.0, -1.8619 -2.1375 0.0079, -1.87 -2.1312 0.0, -1.87 -2.1312 0.0079, -1.8795 -2.1273 0.0, -1.8795 -2.1273 0.0079, -1.8897 -2.126 0.0, -1.8897 -2.126 0.0079, -1.8999 -2.1273 0.0, -1.8999 -2.1273 0.0079, -1.9094 -2.1312 0.0, -1.9094 -2.1312 0.0079, -1.9176 -2.1375 0.0, -1.9176 -2.1375 0.0079, -1.9238 -2.1456 0.0, -1.9238 -2.1456 0.0079, -1.9278 -2.1551 0.0, -1.9278 -2.1551 0.0079, 0.1181 -2.3661 0.0878, 0.1969 -2.3661 0.0878, 0.1181 -2.3622 0.0878, 0.1969 -2.3622 0.0878, 0.1181 -2.1653 0.0079, 0.1181 -2.1653 0.0, 0.1181 -2.3622 0.0079, 0.1181 -2.3661 0.0, 0.1969 -2.3622 0.0079, 0.1969 -2.3661 0.0, 0.1969 -2.1653 0.0079, 0.1969 -2.1653 0.0, 0.1955 -2.1551 0.0, 0.1955 -2.1551 0.0079, 0.1916 -2.1456 0.0, 0.1916 -2.1456 0.0079, 0.1853 -2.1375 0.0, 0.1853 -2.1375 0.0079, 0.1772 -2.1312 0.0, 0.1772 -2.1312 0.0079, 0.1677 -2.1273 0.0, 0.1677 -2.1273 0.0079, 0.1575 -2.126 0.0, 0.1575 -2.126 0.0079, 0.1473 -2.1273 0.0, 0.1473 -2.1273 0.0079, 0.1378 -2.1312 0.0, 0.1378 -2.1312 0.0079, 0.1297 -2.1375 0.0, 0.1297 -2.1375 0.0079, 0.1234 -2.1456 0.0, 0.1234 -2.1456 0.0079, 0.1195 -2.1551 0.0, 0.1195 -2.1551 0.0079, 0.2756 -2.3661 0.0878, 0.3544 -2.3661 0.0878, 0.2756 -2.3622 0.0878, 0.3544 -2.3622 0.0878, 0.2756 -2.1653 0.0079, 0.2756 -2.1653 0.0, 0.2756 -2.3622 0.0079, 0.2756 -2.3661 0.0, 0.3544 -2.3622 0.0079, 0.3544 -2.3661 0.0, 0.3544 -2.1653 0.0079, 0.3544 -2.1653 0.0, 0.353 -2.1551 0.0, 0.353 -2.1551 0.0079, 0.3491 -2.1456 0.0, 0.3491 -2.1456 0.0079, 0.3428 -2.1375 0.0, 0.3428 -2.1375 0.0079, 0.3347 -2.1312 0.0, 0.3347 -2.1312 0.0079, 0.3252 -2.1273 0.0, 0.3252 -2.1273 0.0079, 0.315 -2.126 0.0, 0.315 -2.126 0.0079, 0.3048 -2.1273 0.0, 0.3048 -2.1273 0.0079, 0.2953 -2.1312 0.0, 0.2953 -2.1312 0.0079, 0.2872 -2.1375 0.0, 0.2872 -2.1375 0.0079, 0.2809 -2.1456 0.0, 0.2809 -2.1456 0.0079, 0.277 -2.1551 0.0, 0.277 -2.1551 0.0079, 0.4331 -2.3661 0.0878, 0.5118 -2.3661 0.0878, 0.4331 -2.3622 0.0878, 0.5118 -2.3622 0.0878, 0.4331 -2.1653 0.0079, 0.4331 -2.1653 0.0, 0.4331 -2.3622 0.0079, 0.4331 -2.3661 0.0, 0.5118 -2.3622 0.0079, 0.5118 -2.3661 0.0, 0.5118 -2.1653 0.0079, 0.5118 -2.1653 0.0, 0.5105 -2.1551 0.0, 0.5105 -2.1551 0.0079, 0.5066 -2.1456 0.0, 0.5066 -2.1456 0.0079, 0.5003 -2.1375 0.0, 0.5003 -2.1375 0.0079, 0.4922 -2.1312 0.0, 0.4922 -2.1312 0.0079, 0.4827 -2.1273 0.0, 0.4827 -2.1273 0.0079, 0.4725 -2.126 0.0, 0.4725 -2.126 0.0079, 0.4623 -2.1273 0.0, 0.4623 -2.1273 0.0079, 0.4528 -2.1312 0.0, 0.4528 -2.1312 0.0079, 0.4446 -2.1375 0.0, 0.4446 -2.1375 0.0079, 0.4384 -2.1456 0.0, 0.4384 -2.1456 0.0079, 0.4344 -2.1551 0.0, 0.4344 -2.1551 0.0079, 0.5906 -2.3661 0.0878, 0.6693 -2.3661 0.0878, 0.5906 -2.3622 0.0878, 0.6693 -2.3622 0.0878, 0.5906 -2.1653 0.0079, 0.5906 -2.1653 0.0, 0.5906 -2.3622 0.0079, 0.5906 -2.3661 0.0, 0.6693 -2.3622 0.0079, 0.6693 -2.3661 0.0, 0.6693 -2.1653 0.0079, 0.6693 -2.1653 0.0, 0.668 -2.1551 0.0, 0.668 -2.1551 0.0079, 0.664 -2.1456 0.0, 0.664 -2.1456 0.0079, 0.6578 -2.1375 0.0, 0.6578 -2.1375 0.0079, 0.6496 -2.1312 0.0, 0.6496 -2.1312 0.0079, 0.6401 -2.1273 0.0, 0.6401 -2.1273 0.0079, 0.63 -2.126 0.0, 0.63 -2.126 0.0079, 0.6198 -2.1273 0.0, 0.6198 -2.1273 0.0079, 0.6103 -2.1312 0.0, 0.6103 -2.1312 0.0079, 0.6021 -2.1375 0.0, 0.6021 -2.1375 0.0079, 0.5959 -2.1456 0.0, 0.5959 -2.1456 0.0079, 0.5919 -2.1551 0.0, 0.5919 -2.1551 0.0079, 0.7481 -2.3661 0.0878, 0.8268 -2.3661 0.0878, 0.7481 -2.3622 0.0878, 0.8268 -2.3622 0.0878, 0.7481 -2.1653 0.0079, 0.7481 -2.1653 0.0, 0.7481 -2.3622 0.0079, 0.7481 -2.3661 0.0, 0.8268 -2.3622 0.0079, 0.8268 -2.3661 0.0, 0.8268 -2.1653 0.0079, 0.8268 -2.1653 0.0, 0.8255 -2.1551 0.0, 0.8255 -2.1551 0.0079, 0.8215 -2.1456 0.0, 0.8215 -2.1456 0.0079, 0.8153 -2.1375 0.0, 0.8153 -2.1375 0.0079, 0.8071 -2.1312 0.0, 0.8071 -2.1312 0.0079, 0.7976 -2.1273 0.0, 0.7976 -2.1273 0.0079, 0.7874 -2.126 0.0, 0.7874 -2.126 0.0079, 0.7772 -2.1273 0.0, 0.7772 -2.1273 0.0079, 0.7677 -2.1312 0.0, 0.7677 -2.1312 0.0079, 0.7596 -2.1375 0.0, 0.7596 -2.1375 0.0079, 0.7533 -2.1456 0.0, 0.7533 -2.1456 0.0079, 0.7494 -2.1551 0.0, 0.7494 -2.1551 0.0079, 0.9055 -2.3661 0.0878, 0.9843 -2.3661 0.0878, 0.9055 -2.3622 0.0878, 0.9843 -2.3622 0.0878, 0.9055 -2.1653 0.0079, 0.9055 -2.1653 0.0, 0.9055 -2.3622 0.0079, 0.9055 -2.3661 0.0, 0.9843 -2.3622 0.0079, 0.9843 -2.3661 0.0, 0.9843 -2.1653 0.0079, 0.9843 -2.1653 0.0, 0.9829 -2.1551 0.0, 0.9829 -2.1551 0.0079, 0.979 -2.1456 0.0, 0.979 -2.1456 0.0079, 0.9728 -2.1375 0.0, 0.9728 -2.1375 0.0079, 0.9646 -2.1312 0.0, 0.9646 -2.1312 0.0079, 0.9551 -2.1273 0.0, 0.9551 -2.1273 0.0079, 0.9449 -2.126 0.0, 0.9449 -2.126 0.0079, 0.9347 -2.1273 0.0, 0.9347 -2.1273 0.0079, 0.9252 -2.1312 0.0, 0.9252 -2.1312 0.0079, 0.9171 -2.1375 0.0, 0.9171 -2.1375 0.0079, 0.9108 -2.1456 0.0, 0.9108 -2.1456 0.0079, 0.9069 -2.1551 0.0, 0.9069 -2.1551 0.0079, 1.063 -2.3661 0.0878, 1.1418 -2.3661 0.0878, 1.063 -2.3622 0.0878, 1.1418 -2.3622 0.0878, 1.063 -2.1653 0.0079, 1.063 -2.1653 0.0, 1.063 -2.3622 0.0079, 1.063 -2.3661 0.0, 1.1418 -2.3622 0.0079, 1.1418 -2.3661 0.0, 1.1418 -2.1653 0.0079, 1.1418 -2.1653 0.0, 1.1404 -2.1551 0.0, 1.1404 -2.1551 0.0079, 1.1365 -2.1456 0.0, 1.1365 -2.1456 0.0079, 1.1302 -2.1375 0.0, 1.1302 -2.1375 0.0079, 1.1221 -2.1312 0.0, 1.1221 -2.1312 0.0079, 1.1126 -2.1273 0.0, 1.1126 -2.1273 0.0079, 1.1024 -2.126 0.0, 1.1024 -2.126 0.0079, 1.0922 -2.1273 0.0, 1.0922 -2.1273 0.0079, 1.0827 -2.1312 0.0, 1.0827 -2.1312 0.0079, 1.0746 -2.1375 0.0, 1.0746 -2.1375 0.0079, 1.0683 -2.1456 0.0, 1.0683 -2.1456 0.0079, 1.0644 -2.1551 0.0, 1.0644 -2.1551 0.0079, 1.2205 -2.3661 0.0878, 1.2992 -2.3661 0.0878, 1.2205 -2.3622 0.0878, 1.2992 -2.3622 0.0878, 1.2205 -2.1653 0.0079, 1.2205 -2.1653 0.0, 1.2205 -2.3622 0.0079, 1.2205 -2.3661 0.0, 1.2992 -2.3622 0.0079, 1.2992 -2.3661 0.0, 1.2992 -2.1653 0.0079, 1.2992 -2.1653 0.0, 1.2979 -2.1551 0.0, 1.2979 -2.1551 0.0079, 1.294 -2.1456 0.0, 1.294 -2.1456 0.0079, 1.2877 -2.1375 0.0, 1.2877 -2.1375 0.0079, 1.2796 -2.1312 0.0, 1.2796 -2.1312 0.0079, 1.2701 -2.1273 0.0, 1.2701 -2.1273 0.0079, 1.2599 -2.126 0.0, 1.2599 -2.126 0.0079, 1.2497 -2.1273 0.0, 1.2497 -2.1273 0.0079, 1.2402 -2.1312 0.0, 1.2402 -2.1312 0.0079, 1.232 -2.1375 0.0, 1.232 -2.1375 0.0079, 1.2258 -2.1456 0.0, 1.2258 -2.1456 0.0079, 1.2218 -2.1551 0.0, 1.2218 -2.1551 0.0079, 1.378 -2.3661 0.0878, 1.4567 -2.3661 0.0878, 1.378 -2.3622 0.0878, 1.4567 -2.3622 0.0878, 1.378 -2.1653 0.0079, 1.378 -2.1653 0.0, 1.378 -2.3622 0.0079, 1.378 -2.3661 0.0, 1.4567 -2.3622 0.0079, 1.4567 -2.3661 0.0, 1.4567 -2.1653 0.0079, 1.4567 -2.1653 0.0, 1.4554 -2.1551 0.0, 1.4554 -2.1551 0.0079, 1.4514 -2.1456 0.0, 1.4514 -2.1456 0.0079, 1.4452 -2.1375 0.0, 1.4452 -2.1375 0.0079, 1.437 -2.1312 0.0, 1.437 -2.1312 0.0079, 1.4275 -2.1273 0.0, 1.4275 -2.1273 0.0079, 1.4174 -2.126 0.0, 1.4174 -2.126 0.0079, 1.4072 -2.1273 0.0, 1.4072 -2.1273 0.0079, 1.3977 -2.1312 0.0, 1.3977 -2.1312 0.0079, 1.3895 -2.1375 0.0, 1.3895 -2.1375 0.0079, 1.3833 -2.1456 0.0, 1.3833 -2.1456 0.0079, 1.3793 -2.1551 0.0, 1.3793 -2.1551 0.0079, 1.5355 -2.3661 0.0878, 1.6142 -2.3661 0.0878, 1.5355 -2.3622 0.0878, 1.6142 -2.3622 0.0878, 1.5355 -2.1653 0.0079, 1.5355 -2.1653 0.0, 1.5355 -2.3622 0.0079, 1.5355 -2.3661 0.0, 1.6142 -2.3622 0.0079, 1.6142 -2.3661 0.0, 1.6142 -2.1653 0.0079, 1.6142 -2.1653 0.0, 1.6129 -2.1551 0.0, 1.6129 -2.1551 0.0079, 1.6089 -2.1456 0.0, 1.6089 -2.1456 0.0079, 1.6027 -2.1375 0.0, 1.6027 -2.1375 0.0079, 1.5945 -2.1312 0.0, 1.5945 -2.1312 0.0079, 1.585 -2.1273 0.0, 1.585 -2.1273 0.0079, 1.5748 -2.126 0.0, 1.5748 -2.126 0.0079, 1.5646 -2.1273 0.0, 1.5646 -2.1273 0.0079, 1.5551 -2.1312 0.0, 1.5551 -2.1312 0.0079, 1.547 -2.1375 0.0, 1.547 -2.1375 0.0079, 1.5407 -2.1456 0.0, 1.5407 -2.1456 0.0079, 1.5368 -2.1551 0.0, 1.5368 -2.1551 0.0079, 1.6929 -2.3661 0.0878, 1.7717 -2.3661 0.0878, 1.6929 -2.3622 0.0878, 1.7717 -2.3622 0.0878, 1.6929 -2.1653 0.0079, 1.6929 -2.1653 0.0, 1.6929 -2.3622 0.0079, 1.6929 -2.3661 0.0, 1.7717 -2.3622 0.0079, 1.7717 -2.3661 0.0, 1.7717 -2.1653 0.0079, 1.7717 -2.1653 0.0, 1.7703 -2.1551 0.0, 1.7703 -2.1551 0.0079, 1.7664 -2.1456 0.0, 1.7664 -2.1456 0.0079, 1.7602 -2.1375 0.0, 1.7602 -2.1375 0.0079, 1.752 -2.1312 0.0, 1.752 -2.1312 0.0079, 1.7425 -2.1273 0.0, 1.7425 -2.1273 0.0079, 1.7323 -2.126 0.0, 1.7323 -2.126 0.0079, 1.7221 -2.1273 0.0, 1.7221 -2.1273 0.0079, 1.7126 -2.1312 0.0, 1.7126 -2.1312 0.0079, 1.7045 -2.1375 0.0, 1.7045 -2.1375 0.0079, 1.6982 -2.1456 0.0, 1.6982 -2.1456 0.0079, 1.6943 -2.1551 0.0, 1.6943 -2.1551 0.0079, 1.8504 -2.3661 0.0878, 1.9292 -2.3661 0.0878, 1.8504 -2.3622 0.0878, 1.9292 -2.3622 0.0878, 1.8504 -2.1653 0.0079, 1.8504 -2.1653 0.0, 1.8504 -2.3622 0.0079, 1.8504 -2.3661 0.0, 1.9292 -2.3622 0.0079, 1.9292 -2.3661 0.0, 1.9292 -2.1653 0.0079, 1.9292 -2.1653 0.0, 1.9278 -2.1551 0.0, 1.9278 -2.1551 0.0079, 1.9239 -2.1456 0.0, 1.9239 -2.1456 0.0079, 1.9176 -2.1375 0.0, 1.9176 -2.1375 0.0079, 1.9095 -2.1312 0.0, 1.9095 -2.1312 0.0079, 1.9 -2.1273 0.0, 1.9 -2.1273 0.0079, 1.8898 -2.126 0.0, 1.8898 -2.126 0.0079, 1.8796 -2.1273 0.0, 1.8796 -2.1273 0.0079, 1.8701 -2.1312 0.0, 1.8701 -2.1312 0.0079, 1.862 -2.1375 0.0, 1.862 -2.1375 0.0079, 1.8557 -2.1456 0.0, 1.8557 -2.1456 0.0079, 1.8518 -2.1551 0.0, 1.8518 -2.1551 0.0079, 2.3662 -0.0393 0.0878, 2.3662 0.0394 0.0878, 2.3622 -0.0393 0.0878, 2.3622 0.0394 0.0878, 2.1654 -0.0393 0.0079, 2.1654 -0.0393 0.0, 2.3622 -0.0393 0.0079, 2.3662 -0.0393 0.0, 2.3622 0.0394 0.0079, 2.3662 0.0394 0.0, 2.1654 0.0394 0.0079, 2.1654 0.0394 0.0, 2.1552 0.0381 0.0, 2.1552 0.0381 0.0079, 2.1457 0.0341 0.0, 2.1457 0.0341 0.0079, 2.1375 0.0279 0.0, 2.1375 0.0279 0.0079, 2.1313 0.0197 0.0, 2.1313 0.0197 0.0079, 2.1274 0.0102 0.0, 2.1274 0.0102 0.0079, 2.126 0.0 0.0, 2.126 0.0 0.0079, 2.1274 -0.0102 0.0, 2.1274 -0.0102 0.0079, 2.1313 -0.0197 0.0, 2.1313 -0.0197 0.0079, 2.1375 -0.0278 0.0, 2.1375 -0.0278 0.0079, 2.1457 -0.0341 0.0, 2.1457 -0.0341 0.0079, 2.1552 -0.038 0.0, 2.1552 -0.038 0.0079, 2.3662 -0.1968 0.0878, 2.3662 -0.1181 0.0878, 2.3622 -0.1968 0.0878, 2.3622 -0.1181 0.0878, 2.1654 -0.1968 0.0079, 2.1654 -0.1968 0.0, 2.3622 -0.1968 0.0079, 2.3662 -0.1968 0.0, 2.3622 -0.1181 0.0079, 2.3662 -0.1181 0.0, 2.1654 -0.1181 0.0079, 2.1654 -0.1181 0.0, 2.1552 -0.1194 0.0, 2.1552 -0.1194 0.0079, 2.1457 -0.1234 0.0, 2.1457 -0.1234 0.0079, 2.1375 -0.1296 0.0, 2.1375 -0.1296 0.0079, 2.1313 -0.1378 0.0, 2.1313 -0.1378 0.0079, 2.1274 -0.1473 0.0, 2.1274 -0.1473 0.0079, 2.126 -0.1575 0.0, 2.126 -0.1575 0.0079, 2.1274 -0.1676 0.0, 2.1274 -0.1676 0.0079, 2.1313 -0.1771 0.0, 2.1313 -0.1771 0.0079, 2.1375 -0.1853 0.0, 2.1375 -0.1853 0.0079, 2.1457 -0.1915 0.0, 2.1457 -0.1915 0.0079, 2.1552 -0.1955 0.0, 2.1552 -0.1955 0.0079, 2.3662 -0.3543 0.0878, 2.3662 -0.2756 0.0878, 2.3622 -0.3543 0.0878, 2.3622 -0.2756 0.0878, 2.1654 -0.3543 0.0079, 2.1654 -0.3543 0.0, 2.3622 -0.3543 0.0079, 2.3662 -0.3543 0.0, 2.3622 -0.2756 0.0079, 2.3662 -0.2756 0.0, 2.1654 -0.2756 0.0079, 2.1654 -0.2756 0.0, 2.1552 -0.2769 0.0, 2.1552 -0.2769 0.0079, 2.1457 -0.2808 0.0, 2.1457 -0.2808 0.0079, 2.1375 -0.2871 0.0, 2.1375 -0.2871 0.0079, 2.1313 -0.2952 0.0, 2.1313 -0.2952 0.0079, 2.1274 -0.3047 0.0, 2.1274 -0.3047 0.0079, 2.126 -0.3149 0.0, 2.126 -0.3149 0.0079, 2.1274 -0.3251 0.0, 2.1274 -0.3251 0.0079, 2.1313 -0.3346 0.0, 2.1313 -0.3346 0.0079, 2.1375 -0.3428 0.0, 2.1375 -0.3428 0.0079, 2.1457 -0.349 0.0, 2.1457 -0.349 0.0079, 2.1552 -0.353 0.0, 2.1552 -0.353 0.0079, 2.3662 -0.5118 0.0878, 2.3662 -0.433 0.0878, 2.3622 -0.5118 0.0878, 2.3622 -0.433 0.0878, 2.1654 -0.5118 0.0079, 2.1654 -0.5118 0.0, 2.3622 -0.5118 0.0079, 2.3662 -0.5118 0.0, 2.3622 -0.433 0.0079, 2.3662 -0.433 0.0, 2.1654 -0.433 0.0079, 2.1654 -0.433 0.0, 2.1552 -0.4344 0.0, 2.1552 -0.4344 0.0079, 2.1457 -0.4383 0.0, 2.1457 -0.4383 0.0079, 2.1375 -0.4446 0.0, 2.1375 -0.4446 0.0079, 2.1313 -0.4527 0.0, 2.1313 -0.4527 0.0079, 2.1274 -0.4622 0.0, 2.1274 -0.4622 0.0079, 2.126 -0.4724 0.0, 2.126 -0.4724 0.0079, 2.1274 -0.4826 0.0, 2.1274 -0.4826 0.0079, 2.1313 -0.4921 0.0, 2.1313 -0.4921 0.0079, 2.1375 -0.5002 0.0, 2.1375 -0.5002 0.0079, 2.1457 -0.5065 0.0, 2.1457 -0.5065 0.0079, 2.1552 -0.5104 0.0, 2.1552 -0.5104 0.0079, 2.3662 -0.6693 0.0878, 2.3662 -0.5905 0.0878, 2.3622 -0.6693 0.0878, 2.3622 -0.5905 0.0878, 2.1654 -0.6693 0.0079, 2.1654 -0.6693 0.0, 2.3622 -0.6693 0.0079, 2.3662 -0.6693 0.0, 2.3622 -0.5905 0.0079, 2.3662 -0.5905 0.0, 2.1654 -0.5905 0.0079, 2.1654 -0.5905 0.0, 2.1552 -0.5919 0.0, 2.1552 -0.5919 0.0079, 2.1457 -0.5958 0.0, 2.1457 -0.5958 0.0079, 2.1375 -0.6021 0.0, 2.1375 -0.6021 0.0079, 2.1313 -0.6102 0.0, 2.1313 -0.6102 0.0079, 2.1274 -0.6197 0.0, 2.1274 -0.6197 0.0079, 2.126 -0.6299 0.0, 2.126 -0.6299 0.0079, 2.1274 -0.6401 0.0, 2.1274 -0.6401 0.0079, 2.1313 -0.6496 0.0, 2.1313 -0.6496 0.0079, 2.1375 -0.6577 0.0, 2.1375 -0.6577 0.0079, 2.1457 -0.664 0.0, 2.1457 -0.664 0.0079, 2.1552 -0.6679 0.0, 2.1552 -0.6679 0.0079, 2.3662 -0.8267 0.0878, 2.3662 -0.748 0.0878, 2.3622 -0.8267 0.0878, 2.3622 -0.748 0.0878, 2.1654 -0.8267 0.0079, 2.1654 -0.8267 0.0, 2.3622 -0.8267 0.0079, 2.3662 -0.8267 0.0, 2.3622 -0.748 0.0079, 2.3662 -0.748 0.0, 2.1654 -0.748 0.0079, 2.1654 -0.748 0.0, 2.1552 -0.7493 0.0, 2.1552 -0.7493 0.0079, 2.1457 -0.7533 0.0, 2.1457 -0.7533 0.0079, 2.1375 -0.7595 0.0, 2.1375 -0.7595 0.0079, 2.1313 -0.7677 0.0, 2.1313 -0.7677 0.0079, 2.1274 -0.7772 0.0, 2.1274 -0.7772 0.0079, 2.126 -0.7874 0.0, 2.126 -0.7874 0.0079, 2.1274 -0.7976 0.0, 2.1274 -0.7976 0.0079, 2.1313 -0.8071 0.0, 2.1313 -0.8071 0.0079, 2.1375 -0.8152 0.0, 2.1375 -0.8152 0.0079, 2.1457 -0.8215 0.0, 2.1457 -0.8215 0.0079, 2.1552 -0.8254 0.0, 2.1552 -0.8254 0.0079, 2.3662 -0.9842 0.0878, 2.3662 -0.9055 0.0878, 2.3622 -0.9842 0.0878, 2.3622 -0.9055 0.0878, 2.1654 -0.9842 0.0079, 2.1654 -0.9842 0.0, 2.3622 -0.9842 0.0079, 2.3662 -0.9842 0.0, 2.3622 -0.9055 0.0079, 2.3662 -0.9055 0.0, 2.1654 -0.9055 0.0079, 2.1654 -0.9055 0.0, 2.1552 -0.9068 0.0, 2.1552 -0.9068 0.0079, 2.1457 -0.9108 0.0, 2.1457 -0.9108 0.0079, 2.1375 -0.917 0.0, 2.1375 -0.917 0.0079, 2.1313 -0.9252 0.0, 2.1313 -0.9252 0.0079, 2.1274 -0.9347 0.0, 2.1274 -0.9347 0.0079, 2.126 -0.9449 0.0, 2.126 -0.9449 0.0079, 2.1274 -0.955 0.0, 2.1274 -0.955 0.0079, 2.1313 -0.9645 0.0, 2.1313 -0.9645 0.0079, 2.1375 -0.9727 0.0, 2.1375 -0.9727 0.0079, 2.1457 -0.9789 0.0, 2.1457 -0.9789 0.0079, 2.1552 -0.9829 0.0, 2.1552 -0.9829 0.0079, 2.3662 -1.1417 0.0878, 2.3662 -1.063 0.0878, 2.3622 -1.1417 0.0878, 2.3622 -1.063 0.0878, 2.1654 -1.1417 0.0079, 2.1654 -1.1417 0.0, 2.3622 -1.1417 0.0079, 2.3662 -1.1417 0.0, 2.3622 -1.063 0.0079, 2.3662 -1.063 0.0, 2.1654 -1.063 0.0079, 2.1654 -1.063 0.0, 2.1552 -1.0643 0.0, 2.1552 -1.0643 0.0079, 2.1457 -1.0682 0.0, 2.1457 -1.0682 0.0079, 2.1375 -1.0745 0.0, 2.1375 -1.0745 0.0079, 2.1313 -1.0826 0.0, 2.1313 -1.0826 0.0079, 2.1274 -1.0921 0.0, 2.1274 -1.0921 0.0079, 2.126 -1.1023 0.0, 2.126 -1.1023 0.0079, 2.1274 -1.1125 0.0, 2.1274 -1.1125 0.0079, 2.1313 -1.122 0.0, 2.1313 -1.122 0.0079, 2.1375 -1.1302 0.0, 2.1375 -1.1302 0.0079, 2.1457 -1.1364 0.0, 2.1457 -1.1364 0.0079, 2.1552 -1.1404 0.0, 2.1552 -1.1404 0.0079, 2.3662 -1.2992 0.0878, 2.3662 -1.2204 0.0878, 2.3622 -1.2992 0.0878, 2.3622 -1.2204 0.0878, 2.1654 -1.2992 0.0079, 2.1654 -1.2992 0.0, 2.3622 -1.2992 0.0079, 2.3662 -1.2992 0.0, 2.3622 -1.2204 0.0079, 2.3662 -1.2204 0.0, 2.1654 -1.2204 0.0079, 2.1654 -1.2204 0.0, 2.1552 -1.2218 0.0, 2.1552 -1.2218 0.0079, 2.1457 -1.2257 0.0, 2.1457 -1.2257 0.0079, 2.1375 -1.232 0.0, 2.1375 -1.232 0.0079, 2.1313 -1.2401 0.0, 2.1313 -1.2401 0.0079, 2.1274 -1.2496 0.0, 2.1274 -1.2496 0.0079, 2.126 -1.2598 0.0, 2.126 -1.2598 0.0079, 2.1274 -1.27 0.0, 2.1274 -1.27 0.0079, 2.1313 -1.2795 0.0, 2.1313 -1.2795 0.0079, 2.1375 -1.2877 0.0, 2.1375 -1.2877 0.0079, 2.1457 -1.2939 0.0, 2.1457 -1.2939 0.0079, 2.1552 -1.2978 0.0, 2.1552 -1.2978 0.0079, 2.3662 -1.4567 0.0878, 2.3662 -1.3779 0.0878, 2.3622 -1.4567 0.0878, 2.3622 -1.3779 0.0878, 2.1654 -1.4567 0.0079, 2.1654 -1.4567 0.0, 2.3622 -1.4567 0.0079, 2.3662 -1.4567 0.0, 2.3622 -1.3779 0.0079, 2.3662 -1.3779 0.0, 2.1654 -1.3779 0.0079, 2.1654 -1.3779 0.0, 2.1552 -1.3793 0.0, 2.1552 -1.3793 0.0079, 2.1457 -1.3832 0.0, 2.1457 -1.3832 0.0079, 2.1375 -1.3895 0.0, 2.1375 -1.3895 0.0079, 2.1313 -1.3976 0.0, 2.1313 -1.3976 0.0079, 2.1274 -1.4071 0.0, 2.1274 -1.4071 0.0079, 2.126 -1.4173 0.0, 2.126 -1.4173 0.0079, 2.1274 -1.4275 0.0, 2.1274 -1.4275 0.0079, 2.1313 -1.437 0.0, 2.1313 -1.437 0.0079, 2.1375 -1.4451 0.0, 2.1375 -1.4451 0.0079, 2.1457 -1.4514 0.0, 2.1457 -1.4514 0.0079, 2.1552 -1.4553 0.0, 2.1552 -1.4553 0.0079, 2.3662 -1.6141 0.0878, 2.3662 -1.5354 0.0878, 2.3622 -1.6141 0.0878, 2.3622 -1.5354 0.0878, 2.1654 -1.6141 0.0079, 2.1654 -1.6141 0.0, 2.3622 -1.6141 0.0079, 2.3662 -1.6141 0.0, 2.3622 -1.5354 0.0079, 2.3662 -1.5354 0.0, 2.1654 -1.5354 0.0079, 2.1654 -1.5354 0.0, 2.1552 -1.5367 0.0, 2.1552 -1.5367 0.0079, 2.1457 -1.5407 0.0, 2.1457 -1.5407 0.0079, 2.1375 -1.5469 0.0, 2.1375 -1.5469 0.0079, 2.1313 -1.5551 0.0, 2.1313 -1.5551 0.0079, 2.1274 -1.5646 0.0, 2.1274 -1.5646 0.0079, 2.126 -1.5748 0.0, 2.126 -1.5748 0.0079, 2.1274 -1.585 0.0, 2.1274 -1.585 0.0079, 2.1313 -1.5945 0.0, 2.1313 -1.5945 0.0079, 2.1375 -1.6026 0.0, 2.1375 -1.6026 0.0079, 2.1457 -1.6089 0.0, 2.1457 -1.6089 0.0079, 2.1552 -1.6128 0.0, 2.1552 -1.6128 0.0079, 2.3662 -1.7716 0.0878, 2.3662 -1.6929 0.0878, 2.3622 -1.7716 0.0878, 2.3622 -1.6929 0.0878, 2.1654 -1.7716 0.0079, 2.1654 -1.7716 0.0, 2.3622 -1.7716 0.0079, 2.3662 -1.7716 0.0, 2.3622 -1.6929 0.0079, 2.3662 -1.6929 0.0, 2.1654 -1.6929 0.0079, 2.1654 -1.6929 0.0, 2.1552 -1.6942 0.0, 2.1552 -1.6942 0.0079, 2.1457 -1.6982 0.0, 2.1457 -1.6982 0.0079, 2.1375 -1.7044 0.0, 2.1375 -1.7044 0.0079, 2.1313 -1.7126 0.0, 2.1313 -1.7126 0.0079, 2.1274 -1.7221 0.0, 2.1274 -1.7221 0.0079, 2.126 -1.7323 0.0, 2.126 -1.7323 0.0079, 2.1274 -1.7424 0.0, 2.1274 -1.7424 0.0079, 2.1313 -1.7519 0.0, 2.1313 -1.7519 0.0079, 2.1375 -1.7601 0.0, 2.1375 -1.7601 0.0079, 2.1457 -1.7663 0.0, 2.1457 -1.7663 0.0079, 2.1552 -1.7703 0.0, 2.1552 -1.7703 0.0079, 2.3662 -1.9291 0.0878, 2.3662 -1.8504 0.0878, 2.3622 -1.9291 0.0878, 2.3622 -1.8504 0.0878, 2.1654 -1.9291 0.0079, 2.1654 -1.9291 0.0, 2.3622 -1.9291 0.0079, 2.3662 -1.9291 0.0, 2.3622 -1.8504 0.0079, 2.3662 -1.8504 0.0, 2.1654 -1.8504 0.0079, 2.1654 -1.8504 0.0, 2.1552 -1.8517 0.0, 2.1552 -1.8517 0.0079, 2.1457 -1.8556 0.0, 2.1457 -1.8556 0.0079, 2.1375 -1.8619 0.0, 2.1375 -1.8619 0.0079, 2.1313 -1.87 0.0, 2.1313 -1.87 0.0079, 2.1274 -1.8795 0.0, 2.1274 -1.8795 0.0079, 2.126 -1.8897 0.0, 2.126 -1.8897 0.0079, 2.1274 -1.8999 0.0, 2.1274 -1.8999 0.0079, 2.1313 -1.9094 0.0, 2.1313 -1.9094 0.0079, 2.1375 -1.9176 0.0, 2.1375 -1.9176 0.0079, 2.1457 -1.9238 0.0, 2.1457 -1.9238 0.0079, 2.1552 -1.9278 0.0, 2.1552 -1.9278 0.0079, 2.3662 0.1181 0.0878, 2.3662 0.1969 0.0878, 2.3622 0.1181 0.0878, 2.3622 0.1969 0.0878, 2.1654 0.1181 0.0079, 2.1654 0.1181 0.0, 2.3622 0.1181 0.0079, 2.3662 0.1181 0.0, 2.3622 0.1969 0.0079, 2.3662 0.1969 0.0, 2.1654 0.1969 0.0079, 2.1654 0.1969 0.0, 2.1552 0.1955 0.0, 2.1552 0.1955 0.0079, 2.1457 0.1916 0.0, 2.1457 0.1916 0.0079, 2.1375 0.1853 0.0, 2.1375 0.1853 0.0079, 2.1313 0.1772 0.0, 2.1313 0.1772 0.0079, 2.1274 0.1677 0.0, 2.1274 0.1677 0.0079, 2.126 0.1575 0.0, 2.126 0.1575 0.0079, 2.1274 0.1473 0.0, 2.1274 0.1473 0.0079, 2.1313 0.1378 0.0, 2.1313 0.1378 0.0079, 2.1375 0.1297 0.0, 2.1375 0.1297 0.0079, 2.1457 0.1234 0.0, 2.1457 0.1234 0.0079, 2.1552 0.1195 0.0, 2.1552 0.1195 0.0079, 2.3662 0.2756 0.0878, 2.3662 0.3544 0.0878, 2.3622 0.2756 0.0878, 2.3622 0.3544 0.0878, 2.1654 0.2756 0.0079, 2.1654 0.2756 0.0, 2.3622 0.2756 0.0079, 2.3662 0.2756 0.0, 2.3622 0.3544 0.0079, 2.3662 0.3544 0.0, 2.1654 0.3544 0.0079, 2.1654 0.3544 0.0, 2.1552 0.353 0.0, 2.1552 0.353 0.0079, 2.1457 0.3491 0.0, 2.1457 0.3491 0.0079, 2.1375 0.3428 0.0, 2.1375 0.3428 0.0079, 2.1313 0.3347 0.0, 2.1313 0.3347 0.0079, 2.1274 0.3252 0.0, 2.1274 0.3252 0.0079, 2.126 0.315 0.0, 2.126 0.315 0.0079, 2.1274 0.3048 0.0, 2.1274 0.3048 0.0079, 2.1313 0.2953 0.0, 2.1313 0.2953 0.0079, 2.1375 0.2872 0.0, 2.1375 0.2872 0.0079, 2.1457 0.2809 0.0, 2.1457 0.2809 0.0079, 2.1552 0.277 0.0, 2.1552 0.277 0.0079, 2.3662 0.4331 0.0878, 2.3662 0.5118 0.0878, 2.3622 0.4331 0.0878, 2.3622 0.5118 0.0878, 2.1654 0.4331 0.0079, 2.1654 0.4331 0.0, 2.3622 0.4331 0.0079, 2.3662 0.4331 0.0, 2.3622 0.5118 0.0079, 2.3662 0.5118 0.0, 2.1654 0.5118 0.0079, 2.1654 0.5118 0.0, 2.1552 0.5105 0.0, 2.1552 0.5105 0.0079, 2.1457 0.5066 0.0, 2.1457 0.5066 0.0079, 2.1375 0.5003 0.0, 2.1375 0.5003 0.0079, 2.1313 0.4922 0.0, 2.1313 0.4922 0.0079, 2.1274 0.4827 0.0, 2.1274 0.4827 0.0079, 2.126 0.4725 0.0, 2.126 0.4725 0.0079, 2.1274 0.4623 0.0, 2.1274 0.4623 0.0079, 2.1313 0.4528 0.0, 2.1313 0.4528 0.0079, 2.1375 0.4446 0.0, 2.1375 0.4446 0.0079, 2.1457 0.4384 0.0, 2.1457 0.4384 0.0079, 2.1552 0.4344 0.0, 2.1552 0.4344 0.0079, 2.3662 0.5906 0.0878, 2.3662 0.6693 0.0878, 2.3622 0.5906 0.0878, 2.3622 0.6693 0.0878, 2.1654 0.5906 0.0079, 2.1654 0.5906 0.0, 2.3622 0.5906 0.0079, 2.3662 0.5906 0.0, 2.3622 0.6693 0.0079, 2.3662 0.6693 0.0, 2.1654 0.6693 0.0079, 2.1654 0.6693 0.0, 2.1552 0.668 0.0, 2.1552 0.668 0.0079, 2.1457 0.664 0.0, 2.1457 0.664 0.0079, 2.1375 0.6578 0.0, 2.1375 0.6578 0.0079, 2.1313 0.6496 0.0, 2.1313 0.6496 0.0079, 2.1274 0.6401 0.0, 2.1274 0.6401 0.0079, 2.126 0.63 0.0, 2.126 0.63 0.0079, 2.1274 0.6198 0.0, 2.1274 0.6198 0.0079, 2.1313 0.6103 0.0, 2.1313 0.6103 0.0079, 2.1375 0.6021 0.0, 2.1375 0.6021 0.0079, 2.1457 0.5959 0.0, 2.1457 0.5959 0.0079, 2.1552 0.5919 0.0, 2.1552 0.5919 0.0079, 2.3662 0.7481 0.0878, 2.3662 0.8268 0.0878, 2.3622 0.7481 0.0878, 2.3622 0.8268 0.0878, 2.1654 0.7481 0.0079, 2.1654 0.7481 0.0, 2.3622 0.7481 0.0079, 2.3662 0.7481 0.0, 2.3622 0.8268 0.0079, 2.3662 0.8268 0.0, 2.1654 0.8268 0.0079, 2.1654 0.8268 0.0, 2.1552 0.8255 0.0, 2.1552 0.8255 0.0079, 2.1457 0.8215 0.0, 2.1457 0.8215 0.0079, 2.1375 0.8153 0.0, 2.1375 0.8153 0.0079, 2.1313 0.8071 0.0, 2.1313 0.8071 0.0079, 2.1274 0.7976 0.0, 2.1274 0.7976 0.0079, 2.126 0.7874 0.0, 2.126 0.7874 0.0079, 2.1274 0.7772 0.0, 2.1274 0.7772 0.0079, 2.1313 0.7677 0.0, 2.1313 0.7677 0.0079, 2.1375 0.7596 0.0, 2.1375 0.7596 0.0079, 2.1457 0.7533 0.0, 2.1457 0.7533 0.0079, 2.1552 0.7494 0.0, 2.1552 0.7494 0.0079, 2.3662 0.9055 0.0878, 2.3662 0.9843 0.0878, 2.3622 0.9055 0.0878, 2.3622 0.9843 0.0878, 2.1654 0.9055 0.0079, 2.1654 0.9055 0.0, 2.3622 0.9055 0.0079, 2.3662 0.9055 0.0, 2.3622 0.9843 0.0079, 2.3662 0.9843 0.0, 2.1654 0.9843 0.0079, 2.1654 0.9843 0.0, 2.1552 0.9829 0.0, 2.1552 0.9829 0.0079, 2.1457 0.979 0.0, 2.1457 0.979 0.0079, 2.1375 0.9728 0.0, 2.1375 0.9728 0.0079, 2.1313 0.9646 0.0, 2.1313 0.9646 0.0079, 2.1274 0.9551 0.0, 2.1274 0.9551 0.0079, 2.126 0.9449 0.0, 2.126 0.9449 0.0079, 2.1274 0.9347 0.0, 2.1274 0.9347 0.0079, 2.1313 0.9252 0.0, 2.1313 0.9252 0.0079, 2.1375 0.9171 0.0, 2.1375 0.9171 0.0079, 2.1457 0.9108 0.0, 2.1457 0.9108 0.0079, 2.1552 0.9069 0.0, 2.1552 0.9069 0.0079, 2.3662 1.063 0.0878, 2.3662 1.1418 0.0878, 2.3622 1.063 0.0878, 2.3622 1.1418 0.0878, 2.1654 1.063 0.0079, 2.1654 1.063 0.0, 2.3622 1.063 0.0079, 2.3662 1.063 0.0, 2.3622 1.1418 0.0079, 2.3662 1.1418 0.0, 2.1654 1.1418 0.0079, 2.1654 1.1418 0.0, 2.1552 1.1404 0.0, 2.1552 1.1404 0.0079, 2.1457 1.1365 0.0, 2.1457 1.1365 0.0079, 2.1375 1.1302 0.0, 2.1375 1.1302 0.0079, 2.1313 1.1221 0.0, 2.1313 1.1221 0.0079, 2.1274 1.1126 0.0, 2.1274 1.1126 0.0079, 2.126 1.1024 0.0, 2.126 1.1024 0.0079, 2.1274 1.0922 0.0, 2.1274 1.0922 0.0079, 2.1313 1.0827 0.0, 2.1313 1.0827 0.0079, 2.1375 1.0746 0.0, 2.1375 1.0746 0.0079, 2.1457 1.0683 0.0, 2.1457 1.0683 0.0079, 2.1552 1.0644 0.0, 2.1552 1.0644 0.0079, 2.3662 1.2205 0.0878, 2.3662 1.2992 0.0878, 2.3622 1.2205 0.0878, 2.3622 1.2992 0.0878, 2.1654 1.2205 0.0079, 2.1654 1.2205 0.0, 2.3622 1.2205 0.0079, 2.3662 1.2205 0.0, 2.3622 1.2992 0.0079, 2.3662 1.2992 0.0, 2.1654 1.2992 0.0079, 2.1654 1.2992 0.0, 2.1552 1.2979 0.0, 2.1552 1.2979 0.0079, 2.1457 1.294 0.0, 2.1457 1.294 0.0079, 2.1375 1.2877 0.0, 2.1375 1.2877 0.0079, 2.1313 1.2796 0.0, 2.1313 1.2796 0.0079, 2.1274 1.2701 0.0, 2.1274 1.2701 0.0079, 2.126 1.2599 0.0, 2.126 1.2599 0.0079, 2.1274 1.2497 0.0, 2.1274 1.2497 0.0079, 2.1313 1.2402 0.0, 2.1313 1.2402 0.0079, 2.1375 1.232 0.0, 2.1375 1.232 0.0079, 2.1457 1.2258 0.0, 2.1457 1.2258 0.0079, 2.1552 1.2218 0.0, 2.1552 1.2218 0.0079, 2.3662 1.378 0.0878, 2.3662 1.4567 0.0878, 2.3622 1.378 0.0878, 2.3622 1.4567 0.0878, 2.1654 1.378 0.0079, 2.1654 1.378 0.0, 2.3622 1.378 0.0079, 2.3662 1.378 0.0, 2.3622 1.4567 0.0079, 2.3662 1.4567 0.0, 2.1654 1.4567 0.0079, 2.1654 1.4567 0.0, 2.1552 1.4554 0.0, 2.1552 1.4554 0.0079, 2.1457 1.4514 0.0, 2.1457 1.4514 0.0079, 2.1375 1.4452 0.0, 2.1375 1.4452 0.0079, 2.1313 1.437 0.0, 2.1313 1.437 0.0079, 2.1274 1.4275 0.0, 2.1274 1.4275 0.0079, 2.126 1.4174 0.0, 2.126 1.4174 0.0079, 2.1274 1.4072 0.0, 2.1274 1.4072 0.0079, 2.1313 1.3977 0.0, 2.1313 1.3977 0.0079, 2.1375 1.3895 0.0, 2.1375 1.3895 0.0079, 2.1457 1.3833 0.0, 2.1457 1.3833 0.0079, 2.1552 1.3793 0.0, 2.1552 1.3793 0.0079, 2.3662 1.5355 0.0878, 2.3662 1.6142 0.0878, 2.3622 1.5355 0.0878, 2.3622 1.6142 0.0878, 2.1654 1.5355 0.0079, 2.1654 1.5355 0.0, 2.3622 1.5355 0.0079, 2.3662 1.5355 0.0, 2.3622 1.6142 0.0079, 2.3662 1.6142 0.0, 2.1654 1.6142 0.0079, 2.1654 1.6142 0.0, 2.1552 1.6129 0.0, 2.1552 1.6129 0.0079, 2.1457 1.6089 0.0, 2.1457 1.6089 0.0079, 2.1375 1.6027 0.0, 2.1375 1.6027 0.0079, 2.1313 1.5945 0.0, 2.1313 1.5945 0.0079, 2.1274 1.585 0.0, 2.1274 1.585 0.0079, 2.126 1.5748 0.0, 2.126 1.5748 0.0079, 2.1274 1.5646 0.0, 2.1274 1.5646 0.0079, 2.1313 1.5551 0.0, 2.1313 1.5551 0.0079, 2.1375 1.547 0.0, 2.1375 1.547 0.0079, 2.1457 1.5407 0.0, 2.1457 1.5407 0.0079, 2.1552 1.5368 0.0, 2.1552 1.5368 0.0079, 2.3662 1.6929 0.0878, 2.3662 1.7717 0.0878, 2.3622 1.6929 0.0878, 2.3622 1.7717 0.0878, 2.1654 1.6929 0.0079, 2.1654 1.6929 0.0, 2.3622 1.6929 0.0079, 2.3662 1.6929 0.0, 2.3622 1.7717 0.0079, 2.3662 1.7717 0.0, 2.1654 1.7717 0.0079, 2.1654 1.7717 0.0, 2.1552 1.7703 0.0, 2.1552 1.7703 0.0079, 2.1457 1.7664 0.0, 2.1457 1.7664 0.0079, 2.1375 1.7602 0.0, 2.1375 1.7602 0.0079, 2.1313 1.752 0.0, 2.1313 1.752 0.0079, 2.1274 1.7425 0.0, 2.1274 1.7425 0.0079, 2.126 1.7323 0.0, 2.126 1.7323 0.0079, 2.1274 1.7221 0.0, 2.1274 1.7221 0.0079, 2.1313 1.7126 0.0, 2.1313 1.7126 0.0079, 2.1375 1.7045 0.0, 2.1375 1.7045 0.0079, 2.1457 1.6982 0.0, 2.1457 1.6982 0.0079, 2.1552 1.6943 0.0, 2.1552 1.6943 0.0079, 2.3662 1.8504 0.0878, 2.3662 1.9292 0.0878, 2.3622 1.8504 0.0878, 2.3622 1.9292 0.0878, 2.1654 1.8504 0.0079, 2.1654 1.8504 0.0, 2.3622 1.8504 0.0079, 2.3662 1.8504 0.0, 2.3622 1.9292 0.0079, 2.3662 1.9292 0.0, 2.1654 1.9292 0.0079, 2.1654 1.9292 0.0, 2.1552 1.9278 0.0, 2.1552 1.9278 0.0079, 2.1457 1.9239 0.0, 2.1457 1.9239 0.0079, 2.1375 1.9176 0.0, 2.1375 1.9176 0.0079, 2.1313 1.9095 0.0, 2.1313 1.9095 0.0079, 2.1274 1.9 0.0, 2.1274 1.9 0.0079, 2.126 1.8898 0.0, 2.126 1.8898 0.0079, 2.1274 1.8796 0.0, 2.1274 1.8796 0.0079, 2.1313 1.8701 0.0, 2.1313 1.8701 0.0079, 2.1375 1.862 0.0, 2.1375 1.862 0.0079, 2.1457 1.8557 0.0, 2.1457 1.8557 0.0079, 2.1552 1.8518 0.0, 2.1552 1.8518 0.0079, 1.5748 -1.5748 0.0, 1.5748 1.5748 0.0, 1.5748 -1.5748 0.0079, 1.5748 1.5748 0.0079, -1.5748 -1.5748 0.0, -1.5748 -1.5748 0.0079, -1.5748 1.4187 0.0079, -1.5748 1.5748 0.0079, -1.5748 1.4187 0.0, -1.5748 1.5748 0.0, -1.5583 1.4166 0.0, -1.5748 1.2917 0.0, -1.5583 1.2939 0.0, -1.5134 1.3717 0.0, -1.5113 1.3552 0.0, -1.5134 1.3388 0.0, -1.543 1.3002 0.0, -1.5299 1.3103 0.0, -1.5198 1.3235 0.0, -1.5198 1.387 0.0, -1.5299 1.4001 0.0, -1.543 1.4102 0.0, -1.5583 1.4166 0.0079, -1.543 1.4102 0.0079, -1.5299 1.4001 0.0079, -1.5198 1.387 0.0079, -1.5134 1.3717 0.0079, -1.5113 1.3552 0.0079, -1.5134 1.3388 0.0079, -1.5198 1.3235 0.0079, -1.5299 1.3103 0.0079, -1.543 1.3002 0.0079, -1.5583 1.2939 0.0079, -1.5748 1.2917 0.0079, -2.2913 -2.3661 0.0456, -2.2913 -2.3661 0.0818, -2.2913 -2.3622 0.0456, -2.2913 -2.3622 0.0818, -2.1899 -2.3661 0.0456, -2.1899 -2.3622 0.0456, -2.1899 -2.3661 0.0818, -2.1899 -2.3622 0.0818, 2.19 -2.3661 0.0818, 2.2913 -2.3661 0.0818, 2.19 -2.3622 0.0818, 2.2913 -2.3622 0.0818, 2.19 -2.3661 0.0456, 2.19 -2.3622 0.0456, 2.2913 -2.3661 0.0456, 2.2913 -2.3622 0.0456, 2.3662 -2.2913 0.0456, 2.3662 -2.2913 0.0818, 2.3622 -2.2913 0.0456, 2.3622 -2.2913 0.0818, 2.3662 -2.1899 0.0456, 2.3622 -2.1899 0.0456, 2.3662 -2.1899 0.0818, 2.3622 -2.1899 0.0818, 2.3662 2.19 0.0818, 2.3662 2.2913 0.0818, 2.3622 2.19 0.0818, 2.3622 2.2913 0.0818, 2.3662 2.19 0.0456, 2.3622 2.19 0.0456, 2.3662 2.2913 0.0456, 2.3622 2.2913 0.0456, 2.2913 2.3662 0.0456, 2.2913 2.3662 0.0818, 2.2913 2.3622 0.0456, 2.2913 2.3622 0.0818, 2.19 2.3662 0.0456, 2.19 2.3622 0.0456, 2.19 2.3662 0.0818, 2.19 2.3622 0.0818, -2.1899 2.3662 0.0818, -2.2913 2.3662 0.0818, -2.1899 2.3622 0.0818, -2.2913 2.3622 0.0818, -2.1899 2.3662 0.0456, -2.1899 2.3622 0.0456, -2.2913 2.3662 0.0456, -2.2913 2.3622 0.0456, -2.3661 2.2913 0.0456, -2.3661 2.2913 0.0818, -2.3622 2.2913 0.0456, -2.3622 2.2913 0.0818, -2.3661 2.19 0.0456, -2.3622 2.19 0.0456, -2.3661 2.19 0.0818, -2.3622 2.19 0.0818, -2.3661 -2.1899 0.0818, -2.3661 -2.2913 0.0818, -2.3622 -2.1899 0.0818, -2.3622 -2.2913 0.0818, -2.3661 -2.1899 0.0456, -2.3622 -2.1899 0.0456, -2.3661 -2.2913 0.0456, -2.3622 -2.2913 0.0456
            ]
        }
        coordIndex [
            0,1,2,-1,2,1,3,-1,4,5,6,-1,6,5,7,-1,6,7,2,-1,2,7,0,-1,3,1,8,-1,8,1,9,-1,8,9,10,-1,10,9,11,-1,10,11,12,-1,10,12,13,-1,13,12,14,-1,13,14,15,-1,15,14,16,-1,15,16,17,-1,17,16,18,-1,17,18,19,-1,19,18,20,-1,19,20,21,-1,21,20,22,-1,21,22,23,-1,23,22,24,-1,23,24,25,-1,25,24,26,-1,25,26,27,-1,27,26,28,-1,27,28,29,-1,29,28,30,-1,29,30,31,-1,31,30,32,-1,31,32,33,-1,33,32,5,-1,33,5,4,-1,9,1,7,-1,7,1,0,-1,9,7,11,-1,11,7,5,-1,11,5,12,-1,12,5,14,-1,32,24,5,-1,5,24,22,-1,5,22,20,-1,32,30,24,-1,24,30,28,-1,24,28,26,-1,20,18,5,-1,5,18,16,-1,5,16,14,-1,34,35,36,-1,36,35,37,-1,38,39,40,-1,40,39,41,-1,40,41,36,-1,36,41,34,-1,37,35,42,-1,42,35,43,-1,42,43,44,-1,44,43,45,-1,44,45,46,-1,44,46,47,-1,47,46,48,-1,47,48,49,-1,49,48,50,-1,49,50,51,-1,51,50,52,-1,51,52,53,-1,53,52,54,-1,53,54,55,-1,55,54,56,-1,55,56,57,-1,57,56,58,-1,57,58,59,-1,59,58,60,-1,59,60,61,-1,61,60,62,-1,61,62,63,-1,63,62,64,-1,63,64,65,-1,65,64,66,-1,65,66,67,-1,67,66,39,-1,67,39,38,-1,43,35,41,-1,41,35,34,-1,45,43,41,-1,41,39,45,-1,45,39,66,-1,45,66,64,-1,64,62,45,-1,45,62,60,-1,45,60,58,-1,48,54,50,-1,50,54,52,-1,58,56,45,-1,45,56,54,-1,45,54,46,-1,46,54,48,-1,68,69,70,-1,70,69,71,-1,72,73,74,-1,74,73,75,-1,74,75,70,-1,70,75,68,-1,71,69,76,-1,76,69,77,-1,76,77,78,-1,78,77,79,-1,78,79,80,-1,78,80,81,-1,81,80,82,-1,81,82,83,-1,83,82,84,-1,83,84,85,-1,85,84,86,-1,85,86,87,-1,87,86,88,-1,87,88,89,-1,89,88,90,-1,89,90,91,-1,91,90,92,-1,91,92,93,-1,93,92,94,-1,93,94,95,-1,95,94,96,-1,95,96,97,-1,97,96,98,-1,97,98,99,-1,99,98,100,-1,99,100,101,-1,101,100,73,-1,101,73,72,-1,77,69,75,-1,75,69,68,-1,77,75,79,-1,79,75,73,-1,79,73,80,-1,80,73,82,-1,100,92,73,-1,73,92,90,-1,73,90,88,-1,100,98,92,-1,92,98,96,-1,92,96,94,-1,88,86,73,-1,73,86,84,-1,73,84,82,-1,102,103,104,-1,104,103,105,-1,106,107,108,-1,108,107,109,-1,108,109,104,-1,104,109,102,-1,105,103,110,-1,110,103,111,-1,110,111,112,-1,112,111,113,-1,112,113,114,-1,112,114,115,-1,115,114,116,-1,115,116,117,-1,117,116,118,-1,117,118,119,-1,119,118,120,-1,119,120,121,-1,121,120,122,-1,121,122,123,-1,123,122,124,-1,123,124,125,-1,125,124,126,-1,125,126,127,-1,127,126,128,-1,127,128,129,-1,129,128,130,-1,129,130,131,-1,131,130,132,-1,131,132,133,-1,133,132,134,-1,133,134,135,-1,135,134,107,-1,135,107,106,-1,111,103,109,-1,109,103,102,-1,111,109,113,-1,113,109,107,-1,113,107,114,-1,114,107,116,-1,134,126,107,-1,107,126,124,-1,107,124,122,-1,134,132,126,-1,126,132,130,-1,126,130,128,-1,122,120,107,-1,107,120,118,-1,107,118,116,-1,136,137,138,-1,138,137,139,-1,140,141,142,-1,142,141,143,-1,142,143,138,-1,138,143,136,-1,139,137,144,-1,144,137,145,-1,144,145,146,-1,146,145,147,-1,146,147,148,-1,146,148,149,-1,149,148,150,-1,149,150,151,-1,151,150,152,-1,151,152,153,-1,153,152,154,-1,153,154,155,-1,155,154,156,-1,155,156,157,-1,157,156,158,-1,157,158,159,-1,159,158,160,-1,159,160,161,-1,161,160,162,-1,161,162,163,-1,163,162,164,-1,163,164,165,-1,165,164,166,-1,165,166,167,-1,167,166,168,-1,167,168,169,-1,169,168,141,-1,169,141,140,-1,145,137,143,-1,143,137,136,-1,168,160,141,-1,141,160,158,-1,141,158,156,-1,145,143,147,-1,147,143,141,-1,147,141,148,-1,148,141,150,-1,156,154,141,-1,141,154,152,-1,141,152,150,-1,168,166,160,-1,160,166,164,-1,160,164,162,-1,170,171,172,-1,172,171,173,-1,174,175,176,-1,176,175,177,-1,176,177,172,-1,172,177,170,-1,173,171,178,-1,178,171,179,-1,178,179,180,-1,180,179,181,-1,180,181,182,-1,180,182,183,-1,183,182,184,-1,183,184,185,-1,185,184,186,-1,185,186,187,-1,187,186,188,-1,187,188,189,-1,189,188,190,-1,189,190,191,-1,191,190,192,-1,191,192,193,-1,193,192,194,-1,193,194,195,-1,195,194,196,-1,195,196,197,-1,197,196,198,-1,197,198,199,-1,199,198,200,-1,199,200,201,-1,201,200,202,-1,201,202,203,-1,203,202,175,-1,203,175,174,-1,179,171,177,-1,177,171,170,-1,181,179,177,-1,177,175,181,-1,181,175,202,-1,181,202,200,-1,200,198,181,-1,181,198,196,-1,181,196,194,-1,184,190,186,-1,186,190,188,-1,194,192,181,-1,181,192,190,-1,181,190,182,-1,182,190,184,-1,204,205,206,-1,206,205,207,-1,208,209,210,-1,210,209,211,-1,210,211,206,-1,206,211,204,-1,207,205,212,-1,212,205,213,-1,212,213,214,-1,214,213,215,-1,214,215,216,-1,214,216,217,-1,217,216,218,-1,217,218,219,-1,219,218,220,-1,219,220,221,-1,221,220,222,-1,221,222,223,-1,223,222,224,-1,223,224,225,-1,225,224,226,-1,225,226,227,-1,227,226,228,-1,227,228,229,-1,229,228,230,-1,229,230,231,-1,231,230,232,-1,231,232,233,-1,233,232,234,-1,233,234,235,-1,235,234,236,-1,235,236,237,-1,237,236,209,-1,237,209,208,-1,213,205,211,-1,211,205,204,-1,215,213,211,-1,211,209,215,-1,215,209,236,-1,215,236,234,-1,234,232,215,-1,215,232,230,-1,215,230,228,-1,218,224,220,-1,220,224,222,-1,228,226,215,-1,215,226,224,-1,215,224,216,-1,216,224,218,-1,238,239,240,-1,240,239,241,-1,242,243,244,-1,244,243,245,-1,244,245,240,-1,240,245,238,-1,241,239,246,-1,246,239,247,-1,246,247,248,-1,248,247,249,-1,248,249,250,-1,248,250,251,-1,251,250,252,-1,251,252,253,-1,253,252,254,-1,253,254,255,-1,255,254,256,-1,255,256,257,-1,257,256,258,-1,257,258,259,-1,259,258,260,-1,259,260,261,-1,261,260,262,-1,261,262,263,-1,263,262,264,-1,263,264,265,-1,265,264,266,-1,265,266,267,-1,267,266,268,-1,267,268,269,-1,269,268,270,-1,269,270,271,-1,271,270,243,-1,271,243,242,-1,247,239,245,-1,245,239,238,-1,249,247,245,-1,245,243,249,-1,249,243,270,-1,249,270,268,-1,268,266,249,-1,249,266,264,-1,249,264,262,-1,252,258,254,-1,254,258,256,-1,262,260,249,-1,249,260,258,-1,249,258,250,-1,250,258,252,-1,272,273,274,-1,274,273,275,-1,276,277,278,-1,278,277,279,-1,278,279,274,-1,274,279,272,-1,275,273,280,-1,280,273,281,-1,280,281,282,-1,282,281,283,-1,282,283,284,-1,282,284,285,-1,285,284,286,-1,285,286,287,-1,287,286,288,-1,287,288,289,-1,289,288,290,-1,289,290,291,-1,291,290,292,-1,291,292,293,-1,293,292,294,-1,293,294,295,-1,295,294,296,-1,295,296,297,-1,297,296,298,-1,297,298,299,-1,299,298,300,-1,299,300,301,-1,301,300,302,-1,301,302,303,-1,303,302,304,-1,303,304,305,-1,305,304,277,-1,305,277,276,-1,281,273,279,-1,279,273,272,-1,283,281,279,-1,279,277,283,-1,283,277,304,-1,283,304,302,-1,302,300,283,-1,283,300,298,-1,283,298,296,-1,286,292,288,-1,288,292,290,-1,296,294,283,-1,283,294,292,-1,283,292,284,-1,284,292,286,-1,306,307,308,-1,308,307,309,-1,310,311,312,-1,312,311,313,-1,312,313,308,-1,308,313,306,-1,309,307,314,-1,314,307,315,-1,314,315,316,-1,316,315,317,-1,316,317,318,-1,316,318,319,-1,319,318,320,-1,319,320,321,-1,321,320,322,-1,321,322,323,-1,323,322,324,-1,323,324,325,-1,325,324,326,-1,325,326,327,-1,327,326,328,-1,327,328,329,-1,329,328,330,-1,329,330,331,-1,331,330,332,-1,331,332,333,-1,333,332,334,-1,333,334,335,-1,335,334,336,-1,335,336,337,-1,337,336,338,-1,337,338,339,-1,339,338,311,-1,339,311,310,-1,315,307,313,-1,313,307,306,-1,317,315,313,-1,313,311,317,-1,317,311,338,-1,317,338,336,-1,336,334,317,-1,317,334,332,-1,317,332,330,-1,320,326,322,-1,322,326,324,-1,330,328,317,-1,317,328,326,-1,317,326,318,-1,318,326,320,-1,340,341,342,-1,342,341,343,-1,344,345,346,-1,346,345,347,-1,346,347,342,-1,342,347,340,-1,343,341,348,-1,348,341,349,-1,348,349,350,-1,350,349,351,-1,350,351,352,-1,350,352,353,-1,353,352,354,-1,353,354,355,-1,355,354,356,-1,355,356,357,-1,357,356,358,-1,357,358,359,-1,359,358,360,-1,359,360,361,-1,361,360,362,-1,361,362,363,-1,363,362,364,-1,363,364,365,-1,365,364,366,-1,365,366,367,-1,367,366,368,-1,367,368,369,-1,369,368,370,-1,369,370,371,-1,371,370,372,-1,371,372,373,-1,373,372,345,-1,373,345,344,-1,349,341,347,-1,347,341,340,-1,351,349,347,-1,347,345,351,-1,351,345,372,-1,351,372,370,-1,370,368,351,-1,351,368,366,-1,351,366,364,-1,356,354,358,-1,358,354,360,-1,364,362,351,-1,351,362,360,-1,351,360,352,-1,352,360,354,-1,374,375,376,-1,376,375,377,-1,378,379,380,-1,380,379,381,-1,380,381,376,-1,376,381,374,-1,377,375,382,-1,382,375,383,-1,382,383,384,-1,384,383,385,-1,384,385,386,-1,384,386,387,-1,387,386,388,-1,387,388,389,-1,389,388,390,-1,389,390,391,-1,391,390,392,-1,391,392,393,-1,393,392,394,-1,393,394,395,-1,395,394,396,-1,395,396,397,-1,397,396,398,-1,397,398,399,-1,399,398,400,-1,399,400,401,-1,401,400,402,-1,401,402,403,-1,403,402,404,-1,403,404,405,-1,405,404,406,-1,405,406,407,-1,407,406,379,-1,407,379,378,-1,383,375,381,-1,381,375,374,-1,385,383,381,-1,381,379,385,-1,385,379,406,-1,385,406,404,-1,398,396,385,-1,385,396,394,-1,385,394,392,-1,404,402,385,-1,385,402,400,-1,385,400,398,-1,392,390,385,-1,385,390,388,-1,385,388,386,-1,408,409,410,-1,410,409,411,-1,412,413,414,-1,414,413,415,-1,414,415,410,-1,410,415,408,-1,411,409,416,-1,416,409,417,-1,416,417,418,-1,418,417,419,-1,418,419,420,-1,418,420,421,-1,421,420,422,-1,421,422,423,-1,423,422,424,-1,423,424,425,-1,425,424,426,-1,425,426,427,-1,427,426,428,-1,427,428,429,-1,429,428,430,-1,429,430,431,-1,431,430,432,-1,431,432,433,-1,433,432,434,-1,433,434,435,-1,435,434,436,-1,435,436,437,-1,437,436,438,-1,437,438,439,-1,439,438,440,-1,439,440,441,-1,441,440,413,-1,441,413,412,-1,417,409,415,-1,415,409,408,-1,419,417,415,-1,415,413,419,-1,419,413,440,-1,419,440,438,-1,432,430,419,-1,419,430,428,-1,419,428,426,-1,438,436,419,-1,419,436,434,-1,419,434,432,-1,426,424,419,-1,419,424,422,-1,419,422,420,-1,442,443,444,-1,444,443,445,-1,446,447,448,-1,448,447,449,-1,448,449,444,-1,444,449,442,-1,445,443,450,-1,450,443,451,-1,450,451,452,-1,452,451,453,-1,452,453,454,-1,452,454,455,-1,455,454,456,-1,455,456,457,-1,457,456,458,-1,457,458,459,-1,459,458,460,-1,459,460,461,-1,461,460,462,-1,461,462,463,-1,463,462,464,-1,463,464,465,-1,465,464,466,-1,465,466,467,-1,467,466,468,-1,467,468,469,-1,469,468,470,-1,469,470,471,-1,471,470,472,-1,471,472,473,-1,473,472,474,-1,473,474,475,-1,475,474,447,-1,475,447,446,-1,451,443,449,-1,449,443,442,-1,453,451,449,-1,449,447,453,-1,453,447,474,-1,453,474,472,-1,472,470,453,-1,453,470,468,-1,453,468,466,-1,456,462,458,-1,458,462,460,-1,466,464,453,-1,453,464,462,-1,453,462,454,-1,454,462,456,-1,476,477,478,-1,478,477,479,-1,480,481,482,-1,482,481,483,-1,482,483,478,-1,478,483,476,-1,479,477,484,-1,484,477,485,-1,484,485,486,-1,486,485,487,-1,486,487,488,-1,486,488,489,-1,489,488,490,-1,489,490,491,-1,491,490,492,-1,491,492,493,-1,493,492,494,-1,493,494,495,-1,495,494,496,-1,495,496,497,-1,497,496,498,-1,497,498,499,-1,499,498,500,-1,499,500,501,-1,501,500,502,-1,501,502,503,-1,503,502,504,-1,503,504,505,-1,505,504,506,-1,505,506,507,-1,507,506,508,-1,507,508,509,-1,509,508,481,-1,509,481,480,-1,485,477,483,-1,483,477,476,-1,485,483,487,-1,487,483,481,-1,487,481,488,-1,488,481,490,-1,508,500,481,-1,481,500,498,-1,481,498,496,-1,508,506,500,-1,500,506,504,-1,500,504,502,-1,496,494,481,-1,481,494,492,-1,481,492,490,-1,510,511,512,-1,512,511,513,-1,514,515,516,-1,516,515,517,-1,516,517,512,-1,512,517,510,-1,513,511,518,-1,518,511,519,-1,518,519,520,-1,520,519,521,-1,520,521,522,-1,520,522,523,-1,523,522,524,-1,523,524,525,-1,525,524,526,-1,525,526,527,-1,527,526,528,-1,527,528,529,-1,529,528,530,-1,529,530,531,-1,531,530,532,-1,531,532,533,-1,533,532,534,-1,533,534,535,-1,535,534,536,-1,535,536,537,-1,537,536,538,-1,537,538,539,-1,539,538,540,-1,539,540,541,-1,541,540,542,-1,541,542,543,-1,543,542,515,-1,543,515,514,-1,519,511,517,-1,517,511,510,-1,519,517,521,-1,521,517,515,-1,521,515,522,-1,522,515,524,-1,542,534,515,-1,515,534,532,-1,515,532,530,-1,542,540,534,-1,534,540,538,-1,534,538,536,-1,530,528,515,-1,515,528,526,-1,515,526,524,-1,544,545,546,-1,546,545,547,-1,548,549,550,-1,550,549,551,-1,550,551,546,-1,546,551,544,-1,547,545,552,-1,552,545,553,-1,552,553,554,-1,554,553,555,-1,554,555,556,-1,554,556,557,-1,557,556,558,-1,557,558,559,-1,559,558,560,-1,559,560,561,-1,561,560,562,-1,561,562,563,-1,563,562,564,-1,563,564,565,-1,565,564,566,-1,565,566,567,-1,567,566,568,-1,567,568,569,-1,569,568,570,-1,569,570,571,-1,571,570,572,-1,571,572,573,-1,573,572,574,-1,573,574,575,-1,575,574,576,-1,575,576,577,-1,577,576,549,-1,577,549,548,-1,553,545,551,-1,551,545,544,-1,576,568,549,-1,549,568,566,-1,549,566,564,-1,553,551,555,-1,555,551,549,-1,555,549,556,-1,556,549,558,-1,564,562,549,-1,549,562,560,-1,549,560,558,-1,576,574,568,-1,568,574,572,-1,568,572,570,-1,578,579,580,-1,580,579,581,-1,582,583,584,-1,584,583,585,-1,584,585,580,-1,580,585,578,-1,581,579,586,-1,586,579,587,-1,586,587,588,-1,588,587,589,-1,588,589,590,-1,588,590,591,-1,591,590,592,-1,591,592,593,-1,593,592,594,-1,593,594,595,-1,595,594,596,-1,595,596,597,-1,597,596,598,-1,597,598,599,-1,599,598,600,-1,599,600,601,-1,601,600,602,-1,601,602,603,-1,603,602,604,-1,603,604,605,-1,605,604,606,-1,605,606,607,-1,607,606,608,-1,607,608,609,-1,609,608,610,-1,609,610,611,-1,611,610,583,-1,611,583,582,-1,587,579,585,-1,585,579,578,-1,587,585,589,-1,589,585,583,-1,589,583,590,-1,590,583,592,-1,610,602,583,-1,583,602,600,-1,583,600,598,-1,610,608,602,-1,602,608,606,-1,602,606,604,-1,598,596,583,-1,583,596,594,-1,583,594,592,-1,612,613,614,-1,614,613,615,-1,616,617,618,-1,618,617,619,-1,618,619,614,-1,614,619,612,-1,615,613,620,-1,620,613,621,-1,620,621,622,-1,622,621,623,-1,622,623,624,-1,622,624,625,-1,625,624,626,-1,625,626,627,-1,627,626,628,-1,627,628,629,-1,629,628,630,-1,629,630,631,-1,631,630,632,-1,631,632,633,-1,633,632,634,-1,633,634,635,-1,635,634,636,-1,635,636,637,-1,637,636,638,-1,637,638,639,-1,639,638,640,-1,639,640,641,-1,641,640,642,-1,641,642,643,-1,643,642,644,-1,643,644,645,-1,645,644,617,-1,645,617,616,-1,621,613,619,-1,619,613,612,-1,623,621,619,-1,619,617,623,-1,623,617,644,-1,623,644,642,-1,642,640,623,-1,623,640,638,-1,623,638,636,-1,626,632,628,-1,628,632,630,-1,636,634,623,-1,623,634,632,-1,623,632,624,-1,624,632,626,-1,646,647,648,-1,648,647,649,-1,650,651,652,-1,652,651,653,-1,652,653,648,-1,648,653,646,-1,649,647,654,-1,654,647,655,-1,654,655,656,-1,656,655,657,-1,656,657,658,-1,656,658,659,-1,659,658,660,-1,659,660,661,-1,661,660,662,-1,661,662,663,-1,663,662,664,-1,663,664,665,-1,665,664,666,-1,665,666,667,-1,667,666,668,-1,667,668,669,-1,669,668,670,-1,669,670,671,-1,671,670,672,-1,671,672,673,-1,673,672,674,-1,673,674,675,-1,675,674,676,-1,675,676,677,-1,677,676,678,-1,677,678,679,-1,679,678,651,-1,679,651,650,-1,655,647,653,-1,653,647,646,-1,657,655,653,-1,653,651,657,-1,657,651,678,-1,657,678,676,-1,676,674,657,-1,657,674,672,-1,657,672,670,-1,660,666,662,-1,662,666,664,-1,670,668,657,-1,657,668,666,-1,657,666,658,-1,658,666,660,-1,680,681,682,-1,682,681,683,-1,684,685,686,-1,686,685,687,-1,686,687,682,-1,682,687,680,-1,683,681,688,-1,688,681,689,-1,688,689,690,-1,690,689,691,-1,690,691,692,-1,690,692,693,-1,693,692,694,-1,693,694,695,-1,695,694,696,-1,695,696,697,-1,697,696,698,-1,697,698,699,-1,699,698,700,-1,699,700,701,-1,701,700,702,-1,701,702,703,-1,703,702,704,-1,703,704,705,-1,705,704,706,-1,705,706,707,-1,707,706,708,-1,707,708,709,-1,709,708,710,-1,709,710,711,-1,711,710,712,-1,711,712,713,-1,713,712,685,-1,713,685,684,-1,689,681,687,-1,687,681,680,-1,691,689,687,-1,687,685,691,-1,691,685,712,-1,691,712,710,-1,710,708,691,-1,691,708,706,-1,691,706,704,-1,694,700,696,-1,696,700,698,-1,704,702,691,-1,691,702,700,-1,691,700,692,-1,692,700,694,-1,714,715,716,-1,716,715,717,-1,718,719,720,-1,720,719,721,-1,720,721,716,-1,716,721,714,-1,717,715,722,-1,722,715,723,-1,722,723,724,-1,724,723,725,-1,724,725,726,-1,724,726,727,-1,727,726,728,-1,727,728,729,-1,729,728,730,-1,729,730,731,-1,731,730,732,-1,731,732,733,-1,733,732,734,-1,733,734,735,-1,735,734,736,-1,735,736,737,-1,737,736,738,-1,737,738,739,-1,739,738,740,-1,739,740,741,-1,741,740,742,-1,741,742,743,-1,743,742,744,-1,743,744,745,-1,745,744,746,-1,745,746,747,-1,747,746,719,-1,747,719,718,-1,723,715,721,-1,721,715,714,-1,725,723,721,-1,721,719,725,-1,725,719,746,-1,725,746,744,-1,744,742,725,-1,725,742,740,-1,725,740,738,-1,728,734,730,-1,730,734,732,-1,738,736,725,-1,725,736,734,-1,725,734,726,-1,726,734,728,-1,748,749,750,-1,750,749,751,-1,752,753,754,-1,754,753,755,-1,754,755,750,-1,750,755,748,-1,751,749,756,-1,756,749,757,-1,756,757,758,-1,758,757,759,-1,758,759,760,-1,758,760,761,-1,761,760,762,-1,761,762,763,-1,763,762,764,-1,763,764,765,-1,765,764,766,-1,765,766,767,-1,767,766,768,-1,767,768,769,-1,769,768,770,-1,769,770,771,-1,771,770,772,-1,771,772,773,-1,773,772,774,-1,773,774,775,-1,775,774,776,-1,775,776,777,-1,777,776,778,-1,777,778,779,-1,779,778,780,-1,779,780,781,-1,781,780,753,-1,781,753,752,-1,757,749,755,-1,755,749,748,-1,759,757,755,-1,755,753,759,-1,759,753,780,-1,759,780,778,-1,772,770,759,-1,759,770,768,-1,759,768,766,-1,778,776,759,-1,759,776,774,-1,759,774,772,-1,766,764,759,-1,759,764,762,-1,759,762,760,-1,782,783,784,-1,784,783,785,-1,786,787,788,-1,788,787,789,-1,788,789,784,-1,784,789,782,-1,785,783,790,-1,790,783,791,-1,790,791,792,-1,792,791,793,-1,792,793,794,-1,792,794,795,-1,795,794,796,-1,795,796,797,-1,797,796,798,-1,797,798,799,-1,799,798,800,-1,799,800,801,-1,801,800,802,-1,801,802,803,-1,803,802,804,-1,803,804,805,-1,805,804,806,-1,805,806,807,-1,807,806,808,-1,807,808,809,-1,809,808,810,-1,809,810,811,-1,811,810,812,-1,811,812,813,-1,813,812,814,-1,813,814,815,-1,815,814,787,-1,815,787,786,-1,791,783,789,-1,789,783,782,-1,793,791,789,-1,789,787,793,-1,793,787,814,-1,793,814,812,-1,806,804,793,-1,793,804,802,-1,793,802,800,-1,812,810,793,-1,793,810,808,-1,793,808,806,-1,800,798,793,-1,793,798,796,-1,793,796,794,-1,816,817,818,-1,818,817,819,-1,820,821,822,-1,822,821,823,-1,822,823,818,-1,818,823,816,-1,819,817,824,-1,824,817,825,-1,824,825,826,-1,826,825,827,-1,826,827,828,-1,826,828,829,-1,829,828,830,-1,829,830,831,-1,831,830,832,-1,831,832,833,-1,833,832,834,-1,833,834,835,-1,835,834,836,-1,835,836,837,-1,837,836,838,-1,837,838,839,-1,839,838,840,-1,839,840,841,-1,841,840,842,-1,841,842,843,-1,843,842,844,-1,843,844,845,-1,845,844,846,-1,845,846,847,-1,847,846,848,-1,847,848,849,-1,849,848,821,-1,849,821,820,-1,825,817,823,-1,823,817,816,-1,827,825,823,-1,823,821,827,-1,827,821,848,-1,827,848,846,-1,840,838,827,-1,827,838,836,-1,827,836,834,-1,846,844,827,-1,827,844,842,-1,827,842,840,-1,834,832,827,-1,827,832,830,-1,827,830,828,-1,850,851,852,-1,852,851,853,-1,854,855,856,-1,856,855,857,-1,856,857,852,-1,852,857,850,-1,853,851,858,-1,858,851,859,-1,858,859,860,-1,860,859,861,-1,860,861,862,-1,860,862,863,-1,863,862,864,-1,863,864,865,-1,865,864,866,-1,865,866,867,-1,867,866,868,-1,867,868,869,-1,869,868,870,-1,869,870,871,-1,871,870,872,-1,871,872,873,-1,873,872,874,-1,873,874,875,-1,875,874,876,-1,875,876,877,-1,877,876,878,-1,877,878,879,-1,879,878,880,-1,879,880,881,-1,881,880,882,-1,881,882,883,-1,883,882,855,-1,883,855,854,-1,859,851,857,-1,857,851,850,-1,859,857,861,-1,861,857,855,-1,861,855,862,-1,862,855,864,-1,882,874,855,-1,855,874,872,-1,855,872,870,-1,882,880,874,-1,874,880,878,-1,874,878,876,-1,870,868,855,-1,855,868,866,-1,855,866,864,-1,884,885,886,-1,886,885,887,-1,888,889,890,-1,890,889,891,-1,890,891,886,-1,886,891,884,-1,887,885,892,-1,892,885,893,-1,892,893,894,-1,894,893,895,-1,894,895,896,-1,894,896,897,-1,897,896,898,-1,897,898,899,-1,899,898,900,-1,899,900,901,-1,901,900,902,-1,901,902,903,-1,903,902,904,-1,903,904,905,-1,905,904,906,-1,905,906,907,-1,907,906,908,-1,907,908,909,-1,909,908,910,-1,909,910,911,-1,911,910,912,-1,911,912,913,-1,913,912,914,-1,913,914,915,-1,915,914,916,-1,915,916,917,-1,917,916,889,-1,917,889,888,-1,893,885,891,-1,891,885,884,-1,895,893,891,-1,891,889,895,-1,895,889,916,-1,895,916,914,-1,914,912,895,-1,895,912,910,-1,895,910,908,-1,898,904,900,-1,900,904,902,-1,908,906,895,-1,895,906,904,-1,895,904,896,-1,896,904,898,-1,918,919,920,-1,920,919,921,-1,922,923,924,-1,924,923,925,-1,924,925,920,-1,920,925,918,-1,921,919,926,-1,926,919,927,-1,926,927,928,-1,928,927,929,-1,928,929,930,-1,928,930,931,-1,931,930,932,-1,931,932,933,-1,933,932,934,-1,933,934,935,-1,935,934,936,-1,935,936,937,-1,937,936,938,-1,937,938,939,-1,939,938,940,-1,939,940,941,-1,941,940,942,-1,941,942,943,-1,943,942,944,-1,943,944,945,-1,945,944,946,-1,945,946,947,-1,947,946,948,-1,947,948,949,-1,949,948,950,-1,949,950,951,-1,951,950,923,-1,951,923,922,-1,927,919,925,-1,925,919,918,-1,927,925,929,-1,929,925,923,-1,929,923,930,-1,930,923,932,-1,950,942,923,-1,923,942,940,-1,923,940,938,-1,950,948,942,-1,942,948,946,-1,942,946,944,-1,938,936,923,-1,923,936,934,-1,923,934,932,-1,952,953,954,-1,954,953,955,-1,956,957,958,-1,958,957,959,-1,958,959,954,-1,954,959,952,-1,955,953,960,-1,960,953,961,-1,960,961,962,-1,962,961,963,-1,962,963,964,-1,962,964,965,-1,965,964,966,-1,965,966,967,-1,967,966,968,-1,967,968,969,-1,969,968,970,-1,969,970,971,-1,971,970,972,-1,971,972,973,-1,973,972,974,-1,973,974,975,-1,975,974,976,-1,975,976,977,-1,977,976,978,-1,977,978,979,-1,979,978,980,-1,979,980,981,-1,981,980,982,-1,981,982,983,-1,983,982,984,-1,983,984,985,-1,985,984,957,-1,985,957,956,-1,961,953,959,-1,959,953,952,-1,984,976,957,-1,957,976,974,-1,957,974,972,-1,961,959,963,-1,963,959,957,-1,963,957,964,-1,964,957,966,-1,972,970,957,-1,957,970,968,-1,957,968,966,-1,984,982,976,-1,976,982,980,-1,976,980,978,-1,986,987,988,-1,988,987,989,-1,990,991,992,-1,992,991,993,-1,992,993,988,-1,988,993,986,-1,989,987,994,-1,994,987,995,-1,994,995,996,-1,996,995,997,-1,996,997,998,-1,996,998,999,-1,999,998,1000,-1,999,1000,1001,-1,1001,1000,1002,-1,1001,1002,1003,-1,1003,1002,1004,-1,1003,1004,1005,-1,1005,1004,1006,-1,1005,1006,1007,-1,1007,1006,1008,-1,1007,1008,1009,-1,1009,1008,1010,-1,1009,1010,1011,-1,1011,1010,1012,-1,1011,1012,1013,-1,1013,1012,1014,-1,1013,1014,1015,-1,1015,1014,1016,-1,1015,1016,1017,-1,1017,1016,1018,-1,1017,1018,1019,-1,1019,1018,991,-1,1019,991,990,-1,995,987,993,-1,993,987,986,-1,1018,1010,991,-1,991,1010,1008,-1,991,1008,1006,-1,995,993,997,-1,997,993,991,-1,997,991,998,-1,998,991,1000,-1,1006,1004,991,-1,991,1004,1002,-1,991,1002,1000,-1,1018,1016,1010,-1,1010,1016,1014,-1,1010,1014,1012,-1,1020,1021,1022,-1,1022,1021,1023,-1,1024,1025,1026,-1,1026,1025,1027,-1,1026,1027,1022,-1,1022,1027,1020,-1,1023,1021,1028,-1,1028,1021,1029,-1,1028,1029,1030,-1,1030,1029,1031,-1,1030,1031,1032,-1,1030,1032,1033,-1,1033,1032,1034,-1,1033,1034,1035,-1,1035,1034,1036,-1,1035,1036,1037,-1,1037,1036,1038,-1,1037,1038,1039,-1,1039,1038,1040,-1,1039,1040,1041,-1,1041,1040,1042,-1,1041,1042,1043,-1,1043,1042,1044,-1,1043,1044,1045,-1,1045,1044,1046,-1,1045,1046,1047,-1,1047,1046,1048,-1,1047,1048,1049,-1,1049,1048,1050,-1,1049,1050,1051,-1,1051,1050,1052,-1,1051,1052,1053,-1,1053,1052,1025,-1,1053,1025,1024,-1,1029,1021,1027,-1,1027,1021,1020,-1,1031,1029,1027,-1,1027,1025,1031,-1,1031,1025,1052,-1,1031,1052,1050,-1,1050,1048,1031,-1,1031,1048,1046,-1,1031,1046,1044,-1,1034,1040,1036,-1,1036,1040,1038,-1,1044,1042,1031,-1,1031,1042,1040,-1,1031,1040,1032,-1,1032,1040,1034,-1,1054,1055,1056,-1,1056,1055,1057,-1,1058,1059,1060,-1,1060,1059,1061,-1,1060,1061,1056,-1,1056,1061,1054,-1,1057,1055,1062,-1,1062,1055,1063,-1,1062,1063,1064,-1,1064,1063,1065,-1,1064,1065,1066,-1,1064,1066,1067,-1,1067,1066,1068,-1,1067,1068,1069,-1,1069,1068,1070,-1,1069,1070,1071,-1,1071,1070,1072,-1,1071,1072,1073,-1,1073,1072,1074,-1,1073,1074,1075,-1,1075,1074,1076,-1,1075,1076,1077,-1,1077,1076,1078,-1,1077,1078,1079,-1,1079,1078,1080,-1,1079,1080,1081,-1,1081,1080,1082,-1,1081,1082,1083,-1,1083,1082,1084,-1,1083,1084,1085,-1,1085,1084,1086,-1,1085,1086,1087,-1,1087,1086,1059,-1,1087,1059,1058,-1,1063,1055,1061,-1,1061,1055,1054,-1,1065,1063,1061,-1,1061,1059,1065,-1,1065,1059,1086,-1,1065,1086,1084,-1,1084,1082,1065,-1,1065,1082,1080,-1,1065,1080,1078,-1,1068,1074,1070,-1,1070,1074,1072,-1,1078,1076,1065,-1,1065,1076,1074,-1,1065,1074,1066,-1,1066,1074,1068,-1,1088,1089,1090,-1,1090,1089,1091,-1,1092,1093,1094,-1,1094,1093,1095,-1,1094,1095,1090,-1,1090,1095,1088,-1,1091,1089,1096,-1,1096,1089,1097,-1,1096,1097,1098,-1,1098,1097,1099,-1,1098,1099,1100,-1,1098,1100,1101,-1,1101,1100,1102,-1,1101,1102,1103,-1,1103,1102,1104,-1,1103,1104,1105,-1,1105,1104,1106,-1,1105,1106,1107,-1,1107,1106,1108,-1,1107,1108,1109,-1,1109,1108,1110,-1,1109,1110,1111,-1,1111,1110,1112,-1,1111,1112,1113,-1,1113,1112,1114,-1,1113,1114,1115,-1,1115,1114,1116,-1,1115,1116,1117,-1,1117,1116,1118,-1,1117,1118,1119,-1,1119,1118,1120,-1,1119,1120,1121,-1,1121,1120,1093,-1,1121,1093,1092,-1,1097,1089,1095,-1,1095,1089,1088,-1,1099,1097,1095,-1,1095,1093,1099,-1,1099,1093,1120,-1,1099,1120,1118,-1,1118,1116,1099,-1,1099,1116,1114,-1,1099,1114,1112,-1,1102,1108,1104,-1,1104,1108,1106,-1,1112,1110,1099,-1,1099,1110,1108,-1,1099,1108,1100,-1,1100,1108,1102,-1,1122,1123,1124,-1,1124,1123,1125,-1,1126,1127,1128,-1,1128,1127,1129,-1,1128,1129,1124,-1,1124,1129,1122,-1,1125,1123,1130,-1,1130,1123,1131,-1,1130,1131,1132,-1,1132,1131,1133,-1,1132,1133,1134,-1,1132,1134,1135,-1,1135,1134,1136,-1,1135,1136,1137,-1,1137,1136,1138,-1,1137,1138,1139,-1,1139,1138,1140,-1,1139,1140,1141,-1,1141,1140,1142,-1,1141,1142,1143,-1,1143,1142,1144,-1,1143,1144,1145,-1,1145,1144,1146,-1,1145,1146,1147,-1,1147,1146,1148,-1,1147,1148,1149,-1,1149,1148,1150,-1,1149,1150,1151,-1,1151,1150,1152,-1,1151,1152,1153,-1,1153,1152,1154,-1,1153,1154,1155,-1,1155,1154,1127,-1,1155,1127,1126,-1,1131,1123,1129,-1,1129,1123,1122,-1,1133,1131,1129,-1,1129,1127,1133,-1,1133,1127,1154,-1,1133,1154,1152,-1,1152,1150,1133,-1,1133,1150,1148,-1,1133,1148,1146,-1,1136,1142,1138,-1,1138,1142,1140,-1,1146,1144,1133,-1,1133,1144,1142,-1,1133,1142,1134,-1,1134,1142,1136,-1,1156,1157,1158,-1,1158,1157,1159,-1,1160,1161,1162,-1,1162,1161,1163,-1,1162,1163,1158,-1,1158,1163,1156,-1,1159,1157,1164,-1,1164,1157,1165,-1,1164,1165,1166,-1,1166,1165,1167,-1,1166,1167,1168,-1,1166,1168,1169,-1,1169,1168,1170,-1,1169,1170,1171,-1,1171,1170,1172,-1,1171,1172,1173,-1,1173,1172,1174,-1,1173,1174,1175,-1,1175,1174,1176,-1,1175,1176,1177,-1,1177,1176,1178,-1,1177,1178,1179,-1,1179,1178,1180,-1,1179,1180,1181,-1,1181,1180,1182,-1,1181,1182,1183,-1,1183,1182,1184,-1,1183,1184,1185,-1,1185,1184,1186,-1,1185,1186,1187,-1,1187,1186,1188,-1,1187,1188,1189,-1,1189,1188,1161,-1,1189,1161,1160,-1,1165,1157,1163,-1,1163,1157,1156,-1,1167,1165,1163,-1,1163,1161,1167,-1,1167,1161,1188,-1,1167,1188,1186,-1,1186,1184,1167,-1,1167,1184,1182,-1,1167,1182,1180,-1,1170,1176,1172,-1,1172,1176,1174,-1,1180,1178,1167,-1,1167,1178,1176,-1,1167,1176,1168,-1,1168,1176,1170,-1,1190,1191,1192,-1,1192,1191,1193,-1,1194,1195,1196,-1,1196,1195,1197,-1,1196,1197,1192,-1,1192,1197,1190,-1,1193,1191,1198,-1,1198,1191,1199,-1,1198,1199,1200,-1,1200,1199,1201,-1,1200,1201,1202,-1,1200,1202,1203,-1,1203,1202,1204,-1,1203,1204,1205,-1,1205,1204,1206,-1,1205,1206,1207,-1,1207,1206,1208,-1,1207,1208,1209,-1,1209,1208,1210,-1,1209,1210,1211,-1,1211,1210,1212,-1,1211,1212,1213,-1,1213,1212,1214,-1,1213,1214,1215,-1,1215,1214,1216,-1,1215,1216,1217,-1,1217,1216,1218,-1,1217,1218,1219,-1,1219,1218,1220,-1,1219,1220,1221,-1,1221,1220,1222,-1,1221,1222,1223,-1,1223,1222,1195,-1,1223,1195,1194,-1,1199,1191,1197,-1,1197,1191,1190,-1,1201,1199,1197,-1,1197,1195,1201,-1,1201,1195,1222,-1,1201,1222,1220,-1,1220,1218,1201,-1,1201,1218,1216,-1,1201,1216,1214,-1,1206,1204,1208,-1,1208,1204,1210,-1,1214,1212,1201,-1,1201,1212,1210,-1,1201,1210,1202,-1,1202,1210,1204,-1,1224,1225,1226,-1,1226,1225,1227,-1,1228,1229,1230,-1,1230,1229,1231,-1,1230,1231,1226,-1,1226,1231,1224,-1,1227,1225,1232,-1,1232,1225,1233,-1,1232,1233,1234,-1,1234,1233,1235,-1,1234,1235,1236,-1,1234,1236,1237,-1,1237,1236,1238,-1,1237,1238,1239,-1,1239,1238,1240,-1,1239,1240,1241,-1,1241,1240,1242,-1,1241,1242,1243,-1,1243,1242,1244,-1,1243,1244,1245,-1,1245,1244,1246,-1,1245,1246,1247,-1,1247,1246,1248,-1,1247,1248,1249,-1,1249,1248,1250,-1,1249,1250,1251,-1,1251,1250,1252,-1,1251,1252,1253,-1,1253,1252,1254,-1,1253,1254,1255,-1,1255,1254,1256,-1,1255,1256,1257,-1,1257,1256,1229,-1,1257,1229,1228,-1,1233,1225,1231,-1,1231,1225,1224,-1,1235,1233,1231,-1,1231,1229,1235,-1,1235,1229,1256,-1,1235,1256,1254,-1,1248,1246,1235,-1,1235,1246,1244,-1,1235,1244,1242,-1,1254,1252,1235,-1,1235,1252,1250,-1,1235,1250,1248,-1,1242,1240,1235,-1,1235,1240,1238,-1,1235,1238,1236,-1,1258,1259,1260,-1,1260,1259,1261,-1,1262,1263,1264,-1,1264,1263,1265,-1,1264,1265,1260,-1,1260,1265,1258,-1,1261,1259,1266,-1,1266,1259,1267,-1,1266,1267,1268,-1,1268,1267,1269,-1,1268,1269,1270,-1,1268,1270,1271,-1,1271,1270,1272,-1,1271,1272,1273,-1,1273,1272,1274,-1,1273,1274,1275,-1,1275,1274,1276,-1,1275,1276,1277,-1,1277,1276,1278,-1,1277,1278,1279,-1,1279,1278,1280,-1,1279,1280,1281,-1,1281,1280,1282,-1,1281,1282,1283,-1,1283,1282,1284,-1,1283,1284,1285,-1,1285,1284,1286,-1,1285,1286,1287,-1,1287,1286,1288,-1,1287,1288,1289,-1,1289,1288,1290,-1,1289,1290,1291,-1,1291,1290,1263,-1,1291,1263,1262,-1,1267,1259,1265,-1,1265,1259,1258,-1,1269,1267,1265,-1,1265,1263,1269,-1,1269,1263,1290,-1,1269,1290,1288,-1,1282,1280,1269,-1,1269,1280,1278,-1,1269,1278,1276,-1,1288,1286,1269,-1,1269,1286,1284,-1,1269,1284,1282,-1,1276,1274,1269,-1,1269,1274,1272,-1,1269,1272,1270,-1,1292,1293,1294,-1,1294,1293,1295,-1,1296,1297,1298,-1,1298,1297,1299,-1,1298,1299,1294,-1,1294,1299,1292,-1,1295,1293,1300,-1,1300,1293,1301,-1,1300,1301,1302,-1,1302,1301,1303,-1,1302,1303,1304,-1,1302,1304,1305,-1,1305,1304,1306,-1,1305,1306,1307,-1,1307,1306,1308,-1,1307,1308,1309,-1,1309,1308,1310,-1,1309,1310,1311,-1,1311,1310,1312,-1,1311,1312,1313,-1,1313,1312,1314,-1,1313,1314,1315,-1,1315,1314,1316,-1,1315,1316,1317,-1,1317,1316,1318,-1,1317,1318,1319,-1,1319,1318,1320,-1,1319,1320,1321,-1,1321,1320,1322,-1,1321,1322,1323,-1,1323,1322,1324,-1,1323,1324,1325,-1,1325,1324,1297,-1,1325,1297,1296,-1,1301,1293,1299,-1,1299,1293,1292,-1,1303,1301,1299,-1,1299,1297,1303,-1,1303,1297,1324,-1,1303,1324,1322,-1,1322,1320,1303,-1,1303,1320,1318,-1,1303,1318,1316,-1,1306,1312,1308,-1,1308,1312,1310,-1,1316,1314,1303,-1,1303,1314,1312,-1,1303,1312,1304,-1,1304,1312,1306,-1,1326,1327,1328,-1,1328,1327,1329,-1,1330,1331,1332,-1,1332,1331,1333,-1,1332,1333,1328,-1,1328,1333,1326,-1,1329,1327,1334,-1,1334,1327,1335,-1,1334,1335,1336,-1,1336,1335,1337,-1,1336,1337,1338,-1,1336,1338,1339,-1,1339,1338,1340,-1,1339,1340,1341,-1,1341,1340,1342,-1,1341,1342,1343,-1,1343,1342,1344,-1,1343,1344,1345,-1,1345,1344,1346,-1,1345,1346,1347,-1,1347,1346,1348,-1,1347,1348,1349,-1,1349,1348,1350,-1,1349,1350,1351,-1,1351,1350,1352,-1,1351,1352,1353,-1,1353,1352,1354,-1,1353,1354,1355,-1,1355,1354,1356,-1,1355,1356,1357,-1,1357,1356,1358,-1,1357,1358,1359,-1,1359,1358,1331,-1,1359,1331,1330,-1,1335,1327,1333,-1,1333,1327,1326,-1,1335,1333,1337,-1,1337,1333,1331,-1,1337,1331,1338,-1,1338,1331,1340,-1,1358,1350,1331,-1,1331,1350,1348,-1,1331,1348,1346,-1,1358,1356,1350,-1,1350,1356,1354,-1,1350,1354,1352,-1,1346,1344,1331,-1,1331,1344,1342,-1,1331,1342,1340,-1,1360,1361,1362,-1,1362,1361,1363,-1,1364,1365,1366,-1,1366,1365,1367,-1,1366,1367,1362,-1,1362,1367,1360,-1,1363,1361,1368,-1,1368,1361,1369,-1,1368,1369,1370,-1,1370,1369,1371,-1,1370,1371,1372,-1,1370,1372,1373,-1,1373,1372,1374,-1,1373,1374,1375,-1,1375,1374,1376,-1,1375,1376,1377,-1,1377,1376,1378,-1,1377,1378,1379,-1,1379,1378,1380,-1,1379,1380,1381,-1,1381,1380,1382,-1,1381,1382,1383,-1,1383,1382,1384,-1,1383,1384,1385,-1,1385,1384,1386,-1,1385,1386,1387,-1,1387,1386,1388,-1,1387,1388,1389,-1,1389,1388,1390,-1,1389,1390,1391,-1,1391,1390,1392,-1,1391,1392,1393,-1,1393,1392,1365,-1,1393,1365,1364,-1,1369,1361,1367,-1,1367,1361,1360,-1,1392,1384,1365,-1,1365,1384,1382,-1,1365,1382,1380,-1,1369,1367,1371,-1,1371,1367,1365,-1,1371,1365,1372,-1,1372,1365,1374,-1,1380,1378,1365,-1,1365,1378,1376,-1,1365,1376,1374,-1,1392,1390,1384,-1,1384,1390,1388,-1,1384,1388,1386,-1,1394,1395,1396,-1,1396,1395,1397,-1,1398,1399,1400,-1,1400,1399,1401,-1,1400,1401,1396,-1,1396,1401,1394,-1,1397,1395,1402,-1,1402,1395,1403,-1,1402,1403,1404,-1,1404,1403,1405,-1,1404,1405,1406,-1,1404,1406,1407,-1,1407,1406,1408,-1,1407,1408,1409,-1,1409,1408,1410,-1,1409,1410,1411,-1,1411,1410,1412,-1,1411,1412,1413,-1,1413,1412,1414,-1,1413,1414,1415,-1,1415,1414,1416,-1,1415,1416,1417,-1,1417,1416,1418,-1,1417,1418,1419,-1,1419,1418,1420,-1,1419,1420,1421,-1,1421,1420,1422,-1,1421,1422,1423,-1,1423,1422,1424,-1,1423,1424,1425,-1,1425,1424,1426,-1,1425,1426,1427,-1,1427,1426,1399,-1,1427,1399,1398,-1,1403,1395,1401,-1,1401,1395,1394,-1,1426,1418,1399,-1,1399,1418,1416,-1,1399,1416,1414,-1,1403,1401,1405,-1,1405,1401,1399,-1,1405,1399,1406,-1,1406,1399,1408,-1,1414,1412,1399,-1,1399,1412,1410,-1,1399,1410,1408,-1,1426,1424,1418,-1,1418,1424,1422,-1,1418,1422,1420,-1,1428,1429,1430,-1,1430,1429,1431,-1,1432,1433,1434,-1,1434,1433,1435,-1,1434,1435,1430,-1,1430,1435,1428,-1,1431,1429,1436,-1,1436,1429,1437,-1,1436,1437,1438,-1,1438,1437,1439,-1,1438,1439,1440,-1,1438,1440,1441,-1,1441,1440,1442,-1,1441,1442,1443,-1,1443,1442,1444,-1,1443,1444,1445,-1,1445,1444,1446,-1,1445,1446,1447,-1,1447,1446,1448,-1,1447,1448,1449,-1,1449,1448,1450,-1,1449,1450,1451,-1,1451,1450,1452,-1,1451,1452,1453,-1,1453,1452,1454,-1,1453,1454,1455,-1,1455,1454,1456,-1,1455,1456,1457,-1,1457,1456,1458,-1,1457,1458,1459,-1,1459,1458,1460,-1,1459,1460,1461,-1,1461,1460,1433,-1,1461,1433,1432,-1,1437,1429,1435,-1,1435,1429,1428,-1,1460,1452,1433,-1,1433,1452,1450,-1,1433,1450,1448,-1,1437,1435,1439,-1,1439,1435,1433,-1,1439,1433,1440,-1,1440,1433,1442,-1,1448,1446,1433,-1,1433,1446,1444,-1,1433,1444,1442,-1,1460,1458,1452,-1,1452,1458,1456,-1,1452,1456,1454,-1,1462,1463,1464,-1,1464,1463,1465,-1,1466,1467,1468,-1,1468,1467,1469,-1,1468,1469,1464,-1,1464,1469,1462,-1,1465,1463,1470,-1,1470,1463,1471,-1,1470,1471,1472,-1,1472,1471,1473,-1,1472,1473,1474,-1,1472,1474,1475,-1,1475,1474,1476,-1,1475,1476,1477,-1,1477,1476,1478,-1,1477,1478,1479,-1,1479,1478,1480,-1,1479,1480,1481,-1,1481,1480,1482,-1,1481,1482,1483,-1,1483,1482,1484,-1,1483,1484,1485,-1,1485,1484,1486,-1,1485,1486,1487,-1,1487,1486,1488,-1,1487,1488,1489,-1,1489,1488,1490,-1,1489,1490,1491,-1,1491,1490,1492,-1,1491,1492,1493,-1,1493,1492,1494,-1,1493,1494,1495,-1,1495,1494,1467,-1,1495,1467,1466,-1,1471,1463,1469,-1,1469,1463,1462,-1,1473,1471,1469,-1,1469,1467,1473,-1,1473,1467,1494,-1,1473,1494,1492,-1,1492,1490,1473,-1,1473,1490,1488,-1,1473,1488,1486,-1,1476,1482,1478,-1,1478,1482,1480,-1,1486,1484,1473,-1,1473,1484,1482,-1,1473,1482,1474,-1,1474,1482,1476,-1,1496,1497,1498,-1,1498,1497,1499,-1,1500,1501,1502,-1,1502,1501,1503,-1,1502,1503,1498,-1,1498,1503,1496,-1,1499,1497,1504,-1,1504,1497,1505,-1,1504,1505,1506,-1,1506,1505,1507,-1,1506,1507,1508,-1,1506,1508,1509,-1,1509,1508,1510,-1,1509,1510,1511,-1,1511,1510,1512,-1,1511,1512,1513,-1,1513,1512,1514,-1,1513,1514,1515,-1,1515,1514,1516,-1,1515,1516,1517,-1,1517,1516,1518,-1,1517,1518,1519,-1,1519,1518,1520,-1,1519,1520,1521,-1,1521,1520,1522,-1,1521,1522,1523,-1,1523,1522,1524,-1,1523,1524,1525,-1,1525,1524,1526,-1,1525,1526,1527,-1,1527,1526,1528,-1,1527,1528,1529,-1,1529,1528,1501,-1,1529,1501,1500,-1,1505,1497,1503,-1,1503,1497,1496,-1,1507,1505,1503,-1,1503,1501,1507,-1,1507,1501,1528,-1,1507,1528,1526,-1,1526,1524,1507,-1,1507,1524,1522,-1,1507,1522,1520,-1,1510,1516,1512,-1,1512,1516,1514,-1,1520,1518,1507,-1,1507,1518,1516,-1,1507,1516,1508,-1,1508,1516,1510,-1,1530,1531,1532,-1,1532,1531,1533,-1,1534,1535,1536,-1,1536,1535,1537,-1,1536,1537,1532,-1,1532,1537,1530,-1,1533,1531,1538,-1,1538,1531,1539,-1,1538,1539,1540,-1,1540,1539,1541,-1,1540,1541,1542,-1,1540,1542,1543,-1,1543,1542,1544,-1,1543,1544,1545,-1,1545,1544,1546,-1,1545,1546,1547,-1,1547,1546,1548,-1,1547,1548,1549,-1,1549,1548,1550,-1,1549,1550,1551,-1,1551,1550,1552,-1,1551,1552,1553,-1,1553,1552,1554,-1,1553,1554,1555,-1,1555,1554,1556,-1,1555,1556,1557,-1,1557,1556,1558,-1,1557,1558,1559,-1,1559,1558,1560,-1,1559,1560,1561,-1,1561,1560,1562,-1,1561,1562,1563,-1,1563,1562,1535,-1,1563,1535,1534,-1,1539,1531,1537,-1,1537,1531,1530,-1,1541,1539,1537,-1,1537,1535,1541,-1,1541,1535,1562,-1,1541,1562,1560,-1,1560,1558,1541,-1,1541,1558,1556,-1,1541,1556,1554,-1,1544,1550,1546,-1,1546,1550,1548,-1,1554,1552,1541,-1,1541,1552,1550,-1,1541,1550,1542,-1,1542,1550,1544,-1,1564,1565,1566,-1,1566,1565,1567,-1,1568,1569,1570,-1,1570,1569,1571,-1,1570,1571,1566,-1,1566,1571,1564,-1,1567,1565,1572,-1,1572,1565,1573,-1,1572,1573,1574,-1,1574,1573,1575,-1,1574,1575,1576,-1,1574,1576,1577,-1,1577,1576,1578,-1,1577,1578,1579,-1,1579,1578,1580,-1,1579,1580,1581,-1,1581,1580,1582,-1,1581,1582,1583,-1,1583,1582,1584,-1,1583,1584,1585,-1,1585,1584,1586,-1,1585,1586,1587,-1,1587,1586,1588,-1,1587,1588,1589,-1,1589,1588,1590,-1,1589,1590,1591,-1,1591,1590,1592,-1,1591,1592,1593,-1,1593,1592,1594,-1,1593,1594,1595,-1,1595,1594,1596,-1,1595,1596,1597,-1,1597,1596,1569,-1,1597,1569,1568,-1,1573,1565,1571,-1,1571,1565,1564,-1,1575,1573,1571,-1,1571,1569,1575,-1,1575,1569,1596,-1,1575,1596,1594,-1,1594,1592,1575,-1,1575,1592,1590,-1,1575,1590,1588,-1,1578,1584,1580,-1,1580,1584,1582,-1,1588,1586,1575,-1,1575,1586,1584,-1,1575,1584,1576,-1,1576,1584,1578,-1,1598,1599,1600,-1,1600,1599,1601,-1,1602,1603,1604,-1,1604,1603,1605,-1,1604,1605,1600,-1,1600,1605,1598,-1,1601,1599,1606,-1,1606,1599,1607,-1,1606,1607,1608,-1,1608,1607,1609,-1,1608,1609,1610,-1,1608,1610,1611,-1,1611,1610,1612,-1,1611,1612,1613,-1,1613,1612,1614,-1,1613,1614,1615,-1,1615,1614,1616,-1,1615,1616,1617,-1,1617,1616,1618,-1,1617,1618,1619,-1,1619,1618,1620,-1,1619,1620,1621,-1,1621,1620,1622,-1,1621,1622,1623,-1,1623,1622,1624,-1,1623,1624,1625,-1,1625,1624,1626,-1,1625,1626,1627,-1,1627,1626,1628,-1,1627,1628,1629,-1,1629,1628,1630,-1,1629,1630,1631,-1,1631,1630,1603,-1,1631,1603,1602,-1,1607,1599,1605,-1,1605,1599,1598,-1,1609,1607,1605,-1,1605,1603,1609,-1,1609,1603,1630,-1,1609,1630,1628,-1,1622,1620,1609,-1,1609,1620,1618,-1,1609,1618,1616,-1,1628,1626,1609,-1,1609,1626,1624,-1,1609,1624,1622,-1,1616,1614,1609,-1,1609,1614,1612,-1,1609,1612,1610,-1,1632,1633,1634,-1,1634,1633,1635,-1,1636,1637,1638,-1,1638,1637,1639,-1,1638,1639,1634,-1,1634,1639,1632,-1,1635,1633,1640,-1,1640,1633,1641,-1,1640,1641,1642,-1,1642,1641,1643,-1,1642,1643,1644,-1,1642,1644,1645,-1,1645,1644,1646,-1,1645,1646,1647,-1,1647,1646,1648,-1,1647,1648,1649,-1,1649,1648,1650,-1,1649,1650,1651,-1,1651,1650,1652,-1,1651,1652,1653,-1,1653,1652,1654,-1,1653,1654,1655,-1,1655,1654,1656,-1,1655,1656,1657,-1,1657,1656,1658,-1,1657,1658,1659,-1,1659,1658,1660,-1,1659,1660,1661,-1,1661,1660,1662,-1,1661,1662,1663,-1,1663,1662,1664,-1,1663,1664,1665,-1,1665,1664,1637,-1,1665,1637,1636,-1,1641,1633,1639,-1,1639,1633,1632,-1,1643,1641,1639,-1,1639,1637,1643,-1,1643,1637,1664,-1,1643,1664,1662,-1,1656,1654,1643,-1,1643,1654,1652,-1,1643,1652,1650,-1,1662,1660,1643,-1,1643,1660,1658,-1,1643,1658,1656,-1,1650,1648,1643,-1,1643,1648,1646,-1,1643,1646,1644,-1,1666,1667,1668,-1,1668,1667,1669,-1,1670,1671,1672,-1,1672,1671,1673,-1,1672,1673,1668,-1,1668,1673,1666,-1,1669,1667,1674,-1,1674,1667,1675,-1,1674,1675,1676,-1,1676,1675,1677,-1,1676,1677,1678,-1,1676,1678,1679,-1,1679,1678,1680,-1,1679,1680,1681,-1,1681,1680,1682,-1,1681,1682,1683,-1,1683,1682,1684,-1,1683,1684,1685,-1,1685,1684,1686,-1,1685,1686,1687,-1,1687,1686,1688,-1,1687,1688,1689,-1,1689,1688,1690,-1,1689,1690,1691,-1,1691,1690,1692,-1,1691,1692,1693,-1,1693,1692,1694,-1,1693,1694,1695,-1,1695,1694,1696,-1,1695,1696,1697,-1,1697,1696,1698,-1,1697,1698,1699,-1,1699,1698,1671,-1,1699,1671,1670,-1,1675,1667,1673,-1,1673,1667,1666,-1,1677,1675,1673,-1,1673,1671,1677,-1,1677,1671,1698,-1,1677,1698,1696,-1,1690,1688,1677,-1,1677,1688,1686,-1,1677,1686,1684,-1,1696,1694,1677,-1,1677,1694,1692,-1,1677,1692,1690,-1,1684,1682,1677,-1,1677,1682,1680,-1,1677,1680,1678,-1,1700,1701,1702,-1,1702,1701,1703,-1,1704,1705,1706,-1,1706,1705,1707,-1,1706,1707,1702,-1,1702,1707,1700,-1,1703,1701,1708,-1,1708,1701,1709,-1,1708,1709,1710,-1,1710,1709,1711,-1,1710,1711,1712,-1,1710,1712,1713,-1,1713,1712,1714,-1,1713,1714,1715,-1,1715,1714,1716,-1,1715,1716,1717,-1,1717,1716,1718,-1,1717,1718,1719,-1,1719,1718,1720,-1,1719,1720,1721,-1,1721,1720,1722,-1,1721,1722,1723,-1,1723,1722,1724,-1,1723,1724,1725,-1,1725,1724,1726,-1,1725,1726,1727,-1,1727,1726,1728,-1,1727,1728,1729,-1,1729,1728,1730,-1,1729,1730,1731,-1,1731,1730,1732,-1,1731,1732,1733,-1,1733,1732,1705,-1,1733,1705,1704,-1,1709,1701,1707,-1,1707,1701,1700,-1,1711,1709,1707,-1,1707,1705,1711,-1,1711,1705,1732,-1,1711,1732,1730,-1,1730,1728,1711,-1,1711,1728,1726,-1,1711,1726,1724,-1,1714,1720,1716,-1,1716,1720,1718,-1,1724,1722,1711,-1,1711,1722,1720,-1,1711,1720,1712,-1,1712,1720,1714,-1,1734,1735,1736,-1,1736,1735,1737,-1,1738,1739,1740,-1,1740,1739,1741,-1,1740,1741,1736,-1,1736,1741,1734,-1,1737,1735,1742,-1,1742,1735,1743,-1,1742,1743,1744,-1,1744,1743,1745,-1,1744,1745,1746,-1,1744,1746,1747,-1,1747,1746,1748,-1,1747,1748,1749,-1,1749,1748,1750,-1,1749,1750,1751,-1,1751,1750,1752,-1,1751,1752,1753,-1,1753,1752,1754,-1,1753,1754,1755,-1,1755,1754,1756,-1,1755,1756,1757,-1,1757,1756,1758,-1,1757,1758,1759,-1,1759,1758,1760,-1,1759,1760,1761,-1,1761,1760,1762,-1,1761,1762,1763,-1,1763,1762,1764,-1,1763,1764,1765,-1,1765,1764,1766,-1,1765,1766,1767,-1,1767,1766,1739,-1,1767,1739,1738,-1,1743,1735,1741,-1,1741,1735,1734,-1,1745,1743,1741,-1,1741,1739,1745,-1,1745,1739,1766,-1,1745,1766,1764,-1,1764,1762,1745,-1,1745,1762,1760,-1,1745,1760,1758,-1,1748,1754,1750,-1,1750,1754,1752,-1,1758,1756,1745,-1,1745,1756,1754,-1,1745,1754,1746,-1,1746,1754,1748,-1,1768,1769,1770,-1,1770,1769,1771,-1,1772,1773,1774,-1,1774,1773,1775,-1,1774,1775,1770,-1,1770,1775,1768,-1,1771,1769,1776,-1,1776,1769,1777,-1,1776,1777,1778,-1,1778,1777,1779,-1,1778,1779,1780,-1,1778,1780,1781,-1,1781,1780,1782,-1,1781,1782,1783,-1,1783,1782,1784,-1,1783,1784,1785,-1,1785,1784,1786,-1,1785,1786,1787,-1,1787,1786,1788,-1,1787,1788,1789,-1,1789,1788,1790,-1,1789,1790,1791,-1,1791,1790,1792,-1,1791,1792,1793,-1,1793,1792,1794,-1,1793,1794,1795,-1,1795,1794,1796,-1,1795,1796,1797,-1,1797,1796,1798,-1,1797,1798,1799,-1,1799,1798,1800,-1,1799,1800,1801,-1,1801,1800,1773,-1,1801,1773,1772,-1,1777,1769,1775,-1,1775,1769,1768,-1,1777,1775,1779,-1,1779,1775,1773,-1,1779,1773,1780,-1,1780,1773,1782,-1,1800,1792,1773,-1,1773,1792,1790,-1,1773,1790,1788,-1,1800,1798,1792,-1,1792,1798,1796,-1,1792,1796,1794,-1,1788,1786,1773,-1,1773,1786,1784,-1,1773,1784,1782,-1,1802,1803,1804,-1,1804,1803,1805,-1,1806,1807,1808,-1,1808,1807,1809,-1,1808,1809,1804,-1,1804,1809,1802,-1,1805,1803,1810,-1,1810,1803,1811,-1,1810,1811,1812,-1,1812,1811,1813,-1,1812,1813,1814,-1,1812,1814,1815,-1,1815,1814,1816,-1,1815,1816,1817,-1,1817,1816,1818,-1,1817,1818,1819,-1,1819,1818,1820,-1,1819,1820,1821,-1,1821,1820,1822,-1,1821,1822,1823,-1,1823,1822,1824,-1,1823,1824,1825,-1,1825,1824,1826,-1,1825,1826,1827,-1,1827,1826,1828,-1,1827,1828,1829,-1,1829,1828,1830,-1,1829,1830,1831,-1,1831,1830,1832,-1,1831,1832,1833,-1,1833,1832,1834,-1,1833,1834,1835,-1,1835,1834,1807,-1,1835,1807,1806,-1,1811,1803,1809,-1,1809,1803,1802,-1,1811,1809,1813,-1,1813,1809,1807,-1,1807,1834,1813,-1,1813,1834,1832,-1,1813,1832,1830,-1,1816,1822,1818,-1,1818,1822,1820,-1,1816,1814,1822,-1,1822,1814,1813,-1,1822,1813,1824,-1,1830,1828,1813,-1,1813,1828,1826,-1,1813,1826,1824,-1,1836,1837,1838,-1,1838,1837,1839,-1,1840,1841,1842,-1,1842,1841,1843,-1,1842,1843,1838,-1,1838,1843,1836,-1,1839,1837,1844,-1,1844,1837,1845,-1,1844,1845,1846,-1,1846,1845,1847,-1,1846,1847,1848,-1,1846,1848,1849,-1,1849,1848,1850,-1,1849,1850,1851,-1,1851,1850,1852,-1,1851,1852,1853,-1,1853,1852,1854,-1,1853,1854,1855,-1,1855,1854,1856,-1,1855,1856,1857,-1,1857,1856,1858,-1,1857,1858,1859,-1,1859,1858,1860,-1,1859,1860,1861,-1,1861,1860,1862,-1,1861,1862,1863,-1,1863,1862,1864,-1,1863,1864,1865,-1,1865,1864,1866,-1,1865,1866,1867,-1,1867,1866,1868,-1,1867,1868,1869,-1,1869,1868,1841,-1,1869,1841,1840,-1,1845,1837,1843,-1,1843,1837,1836,-1,1845,1843,1847,-1,1847,1843,1841,-1,1841,1868,1847,-1,1847,1868,1866,-1,1847,1866,1864,-1,1858,1856,1847,-1,1847,1856,1854,-1,1854,1852,1847,-1,1847,1852,1850,-1,1847,1850,1848,-1,1864,1862,1847,-1,1847,1862,1860,-1,1847,1860,1858,-1,1870,1871,1872,-1,1872,1871,1873,-1,1874,1875,1876,-1,1876,1875,1877,-1,1876,1877,1872,-1,1872,1877,1870,-1,1873,1871,1878,-1,1878,1871,1879,-1,1878,1879,1880,-1,1880,1879,1881,-1,1880,1881,1882,-1,1880,1882,1883,-1,1883,1882,1884,-1,1883,1884,1885,-1,1885,1884,1886,-1,1885,1886,1887,-1,1887,1886,1888,-1,1887,1888,1889,-1,1889,1888,1890,-1,1889,1890,1891,-1,1891,1890,1892,-1,1891,1892,1893,-1,1893,1892,1894,-1,1893,1894,1895,-1,1895,1894,1896,-1,1895,1896,1897,-1,1897,1896,1898,-1,1897,1898,1899,-1,1899,1898,1900,-1,1899,1900,1901,-1,1901,1900,1902,-1,1901,1902,1903,-1,1903,1902,1875,-1,1903,1875,1874,-1,1879,1871,1877,-1,1877,1871,1870,-1,1881,1879,1877,-1,1877,1875,1881,-1,1881,1875,1902,-1,1881,1902,1900,-1,1900,1898,1881,-1,1881,1898,1896,-1,1881,1896,1894,-1,1884,1890,1886,-1,1886,1890,1888,-1,1894,1892,1881,-1,1881,1892,1890,-1,1881,1890,1882,-1,1882,1890,1884,-1,1904,1905,1906,-1,1906,1905,1907,-1,1908,1909,1910,-1,1910,1909,1911,-1,1910,1911,1906,-1,1906,1911,1904,-1,1907,1905,1912,-1,1912,1905,1913,-1,1912,1913,1914,-1,1914,1913,1915,-1,1914,1915,1916,-1,1914,1916,1917,-1,1917,1916,1918,-1,1917,1918,1919,-1,1919,1918,1920,-1,1919,1920,1921,-1,1921,1920,1922,-1,1921,1922,1923,-1,1923,1922,1924,-1,1923,1924,1925,-1,1925,1924,1926,-1,1925,1926,1927,-1,1927,1926,1928,-1,1927,1928,1929,-1,1929,1928,1930,-1,1929,1930,1931,-1,1931,1930,1932,-1,1931,1932,1933,-1,1933,1932,1934,-1,1933,1934,1935,-1,1935,1934,1936,-1,1935,1936,1937,-1,1937,1936,1909,-1,1937,1909,1908,-1,1913,1905,1911,-1,1911,1905,1904,-1,1915,1913,1911,-1,1911,1909,1915,-1,1915,1909,1936,-1,1915,1936,1934,-1,1934,1932,1915,-1,1915,1932,1930,-1,1915,1930,1928,-1,1918,1924,1920,-1,1920,1924,1922,-1,1928,1926,1915,-1,1915,1926,1924,-1,1915,1924,1916,-1,1916,1924,1918,-1,1938,1939,1940,-1,1940,1939,1941,-1,1942,1943,1944,-1,1944,1943,1945,-1,1944,1945,1940,-1,1940,1945,1938,-1,1941,1939,1946,-1,1946,1939,1947,-1,1946,1947,1948,-1,1948,1947,1949,-1,1948,1949,1950,-1,1948,1950,1951,-1,1951,1950,1952,-1,1951,1952,1953,-1,1953,1952,1954,-1,1953,1954,1955,-1,1955,1954,1956,-1,1955,1956,1957,-1,1957,1956,1958,-1,1957,1958,1959,-1,1959,1958,1960,-1,1959,1960,1961,-1,1961,1960,1962,-1,1961,1962,1963,-1,1963,1962,1964,-1,1963,1964,1965,-1,1965,1964,1966,-1,1965,1966,1967,-1,1967,1966,1968,-1,1967,1968,1969,-1,1969,1968,1970,-1,1969,1970,1971,-1,1971,1970,1943,-1,1971,1943,1942,-1,1947,1939,1945,-1,1945,1939,1938,-1,1949,1947,1945,-1,1945,1943,1949,-1,1949,1943,1970,-1,1949,1970,1968,-1,1968,1966,1949,-1,1949,1966,1964,-1,1949,1964,1962,-1,1952,1958,1954,-1,1954,1958,1956,-1,1962,1960,1949,-1,1949,1960,1958,-1,1949,1958,1950,-1,1950,1958,1952,-1,1972,1973,1974,-1,1974,1973,1975,-1,1976,1977,1978,-1,1978,1977,1979,-1,1978,1979,1974,-1,1974,1979,1972,-1,1975,1973,1980,-1,1980,1973,1981,-1,1980,1981,1982,-1,1982,1981,1983,-1,1982,1983,1984,-1,1982,1984,1985,-1,1985,1984,1986,-1,1985,1986,1987,-1,1987,1986,1988,-1,1987,1988,1989,-1,1989,1988,1990,-1,1989,1990,1991,-1,1991,1990,1992,-1,1991,1992,1993,-1,1993,1992,1994,-1,1993,1994,1995,-1,1995,1994,1996,-1,1995,1996,1997,-1,1997,1996,1998,-1,1997,1998,1999,-1,1999,1998,2000,-1,1999,2000,2001,-1,2001,2000,2002,-1,2001,2002,2003,-1,2003,2002,2004,-1,2003,2004,2005,-1,2005,2004,1977,-1,2005,1977,1976,-1,1981,1973,1979,-1,1979,1973,1972,-1,1983,1981,1979,-1,1979,1977,1983,-1,1983,1977,2004,-1,1983,2004,2002,-1,2002,2000,1983,-1,1983,2000,1998,-1,1983,1998,1996,-1,1986,1992,1988,-1,1988,1992,1990,-1,1996,1994,1983,-1,1983,1994,1992,-1,1983,1992,1984,-1,1984,1992,1986,-1,2006,2007,2008,-1,2008,2007,2009,-1,2010,2011,2012,-1,2012,2011,2013,-1,2012,2013,2008,-1,2008,2013,2006,-1,2009,2007,2014,-1,2014,2007,2015,-1,2014,2015,2016,-1,2016,2015,2017,-1,2016,2017,2018,-1,2016,2018,2019,-1,2019,2018,2020,-1,2019,2020,2021,-1,2021,2020,2022,-1,2021,2022,2023,-1,2023,2022,2024,-1,2023,2024,2025,-1,2025,2024,2026,-1,2025,2026,2027,-1,2027,2026,2028,-1,2027,2028,2029,-1,2029,2028,2030,-1,2029,2030,2031,-1,2031,2030,2032,-1,2031,2032,2033,-1,2033,2032,2034,-1,2033,2034,2035,-1,2035,2034,2036,-1,2035,2036,2037,-1,2037,2036,2038,-1,2037,2038,2039,-1,2039,2038,2011,-1,2039,2011,2010,-1,2015,2007,2013,-1,2013,2007,2006,-1,2017,2015,2013,-1,2013,2011,2017,-1,2017,2011,2038,-1,2017,2038,2036,-1,2036,2034,2017,-1,2017,2034,2032,-1,2017,2032,2030,-1,2020,2026,2022,-1,2022,2026,2024,-1,2030,2028,2017,-1,2017,2028,2026,-1,2017,2026,2018,-1,2018,2026,2020,-1,2040,2041,2042,-1,2042,2041,2043,-1,2044,2045,2046,-1,2046,2045,2047,-1,2046,2047,2042,-1,2042,2047,2040,-1,2043,2041,2048,-1,2048,2041,2049,-1,2048,2049,2050,-1,2050,2049,2051,-1,2050,2051,2052,-1,2050,2052,2053,-1,2053,2052,2054,-1,2053,2054,2055,-1,2055,2054,2056,-1,2055,2056,2057,-1,2057,2056,2058,-1,2057,2058,2059,-1,2059,2058,2060,-1,2059,2060,2061,-1,2061,2060,2062,-1,2061,2062,2063,-1,2063,2062,2064,-1,2063,2064,2065,-1,2065,2064,2066,-1,2065,2066,2067,-1,2067,2066,2068,-1,2067,2068,2069,-1,2069,2068,2070,-1,2069,2070,2071,-1,2071,2070,2072,-1,2071,2072,2073,-1,2073,2072,2045,-1,2073,2045,2044,-1,2049,2041,2047,-1,2047,2041,2040,-1,2051,2049,2047,-1,2047,2045,2051,-1,2051,2045,2072,-1,2051,2072,2070,-1,2070,2068,2051,-1,2051,2068,2066,-1,2051,2066,2064,-1,2056,2054,2058,-1,2058,2054,2060,-1,2064,2062,2051,-1,2051,2062,2060,-1,2051,2060,2052,-1,2052,2060,2054,-1,2074,2075,2076,-1,2076,2075,2077,-1,2078,2079,2080,-1,2080,2079,2081,-1,2080,2081,2076,-1,2076,2081,2074,-1,2077,2075,2082,-1,2082,2075,2083,-1,2082,2083,2084,-1,2084,2083,2085,-1,2084,2085,2086,-1,2084,2086,2087,-1,2087,2086,2088,-1,2087,2088,2089,-1,2089,2088,2090,-1,2089,2090,2091,-1,2091,2090,2092,-1,2091,2092,2093,-1,2093,2092,2094,-1,2093,2094,2095,-1,2095,2094,2096,-1,2095,2096,2097,-1,2097,2096,2098,-1,2097,2098,2099,-1,2099,2098,2100,-1,2099,2100,2101,-1,2101,2100,2102,-1,2101,2102,2103,-1,2103,2102,2104,-1,2103,2104,2105,-1,2105,2104,2106,-1,2105,2106,2107,-1,2107,2106,2079,-1,2107,2079,2078,-1,2083,2075,2081,-1,2081,2075,2074,-1,2085,2083,2081,-1,2081,2079,2085,-1,2085,2079,2106,-1,2085,2106,2104,-1,2098,2096,2085,-1,2085,2096,2094,-1,2085,2094,2092,-1,2104,2102,2085,-1,2085,2102,2100,-1,2085,2100,2098,-1,2092,2090,2085,-1,2085,2090,2088,-1,2085,2088,2086,-1,2108,2109,2110,-1,2110,2109,2111,-1,2112,2113,2114,-1,2114,2113,2115,-1,2114,2115,2110,-1,2110,2115,2108,-1,2111,2109,2116,-1,2116,2109,2117,-1,2116,2117,2118,-1,2118,2117,2119,-1,2118,2119,2120,-1,2118,2120,2121,-1,2121,2120,2122,-1,2121,2122,2123,-1,2123,2122,2124,-1,2123,2124,2125,-1,2125,2124,2126,-1,2125,2126,2127,-1,2127,2126,2128,-1,2127,2128,2129,-1,2129,2128,2130,-1,2129,2130,2131,-1,2131,2130,2132,-1,2131,2132,2133,-1,2133,2132,2134,-1,2133,2134,2135,-1,2135,2134,2136,-1,2135,2136,2137,-1,2137,2136,2138,-1,2137,2138,2139,-1,2139,2138,2140,-1,2139,2140,2141,-1,2141,2140,2113,-1,2141,2113,2112,-1,2117,2109,2115,-1,2115,2109,2108,-1,2119,2117,2115,-1,2115,2113,2119,-1,2119,2113,2140,-1,2119,2140,2138,-1,2132,2130,2119,-1,2119,2130,2128,-1,2119,2128,2126,-1,2138,2136,2119,-1,2119,2136,2134,-1,2119,2134,2132,-1,2126,2124,2119,-1,2119,2124,2122,-1,2119,2122,2120,-1,2142,2143,2144,-1,2144,2143,2145,-1,2146,2147,2148,-1,2148,2147,2149,-1,2148,2149,2144,-1,2144,2149,2142,-1,2145,2143,2150,-1,2150,2143,2151,-1,2150,2151,2152,-1,2152,2151,2153,-1,2152,2153,2154,-1,2152,2154,2155,-1,2155,2154,2156,-1,2155,2156,2157,-1,2157,2156,2158,-1,2157,2158,2159,-1,2159,2158,2160,-1,2159,2160,2161,-1,2161,2160,2162,-1,2161,2162,2163,-1,2163,2162,2164,-1,2163,2164,2165,-1,2165,2164,2166,-1,2165,2166,2167,-1,2167,2166,2168,-1,2167,2168,2169,-1,2169,2168,2170,-1,2169,2170,2171,-1,2171,2170,2172,-1,2171,2172,2173,-1,2173,2172,2174,-1,2173,2174,2175,-1,2175,2174,2147,-1,2175,2147,2146,-1,2151,2143,2149,-1,2149,2143,2142,-1,2153,2151,2149,-1,2149,2147,2153,-1,2153,2147,2174,-1,2153,2174,2172,-1,2172,2170,2153,-1,2153,2170,2168,-1,2153,2168,2166,-1,2156,2162,2158,-1,2158,2162,2160,-1,2166,2164,2153,-1,2153,2164,2162,-1,2153,2162,2154,-1,2154,2162,2156,-1,2176,2177,2178,-1,2178,2177,2179,-1,2180,2181,2182,-1,2182,2181,2183,-1,2182,2183,2178,-1,2178,2183,2176,-1,2179,2177,2184,-1,2184,2177,2185,-1,2184,2185,2186,-1,2186,2185,2187,-1,2186,2187,2188,-1,2186,2188,2189,-1,2189,2188,2190,-1,2189,2190,2191,-1,2191,2190,2192,-1,2191,2192,2193,-1,2193,2192,2194,-1,2193,2194,2195,-1,2195,2194,2196,-1,2195,2196,2197,-1,2197,2196,2198,-1,2197,2198,2199,-1,2199,2198,2200,-1,2199,2200,2201,-1,2201,2200,2202,-1,2201,2202,2203,-1,2203,2202,2204,-1,2203,2204,2205,-1,2205,2204,2206,-1,2205,2206,2207,-1,2207,2206,2208,-1,2207,2208,2209,-1,2209,2208,2181,-1,2209,2181,2180,-1,2185,2177,2183,-1,2183,2177,2176,-1,2185,2183,2187,-1,2187,2183,2181,-1,2187,2181,2188,-1,2188,2181,2190,-1,2208,2200,2181,-1,2181,2200,2198,-1,2181,2198,2196,-1,2208,2206,2200,-1,2200,2206,2204,-1,2200,2204,2202,-1,2196,2194,2181,-1,2181,2194,2192,-1,2181,2192,2190,-1,2210,2211,2212,-1,2212,2211,2213,-1,2214,2215,2216,-1,2216,2215,2217,-1,2216,2217,2212,-1,2212,2217,2210,-1,2213,2211,2218,-1,2218,2211,2219,-1,2218,2219,2220,-1,2220,2219,2221,-1,2220,2221,2222,-1,2220,2222,2223,-1,2223,2222,2224,-1,2223,2224,2225,-1,2225,2224,2226,-1,2225,2226,2227,-1,2227,2226,2228,-1,2227,2228,2229,-1,2229,2228,2230,-1,2229,2230,2231,-1,2231,2230,2232,-1,2231,2232,2233,-1,2233,2232,2234,-1,2233,2234,2235,-1,2235,2234,2236,-1,2235,2236,2237,-1,2237,2236,2238,-1,2237,2238,2239,-1,2239,2238,2240,-1,2239,2240,2241,-1,2241,2240,2242,-1,2241,2242,2243,-1,2243,2242,2215,-1,2243,2215,2214,-1,2219,2211,2217,-1,2217,2211,2210,-1,2219,2217,2221,-1,2221,2217,2215,-1,2215,2242,2221,-1,2221,2242,2240,-1,2221,2240,2238,-1,2224,2230,2226,-1,2226,2230,2228,-1,2224,2222,2230,-1,2230,2222,2221,-1,2230,2221,2232,-1,2238,2236,2221,-1,2221,2236,2234,-1,2221,2234,2232,-1,2244,2245,2246,-1,2246,2245,2247,-1,2248,2249,2250,-1,2250,2249,2251,-1,2250,2251,2246,-1,2246,2251,2244,-1,2247,2245,2252,-1,2252,2245,2253,-1,2252,2253,2254,-1,2254,2253,2255,-1,2254,2255,2256,-1,2254,2256,2257,-1,2257,2256,2258,-1,2257,2258,2259,-1,2259,2258,2260,-1,2259,2260,2261,-1,2261,2260,2262,-1,2261,2262,2263,-1,2263,2262,2264,-1,2263,2264,2265,-1,2265,2264,2266,-1,2265,2266,2267,-1,2267,2266,2268,-1,2267,2268,2269,-1,2269,2268,2270,-1,2269,2270,2271,-1,2271,2270,2272,-1,2271,2272,2273,-1,2273,2272,2274,-1,2273,2274,2275,-1,2275,2274,2276,-1,2275,2276,2277,-1,2277,2276,2249,-1,2277,2249,2248,-1,2253,2245,2251,-1,2251,2245,2244,-1,2253,2251,2255,-1,2255,2251,2249,-1,2249,2276,2255,-1,2255,2276,2274,-1,2255,2274,2272,-1,2266,2264,2255,-1,2255,2264,2262,-1,2262,2260,2255,-1,2255,2260,2258,-1,2255,2258,2256,-1,2272,2270,2255,-1,2255,2270,2268,-1,2255,2268,2266,-1,2278,2279,2280,-1,2280,2279,2281,-1,2282,2283,2284,-1,2284,2283,2285,-1,2284,2285,2280,-1,2280,2285,2278,-1,2281,2279,2286,-1,2286,2279,2287,-1,2286,2287,2288,-1,2288,2287,2289,-1,2288,2289,2290,-1,2288,2290,2291,-1,2291,2290,2292,-1,2291,2292,2293,-1,2293,2292,2294,-1,2293,2294,2295,-1,2295,2294,2296,-1,2295,2296,2297,-1,2297,2296,2298,-1,2297,2298,2299,-1,2299,2298,2300,-1,2299,2300,2301,-1,2301,2300,2302,-1,2301,2302,2303,-1,2303,2302,2304,-1,2303,2304,2305,-1,2305,2304,2306,-1,2305,2306,2307,-1,2307,2306,2308,-1,2307,2308,2309,-1,2309,2308,2310,-1,2309,2310,2311,-1,2311,2310,2283,-1,2311,2283,2282,-1,2287,2279,2285,-1,2285,2279,2278,-1,2310,2302,2283,-1,2283,2302,2300,-1,2283,2300,2298,-1,2287,2285,2289,-1,2289,2285,2283,-1,2289,2283,2290,-1,2290,2283,2292,-1,2298,2296,2283,-1,2283,2296,2294,-1,2283,2294,2292,-1,2310,2308,2302,-1,2302,2308,2306,-1,2302,2306,2304,-1,2312,2313,2314,-1,2314,2313,2315,-1,2316,2317,2318,-1,2318,2317,2319,-1,2318,2319,2314,-1,2314,2319,2312,-1,2315,2313,2320,-1,2320,2313,2321,-1,2320,2321,2322,-1,2322,2321,2323,-1,2322,2323,2324,-1,2322,2324,2325,-1,2325,2324,2326,-1,2325,2326,2327,-1,2327,2326,2328,-1,2327,2328,2329,-1,2329,2328,2330,-1,2329,2330,2331,-1,2331,2330,2332,-1,2331,2332,2333,-1,2333,2332,2334,-1,2333,2334,2335,-1,2335,2334,2336,-1,2335,2336,2337,-1,2337,2336,2338,-1,2337,2338,2339,-1,2339,2338,2340,-1,2339,2340,2341,-1,2341,2340,2342,-1,2341,2342,2343,-1,2343,2342,2344,-1,2343,2344,2345,-1,2345,2344,2317,-1,2345,2317,2316,-1,2321,2313,2319,-1,2319,2313,2312,-1,2323,2321,2319,-1,2319,2317,2323,-1,2323,2317,2344,-1,2323,2344,2342,-1,2342,2340,2323,-1,2323,2340,2338,-1,2323,2338,2336,-1,2326,2332,2328,-1,2328,2332,2330,-1,2336,2334,2323,-1,2323,2334,2332,-1,2323,2332,2324,-1,2324,2332,2326,-1,2346,2347,2348,-1,2348,2347,2349,-1,2350,2351,2352,-1,2352,2351,2353,-1,2352,2353,2348,-1,2348,2353,2346,-1,2349,2347,2354,-1,2354,2347,2355,-1,2354,2355,2356,-1,2356,2355,2357,-1,2356,2357,2358,-1,2356,2358,2359,-1,2359,2358,2360,-1,2359,2360,2361,-1,2361,2360,2362,-1,2361,2362,2363,-1,2363,2362,2364,-1,2363,2364,2365,-1,2365,2364,2366,-1,2365,2366,2367,-1,2367,2366,2368,-1,2367,2368,2369,-1,2369,2368,2370,-1,2369,2370,2371,-1,2371,2370,2372,-1,2371,2372,2373,-1,2373,2372,2374,-1,2373,2374,2375,-1,2375,2374,2376,-1,2375,2376,2377,-1,2377,2376,2378,-1,2377,2378,2379,-1,2379,2378,2351,-1,2379,2351,2350,-1,2355,2347,2353,-1,2353,2347,2346,-1,2357,2355,2353,-1,2353,2351,2357,-1,2357,2351,2378,-1,2357,2378,2376,-1,2376,2374,2357,-1,2357,2374,2372,-1,2357,2372,2370,-1,2360,2366,2362,-1,2362,2366,2364,-1,2370,2368,2357,-1,2357,2368,2366,-1,2357,2366,2358,-1,2358,2366,2360,-1,2380,2381,2382,-1,2382,2381,2383,-1,2384,2385,2386,-1,2386,2385,2387,-1,2386,2387,2382,-1,2382,2387,2380,-1,2383,2381,2388,-1,2388,2381,2389,-1,2388,2389,2390,-1,2390,2389,2391,-1,2390,2391,2392,-1,2390,2392,2393,-1,2393,2392,2394,-1,2393,2394,2395,-1,2395,2394,2396,-1,2395,2396,2397,-1,2397,2396,2398,-1,2397,2398,2399,-1,2399,2398,2400,-1,2399,2400,2401,-1,2401,2400,2402,-1,2401,2402,2403,-1,2403,2402,2404,-1,2403,2404,2405,-1,2405,2404,2406,-1,2405,2406,2407,-1,2407,2406,2408,-1,2407,2408,2409,-1,2409,2408,2410,-1,2409,2410,2411,-1,2411,2410,2412,-1,2411,2412,2413,-1,2413,2412,2385,-1,2413,2385,2384,-1,2389,2381,2387,-1,2387,2381,2380,-1,2391,2389,2387,-1,2387,2385,2391,-1,2391,2385,2412,-1,2391,2412,2410,-1,2410,2408,2391,-1,2391,2408,2406,-1,2391,2406,2404,-1,2394,2400,2396,-1,2396,2400,2398,-1,2404,2402,2391,-1,2391,2402,2400,-1,2391,2400,2392,-1,2392,2400,2394,-1,2414,2415,2416,-1,2416,2415,2417,-1,2418,2419,2420,-1,2420,2419,2421,-1,2420,2421,2416,-1,2416,2421,2414,-1,2417,2415,2422,-1,2422,2415,2423,-1,2422,2423,2424,-1,2424,2423,2425,-1,2424,2425,2426,-1,2424,2426,2427,-1,2427,2426,2428,-1,2427,2428,2429,-1,2429,2428,2430,-1,2429,2430,2431,-1,2431,2430,2432,-1,2431,2432,2433,-1,2433,2432,2434,-1,2433,2434,2435,-1,2435,2434,2436,-1,2435,2436,2437,-1,2437,2436,2438,-1,2437,2438,2439,-1,2439,2438,2440,-1,2439,2440,2441,-1,2441,2440,2442,-1,2441,2442,2443,-1,2443,2442,2444,-1,2443,2444,2445,-1,2445,2444,2446,-1,2445,2446,2447,-1,2447,2446,2419,-1,2447,2419,2418,-1,2423,2415,2421,-1,2421,2415,2414,-1,2425,2423,2421,-1,2421,2419,2425,-1,2425,2419,2446,-1,2425,2446,2444,-1,2444,2442,2425,-1,2425,2442,2440,-1,2425,2440,2438,-1,2428,2434,2430,-1,2430,2434,2432,-1,2438,2436,2425,-1,2425,2436,2434,-1,2425,2434,2426,-1,2426,2434,2428,-1,2448,2449,2450,-1,2450,2449,2451,-1,2452,2453,2454,-1,2454,2453,2455,-1,2454,2455,2450,-1,2450,2455,2448,-1,2451,2449,2456,-1,2456,2449,2457,-1,2456,2457,2458,-1,2458,2457,2459,-1,2458,2459,2460,-1,2458,2460,2461,-1,2461,2460,2462,-1,2461,2462,2463,-1,2463,2462,2464,-1,2463,2464,2465,-1,2465,2464,2466,-1,2465,2466,2467,-1,2467,2466,2468,-1,2467,2468,2469,-1,2469,2468,2470,-1,2469,2470,2471,-1,2471,2470,2472,-1,2471,2472,2473,-1,2473,2472,2474,-1,2473,2474,2475,-1,2475,2474,2476,-1,2475,2476,2477,-1,2477,2476,2478,-1,2477,2478,2479,-1,2479,2478,2480,-1,2479,2480,2481,-1,2481,2480,2453,-1,2481,2453,2452,-1,2457,2449,2455,-1,2455,2449,2448,-1,2459,2457,2455,-1,2455,2453,2459,-1,2459,2453,2480,-1,2459,2480,2478,-1,2472,2470,2459,-1,2459,2470,2468,-1,2459,2468,2466,-1,2478,2476,2459,-1,2459,2476,2474,-1,2459,2474,2472,-1,2466,2464,2459,-1,2459,2464,2462,-1,2459,2462,2460,-1,2482,2483,2484,-1,2484,2483,2485,-1,2486,2487,2488,-1,2488,2487,2489,-1,2488,2489,2484,-1,2484,2489,2482,-1,2485,2483,2490,-1,2490,2483,2491,-1,2490,2491,2492,-1,2492,2491,2493,-1,2492,2493,2494,-1,2492,2494,2495,-1,2495,2494,2496,-1,2495,2496,2497,-1,2497,2496,2498,-1,2497,2498,2499,-1,2499,2498,2500,-1,2499,2500,2501,-1,2501,2500,2502,-1,2501,2502,2503,-1,2503,2502,2504,-1,2503,2504,2505,-1,2505,2504,2506,-1,2505,2506,2507,-1,2507,2506,2508,-1,2507,2508,2509,-1,2509,2508,2510,-1,2509,2510,2511,-1,2511,2510,2512,-1,2511,2512,2513,-1,2513,2512,2514,-1,2513,2514,2515,-1,2515,2514,2487,-1,2515,2487,2486,-1,2491,2483,2489,-1,2489,2483,2482,-1,2493,2491,2489,-1,2489,2487,2493,-1,2493,2487,2514,-1,2493,2514,2512,-1,2506,2504,2493,-1,2493,2504,2502,-1,2493,2502,2500,-1,2512,2510,2493,-1,2493,2510,2508,-1,2493,2508,2506,-1,2500,2498,2493,-1,2493,2498,2496,-1,2493,2496,2494,-1,2516,2517,2518,-1,2518,2517,2519,-1,2520,2521,2522,-1,2522,2521,2523,-1,2522,2523,2518,-1,2518,2523,2516,-1,2519,2517,2524,-1,2524,2517,2525,-1,2524,2525,2526,-1,2526,2525,2527,-1,2526,2527,2528,-1,2526,2528,2529,-1,2529,2528,2530,-1,2529,2530,2531,-1,2531,2530,2532,-1,2531,2532,2533,-1,2533,2532,2534,-1,2533,2534,2535,-1,2535,2534,2536,-1,2535,2536,2537,-1,2537,2536,2538,-1,2537,2538,2539,-1,2539,2538,2540,-1,2539,2540,2541,-1,2541,2540,2542,-1,2541,2542,2543,-1,2543,2542,2544,-1,2543,2544,2545,-1,2545,2544,2546,-1,2545,2546,2547,-1,2547,2546,2548,-1,2547,2548,2549,-1,2549,2548,2521,-1,2549,2521,2520,-1,2525,2517,2523,-1,2523,2517,2516,-1,2527,2525,2523,-1,2523,2521,2527,-1,2527,2521,2548,-1,2527,2548,2546,-1,2540,2538,2527,-1,2527,2538,2536,-1,2527,2536,2534,-1,2546,2544,2527,-1,2527,2544,2542,-1,2527,2542,2540,-1,2534,2532,2527,-1,2527,2532,2530,-1,2527,2530,2528,-1,2550,2551,2552,-1,2552,2551,2553,-1,2554,2555,2556,-1,2556,2555,2557,-1,2556,2557,2552,-1,2552,2557,2550,-1,2553,2551,2558,-1,2558,2551,2559,-1,2558,2559,2560,-1,2560,2559,2561,-1,2560,2561,2562,-1,2560,2562,2563,-1,2563,2562,2564,-1,2563,2564,2565,-1,2565,2564,2566,-1,2565,2566,2567,-1,2567,2566,2568,-1,2567,2568,2569,-1,2569,2568,2570,-1,2569,2570,2571,-1,2571,2570,2572,-1,2571,2572,2573,-1,2573,2572,2574,-1,2573,2574,2575,-1,2575,2574,2576,-1,2575,2576,2577,-1,2577,2576,2578,-1,2577,2578,2579,-1,2579,2578,2580,-1,2579,2580,2581,-1,2581,2580,2582,-1,2581,2582,2583,-1,2583,2582,2555,-1,2583,2555,2554,-1,2559,2551,2557,-1,2557,2551,2550,-1,2570,2568,2555,-1,2555,2568,2566,-1,2555,2566,2564,-1,2559,2557,2561,-1,2561,2557,2555,-1,2561,2555,2562,-1,2562,2555,2564,-1,2578,2576,2580,-1,2580,2576,2574,-1,2580,2574,2582,-1,2582,2574,2555,-1,2555,2574,2572,-1,2555,2572,2570,-1,2584,2585,2586,-1,2586,2585,2587,-1,2588,2589,2590,-1,2590,2589,2591,-1,2590,2591,2586,-1,2586,2591,2584,-1,2587,2585,2592,-1,2592,2585,2593,-1,2592,2593,2594,-1,2594,2593,2595,-1,2594,2595,2596,-1,2594,2596,2597,-1,2597,2596,2598,-1,2597,2598,2599,-1,2599,2598,2600,-1,2599,2600,2601,-1,2601,2600,2602,-1,2601,2602,2603,-1,2603,2602,2604,-1,2603,2604,2605,-1,2605,2604,2606,-1,2605,2606,2607,-1,2607,2606,2608,-1,2607,2608,2609,-1,2609,2608,2610,-1,2609,2610,2611,-1,2611,2610,2612,-1,2611,2612,2613,-1,2613,2612,2614,-1,2613,2614,2615,-1,2615,2614,2616,-1,2615,2616,2617,-1,2617,2616,2589,-1,2617,2589,2588,-1,2593,2585,2591,-1,2591,2585,2584,-1,2604,2602,2589,-1,2589,2602,2600,-1,2589,2600,2598,-1,2593,2591,2595,-1,2595,2591,2589,-1,2595,2589,2596,-1,2596,2589,2598,-1,2612,2610,2614,-1,2614,2610,2608,-1,2614,2608,2616,-1,2616,2608,2589,-1,2589,2608,2606,-1,2589,2606,2604,-1,2618,2619,2620,-1,2620,2619,2621,-1,2622,2623,2624,-1,2624,2623,2625,-1,2624,2625,2620,-1,2620,2625,2618,-1,2621,2619,2626,-1,2626,2619,2627,-1,2626,2627,2628,-1,2628,2627,2629,-1,2628,2629,2630,-1,2628,2630,2631,-1,2631,2630,2632,-1,2631,2632,2633,-1,2633,2632,2634,-1,2633,2634,2635,-1,2635,2634,2636,-1,2635,2636,2637,-1,2637,2636,2638,-1,2637,2638,2639,-1,2639,2638,2640,-1,2639,2640,2641,-1,2641,2640,2642,-1,2641,2642,2643,-1,2643,2642,2644,-1,2643,2644,2645,-1,2645,2644,2646,-1,2645,2646,2647,-1,2647,2646,2648,-1,2647,2648,2649,-1,2649,2648,2650,-1,2649,2650,2651,-1,2651,2650,2623,-1,2651,2623,2622,-1,2627,2619,2625,-1,2625,2619,2618,-1,2632,2623,2634,-1,2634,2623,2636,-1,2627,2625,2629,-1,2629,2625,2623,-1,2629,2623,2630,-1,2630,2623,2632,-1,2642,2640,2623,-1,2623,2640,2638,-1,2623,2638,2636,-1,2623,2650,2642,-1,2642,2650,2648,-1,2642,2648,2644,-1,2644,2648,2646,-1,2652,2653,2654,-1,2654,2653,2655,-1,2656,2657,2658,-1,2658,2657,2659,-1,2658,2659,2654,-1,2654,2659,2652,-1,2655,2653,2660,-1,2660,2653,2661,-1,2660,2661,2662,-1,2662,2661,2663,-1,2662,2663,2664,-1,2662,2664,2665,-1,2665,2664,2666,-1,2665,2666,2667,-1,2667,2666,2668,-1,2667,2668,2669,-1,2669,2668,2670,-1,2669,2670,2671,-1,2671,2670,2672,-1,2671,2672,2673,-1,2673,2672,2674,-1,2673,2674,2675,-1,2675,2674,2676,-1,2675,2676,2677,-1,2677,2676,2678,-1,2677,2678,2679,-1,2679,2678,2680,-1,2679,2680,2681,-1,2681,2680,2682,-1,2681,2682,2683,-1,2683,2682,2684,-1,2683,2684,2685,-1,2685,2684,2657,-1,2685,2657,2656,-1,2661,2653,2659,-1,2659,2653,2652,-1,2676,2657,2684,-1,2666,2657,2668,-1,2668,2657,2670,-1,2661,2659,2663,-1,2663,2659,2657,-1,2663,2657,2664,-1,2664,2657,2666,-1,2676,2674,2657,-1,2657,2674,2672,-1,2657,2672,2670,-1,2684,2682,2676,-1,2676,2682,2680,-1,2676,2680,2678,-1,2686,2687,2688,-1,2688,2687,2689,-1,2690,2691,2692,-1,2692,2691,2693,-1,2692,2693,2688,-1,2688,2693,2686,-1,2689,2687,2694,-1,2694,2687,2695,-1,2694,2695,2696,-1,2696,2695,2697,-1,2696,2697,2698,-1,2696,2698,2699,-1,2699,2698,2700,-1,2699,2700,2701,-1,2701,2700,2702,-1,2701,2702,2703,-1,2703,2702,2704,-1,2703,2704,2705,-1,2705,2704,2706,-1,2705,2706,2707,-1,2707,2706,2708,-1,2707,2708,2709,-1,2709,2708,2710,-1,2709,2710,2711,-1,2711,2710,2712,-1,2711,2712,2713,-1,2713,2712,2714,-1,2713,2714,2715,-1,2715,2714,2716,-1,2715,2716,2717,-1,2717,2716,2718,-1,2717,2718,2719,-1,2719,2718,2691,-1,2719,2691,2690,-1,2695,2687,2693,-1,2693,2687,2686,-1,2706,2704,2691,-1,2691,2704,2702,-1,2691,2702,2700,-1,2695,2693,2697,-1,2697,2693,2691,-1,2697,2691,2698,-1,2698,2691,2700,-1,2714,2712,2716,-1,2716,2712,2710,-1,2716,2710,2718,-1,2718,2710,2691,-1,2691,2710,2708,-1,2691,2708,2706,-1,2720,2721,2722,-1,2722,2721,2723,-1,2724,2725,2726,-1,2726,2725,2727,-1,2726,2727,2722,-1,2722,2727,2720,-1,2723,2721,2728,-1,2728,2721,2729,-1,2728,2729,2730,-1,2730,2729,2731,-1,2730,2731,2732,-1,2730,2732,2733,-1,2733,2732,2734,-1,2733,2734,2735,-1,2735,2734,2736,-1,2735,2736,2737,-1,2737,2736,2738,-1,2737,2738,2739,-1,2739,2738,2740,-1,2739,2740,2741,-1,2741,2740,2742,-1,2741,2742,2743,-1,2743,2742,2744,-1,2743,2744,2745,-1,2745,2744,2746,-1,2745,2746,2747,-1,2747,2746,2748,-1,2747,2748,2749,-1,2749,2748,2750,-1,2749,2750,2751,-1,2751,2750,2752,-1,2751,2752,2753,-1,2753,2752,2725,-1,2753,2725,2724,-1,2729,2721,2727,-1,2727,2721,2720,-1,2752,2750,2748,-1,2734,2725,2736,-1,2736,2725,2738,-1,2729,2727,2731,-1,2731,2727,2725,-1,2731,2725,2732,-1,2732,2725,2734,-1,2752,2748,2725,-1,2725,2748,2746,-1,2725,2746,2744,-1,2744,2742,2725,-1,2725,2742,2740,-1,2725,2740,2738,-1,2754,2755,2756,-1,2756,2755,2757,-1,2758,2759,2760,-1,2760,2759,2761,-1,2760,2761,2756,-1,2756,2761,2754,-1,2757,2755,2762,-1,2762,2755,2763,-1,2762,2763,2764,-1,2764,2763,2765,-1,2764,2765,2766,-1,2764,2766,2767,-1,2767,2766,2768,-1,2767,2768,2769,-1,2769,2768,2770,-1,2769,2770,2771,-1,2771,2770,2772,-1,2771,2772,2773,-1,2773,2772,2774,-1,2773,2774,2775,-1,2775,2774,2776,-1,2775,2776,2777,-1,2777,2776,2778,-1,2777,2778,2779,-1,2779,2778,2780,-1,2779,2780,2781,-1,2781,2780,2782,-1,2781,2782,2783,-1,2783,2782,2784,-1,2783,2784,2785,-1,2785,2784,2786,-1,2785,2786,2787,-1,2787,2786,2759,-1,2787,2759,2758,-1,2763,2755,2761,-1,2761,2755,2754,-1,2786,2784,2782,-1,2768,2759,2770,-1,2770,2759,2772,-1,2763,2761,2765,-1,2765,2761,2759,-1,2765,2759,2766,-1,2766,2759,2768,-1,2786,2782,2759,-1,2759,2782,2780,-1,2759,2780,2778,-1,2778,2776,2759,-1,2759,2776,2774,-1,2759,2774,2772,-1,2788,2789,2790,-1,2790,2789,2791,-1,2792,2793,2794,-1,2794,2793,2795,-1,2794,2795,2790,-1,2790,2795,2788,-1,2791,2789,2796,-1,2796,2789,2797,-1,2796,2797,2798,-1,2798,2797,2799,-1,2798,2799,2800,-1,2798,2800,2801,-1,2801,2800,2802,-1,2801,2802,2803,-1,2803,2802,2804,-1,2803,2804,2805,-1,2805,2804,2806,-1,2805,2806,2807,-1,2807,2806,2808,-1,2807,2808,2809,-1,2809,2808,2810,-1,2809,2810,2811,-1,2811,2810,2812,-1,2811,2812,2813,-1,2813,2812,2814,-1,2813,2814,2815,-1,2815,2814,2816,-1,2815,2816,2817,-1,2817,2816,2818,-1,2817,2818,2819,-1,2819,2818,2820,-1,2819,2820,2821,-1,2821,2820,2793,-1,2821,2793,2792,-1,2797,2789,2795,-1,2795,2789,2788,-1,2820,2818,2816,-1,2802,2793,2804,-1,2804,2793,2806,-1,2797,2795,2799,-1,2799,2795,2793,-1,2799,2793,2800,-1,2800,2793,2802,-1,2820,2816,2793,-1,2793,2816,2814,-1,2793,2814,2812,-1,2812,2810,2793,-1,2793,2810,2808,-1,2793,2808,2806,-1,2822,2823,2824,-1,2824,2823,2825,-1,2826,2827,2828,-1,2828,2827,2829,-1,2828,2829,2824,-1,2824,2829,2822,-1,2825,2823,2830,-1,2830,2823,2831,-1,2830,2831,2832,-1,2832,2831,2833,-1,2832,2833,2834,-1,2832,2834,2835,-1,2835,2834,2836,-1,2835,2836,2837,-1,2837,2836,2838,-1,2837,2838,2839,-1,2839,2838,2840,-1,2839,2840,2841,-1,2841,2840,2842,-1,2841,2842,2843,-1,2843,2842,2844,-1,2843,2844,2845,-1,2845,2844,2846,-1,2845,2846,2847,-1,2847,2846,2848,-1,2847,2848,2849,-1,2849,2848,2850,-1,2849,2850,2851,-1,2851,2850,2852,-1,2851,2852,2853,-1,2853,2852,2854,-1,2853,2854,2855,-1,2855,2854,2827,-1,2855,2827,2826,-1,2831,2823,2829,-1,2829,2823,2822,-1,2854,2852,2850,-1,2836,2827,2838,-1,2838,2827,2840,-1,2831,2829,2833,-1,2833,2829,2827,-1,2833,2827,2834,-1,2834,2827,2836,-1,2854,2850,2827,-1,2827,2850,2848,-1,2827,2848,2846,-1,2846,2844,2827,-1,2827,2844,2842,-1,2827,2842,2840,-1,2856,2857,2858,-1,2858,2857,2859,-1,2860,2861,2862,-1,2862,2861,2863,-1,2862,2863,2858,-1,2858,2863,2856,-1,2859,2857,2864,-1,2864,2857,2865,-1,2864,2865,2866,-1,2866,2865,2867,-1,2866,2867,2868,-1,2866,2868,2869,-1,2869,2868,2870,-1,2869,2870,2871,-1,2871,2870,2872,-1,2871,2872,2873,-1,2873,2872,2874,-1,2873,2874,2875,-1,2875,2874,2876,-1,2875,2876,2877,-1,2877,2876,2878,-1,2877,2878,2879,-1,2879,2878,2880,-1,2879,2880,2881,-1,2881,2880,2882,-1,2881,2882,2883,-1,2883,2882,2884,-1,2883,2884,2885,-1,2885,2884,2886,-1,2885,2886,2887,-1,2887,2886,2888,-1,2887,2888,2889,-1,2889,2888,2861,-1,2889,2861,2860,-1,2865,2857,2863,-1,2863,2857,2856,-1,2888,2886,2884,-1,2870,2861,2872,-1,2872,2861,2874,-1,2865,2863,2867,-1,2867,2863,2861,-1,2867,2861,2868,-1,2868,2861,2870,-1,2888,2884,2861,-1,2861,2884,2882,-1,2861,2882,2880,-1,2880,2878,2861,-1,2861,2878,2876,-1,2861,2876,2874,-1,2890,2891,2892,-1,2892,2891,2893,-1,2894,2895,2896,-1,2896,2895,2897,-1,2896,2897,2892,-1,2892,2897,2890,-1,2893,2891,2898,-1,2898,2891,2899,-1,2898,2899,2900,-1,2900,2899,2901,-1,2900,2901,2902,-1,2900,2902,2903,-1,2903,2902,2904,-1,2903,2904,2905,-1,2905,2904,2906,-1,2905,2906,2907,-1,2907,2906,2908,-1,2907,2908,2909,-1,2909,2908,2910,-1,2909,2910,2911,-1,2911,2910,2912,-1,2911,2912,2913,-1,2913,2912,2914,-1,2913,2914,2915,-1,2915,2914,2916,-1,2915,2916,2917,-1,2917,2916,2918,-1,2917,2918,2919,-1,2919,2918,2920,-1,2919,2920,2921,-1,2921,2920,2922,-1,2921,2922,2923,-1,2923,2922,2895,-1,2923,2895,2894,-1,2899,2891,2897,-1,2897,2891,2890,-1,2899,2897,2901,-1,2901,2897,2895,-1,2918,2916,2908,-1,2918,2908,2920,-1,2920,2908,2906,-1,2920,2906,2904,-1,2895,2922,2901,-1,2901,2922,2920,-1,2901,2920,2902,-1,2902,2920,2904,-1,2916,2914,2908,-1,2908,2914,2912,-1,2908,2912,2910,-1,2924,2925,2926,-1,2926,2925,2927,-1,2928,2929,2930,-1,2930,2929,2931,-1,2930,2931,2926,-1,2926,2931,2924,-1,2927,2925,2932,-1,2932,2925,2933,-1,2932,2933,2934,-1,2934,2933,2935,-1,2934,2935,2936,-1,2934,2936,2937,-1,2937,2936,2938,-1,2937,2938,2939,-1,2939,2938,2940,-1,2939,2940,2941,-1,2941,2940,2942,-1,2941,2942,2943,-1,2943,2942,2944,-1,2943,2944,2945,-1,2945,2944,2946,-1,2945,2946,2947,-1,2947,2946,2948,-1,2947,2948,2949,-1,2949,2948,2950,-1,2949,2950,2951,-1,2951,2950,2952,-1,2951,2952,2953,-1,2953,2952,2954,-1,2953,2954,2955,-1,2955,2954,2956,-1,2955,2956,2957,-1,2957,2956,2929,-1,2957,2929,2928,-1,2933,2925,2931,-1,2931,2925,2924,-1,2933,2931,2935,-1,2935,2931,2929,-1,2952,2950,2942,-1,2952,2942,2954,-1,2954,2942,2940,-1,2954,2940,2938,-1,2929,2956,2935,-1,2935,2956,2954,-1,2935,2954,2936,-1,2936,2954,2938,-1,2950,2948,2942,-1,2942,2948,2946,-1,2942,2946,2944,-1,2958,2959,2960,-1,2960,2959,2961,-1,2962,2963,2964,-1,2964,2963,2965,-1,2964,2965,2960,-1,2960,2965,2958,-1,2961,2959,2966,-1,2966,2959,2967,-1,2966,2967,2968,-1,2968,2967,2969,-1,2968,2969,2970,-1,2968,2970,2971,-1,2971,2970,2972,-1,2971,2972,2973,-1,2973,2972,2974,-1,2973,2974,2975,-1,2975,2974,2976,-1,2975,2976,2977,-1,2977,2976,2978,-1,2977,2978,2979,-1,2979,2978,2980,-1,2979,2980,2981,-1,2981,2980,2982,-1,2981,2982,2983,-1,2983,2982,2984,-1,2983,2984,2985,-1,2985,2984,2986,-1,2985,2986,2987,-1,2987,2986,2988,-1,2987,2988,2989,-1,2989,2988,2990,-1,2989,2990,2991,-1,2991,2990,2963,-1,2991,2963,2962,-1,2967,2959,2965,-1,2965,2959,2958,-1,2967,2965,2969,-1,2969,2965,2963,-1,2986,2984,2976,-1,2986,2976,2988,-1,2988,2976,2974,-1,2988,2974,2972,-1,2963,2990,2969,-1,2969,2990,2988,-1,2969,2988,2970,-1,2970,2988,2972,-1,2984,2982,2976,-1,2976,2982,2980,-1,2976,2980,2978,-1,2992,2993,2994,-1,2994,2993,2995,-1,2996,2997,2998,-1,2998,2997,2999,-1,2998,2999,2994,-1,2994,2999,2992,-1,2995,2993,3000,-1,3000,2993,3001,-1,3000,3001,3002,-1,3002,3001,3003,-1,3002,3003,3004,-1,3002,3004,3005,-1,3005,3004,3006,-1,3005,3006,3007,-1,3007,3006,3008,-1,3007,3008,3009,-1,3009,3008,3010,-1,3009,3010,3011,-1,3011,3010,3012,-1,3011,3012,3013,-1,3013,3012,3014,-1,3013,3014,3015,-1,3015,3014,3016,-1,3015,3016,3017,-1,3017,3016,3018,-1,3017,3018,3019,-1,3019,3018,3020,-1,3019,3020,3021,-1,3021,3020,3022,-1,3021,3022,3023,-1,3023,3022,3024,-1,3023,3024,3025,-1,3025,3024,2997,-1,3025,2997,2996,-1,3001,2993,2999,-1,2999,2993,2992,-1,3012,3010,2997,-1,2997,3010,3008,-1,2997,3008,3006,-1,3001,2999,3003,-1,3003,2999,2997,-1,3003,2997,3004,-1,3004,2997,3006,-1,3020,3018,3022,-1,3022,3018,3016,-1,3022,3016,3024,-1,3024,3016,2997,-1,2997,3016,3014,-1,2997,3014,3012,-1,3026,3027,3028,-1,3028,3027,3029,-1,3030,3031,3032,-1,3032,3031,3033,-1,3032,3033,3028,-1,3028,3033,3026,-1,3029,3027,3034,-1,3034,3027,3035,-1,3034,3035,3036,-1,3036,3035,3037,-1,3036,3037,3038,-1,3036,3038,3039,-1,3039,3038,3040,-1,3039,3040,3041,-1,3041,3040,3042,-1,3041,3042,3043,-1,3043,3042,3044,-1,3043,3044,3045,-1,3045,3044,3046,-1,3045,3046,3047,-1,3047,3046,3048,-1,3047,3048,3049,-1,3049,3048,3050,-1,3049,3050,3051,-1,3051,3050,3052,-1,3051,3052,3053,-1,3053,3052,3054,-1,3053,3054,3055,-1,3055,3054,3056,-1,3055,3056,3057,-1,3057,3056,3058,-1,3057,3058,3059,-1,3059,3058,3031,-1,3059,3031,3030,-1,3035,3027,3033,-1,3033,3027,3026,-1,3040,3031,3042,-1,3042,3031,3044,-1,3035,3033,3037,-1,3037,3033,3031,-1,3037,3031,3038,-1,3038,3031,3040,-1,3050,3048,3031,-1,3031,3048,3046,-1,3031,3046,3044,-1,3031,3058,3050,-1,3050,3058,3056,-1,3050,3056,3052,-1,3052,3056,3054,-1,3060,3061,3062,-1,3062,3061,3063,-1,3064,3065,3066,-1,3066,3065,3067,-1,3066,3067,3062,-1,3062,3067,3060,-1,3063,3061,3068,-1,3068,3061,3069,-1,3068,3069,3070,-1,3070,3069,3071,-1,3070,3071,3072,-1,3070,3072,3073,-1,3073,3072,3074,-1,3073,3074,3075,-1,3075,3074,3076,-1,3075,3076,3077,-1,3077,3076,3078,-1,3077,3078,3079,-1,3079,3078,3080,-1,3079,3080,3081,-1,3081,3080,3082,-1,3081,3082,3083,-1,3083,3082,3084,-1,3083,3084,3085,-1,3085,3084,3086,-1,3085,3086,3087,-1,3087,3086,3088,-1,3087,3088,3089,-1,3089,3088,3090,-1,3089,3090,3091,-1,3091,3090,3092,-1,3091,3092,3093,-1,3093,3092,3065,-1,3093,3065,3064,-1,3069,3061,3067,-1,3067,3061,3060,-1,3084,3065,3092,-1,3074,3065,3076,-1,3076,3065,3078,-1,3069,3067,3071,-1,3071,3067,3065,-1,3071,3065,3072,-1,3072,3065,3074,-1,3084,3082,3065,-1,3065,3082,3080,-1,3065,3080,3078,-1,3092,3090,3084,-1,3084,3090,3088,-1,3084,3088,3086,-1,3094,3095,3096,-1,3096,3095,3097,-1,3098,3099,3100,-1,3100,3099,3101,-1,3100,3101,3096,-1,3096,3101,3094,-1,3097,3095,3102,-1,3102,3095,3103,-1,3102,3103,3104,-1,3104,3103,3105,-1,3104,3105,3106,-1,3104,3106,3107,-1,3107,3106,3108,-1,3107,3108,3109,-1,3109,3108,3110,-1,3109,3110,3111,-1,3111,3110,3112,-1,3111,3112,3113,-1,3113,3112,3114,-1,3113,3114,3115,-1,3115,3114,3116,-1,3115,3116,3117,-1,3117,3116,3118,-1,3117,3118,3119,-1,3119,3118,3120,-1,3119,3120,3121,-1,3121,3120,3122,-1,3121,3122,3123,-1,3123,3122,3124,-1,3123,3124,3125,-1,3125,3124,3126,-1,3125,3126,3127,-1,3127,3126,3099,-1,3127,3099,3098,-1,3103,3095,3101,-1,3101,3095,3094,-1,3114,3112,3099,-1,3099,3112,3110,-1,3099,3110,3108,-1,3103,3101,3105,-1,3105,3101,3099,-1,3105,3099,3106,-1,3106,3099,3108,-1,3122,3120,3124,-1,3124,3120,3118,-1,3124,3118,3126,-1,3126,3118,3099,-1,3099,3118,3116,-1,3099,3116,3114,-1,3128,3129,3130,-1,3130,3129,3131,-1,3132,3133,3134,-1,3134,3133,3135,-1,3134,3135,3130,-1,3130,3135,3128,-1,3131,3129,3136,-1,3136,3129,3137,-1,3136,3137,3138,-1,3138,3137,3139,-1,3138,3139,3140,-1,3138,3140,3141,-1,3141,3140,3142,-1,3141,3142,3143,-1,3143,3142,3144,-1,3143,3144,3145,-1,3145,3144,3146,-1,3145,3146,3147,-1,3147,3146,3148,-1,3147,3148,3149,-1,3149,3148,3150,-1,3149,3150,3151,-1,3151,3150,3152,-1,3151,3152,3153,-1,3153,3152,3154,-1,3153,3154,3155,-1,3155,3154,3156,-1,3155,3156,3157,-1,3157,3156,3158,-1,3157,3158,3159,-1,3159,3158,3160,-1,3159,3160,3161,-1,3161,3160,3133,-1,3161,3133,3132,-1,3137,3129,3135,-1,3135,3129,3128,-1,3152,3133,3160,-1,3142,3133,3144,-1,3144,3133,3146,-1,3137,3135,3139,-1,3139,3135,3133,-1,3139,3133,3140,-1,3140,3133,3142,-1,3152,3150,3133,-1,3133,3150,3148,-1,3133,3148,3146,-1,3160,3158,3152,-1,3152,3158,3156,-1,3152,3156,3154,-1,3162,3163,3164,-1,3164,3163,3165,-1,3166,3167,3168,-1,3168,3167,3169,-1,3168,3169,3164,-1,3164,3169,3162,-1,3165,3163,3170,-1,3170,3163,3171,-1,3170,3171,3172,-1,3172,3171,3173,-1,3172,3173,3174,-1,3172,3174,3175,-1,3175,3174,3176,-1,3175,3176,3177,-1,3177,3176,3178,-1,3177,3178,3179,-1,3179,3178,3180,-1,3179,3180,3181,-1,3181,3180,3182,-1,3181,3182,3183,-1,3183,3182,3184,-1,3183,3184,3185,-1,3185,3184,3186,-1,3185,3186,3187,-1,3187,3186,3188,-1,3187,3188,3189,-1,3189,3188,3190,-1,3189,3190,3191,-1,3191,3190,3192,-1,3191,3192,3193,-1,3193,3192,3194,-1,3193,3194,3195,-1,3195,3194,3167,-1,3195,3167,3166,-1,3171,3163,3169,-1,3169,3163,3162,-1,3194,3192,3190,-1,3176,3167,3178,-1,3178,3167,3180,-1,3171,3169,3173,-1,3173,3169,3167,-1,3173,3167,3174,-1,3174,3167,3176,-1,3194,3190,3167,-1,3167,3190,3188,-1,3167,3188,3186,-1,3186,3184,3167,-1,3167,3184,3182,-1,3167,3182,3180,-1,3196,3197,3198,-1,3198,3197,3199,-1,3200,3201,3202,-1,3202,3201,3203,-1,3202,3203,3198,-1,3198,3203,3196,-1,3199,3197,3204,-1,3204,3197,3205,-1,3204,3205,3206,-1,3206,3205,3207,-1,3206,3207,3208,-1,3206,3208,3209,-1,3209,3208,3210,-1,3209,3210,3211,-1,3211,3210,3212,-1,3211,3212,3213,-1,3213,3212,3214,-1,3213,3214,3215,-1,3215,3214,3216,-1,3215,3216,3217,-1,3217,3216,3218,-1,3217,3218,3219,-1,3219,3218,3220,-1,3219,3220,3221,-1,3221,3220,3222,-1,3221,3222,3223,-1,3223,3222,3224,-1,3223,3224,3225,-1,3225,3224,3226,-1,3225,3226,3227,-1,3227,3226,3228,-1,3227,3228,3229,-1,3229,3228,3201,-1,3229,3201,3200,-1,3205,3197,3203,-1,3203,3197,3196,-1,3228,3226,3224,-1,3210,3201,3212,-1,3212,3201,3214,-1,3205,3203,3207,-1,3207,3203,3201,-1,3207,3201,3208,-1,3208,3201,3210,-1,3228,3224,3201,-1,3201,3224,3222,-1,3201,3222,3220,-1,3220,3218,3201,-1,3201,3218,3216,-1,3201,3216,3214,-1,3230,3231,3232,-1,3232,3231,3233,-1,3234,3235,3236,-1,3236,3235,3237,-1,3236,3237,3232,-1,3232,3237,3230,-1,3233,3231,3238,-1,3238,3231,3239,-1,3238,3239,3240,-1,3240,3239,3241,-1,3240,3241,3242,-1,3240,3242,3243,-1,3243,3242,3244,-1,3243,3244,3245,-1,3245,3244,3246,-1,3245,3246,3247,-1,3247,3246,3248,-1,3247,3248,3249,-1,3249,3248,3250,-1,3249,3250,3251,-1,3251,3250,3252,-1,3251,3252,3253,-1,3253,3252,3254,-1,3253,3254,3255,-1,3255,3254,3256,-1,3255,3256,3257,-1,3257,3256,3258,-1,3257,3258,3259,-1,3259,3258,3260,-1,3259,3260,3261,-1,3261,3260,3262,-1,3261,3262,3263,-1,3263,3262,3235,-1,3263,3235,3234,-1,3239,3231,3237,-1,3237,3231,3230,-1,3262,3260,3258,-1,3244,3235,3246,-1,3246,3235,3248,-1,3239,3237,3241,-1,3241,3237,3235,-1,3241,3235,3242,-1,3242,3235,3244,-1,3262,3258,3235,-1,3235,3258,3256,-1,3235,3256,3254,-1,3254,3252,3235,-1,3235,3252,3250,-1,3235,3250,3248,-1,3264,3265,3266,-1,3266,3265,3267,-1,3268,3269,3270,-1,3270,3269,3271,-1,3270,3271,3266,-1,3266,3271,3264,-1,3267,3265,3272,-1,3272,3265,3273,-1,3272,3273,3274,-1,3274,3273,3275,-1,3274,3275,3276,-1,3274,3276,3277,-1,3277,3276,3278,-1,3277,3278,3279,-1,3279,3278,3280,-1,3279,3280,3281,-1,3281,3280,3282,-1,3281,3282,3283,-1,3283,3282,3284,-1,3283,3284,3285,-1,3285,3284,3286,-1,3285,3286,3287,-1,3287,3286,3288,-1,3287,3288,3289,-1,3289,3288,3290,-1,3289,3290,3291,-1,3291,3290,3292,-1,3291,3292,3293,-1,3293,3292,3294,-1,3293,3294,3295,-1,3295,3294,3296,-1,3295,3296,3297,-1,3297,3296,3269,-1,3297,3269,3268,-1,3273,3265,3271,-1,3271,3265,3264,-1,3296,3294,3292,-1,3278,3269,3280,-1,3280,3269,3282,-1,3273,3271,3275,-1,3275,3271,3269,-1,3275,3269,3276,-1,3276,3269,3278,-1,3296,3292,3269,-1,3269,3292,3290,-1,3269,3290,3288,-1,3288,3286,3269,-1,3269,3286,3284,-1,3269,3284,3282,-1,3298,3299,3300,-1,3300,3299,3301,-1,3302,3303,3304,-1,3304,3303,3305,-1,3304,3305,3300,-1,3300,3305,3298,-1,3301,3299,3306,-1,3306,3299,3307,-1,3306,3307,3308,-1,3308,3307,3309,-1,3308,3309,3310,-1,3308,3310,3311,-1,3311,3310,3312,-1,3311,3312,3313,-1,3313,3312,3314,-1,3313,3314,3315,-1,3315,3314,3316,-1,3315,3316,3317,-1,3317,3316,3318,-1,3317,3318,3319,-1,3319,3318,3320,-1,3319,3320,3321,-1,3321,3320,3322,-1,3321,3322,3323,-1,3323,3322,3324,-1,3323,3324,3325,-1,3325,3324,3326,-1,3325,3326,3327,-1,3327,3326,3328,-1,3327,3328,3329,-1,3329,3328,3330,-1,3329,3330,3331,-1,3331,3330,3303,-1,3331,3303,3302,-1,3307,3299,3305,-1,3305,3299,3298,-1,3330,3316,3303,-1,3303,3316,3314,-1,3303,3314,3312,-1,3307,3305,3309,-1,3309,3305,3303,-1,3309,3303,3310,-1,3310,3303,3312,-1,3330,3328,3316,-1,3316,3328,3326,-1,3316,3326,3324,-1,3324,3322,3316,-1,3316,3322,3320,-1,3316,3320,3318,-1,3332,3333,3334,-1,3334,3333,3335,-1,3336,3337,3338,-1,3338,3337,3339,-1,3338,3339,3334,-1,3334,3339,3332,-1,3335,3333,3340,-1,3340,3333,3341,-1,3340,3341,3342,-1,3342,3341,3343,-1,3342,3343,3344,-1,3342,3344,3345,-1,3345,3344,3346,-1,3345,3346,3347,-1,3347,3346,3348,-1,3347,3348,3349,-1,3349,3348,3350,-1,3349,3350,3351,-1,3351,3350,3352,-1,3351,3352,3353,-1,3353,3352,3354,-1,3353,3354,3355,-1,3355,3354,3356,-1,3355,3356,3357,-1,3357,3356,3358,-1,3357,3358,3359,-1,3359,3358,3360,-1,3359,3360,3361,-1,3361,3360,3362,-1,3361,3362,3363,-1,3363,3362,3364,-1,3363,3364,3365,-1,3365,3364,3337,-1,3365,3337,3336,-1,3341,3333,3339,-1,3339,3333,3332,-1,3341,3339,3343,-1,3343,3339,3337,-1,3360,3358,3350,-1,3360,3350,3362,-1,3362,3350,3348,-1,3362,3348,3346,-1,3337,3364,3343,-1,3343,3364,3362,-1,3343,3362,3344,-1,3344,3362,3346,-1,3358,3356,3350,-1,3350,3356,3354,-1,3350,3354,3352,-1,3366,3367,3368,-1,3368,3367,3369,-1,3370,3371,3372,-1,3372,3371,3373,-1,3372,3373,3368,-1,3368,3373,3366,-1,3369,3367,3374,-1,3374,3367,3375,-1,3374,3375,3376,-1,3376,3375,3377,-1,3376,3377,3378,-1,3376,3378,3379,-1,3379,3378,3380,-1,3379,3380,3381,-1,3381,3380,3382,-1,3381,3382,3383,-1,3383,3382,3384,-1,3383,3384,3385,-1,3385,3384,3386,-1,3385,3386,3387,-1,3387,3386,3388,-1,3387,3388,3389,-1,3389,3388,3390,-1,3389,3390,3391,-1,3391,3390,3392,-1,3391,3392,3393,-1,3393,3392,3394,-1,3393,3394,3395,-1,3395,3394,3396,-1,3395,3396,3397,-1,3397,3396,3398,-1,3397,3398,3399,-1,3399,3398,3371,-1,3399,3371,3370,-1,3375,3367,3373,-1,3373,3367,3366,-1,3375,3373,3377,-1,3377,3373,3371,-1,3394,3392,3384,-1,3394,3384,3396,-1,3396,3384,3382,-1,3396,3382,3380,-1,3371,3398,3377,-1,3377,3398,3396,-1,3377,3396,3378,-1,3378,3396,3380,-1,3392,3390,3384,-1,3384,3390,3388,-1,3384,3388,3386,-1,3400,3401,3402,-1,3402,3401,3403,-1,3404,3400,3405,-1,3405,3400,3402,-1,3406,3407,3408,-1,3408,3407,3409,-1,3401,3409,3403,-1,3403,3409,3407,-1,3410,3408,3409,-1,3404,3411,3412,-1,3404,3412,3400,-1,3413,3401,3414,-1,3414,3401,3415,-1,3412,3416,3400,-1,3400,3416,3417,-1,3400,3417,3401,-1,3401,3417,3418,-1,3401,3418,3415,-1,3413,3419,3401,-1,3401,3419,3420,-1,3401,3420,3409,-1,3409,3420,3421,-1,3409,3421,3410,-1,3406,3408,3422,-1,3422,3408,3410,-1,3422,3410,3423,-1,3423,3410,3421,-1,3423,3421,3424,-1,3424,3421,3420,-1,3424,3420,3425,-1,3425,3420,3419,-1,3425,3419,3426,-1,3426,3419,3413,-1,3426,3413,3427,-1,3427,3413,3414,-1,3427,3414,3428,-1,3428,3414,3415,-1,3428,3415,3429,-1,3429,3415,3418,-1,3429,3418,3430,-1,3430,3418,3417,-1,3430,3417,3431,-1,3431,3417,3416,-1,3431,3416,3432,-1,3432,3416,3412,-1,3432,3412,3433,-1,3433,3412,3411,-1,3434,3435,3436,-1,3436,3435,3437,-1,3438,3434,3439,-1,3439,3434,3436,-1,3440,3438,3441,-1,3441,3438,3439,-1,3435,3440,3437,-1,3437,3440,3441,-1,3438,3440,3434,-1,3434,3440,3435,-1,3442,3443,3444,-1,3444,3443,3445,-1,3446,3442,3447,-1,3447,3442,3444,-1,3448,3446,3449,-1,3449,3446,3447,-1,3443,3448,3445,-1,3445,3448,3449,-1,3446,3448,3442,-1,3442,3448,3443,-1,3450,3451,3452,-1,3452,3451,3453,-1,3454,3450,3455,-1,3455,3450,3452,-1,3456,3454,3457,-1,3457,3454,3455,-1,3451,3456,3453,-1,3453,3456,3457,-1,3454,3456,3450,-1,3450,3456,3451,-1,3458,3459,3460,-1,3460,3459,3461,-1,3462,3458,3463,-1,3463,3458,3460,-1,3464,3462,3465,-1,3465,3462,3463,-1,3459,3464,3461,-1,3461,3464,3465,-1,3462,3464,3458,-1,3458,3464,3459,-1,3466,3467,3468,-1,3468,3467,3469,-1,3470,3466,3471,-1,3471,3466,3468,-1,3472,3470,3473,-1,3473,3470,3471,-1,3467,3472,3469,-1,3469,3472,3473,-1,3470,3472,3466,-1,3466,3472,3467,-1,3474,3475,3476,-1,3476,3475,3477,-1,3478,3474,3479,-1,3479,3474,3476,-1,3480,3478,3481,-1,3481,3478,3479,-1,3475,3480,3477,-1,3477,3480,3481,-1,3478,3480,3474,-1,3474,3480,3475,-1,3482,3483,3484,-1,3484,3483,3485,-1,3486,3482,3487,-1,3487,3482,3484,-1,3488,3486,3489,-1,3489,3486,3487,-1,3483,3488,3485,-1,3485,3488,3489,-1,3486,3488,3482,-1,3482,3488,3483,-1,3490,3491,3492,-1,3492,3491,3493,-1,3494,3490,3495,-1,3495,3490,3492,-1,3496,3494,3497,-1,3497,3494,3495,-1,3491,3496,3493,-1,3493,3496,3497,-1,3494,3496,3490,-1,3490,3496,3491,-1,
        ]
    }
}
Shape{
    appearance Appearance {
        material  Material 	{
            diffuseColor 0.7529411764705882 0.7529411764705882 0.7529411764705882
            specularColor 0.3764705882352941 0.3764705882352941 0.3764705882352941
            ambientIntensity 0.7529
            transparency 0.0
            shininess 0.5
        }
    }
    geometry IndexedFaceSet {
        ccw TRUE
        solid FALSE
        coord DEF co Coordinate {
            point [
                -0.361 1.9622 0.0083, -0.4379 1.7653 0.0083, -0.361 1.9622 0.0079, -0.4379 1.7653 0.0079, -0.409 1.7653 0.0083, -0.409 1.7653 0.0079, -0.3891 1.8206 0.0083, -0.3891 1.8206 0.0079, -0.3078 1.8206 0.0083, -0.3078 1.8206 0.0079, -0.289 1.7653 0.0083, -0.289 1.7653 0.0079, -0.2602 1.7653 0.0083, -0.2602 1.7653 0.0079, -0.3346 1.9622 0.0083, -0.3346 1.9622 0.0079, -0.3144 1.8422 0.0083, -0.3803 1.8422 0.0083, -0.3438 1.9244 0.0083, -0.3457 1.9312 0.0083, -0.347 1.9382 0.0083, -0.3476 1.9382 0.0083, -0.3489 1.9312 0.0083, -0.3506 1.9244 0.0083, -0.3144 1.8422 0.0079, -0.3803 1.8422 0.0079, -0.3438 1.9244 0.0079, -0.3457 1.9312 0.0079, -0.347 1.9382 0.0079, -0.3476 1.9382 0.0079, -0.3489 1.9312 0.0079, -0.3506 1.9244 0.0079, -0.1409 1.7653 0.0083, -0.0874 1.7653 0.0083, -0.1409 1.7653 0.0079, -0.0874 1.7653 0.0079, -0.0874 1.9622 0.0083, -0.0874 1.9622 0.0079, -0.1429 1.9622 0.0083, -0.1429 1.9622 0.0079, -0.2458 1.8662 0.0083, -0.2458 1.8662 0.0079, -0.2444 1.8848 0.0079, -0.2444 1.8848 0.0083, -0.2391 1.9042 0.0079, -0.2391 1.9042 0.0083, -0.2299 1.9211 0.0079, -0.2299 1.9211 0.0083, -0.216 1.9365 0.0079, -0.216 1.9365 0.0083, -0.2158 1.9367 0.0079, -0.2158 1.9367 0.0083, -0.1944 1.9511 0.0079, -0.1944 1.9511 0.0083, -0.1714 1.9592 0.0079, -0.1714 1.9592 0.0083, -0.1652 1.7675 0.0079, -0.1652 1.7675 0.0083, -0.1879 1.7742 0.0079, -0.1879 1.7742 0.0083, -0.2085 1.7862 0.0079, -0.2085 1.7862 0.0083, -0.2247 1.8017 0.0079, -0.2247 1.8017 0.0083, -0.236 1.8193 0.0079, -0.236 1.8193 0.0083, -0.243 1.8399 0.0079, -0.243 1.8399 0.0083, -0.2063 1.913 0.0083, -0.1967 1.9231 0.0083, -0.1823 1.9324 0.0083, -0.1661 1.9381 0.0083, -0.1428 1.9406 0.0083, -0.1138 1.9406 0.0083, -0.1138 1.787 0.0083, -0.1417 1.787 0.0083, -0.1625 1.7889 0.0083, -0.179 1.7941 0.0083, -0.1925 1.802 0.0083, -0.2035 1.8129 0.0083, -0.2118 1.8265 0.0083, -0.2176 1.845 0.0083, -0.2194 1.8657 0.0083, -0.2177 1.8853 0.0083, -0.2131 1.9008 0.0083, -0.1428 1.9406 0.0079, -0.1138 1.9406 0.0079, -0.1661 1.9381 0.0079, -0.1823 1.9324 0.0079, -0.1967 1.9231 0.0079, -0.2063 1.913 0.0079, -0.2131 1.9008 0.0079, -0.2177 1.8853 0.0079, -0.2194 1.8657 0.0079, -0.2176 1.845 0.0079, -0.2118 1.8265 0.0079, -0.2035 1.8129 0.0079, -0.1925 1.802 0.0079, -0.179 1.7941 0.0079, -0.1625 1.7889 0.0079, -0.1417 1.787 0.0079, -0.1138 1.787 0.0079, -0.049 1.787 0.0083, -0.049 1.7653 0.0083, -0.049 1.787 0.0079, -0.049 1.7653 0.0079, 0.0567 1.7653 0.0083, 0.0567 1.7653 0.0079, 0.0567 1.9622 0.0083, 0.0567 1.9622 0.0079, -0.0442 1.9622 0.0083, -0.0442 1.9622 0.0079, -0.0442 1.9406 0.0083, -0.0442 1.9406 0.0079, 0.0303 1.9406 0.0083, 0.0303 1.9406 0.0079, 0.0303 1.8758 0.0083, 0.0303 1.8758 0.0079, -0.0393 1.8758 0.0083, -0.0393 1.8758 0.0079, -0.0393 1.8542 0.0083, -0.0393 1.8542 0.0079, 0.0303 1.8542 0.0083, 0.0303 1.8542 0.0079, 0.0303 1.787 0.0083, 0.0303 1.787 0.0079, 0.0951 1.7972 0.0083, 0.0951 1.7756 0.0083, 0.0951 1.7972 0.0079, 0.0951 1.7756 0.0079, 0.1161 1.7669 0.0083, 0.1492 1.7629 0.0083, 0.1492 1.7629 0.0079, 0.1439 1.763 0.0079, 0.1439 1.763 0.0083, 0.136 1.7641 0.0079, 0.1161 1.7669 0.0079, 0.1608 1.7641 0.0079, 0.1735 1.7655 0.0083, 0.1735 1.7655 0.0079, 0.1926 1.772 0.0083, 0.1926 1.772 0.0079, 0.2084 1.7821 0.0083, 0.2084 1.7821 0.0079, 0.2232 1.7977 0.0083, 0.2232 1.7977 0.0079, 0.2337 1.8164 0.0083, 0.2337 1.8164 0.0079, 0.2396 1.8373 0.0083, 0.2396 1.8373 0.0079, 0.2415 1.8601 0.0083, 0.2415 1.8601 0.0079, 0.1612 1.963 0.0083, 0.1414 1.9646 0.0083, 0.1561 1.9634 0.0079, 0.1414 1.9646 0.0079, 0.1612 1.963 0.0079, 0.1831 1.9566 0.0079, 0.1831 1.9566 0.0083, 0.2018 1.9458 0.0079, 0.2018 1.9458 0.0083, 0.2196 1.9288 0.0079, 0.2196 1.9288 0.0083, 0.2311 1.9104 0.0079, 0.2311 1.9104 0.0083, 0.2387 1.888 0.0079, 0.2387 1.888 0.0083, 0.124 1.9634 0.0079, 0.1178 1.963 0.0083, 0.1178 1.963 0.0079, 0.0951 1.9568 0.0083, 0.0951 1.9568 0.0079, 0.0951 1.9304 0.0083, 0.0951 1.9304 0.0079, 0.1412 1.943 0.0083, 0.1412 1.943 0.0079, 0.1173 1.9399 0.0079, 0.1173 1.9399 0.0083, 0.2151 1.8617 0.0083, 0.2151 1.8617 0.0079, 0.2142 1.877 0.0079, 0.2142 1.877 0.0083, 0.2089 1.8981 0.0079, 0.2089 1.8981 0.0083, 0.2008 1.9133 0.0079, 0.2008 1.9133 0.0083, 0.1889 1.9264 0.0079, 0.1889 1.9264 0.0083, 0.1753 1.9355 0.0079, 0.1753 1.9355 0.0083, 0.1606 1.9408 0.0079, 0.1606 1.9408 0.0083, 0.1456 1.7846 0.0083, 0.1456 1.7846 0.0079, 0.164 1.7866 0.0079, 0.164 1.7866 0.0083, 0.1783 1.7919 0.0079, 0.1783 1.7919 0.0083, 0.1904 1.8 0.0079, 0.1904 1.8 0.0083, 0.1996 1.8098 0.0079, 0.1996 1.8098 0.0083, 0.2078 1.8234 0.0079, 0.2078 1.8234 0.0083, 0.2131 1.8404 0.0079, 0.2131 1.8404 0.0083, 0.0986 1.7952 0.0079, 0.0986 1.7952 0.0083, 0.1195 1.7875 0.0079, 0.1195 1.7875 0.0083, 0.2583 1.787 0.0083, 0.2583 1.7653 0.0083, 0.2583 1.787 0.0079, 0.2583 1.7653 0.0079, 0.3592 1.7653 0.0083, 0.3592 1.7653 0.0079, 0.3592 1.9622 0.0083, 0.3592 1.9622 0.0079, 0.3327 1.9622 0.0083, 0.3327 1.9622 0.0079, 0.3327 1.787 0.0083, 0.3327 1.787 0.0079
            ]
        }
        coordIndex [
            0,1,2,-1,2,1,3,-1,1,4,3,-1,3,4,5,-1,4,6,5,-1,5,6,7,-1,6,8,7,-1,7,8,9,-1,8,10,9,-1,9,10,11,-1,10,12,11,-1,11,12,13,-1,12,14,13,-1,13,14,15,-1,14,0,15,-1,15,0,2,-1,16,8,17,-1,17,8,6,-1,18,14,16,-1,16,14,12,-1,16,12,8,-1,8,12,10,-1,18,19,14,-1,14,19,20,-1,14,20,0,-1,0,20,21,-1,0,21,22,-1,22,23,0,-1,0,23,17,-1,0,17,1,-1,1,17,6,-1,1,6,4,-1,16,17,24,-1,24,17,25,-1,18,16,26,-1,26,16,24,-1,18,26,27,-1,18,27,19,-1,19,27,28,-1,19,28,20,-1,21,20,29,-1,29,20,28,-1,21,29,30,-1,21,30,22,-1,22,30,31,-1,22,31,23,-1,17,23,25,-1,25,23,31,-1,32,33,34,-1,34,33,35,-1,33,36,35,-1,35,36,37,-1,36,38,37,-1,37,38,39,-1,40,41,42,-1,40,42,43,-1,43,42,44,-1,43,44,45,-1,45,44,46,-1,45,46,47,-1,47,46,48,-1,47,48,49,-1,49,48,50,-1,49,50,51,-1,51,50,52,-1,51,52,53,-1,53,52,54,-1,53,54,55,-1,55,54,39,-1,55,39,38,-1,32,34,56,-1,32,56,57,-1,57,56,58,-1,57,58,59,-1,59,58,60,-1,59,60,61,-1,61,60,62,-1,61,62,63,-1,63,62,64,-1,63,64,65,-1,65,64,66,-1,65,66,67,-1,67,66,41,-1,67,41,40,-1,45,47,68,-1,68,47,49,-1,68,49,69,-1,69,49,51,-1,69,51,70,-1,70,51,53,-1,70,53,71,-1,71,53,55,-1,71,55,72,-1,72,55,38,-1,72,38,73,-1,73,38,36,-1,73,36,74,-1,74,36,33,-1,74,33,75,-1,75,33,32,-1,75,32,76,-1,76,32,57,-1,76,57,77,-1,77,57,59,-1,77,59,78,-1,78,59,61,-1,78,61,79,-1,79,61,63,-1,79,63,80,-1,80,63,65,-1,80,65,81,-1,81,65,67,-1,81,67,82,-1,82,67,40,-1,82,40,83,-1,83,40,43,-1,83,43,84,-1,84,43,45,-1,84,45,68,-1,72,73,85,-1,85,73,86,-1,72,85,87,-1,72,87,71,-1,71,87,88,-1,71,88,70,-1,70,88,89,-1,70,89,69,-1,69,89,90,-1,69,90,68,-1,68,90,91,-1,68,91,84,-1,84,91,92,-1,84,92,83,-1,83,92,93,-1,83,93,82,-1,82,93,94,-1,82,94,81,-1,81,94,95,-1,81,95,80,-1,80,95,96,-1,80,96,79,-1,79,96,97,-1,79,97,78,-1,78,97,98,-1,78,98,77,-1,77,98,99,-1,77,99,76,-1,76,99,100,-1,76,100,75,-1,74,75,101,-1,101,75,100,-1,73,74,86,-1,86,74,101,-1,102,103,104,-1,104,103,105,-1,103,106,105,-1,105,106,107,-1,106,108,107,-1,107,108,109,-1,108,110,109,-1,109,110,111,-1,110,112,111,-1,111,112,113,-1,112,114,113,-1,113,114,115,-1,114,116,115,-1,115,116,117,-1,116,118,117,-1,117,118,119,-1,118,120,119,-1,119,120,121,-1,120,122,121,-1,121,122,123,-1,122,124,123,-1,123,124,125,-1,124,102,125,-1,125,102,104,-1,106,103,102,-1,102,124,106,-1,106,124,122,-1,106,122,108,-1,112,110,114,-1,114,110,108,-1,114,108,116,-1,116,108,122,-1,116,122,118,-1,118,122,120,-1,126,127,128,-1,128,127,129,-1,129,127,130,-1,131,132,133,-1,131,133,134,-1,134,133,135,-1,134,135,130,-1,130,135,136,-1,130,136,129,-1,132,131,137,-1,137,131,138,-1,137,138,139,-1,139,138,140,-1,139,140,141,-1,141,140,142,-1,141,142,143,-1,143,142,144,-1,143,144,145,-1,145,144,146,-1,145,146,147,-1,147,146,148,-1,147,148,149,-1,149,148,150,-1,149,150,151,-1,152,153,154,-1,154,153,155,-1,154,156,152,-1,152,156,157,-1,152,157,158,-1,158,157,159,-1,158,159,160,-1,160,159,161,-1,160,161,162,-1,162,161,163,-1,162,163,164,-1,164,163,165,-1,164,165,166,-1,166,165,151,-1,166,151,150,-1,155,153,167,-1,167,153,168,-1,167,168,169,-1,169,168,170,-1,169,170,171,-1,170,172,171,-1,171,172,173,-1,174,175,176,-1,174,176,177,-1,177,176,173,-1,177,173,172,-1,178,179,180,-1,178,180,181,-1,181,180,182,-1,181,182,183,-1,183,182,184,-1,183,184,185,-1,185,184,186,-1,185,186,187,-1,187,186,188,-1,187,188,189,-1,189,188,190,-1,189,190,191,-1,191,190,175,-1,191,175,174,-1,192,193,194,-1,192,194,195,-1,195,194,196,-1,195,196,197,-1,197,196,198,-1,197,198,199,-1,199,198,200,-1,199,200,201,-1,201,200,202,-1,201,202,203,-1,203,202,204,-1,203,204,205,-1,205,204,179,-1,205,179,178,-1,126,128,206,-1,126,206,207,-1,207,206,208,-1,207,208,209,-1,209,208,193,-1,209,193,192,-1,195,131,192,-1,192,131,134,-1,192,134,209,-1,209,134,130,-1,209,130,207,-1,207,130,127,-1,207,127,126,-1,172,170,177,-1,177,170,168,-1,177,168,174,-1,174,168,153,-1,174,153,191,-1,191,153,152,-1,191,152,189,-1,189,152,158,-1,189,158,187,-1,187,158,160,-1,187,160,185,-1,185,160,162,-1,185,162,183,-1,183,162,164,-1,183,164,181,-1,181,164,166,-1,181,166,178,-1,178,166,150,-1,178,150,205,-1,205,150,148,-1,205,148,203,-1,203,148,146,-1,203,146,201,-1,201,146,144,-1,201,144,199,-1,199,144,142,-1,199,142,197,-1,197,142,140,-1,197,140,195,-1,195,140,138,-1,195,138,131,-1,210,211,212,-1,212,211,213,-1,211,214,213,-1,213,214,215,-1,214,216,215,-1,215,216,217,-1,216,218,217,-1,217,218,219,-1,218,220,219,-1,219,220,221,-1,220,210,221,-1,221,210,212,-1,218,216,220,-1,220,216,214,-1,220,214,210,-1,210,214,211,-1,
        ]
    }
}
Shape{
    appearance Appearance {
        material  Material 	{
            diffuseColor 0.25098039215686274 0.25098039215686274 0.25098039215686274
            specularColor 0.12549019607843137 0.12549019607843137 0.12549019607843137
            ambientIntensity 0.251
            transparency 0.0
            shininess 0.5
        }
    }
    geometry IndexedFaceSet {
        ccw TRUE
        solid FALSE
        coord DEF co Coordinate {
            point [
                -0.3144 1.8422 0.0079, -0.3803 1.8422 0.0079, -0.3438 1.9244 0.0079, -0.3506 1.9244 0.0079, -0.3457 1.9312 0.0079, -0.3489 1.9312 0.0079, -0.347 1.9382 0.0079, -0.3476 1.9382 0.0079, -0.1138 1.9406 0.0079, -0.1138 1.787 0.0079, -0.1428 1.9406 0.0079, -0.1417 1.787 0.0079, -0.1625 1.7889 0.0079, -0.2194 1.8657 0.0079, -0.2177 1.8853 0.0079, -0.2131 1.9008 0.0079, -0.1661 1.9381 0.0079, -0.179 1.7941 0.0079, -0.1925 1.802 0.0079, -0.2035 1.8129 0.0079, -0.2118 1.8265 0.0079, -0.2176 1.845 0.0079, -0.2063 1.913 0.0079, -0.1967 1.9231 0.0079, -0.1823 1.9324 0.0079
            ]
        }
        coordIndex [
            0,1,2,-1,2,1,3,-1,2,3,4,-1,4,3,5,-1,4,5,6,-1,6,5,7,-1,8,9,10,-1,10,9,11,-1,10,11,12,-1,13,14,10,-1,10,14,15,-1,10,15,16,-1,12,17,10,-1,10,17,18,-1,10,18,19,-1,19,20,10,-1,10,20,21,-1,10,21,13,-1,22,23,15,-1,15,23,24,-1,15,24,16,-1,
        ]
    }
}